îNåéì˙,éûçèÉRÅ[Éh,îÑÇËì¸éDó (kWh),îÉÇ¢ì¸éDó (kWh),ñÒíËëçó (kWh),ÉVÉXÉeÉÄÉvÉâÉCÉX(â~/kWh),ÉGÉäÉAÉvÉâÉCÉXñkäCìπ(â~/kWh),ÉGÉäÉAÉvÉâÉCÉXìåñk(â~/kWh),ÉGÉäÉAÉvÉâÉCÉXìåãû(â~/kWh),ÉGÉäÉAÉvÉâÉCÉXíÜïî(â~/kWh),ÉGÉäÉAÉvÉâÉCÉXñkó§(â~/kWh),ÉGÉäÉAÉvÉâÉCÉXä÷êº(â~/kWh),ÉGÉäÉAÉvÉâÉCÉXíÜçë(â~/kWh),ÉGÉäÉAÉvÉâÉCÉXélçë(â~/kWh),ÉGÉäÉAÉvÉâÉCÉXã„èB(â~/kWh),,ÉXÉ|ÉbÉgÅEéûä‘ëOïΩãœâøäi(â~/kWh),Éøè„å¿ílÅ~ÉXÉ|ÉbÉgÅEéûä‘ëOïΩãœâøäi(â~/kWh),Éøâ∫å¿ílÅ~ÉXÉ|ÉbÉgÅEéûä‘ëOïΩãœâøäi(â~/kWh),Éøë¨ïÒílÅ~ÉXÉ|ÉbÉgÅEéûä‘ëOïΩãœâøäi(â~/kWh),ÉøämïÒílÅ~ÉXÉ|ÉbÉgÅEéûä‘ëOïΩãœâøäi(â~/kWh),,âÒîâ¬î\å¥âøëSçëíl(â~/kWh),âÒîâ¬î\å¥âøñkäCìπ(â~/kWh),âÒîâ¬î\å¥âøìåñk(â~/kWh),âÒîâ¬î\å¥âøìåãû(â~/kWh),âÒîâ¬î\å¥âøíÜïî(â~/kWh),âÒîâ¬î\å¥âøñkó§(â~/kWh),âÒîâ¬î\å¥âøä÷êº(â~/kWh),âÒîâ¬î\å¥âøíÜçë(â~/kWh),âÒîâ¬î\å¥âøélçë(â~/kWh),âÒîâ¬î\å¥âøã„èB(â~/kWh),,îÑÇËÉuÉçÉbÉNì¸éDëçó (kWh),îÑÇËÉuÉçÉbÉNñÒíËëçó (kWh),îÉÇ¢ÉuÉçÉbÉNì¸éDëçó (kWh),îÉÇ¢ÉuÉçÉbÉNñÒíËëçó (kWh),,FIPéQè∆âøäiÅiâµìdóÕéÊà¯ésèÍï™ÅjëSçëíl(â~/kWh),FIPéQè∆âøäiÅiâµìdóÕéÊà¯ésèÍï™ÅjñkäCìπ(â~/kWh),FIPéQè∆âøäiÅiâµìdóÕéÊà¯ésèÍï™Åjìåñk(â~/kWh),FIPéQè∆âøäiÅiâµìdóÕéÊà¯ésèÍï™Åjìåãû(â~/kWh),FIPéQè∆âøäiÅiâµìdóÕéÊà¯ésèÍï™ÅjíÜïî(â~/kWh),FIPéQè∆âøäiÅiâµìdóÕéÊà¯ésèÍï™Åjñkó§(â~/kWh),FIPéQè∆âøäiÅiâµìdóÕéÊà¯ésèÍï™Åjä÷êº(â~/kWh),FIPéQè∆âøäiÅiâµìdóÕéÊà¯ésèÍï™ÅjíÜçë(â~/kWh),FIPéQè∆âøäiÅiâµìdóÕéÊà¯ésèÍï™Åjélçë(â~/kWh),FIPéQè∆âøäiÅiâµìdóÕéÊà¯ésèÍï™Åjã„èB(â~/kWh)
2026/04/01,1,27474550,22189150,17741050,17.75,17.75,20.15,20.15,20.61,9.47,9.47,9.47,9.47,8.78,,17.73,,,,,,17.73,17.73,20.12,20.15,20.60,9.47,9.47,9.46,9.47,8.78,,8938850,3146000,1198550,823850,,17.73,17.73,20.15,20.15,20.54,9.47,9.46,9.47,9.47,8.78
2026/04/01,2,28671000,21485150,18046400,14.83,17.45,19.44,19.44,20.57,8.58,8.58,8.58,8.58,8.58,,14.87,,,,,,14.87,17.46,19.44,19.45,20.55,8.58,8.58,8.57,8.58,8.58,,11120400,4151950,1179050,821800,,14.87,17.45,19.45,19.45,20.51,8.58,8.57,8.58,8.58,8.58
2026/04/01,3,29196500,21271000,18374350,12.70,16.54,14.83,14.83,14.83,14.83,14.83,14.83,14.83,8.78,,12.78,,,,,,12.78,16.51,14.83,14.91,14.83,14.81,14.77,14.62,14.80,8.78,,12131200,4710500,1239600,840700,,12.78,16.54,14.90,14.86,14.91,14.82,14.79,14.83,14.62,8.78
2026/04/01,4,29509550,21469950,18377150,13.21,15.45,15.45,15.45,15.45,15.45,15.45,15.45,15.45,8.78,,13.31,,,,,,13.31,15.45,15.47,15.52,15.45,15.43,15.38,15.25,15.42,8.78,,12709150,4865400,1258200,840400,,13.31,15.46,15.48,15.47,15.49,15.17,15.48,15.45,15.38,8.78
2026/04/01,5,29512150,21821200,18440350,14.83,16.07,16.07,16.07,16.07,16.07,16.07,16.07,16.07,9.03,,14.87,,,,,,14.87,16.03,16.07,16.09,16.07,16.06,15.99,15.97,16.04,9.03,,12751250,4859650,1257850,841250,,14.87,16.08,16.08,16.08,16.02,16.02,16.07,16.07,15.91,9.03
2026/04/01,6,29357850,22311800,18347000,17.01,17.75,17.93,17.93,17.93,16.22,16.22,16.22,16.22,9.03,,16.97,,,,,,16.97,17.55,17.94,17.91,17.93,16.21,16.09,15.97,16.19,9.03,,12565250,4719300,1256500,840700,,16.97,17.75,17.87,17.93,17.88,15.77,16.22,16.22,15.97,9.03
2026/04/01,7,29205500,22814850,18610400,17.95,19.44,19.44,19.44,20.00,16.22,16.22,16.22,16.22,9.03,,17.87,,,,,,17.87,19.41,19.36,19.41,19.92,16.21,16.03,16.10,16.19,9.03,,12175250,4597600,1278050,862550,,17.87,19.49,19.44,19.45,19.59,16.09,16.22,16.22,15.75,9.03
2026/04/01,8,28814250,23116700,18503150,19.00,19.71,19.71,19.71,20.26,17.95,17.95,17.95,17.95,10.90,,18.91,,,,,,18.91,19.69,19.71,19.67,20.13,17.94,17.82,17.77,17.53,10.85,,12002700,4570600,1309350,893550,,18.91,19.73,19.68,19.72,19.74,17.78,17.95,17.95,17.59,10.88
2026/04/01,9,28759750,23467900,18520300,19.65,19.71,19.71,19.71,20.26,17.95,17.95,17.95,17.95,10.90,,19.56,,,,,,19.56,18.97,19.70,19.70,20.24,17.93,17.78,17.71,17.81,10.90,,12048500,4699800,1309950,898050,,19.56,19.73,19.70,19.72,19.93,17.59,17.95,17.95,17.53,10.90
2026/04/01,10,28714600,23662950,18507200,19.71,19.91,19.91,19.91,20.25,18.08,18.08,18.08,18.08,10.90,,19.62,,,,,,19.62,19.33,19.90,19.88,20.23,18.06,17.94,17.86,17.92,10.90,,12089000,4677000,1311300,898750,,19.62,19.93,19.90,19.91,19.94,17.61,18.08,18.08,17.76,10.90
2026/04/01,11,28764150,24195050,18776100,20.06,20.53,20.53,20.53,20.53,17.47,17.47,17.47,17.47,10.90,,19.95,,,,,,19.95,20.11,20.47,20.50,20.51,17.46,17.24,17.39,17.35,10.90,,12072600,4742550,1316400,900300,,19.95,20.52,20.52,20.53,20.18,17.13,17.47,17.47,17.07,10.90
2026/04/01,12,28742500,24144250,18927050,20.29,20.80,20.80,20.80,20.80,16.07,16.07,16.07,16.07,9.03,,20.15,,,,,,20.15,20.64,20.73,20.77,20.72,16.06,15.83,15.96,15.86,9.03,,12065150,4764450,1036500,691350,,20.15,20.80,20.79,20.79,20.52,15.71,16.07,16.07,15.51,9.03
2026/04/01,13,29003350,24100450,19020150,19.95,20.64,20.64,20.64,20.64,15.42,15.42,15.42,15.42,10.90,,19.83,,,,,,19.83,20.09,20.56,20.62,20.60,15.41,15.27,15.36,15.30,10.88,,12080750,4678300,862300,513550,,19.83,20.64,20.63,20.63,20.34,15.42,15.42,15.42,14.98,10.89
2026/04/01,14,29595100,24139750,19198800,19.79,20.00,20.00,20.32,20.32,16.07,16.07,16.07,16.07,10.90,,19.70,,,,,,19.70,19.61,19.87,20.30,20.29,16.06,15.99,16.02,16.06,10.90,,12170050,4752200,815000,413750,,19.70,20.00,19.99,20.32,20.02,16.07,16.07,16.07,15.86,10.90
2026/04/01,15,30413200,24325950,19566450,19.00,16.54,16.54,19.60,19.60,18.08,18.08,18.08,18.08,10.90,,18.90,,,,,,18.90,16.27,16.50,19.55,19.57,18.07,17.86,18.00,17.95,10.90,,12365100,4771600,822850,421450,,18.90,16.53,16.51,19.59,19.09,18.07,18.08,18.08,17.93,10.90
2026/04/01,16,31653250,24993800,20873900,18.44,12.01,12.01,19.60,19.60,18.00,18.00,18.00,18.00,10.90,,18.36,,,,,,18.36,11.98,12.02,19.50,19.57,18.00,17.83,17.93,17.89,10.88,,12242450,4771600,838050,539150,,18.36,12.00,12.01,19.57,19.12,18.00,18.00,18.00,17.86,10.89
2026/04/01,17,32212800,28830500,23150800,21.71,16.30,16.30,25.13,25.13,20.06,20.06,20.06,15.00,10.90,,21.57,,,,,,21.57,16.26,16.28,25.00,24.92,20.05,19.77,19.94,15.00,10.90,,11950500,4490950,836050,560600,,21.57,16.26,16.30,24.83,24.43,20.05,20.08,20.06,15.00,10.90
2026/04/01,18,32496800,30656350,23890800,23.82,12.01,12.01,32.40,32.40,20.99,20.99,20.99,17.50,17.66,,23.66,,,,,,23.66,11.99,12.01,32.10,32.02,20.91,20.65,20.86,17.46,17.64,,11932550,4448550,1215750,614100,,23.66,11.99,12.01,31.85,31.16,20.98,20.99,21.01,17.50,17.65
2026/04/01,19,32200400,29694200,22263250,20.28,10.00,10.00,22.66,22.66,16.87,16.87,16.87,16.87,16.87,,19.96,,,,,,19.96,9.99,10.00,22.35,22.44,16.86,16.64,16.71,16.80,16.82,,11800150,4415950,1867650,632700,,19.96,10.00,10.00,22.40,21.66,16.87,16.87,16.87,16.75,16.76
2026/04/01,20,32506300,30286600,22753100,20.53,10.00,10.00,22.99,22.99,20.28,20.28,20.28,20.28,20.28,,20.32,,,,,,20.32,10.00,10.01,22.67,22.82,20.26,19.82,20.18,19.89,20.23,,12158950,4467100,2311400,745950,,20.32,10.00,10.01,22.73,22.14,20.21,20.28,20.27,19.83,20.12
2026/04/01,21,32120400,29768250,22513750,20.96,8.01,8.01,25.01,25.01,25.01,25.00,25.00,25.00,19.66,,20.82,,,,,,20.82,8.01,8.02,24.71,24.80,24.64,24.28,24.45,24.48,19.64,,12745900,4745500,2282900,708500,,20.82,8.02,8.02,24.67,24.21,24.49,24.99,24.98,24.29,19.65
2026/04/01,22,32465800,29535050,22732750,21.00,8.01,8.01,25.01,25.01,25.01,25.00,25.00,25.00,19.66,,20.89,,,,,,20.89,8.01,8.02,24.78,24.66,24.66,24.66,24.52,24.36,19.64,,12915250,4771200,2277000,795600,,20.89,8.02,8.01,24.73,24.30,24.65,24.99,24.98,24.30,19.65
2026/04/01,23,32443300,29875550,22761750,21.35,8.01,8.01,31.22,31.22,31.22,25.46,25.46,25.46,18.60,,21.30,,,,,,21.30,8.01,8.01,30.77,30.80,30.63,25.09,24.92,24.86,18.58,,13041450,4787200,2281900,800400,,21.30,8.00,8.01,30.69,30.26,29.37,25.45,25.44,24.90,18.59
2026/04/01,24,32340200,29940000,22728250,21.51,7.83,7.83,32.39,35.00,35.00,25.01,25.01,25.01,12.00,,21.49,,,,,,21.49,7.83,7.81,31.89,34.55,34.32,24.91,24.73,24.71,11.99,,13077000,4770100,2396200,737200,,21.49,7.82,7.82,31.85,34.04,34.27,25.01,25.00,24.64,11.99
2026/04/01,25,32283250,29357100,21991050,20.61,8.01,8.01,30.00,30.00,30.00,22.00,22.00,22.00,8.78,,20.55,,,,,,20.55,8.01,7.99,29.73,29.49,29.39,21.89,21.82,21.67,8.78,,13203400,4783150,2868950,715500,,20.55,8.00,8.00,29.57,29.09,29.47,22.00,22.00,21.92,8.78
2026/04/01,26,32041800,29625150,21878950,20.96,9.12,10.01,31.22,31.22,31.22,21.04,21.04,21.04,8.78,,20.90,,,,,,20.90,9.12,10.01,30.87,30.67,30.70,20.82,20.84,20.67,8.78,,13240650,4803950,3194500,619750,,20.90,9.12,10.01,30.75,30.01,29.66,21.03,21.04,20.99,8.78
2026/04/01,27,31353100,31316700,22034350,25.00,11.70,11.70,44.70,44.70,44.70,25.50,25.50,25.50,11.75,,25.23,,,,,,25.23,11.64,11.70,44.09,44.06,43.52,25.41,25.19,25.19,11.74,,13066050,4847000,3078550,605600,,25.23,11.65,11.70,44.02,43.65,41.68,25.50,25.45,25.30,11.75
2026/04/01,28,30819950,31233150,21690000,25.95,16.32,16.32,44.38,44.38,44.38,18.08,18.08,18.08,12.00,,26.23,,,,,,26.23,16.31,16.29,43.81,43.54,43.25,18.04,18.02,18.05,11.99,,12868000,4929400,2500400,611450,,26.23,16.25,16.32,43.73,43.42,42.23,18.08,18.33,17.94,11.99
2026/04/01,29,30411800,30617700,21823800,31.42,17.61,17.61,43.41,43.41,43.41,20.27,20.27,20.27,12.00,,31.38,,,,,,31.38,17.59,17.56,42.89,42.62,42.09,20.24,20.25,20.17,11.99,,12678700,5178700,1910350,612900,,31.38,17.52,17.60,42.79,42.58,41.10,20.27,20.45,20.20,12.00
2026/04/01,30,30307100,30347300,22194800,32.00,20.00,20.00,42.22,42.22,42.22,34.60,20.99,8.00,12.60,,31.96,,,,,,31.96,19.96,19.95,41.80,41.60,41.15,34.29,21.03,8.00,12.60,,12556250,5374700,1868550,600600,,31.96,19.89,19.99,41.65,41.54,39.14,34.43,21.01,8.00,12.60
2026/04/01,31,30371600,29634100,22454600,31.80,26.63,26.63,42.89,42.89,42.89,34.60,21.00,8.00,17.66,,31.66,,,,,,31.66,26.49,26.48,42.46,42.16,41.37,34.24,21.02,7.99,17.60,,12615800,5561250,1312750,574450,,31.66,26.59,26.62,42.31,42.11,37.33,34.40,21.03,8.00,17.63
2026/04/01,32,30596900,29621400,23026300,30.00,30.00,30.00,32.00,32.00,32.00,24.00,24.00,11.99,20.00,,29.70,,,,,,29.70,29.63,29.66,31.69,31.63,31.36,23.92,23.59,11.95,19.93,,12447800,5793150,1073950,521450,,29.70,30.00,29.95,31.62,31.60,28.10,23.96,24.01,11.98,19.96
2026/04/01,33,30172200,29840350,23015650,30.84,17.23,17.23,32.58,32.58,32.58,21.01,21.01,8.00,20.00,,30.57,,,,,,30.57,17.18,17.22,32.40,32.29,31.87,20.90,20.82,8.00,19.89,,12167100,6015050,926400,492450,,30.57,17.18,17.23,32.52,32.05,29.42,20.98,21.19,8.00,19.94
2026/04/01,34,29878150,30080750,22938250,32.39,18.50,18.50,35.83,35.83,35.83,20.98,20.98,10.00,20.00,,32.16,,,,,,32.16,18.47,18.49,35.74,35.21,35.22,20.97,20.82,9.98,19.94,,12091650,6012200,778950,442500,,32.16,18.48,18.49,35.75,35.18,33.14,20.96,21.33,9.99,19.97
2026/04/01,35,29918550,29515200,22736000,30.00,22.00,22.00,32.00,32.00,20.06,20.06,20.06,8.00,20.00,,29.85,,,,,,29.85,22.00,21.99,31.89,31.89,20.05,20.05,19.98,7.99,19.94,,12233250,6063400,781900,429500,,29.85,22.00,22.00,31.96,31.73,19.89,20.03,20.28,8.00,19.97
2026/04/01,36,29770550,29775700,22647350,34.60,30.00,30.00,42.44,42.44,20.38,20.38,20.38,8.00,20.38,,34.40,,,,,,34.40,29.82,29.93,42.16,42.04,20.37,20.35,20.23,7.99,20.30,,12271500,5968700,782500,425550,,34.40,29.82,29.98,42.13,41.85,20.23,20.31,20.99,8.00,20.34
2026/04/01,37,29729400,29992550,22565200,34.60,32.77,32.77,39.60,39.60,21.50,21.50,21.50,7.94,21.50,,34.40,,,,,,34.40,32.62,32.68,39.37,39.34,21.49,21.44,21.43,7.94,21.46,,12273700,5983000,781800,423500,,34.40,32.55,32.77,39.30,39.19,21.50,21.45,21.54,7.94,21.40
2026/04/01,38,29622600,30053450,22622000,34.60,38.54,38.54,38.54,38.54,24.50,24.50,24.50,7.93,23.00,,34.44,,,,,,34.44,38.19,38.31,38.35,38.35,24.49,24.45,24.44,7.93,22.81,,12194300,5901450,779750,422050,,34.44,37.44,38.52,38.32,38.23,24.50,24.46,24.45,7.93,22.88
2026/04/01,39,29411700,29308250,22268950,34.60,31.80,31.80,31.80,31.80,24.50,24.50,24.50,18.54,24.00,,34.37,,,,,,34.37,31.62,31.67,31.75,31.73,24.49,24.45,24.41,18.45,23.77,,12134850,5858350,882400,419850,,34.37,31.29,31.78,31.78,31.61,24.50,24.46,24.38,18.51,23.88
2026/04/01,40,29453500,28791300,21993000,31.61,31.03,31.03,31.03,25.06,21.00,21.00,21.00,15.00,21.00,,31.43,,,,,,31.43,30.92,30.97,31.00,24.98,21.00,20.99,20.99,14.93,20.94,,12164900,5876600,881100,418050,,31.43,30.84,31.01,30.99,24.95,21.00,20.96,21.05,14.98,20.97
2026/04/01,41,29417300,28250200,21542750,24.52,23.61,23.61,23.61,23.61,20.28,20.28,20.28,20.28,20.28,,24.45,,,,,,24.45,23.58,23.55,23.59,23.59,20.28,20.27,20.30,20.08,20.26,,12283600,5843950,875650,413100,,24.45,23.54,23.61,23.60,23.52,20.27,20.26,20.34,20.21,20.27
2026/04/01,42,29359450,28243800,21510650,24.50,24.31,24.31,24.31,24.31,20.06,20.06,20.06,15.00,20.06,,24.43,,,,,,24.43,24.27,24.19,24.29,24.28,20.06,20.06,20.07,14.90,20.01,,12405550,5877150,872600,409500,,24.43,24.27,24.31,24.30,24.15,20.06,20.04,20.11,14.97,20.03
2026/04/01,43,29099250,27453700,20616800,22.43,23.55,23.55,23.55,23.55,18.44,18.44,18.44,18.44,18.44,,22.27,,,,,,22.27,23.50,23.41,23.50,23.45,18.43,18.22,18.30,18.22,18.42,,12528250,5792600,864700,403500,,22.27,23.46,23.54,23.53,23.19,18.20,18.41,18.47,18.18,18.28
2026/04/01,44,29345200,26796050,20029900,21.49,22.18,22.18,22.18,22.18,18.67,18.67,18.67,18.67,18.67,,21.39,,,,,,21.39,22.17,22.11,22.15,22.15,18.66,18.55,18.39,18.53,18.64,,12995100,5793400,1042000,538100,,21.39,22.15,22.18,22.16,22.04,18.19,18.65,18.66,18.53,18.57
2026/04/01,45,30257250,26010800,20480550,20.95,21.50,21.50,21.50,21.50,18.60,18.60,18.60,18.60,18.60,,20.86,,,,,,20.86,21.44,21.45,21.48,21.44,18.59,18.52,18.43,18.44,18.55,,13139000,5828450,1045350,542300,,20.86,21.44,21.50,21.49,21.34,18.30,18.59,18.58,18.48,18.52
2026/04/01,46,30176750,25110500,20247750,20.29,17.77,17.77,21.30,21.30,16.22,16.22,16.22,16.22,16.22,,20.16,,,,,,20.16,17.76,17.76,21.22,21.22,16.22,16.13,16.14,16.19,16.20,,13110900,5869500,1042900,539900,,20.16,17.75,17.77,21.29,21.00,15.87,16.21,16.21,16.17,16.18
2026/04/01,47,29192800,24812750,19662050,20.53,21.00,21.00,21.33,21.33,17.15,17.15,17.15,17.15,12.00,,20.43,,,,,,20.43,20.72,20.96,21.26,21.24,17.14,17.11,17.08,17.15,12.00,,12695850,5802650,1034300,537600,,20.43,20.83,21.00,21.31,21.02,16.93,17.15,17.15,17.11,12.00
2026/04/01,48,28272650,23397400,19059100,20.29,20.95,20.95,20.95,20.95,14.91,14.91,14.91,14.91,10.90,,20.18,,,,,,20.18,20.56,20.90,20.89,20.87,14.91,14.85,14.87,14.89,10.90,,11700550,5383700,740750,391550,,20.18,20.73,20.94,20.94,20.64,14.68,14.90,14.90,14.88,10.90
2026/04/02,1,26175050,23185550,18606100,18.44,17.29,21.47,21.47,22.07,11.28,11.28,11.28,11.28,11.28,,18.37,,,,,,18.37,17.28,21.38,21.43,21.99,11.28,11.27,11.27,11.27,11.09,,7044550,2560550,1116650,909250,,18.37,17.32,21.47,21.46,21.69,11.23,11.28,11.28,11.28,11.27
2026/04/02,2,27282050,22688100,17862050,16.50,18.34,19.92,19.92,24.12,10.20,10.20,10.20,10.20,10.20,,16.51,,,,,,16.51,18.22,19.92,19.88,23.99,10.20,10.20,10.20,10.20,10.20,,9092850,2792700,1143000,909100,,16.51,18.36,19.92,19.92,23.67,10.20,10.20,10.20,10.20,10.20
2026/04/02,3,27550650,22408300,17311000,15.94,19.67,19.67,19.67,39.18,9.74,9.74,9.74,9.74,9.74,,16.03,,,,,,16.03,19.64,19.68,19.67,38.76,9.74,9.74,9.73,9.73,9.74,,9780850,2851500,1175950,907850,,16.03,19.66,19.67,19.68,38.43,9.74,9.74,9.74,9.74,9.74
2026/04/02,4,27689550,22519700,17315900,16.07,19.56,19.56,19.56,40.89,11.01,11.01,11.01,11.01,11.01,,16.13,,,,,,16.13,19.56,19.57,19.56,40.50,11.01,11.00,11.00,11.01,10.99,,10122150,2944850,1174650,907800,,16.13,19.55,19.56,19.57,40.21,11.01,11.01,10.99,11.01,10.99
2026/04/02,5,27695850,22710600,17671850,16.50,17.93,17.93,17.93,40.90,12.00,12.00,12.00,12.00,12.00,,16.52,,,,,,16.52,17.81,17.93,17.94,40.64,12.00,11.98,11.98,11.95,11.95,,10899000,3307650,1174800,909000,,16.52,17.93,17.95,17.92,40.45,11.99,12.00,11.94,12.00,11.96
2026/04/02,6,27690300,23450200,17867350,19.00,19.13,19.13,19.13,42.17,15.45,15.45,15.45,15.45,15.45,,18.98,,,,,,18.98,19.13,19.14,19.14,42.06,15.45,15.41,15.30,15.16,15.42,,11528600,3365400,1202950,938150,,18.98,19.14,19.13,19.14,41.99,15.10,15.45,15.45,15.39,15.38
2026/04/02,7,27963650,23863000,18067450,19.71,19.71,19.71,19.71,39.85,15.60,15.60,15.60,15.60,15.60,,19.73,,,,,,19.73,19.71,19.71,19.71,39.80,15.60,15.57,15.53,15.45,15.58,,11549550,3348550,1234350,969950,,19.73,19.71,19.71,19.71,39.77,15.46,15.60,15.60,15.54,15.56
2026/04/02,8,27995550,24089000,18177000,19.59,19.61,19.61,19.61,41.47,14.91,14.91,14.91,14.91,14.91,,19.62,,,,,,19.62,19.61,19.61,19.60,41.44,14.91,14.83,14.88,14.80,14.90,,11331350,3333050,1232250,968150,,19.62,19.60,19.61,19.60,41.42,14.54,14.91,14.91,14.85,14.88
2026/04/02,9,28053450,24191000,18311350,20.06,20.25,20.25,20.25,40.33,16.07,16.07,16.07,7.95,16.07,,20.10,,,,,,20.10,20.25,20.24,20.25,40.29,16.07,16.06,16.07,7.95,16.06,,11175750,3342350,1333400,968750,,20.10,20.25,20.25,20.24,40.26,16.00,16.07,16.07,7.95,16.07
2026/04/02,10,28191150,24425600,18448550,19.92,20.25,20.25,20.25,40.04,16.22,16.22,16.22,7.82,16.22,,19.94,,,,,,19.94,20.25,20.24,20.25,39.76,16.19,16.17,16.18,7.82,16.21,,11193750,3338050,1420400,968800,,19.94,20.24,20.25,20.24,39.57,15.88,16.22,16.22,7.82,16.22
2026/04/02,11,28355150,25087550,18841200,20.34,21.99,21.99,21.99,39.85,16.35,16.35,16.35,7.83,16.35,,20.37,,,,,,20.37,21.98,21.97,21.99,39.68,16.32,16.33,16.35,7.83,16.34,,11217350,3350150,1538300,970350,,20.37,21.96,21.99,21.98,39.57,16.21,16.35,16.35,7.83,16.35
2026/04/02,12,28334800,25116950,18873150,20.57,22.38,22.38,22.38,39.88,15.60,15.60,15.60,7.80,15.60,,20.61,,,,,,20.61,22.38,22.37,22.38,39.80,15.60,15.60,15.60,7.80,15.59,,11291400,3381700,1251900,685700,,20.61,22.36,22.38,22.38,39.74,15.58,15.60,15.60,7.80,15.60
2026/04/02,13,28503500,25292350,19026650,20.57,22.50,22.50,23.27,26.08,14.91,14.91,14.91,14.91,14.91,,20.46,,,,,,20.46,22.49,22.44,23.15,25.89,14.91,14.82,14.88,14.90,14.83,,11517200,3350000,1186950,499950,,20.46,22.49,22.50,23.25,25.27,14.52,14.91,14.91,14.89,14.85
2026/04/02,14,29253050,25189100,19557900,20.80,25.81,25.81,25.81,25.81,14.91,14.91,14.91,14.91,14.91,,20.68,,,,,,20.68,25.71,25.68,25.66,25.69,14.91,14.82,14.88,14.90,14.84,,11924500,3372000,1063750,401000,,20.68,25.78,25.80,25.80,25.16,14.62,14.91,14.91,14.87,14.84
2026/04/02,15,30099400,25388050,20068450,20.95,32.00,32.00,32.00,32.00,10.01,10.01,10.01,10.01,10.01,,20.97,,,,,,20.97,31.62,31.67,31.81,31.78,10.01,10.01,10.02,10.01,10.01,,12378150,3436950,1010600,393700,,20.97,31.86,31.97,31.94,31.11,10.01,10.01,10.01,10.02,10.01
2026/04/02,16,31404800,25961900,20439500,19.83,25.00,25.00,32.00,32.00,8.64,8.64,8.64,7.88,8.64,,19.87,,,,,,19.87,24.96,24.94,31.83,31.79,8.64,8.64,8.78,7.89,8.64,,12569900,3447700,972350,354950,,19.87,24.91,25.00,31.95,31.26,8.66,8.65,8.65,7.88,8.70
2026/04/02,17,32420550,27087750,21179550,20.21,23.63,23.63,50.00,40.36,9.84,8.58,8.58,7.74,8.58,,20.32,,,,,,20.32,23.64,23.60,49.85,39.28,9.84,8.57,8.57,7.73,8.57,,12368700,3103350,1067550,454250,,20.32,23.49,23.64,49.80,39.14,9.88,8.73,8.93,7.74,8.58
2026/04/02,18,33389900,28159450,21906500,19.26,25.00,25.00,32.00,26.08,9.93,8.58,8.58,6.88,8.58,,19.28,,,,,,19.28,24.96,24.99,31.96,25.71,9.93,8.58,8.57,6.89,8.58,,12339350,3104900,1373300,674350,,19.28,24.89,25.01,31.94,25.78,9.93,8.60,8.72,6.88,8.58
2026/04/02,19,34383250,28533700,21709300,17.93,23.47,23.47,23.47,20.91,14.91,14.91,12.96,2.90,8.39,,17.93,,,,,,17.93,23.43,23.41,23.45,20.81,14.91,14.88,12.93,2.90,8.39,,12699100,3205900,1865550,1068800,,17.93,23.33,23.44,23.45,20.66,14.82,14.92,12.94,2.90,8.39
2026/04/02,20,35447100,28503300,21931350,16.22,23.18,23.18,23.18,20.38,14.00,14.00,12.67,2.00,1.00,,16.26,,,,,,16.26,23.16,23.10,23.14,20.29,14.00,13.95,12.66,2.00,1.00,,12739800,3225200,2240550,1450300,,16.26,23.04,23.14,23.14,20.04,13.98,14.01,12.66,2.00,1.00
2026/04/02,21,35916650,27363450,21282400,13.50,20.93,20.93,22.41,12.48,9.84,7.63,7.63,0.02,0.01,,13.50,,,,,,13.50,20.89,20.91,22.38,12.44,9.84,7.61,7.63,0.02,0.01,,12766750,3218500,2243700,1555750,,13.50,20.91,20.92,22.38,12.30,9.84,7.63,7.64,0.02,0.01
2026/04/02,22,36835100,26939500,20996150,9.03,22.38,22.38,22.38,6.63,6.63,6.63,6.63,0.01,0.01,,9.13,,,,,,9.13,22.34,22.34,22.36,6.63,6.63,6.60,6.61,0.02,0.01,,12974550,3213400,2247000,1558950,,9.13,22.36,22.35,22.35,6.58,6.63,6.63,6.63,0.01,0.01
2026/04/02,23,37490400,26640300,20925000,8.57,20.99,20.99,22.00,3.00,3.00,3.00,3.00,0.01,0.01,,8.61,,,,,,8.61,20.93,20.94,21.99,3.00,3.00,3.00,3.10,0.01,0.01,,13007800,3208050,2291500,1559900,,8.61,20.96,20.96,21.98,3.04,3.01,3.01,3.00,0.01,0.01
2026/04/02,24,37910100,26614800,22074850,9.03,20.09,20.09,45.70,2.76,2.76,2.76,2.76,0.01,0.01,,9.29,,,,,,9.29,19.94,20.05,45.46,2.76,2.76,2.84,2.80,0.01,0.01,,13060100,3206350,2572900,1693550,,9.29,20.09,20.05,45.39,2.82,2.82,2.79,2.79,0.01,0.01
2026/04/02,25,38558050,25792600,21987200,8.00,17.76,17.76,24.64,1.87,1.87,1.87,1.87,0.01,0.01,,8.02,,,,,,8.02,17.42,17.73,24.59,1.87,1.87,1.95,2.09,0.01,0.01,,13110700,3189950,3046500,2125950,,8.02,17.76,17.70,24.58,2.00,1.93,1.91,1.95,0.01,0.01
2026/04/02,26,38849300,25684850,21824050,6.95,16.27,16.27,22.68,2.93,2.93,2.93,2.93,0.01,0.01,,7.00,,,,,,7.00,15.96,16.25,22.65,2.93,2.93,2.96,3.02,0.01,0.01,,13235400,3185800,3381300,2526450,,7.00,16.27,16.22,22.63,2.98,2.97,2.95,2.94,0.01,0.01
2026/04/02,27,38743500,27110100,22666500,8.78,20.00,20.00,22.92,12.70,12.70,12.70,12.70,0.01,0.01,,8.85,,,,,,8.85,19.48,19.98,22.88,12.62,12.68,12.68,11.95,0.01,0.01,,13317700,3219900,3677300,2593000,,8.85,20.00,19.92,22.87,12.38,12.68,12.61,12.53,0.01,0.01
2026/04/02,28,38279100,26773300,22347100,9.73,21.45,21.45,22.62,12.70,12.70,12.70,12.70,0.02,0.01,,9.79,,,,,,9.79,21.19,21.41,22.58,12.61,12.67,12.61,11.88,0.02,0.01,,13280900,3197600,3006700,2092150,,9.79,21.43,21.40,22.57,12.30,12.68,12.66,12.39,0.02,0.01
2026/04/02,29,37715550,25931250,21553650,8.58,22.41,22.41,22.41,9.77,9.77,9.77,7.80,1.00,0.01,,8.64,,,,,,8.64,22.34,22.37,22.37,9.72,9.76,9.76,7.14,0.99,0.01,,13218550,3256900,2291350,1553900,,8.64,22.33,22.34,22.39,9.24,9.77,9.77,7.75,1.00,0.01
2026/04/02,30,36936750,25806500,21482650,9.81,22.41,22.41,22.41,13.00,13.00,13.00,8.64,2.90,0.01,,9.84,,,,,,9.84,22.35,22.36,22.36,12.87,12.99,12.90,7.94,2.88,0.01,,13252350,3250150,2088450,1549650,,9.84,22.32,22.33,22.38,12.23,13.00,13.00,8.57,2.90,0.01
2026/04/02,31,35758150,24860750,20865950,10.00,20.57,20.57,21.82,20.26,15.45,15.45,4.86,4.86,0.01,,10.08,,,,,,10.08,20.52,20.49,21.80,20.12,15.44,15.32,4.83,4.85,0.01,,13213200,3501900,1222500,968850,,10.08,20.54,20.52,21.79,19.62,15.40,15.44,4.85,4.86,0.01
2026/04/02,32,35213900,25094900,20536250,15.60,22.27,22.27,22.27,20.96,15.60,15.60,2.90,2.90,2.50,,15.54,,,,,,15.54,22.24,22.19,22.21,20.73,15.59,15.51,3.02,2.90,2.49,,12993700,3614950,750900,481350,,15.54,22.17,22.19,22.22,20.08,15.56,15.64,2.93,2.90,2.50
2026/04/02,33,34024700,26121200,21095800,17.93,23.24,23.24,23.24,20.98,14.91,14.91,8.39,8.39,8.39,,17.82,,,,,,17.82,23.20,23.14,23.20,20.68,14.91,14.86,8.52,8.36,8.39,,12926800,3754100,843450,476500,,17.82,23.11,23.16,23.20,20.02,14.85,14.92,8.56,8.39,8.41
2026/04/02,34,32588400,27082900,21478400,20.00,29.90,29.90,29.90,29.90,14.91,14.91,14.91,14.91,8.78,,20.04,,,,,,20.04,29.73,29.72,29.77,29.38,14.91,14.91,14.84,14.90,8.78,,12784450,3734250,773850,385050,,20.04,29.76,29.79,29.85,28.89,14.89,14.91,15.24,14.90,8.78
2026/04/02,35,32170950,27734700,20999600,20.06,24.36,24.36,24.36,24.36,14.91,14.91,9.03,9.03,9.03,,20.04,,,,,,20.04,24.28,23.98,24.22,24.27,14.92,14.91,9.03,9.03,9.03,,13277850,4426550,849500,421850,,20.04,24.23,24.31,24.33,23.65,14.96,15.01,9.03,9.03,9.03
2026/04/02,36,31707600,28430850,20575200,19.71,23.00,23.00,23.00,23.00,16.22,16.22,16.22,16.22,16.22,,19.66,,,,,,19.66,22.98,22.86,22.92,22.96,16.22,16.12,16.16,16.20,16.20,,13102600,4356550,859350,430200,,19.66,22.61,22.98,22.98,22.82,16.22,16.22,16.20,16.13,16.15
2026/04/02,37,30951000,28928650,20499500,21.65,23.48,23.48,23.48,23.48,18.44,18.44,18.44,18.44,18.44,,21.57,,,,,,21.57,23.44,23.38,23.42,23.44,18.44,18.36,18.38,18.43,18.42,,12881950,4402500,859050,428800,,21.57,23.24,23.45,23.47,23.28,18.43,18.42,18.41,18.35,18.37
2026/04/02,38,30858700,28942200,20592300,21.85,23.50,23.50,23.50,23.50,18.61,18.61,18.61,18.61,18.61,,21.74,,,,,,21.74,23.46,23.34,23.40,23.45,18.60,18.53,18.49,18.39,18.58,,12876950,4365650,858650,427000,,21.74,23.26,23.46,23.44,23.24,18.60,18.60,18.59,18.55,18.44
2026/04/02,39,30976100,28762800,20328450,22.28,26.08,26.08,26.08,26.08,18.08,18.08,18.08,18.08,18.08,,22.23,,,,,,22.23,25.96,26.02,26.05,26.03,18.08,17.99,18.00,17.98,18.07,,13138800,4418550,959350,529750,,22.23,26.08,26.10,26.06,25.84,18.06,18.07,18.07,17.95,17.98
2026/04/02,40,29985050,28408650,20127400,22.24,25.00,25.00,25.00,25.00,18.44,18.44,18.44,7.98,18.44,,22.23,,,,,,22.23,24.96,24.95,25.00,24.94,18.43,18.41,18.35,7.98,18.42,,12926550,4434350,963400,526750,,22.23,25.06,25.05,24.97,24.84,18.37,18.44,18.43,7.98,18.34
2026/04/02,41,29788750,28451300,19846150,22.14,24.20,24.20,24.20,24.20,17.95,17.95,17.95,7.74,17.95,,22.05,,,,,,22.05,24.14,24.13,24.17,24.10,17.93,17.81,17.79,7.75,17.90,,12772050,4474850,958050,521250,,22.05,24.31,24.20,24.15,23.92,17.78,17.94,17.95,7.74,17.66
2026/04/02,42,29711800,27935450,19661800,22.27,23.63,23.63,23.63,23.63,19.66,19.66,19.66,7.73,19.66,,22.19,,,,,,22.19,23.56,23.51,23.60,23.55,19.65,19.52,19.46,7.73,19.60,,12671600,4375900,953350,518000,,22.19,23.63,23.65,23.58,23.35,19.57,19.65,19.64,7.73,19.34
2026/04/02,43,29392850,27931550,19816400,22.50,25.81,25.81,30.00,30.00,19.00,19.00,19.00,7.93,19.00,,22.44,,,,,,22.44,25.76,25.68,29.81,29.81,18.98,18.90,18.76,7.91,18.95,,12601450,4137800,837800,511500,,22.44,25.78,25.80,29.90,29.13,18.69,18.99,19.00,7.92,18.79
2026/04/02,44,29442000,27314950,19607700,22.78,23.00,23.00,40.74,40.74,19.29,19.29,19.29,19.29,19.29,,22.83,,,,,,22.83,22.99,22.97,40.34,40.37,19.28,19.22,19.12,18.67,19.23,,12773450,3988600,1024000,506650,,22.83,22.98,22.98,40.37,39.42,18.94,19.28,19.28,19.23,19.08
2026/04/02,45,29516700,27029350,19610750,22.41,21.50,21.50,39.88,39.88,18.44,18.44,18.44,18.44,18.44,,22.41,,,,,,22.41,21.49,21.49,39.30,39.51,18.43,18.37,18.18,17.61,18.42,,12502050,3717650,1004150,488050,,22.41,21.47,21.50,39.54,38.27,17.55,18.43,18.31,18.36,18.43
2026/04/02,46,29529550,26160400,19580000,22.02,19.52,19.52,40.63,40.63,17.95,17.95,17.95,17.95,17.95,,22.01,,,,,,22.01,19.50,19.51,40.08,40.18,17.92,17.85,17.72,17.06,17.92,,12505550,3734650,953800,439800,,22.01,19.50,19.52,40.20,39.17,16.93,17.94,17.85,17.85,17.95
2026/04/02,47,28882800,25363200,19201150,22.02,30.00,30.00,30.00,30.00,18.60,18.60,18.60,18.60,18.60,,21.95,,,,,,21.95,29.80,29.71,29.73,29.84,18.59,18.56,18.28,17.64,18.56,,12244200,3589850,846950,437700,,21.95,29.96,29.96,29.89,29.05,17.43,18.59,18.59,18.55,18.60
2026/04/02,48,28336950,23923000,18400400,20.28,24.17,24.17,24.17,24.17,16.35,16.35,16.35,16.35,16.35,,20.21,,,,,,20.21,24.16,24.13,24.02,24.11,16.34,16.26,16.27,15.76,16.33,,11609100,3307800,457800,331150,,20.21,24.14,24.17,24.12,23.73,16.04,16.34,16.35,16.10,16.34
2026/04/03,1,26568200,22369350,17870350,20.06,23.39,23.39,23.39,23.39,15.60,15.60,15.60,6.93,15.60,,20.06,,,,,,20.06,23.28,23.36,23.36,23.32,15.57,15.57,15.44,6.89,15.51,,8852300,2109450,1083250,752850,,20.06,23.30,23.44,23.39,23.10,15.19,15.60,15.63,6.92,15.57
2026/04/03,2,27192800,21807250,17044450,19.07,22.27,22.27,22.27,22.50,12.00,12.00,12.00,6.93,12.00,,19.08,,,,,,19.08,22.25,22.24,22.27,22.43,12.00,11.98,11.99,6.92,11.99,,9795300,2311450,1107150,751950,,19.08,22.31,22.30,22.27,22.27,11.88,12.00,12.00,6.93,12.01
2026/04/03,3,27372200,19994850,16040700,13.00,15.00,15.00,15.00,22.33,10.50,10.50,10.50,6.51,10.50,,13.06,,,,,,13.06,15.00,15.00,15.02,22.25,10.50,10.50,10.48,6.51,10.50,,9961350,2361100,1112550,751150,,13.06,15.04,15.02,15.01,21.99,10.49,10.49,10.50,6.51,10.50
2026/04/03,4,27360200,21630550,16807350,18.49,21.85,21.85,21.85,22.39,11.50,11.50,11.50,6.93,11.50,,18.50,,,,,,18.50,21.84,21.83,21.87,22.33,11.50,11.49,11.47,6.93,11.48,,10122800,2368550,1110000,751050,,18.50,21.90,21.91,21.85,22.22,11.43,11.48,11.51,6.93,11.51
2026/04/03,5,27417550,21862750,16974650,19.44,22.85,22.85,22.85,22.85,12.00,12.00,12.00,6.95,12.00,,19.47,,,,,,19.47,22.84,22.82,22.88,22.79,12.00,12.01,12.00,6.95,11.99,,10650800,2429900,1111700,751450,,19.47,22.89,22.92,22.84,22.70,11.93,12.00,12.04,6.95,12.01
2026/04/03,6,27248550,22282400,17085800,20.06,23.57,23.57,23.57,23.57,16.14,16.14,16.14,6.95,16.14,,20.02,,,,,,20.02,23.55,23.52,23.53,23.51,16.12,16.10,16.07,6.95,16.13,,10661050,2379750,1114000,753500,,20.02,23.49,23.57,23.56,23.37,15.95,16.14,16.18,6.95,16.07
2026/04/03,7,27514850,23059750,17573000,20.52,24.00,24.00,24.00,24.00,17.99,17.99,17.99,6.95,17.99,,20.53,,,,,,20.53,23.99,23.96,23.95,23.91,17.99,17.99,17.95,6.95,17.96,,10692000,2399250,1118150,762550,,20.53,23.93,24.00,23.99,23.74,17.84,17.99,18.02,6.95,18.00
2026/04/03,8,27567450,23158850,17655000,20.68,24.46,24.46,24.46,24.46,18.44,18.44,18.44,6.95,18.44,,20.67,,,,,,20.67,24.45,24.37,24.39,24.37,18.42,18.41,18.38,6.95,18.40,,10652050,2370650,1132850,782100,,20.67,24.36,24.46,24.44,24.13,18.14,18.44,18.47,6.95,18.44
2026/04/03,9,27593750,23405650,17875300,21.00,31.03,31.03,31.03,31.03,18.00,18.00,18.00,6.95,18.00,,21.04,,,,,,21.04,30.81,30.77,30.90,30.87,18.00,18.00,18.00,6.95,17.98,,10698100,2352850,1154350,809650,,21.04,30.94,31.03,30.92,30.48,17.93,18.00,18.01,6.95,18.00
2026/04/03,10,27635550,23603200,17968600,21.03,31.80,31.80,31.80,31.80,18.44,18.44,18.44,6.95,18.44,,21.07,,,,,,21.07,31.51,31.51,31.65,31.63,18.42,18.43,18.40,6.95,18.41,,10783400,2333800,1157200,810400,,21.07,31.70,31.79,31.68,31.21,18.29,18.44,18.45,6.95,18.44
2026/04/03,11,27658000,24299000,18210150,22.79,38.71,38.71,38.71,38.71,18.61,18.61,18.61,6.95,18.61,,22.96,,,,,,22.96,38.09,38.32,38.53,38.32,18.59,18.60,18.55,6.95,18.57,,10805800,2332550,1171100,811700,,22.96,38.19,38.70,38.37,38.10,18.43,18.61,18.61,6.95,18.61
2026/04/03,12,27678100,24293500,18192750,23.22,30.00,38.11,38.11,38.11,18.08,18.08,18.08,6.94,18.08,,23.48,,,,,,23.48,29.85,37.72,37.96,37.59,18.06,18.07,18.04,6.94,18.04,,10866100,2359050,891800,669100,,23.48,29.70,38.12,37.66,37.77,17.93,18.08,18.08,6.94,18.08
2026/04/03,13,28571050,24591900,18981450,23.22,36.66,36.66,36.66,36.66,17.76,17.76,17.76,6.94,17.76,,23.38,,,,,,23.38,36.13,36.31,36.56,36.45,17.76,17.76,17.70,6.94,17.75,,10936700,2380500,718750,566900,,23.38,35.75,36.65,36.53,36.22,17.65,17.76,17.76,6.94,17.76
2026/04/03,14,29922100,24127700,19293050,20.52,19.90,19.90,24.43,24.43,16.00,16.00,16.00,6.95,16.00,,20.47,,,,,,20.47,19.90,19.88,24.37,24.33,16.00,16.00,16.00,6.95,15.84,,11119650,2482750,693850,663100,,20.47,19.84,19.90,24.40,24.19,15.99,16.00,16.00,6.95,15.93
2026/04/03,15,32156400,23331550,19059900,17.76,17.76,18.51,20.68,20.68,9.41,9.41,9.41,3.01,9.41,,17.73,,,,,,17.73,17.72,18.48,20.63,20.62,9.41,9.41,9.47,3.01,9.41,,11744850,2553600,696250,696100,,17.73,17.70,18.51,20.66,20.46,9.41,9.41,9.42,3.01,9.43
2026/04/03,16,34681600,22871800,19626550,9.12,15.00,13.78,17.93,20.34,8.58,8.58,8.58,0.02,8.58,,9.21,,,,,,9.21,14.96,13.78,17.87,20.13,8.58,8.58,8.72,0.02,8.61,,12440600,2782150,721100,720950,,9.21,14.95,13.78,17.91,19.76,8.61,8.58,8.59,0.02,8.64
2026/04/03,17,36676250,23854350,20769150,8.78,9.12,9.12,14.55,20.28,8.58,8.58,8.58,0.04,8.58,,8.84,,,,,,8.84,9.12,9.12,14.47,20.00,8.58,8.58,8.30,0.04,8.58,,12724900,1966500,763550,763400,,8.84,9.12,9.12,14.56,19.30,8.58,8.56,8.46,0.04,8.55
2026/04/03,18,38441050,23977550,21747550,7.86,7.01,7.01,12.45,12.45,8.39,8.39,8.39,0.01,8.39,,7.91,,,,,,7.91,7.01,7.01,12.41,12.37,8.39,8.39,8.35,0.01,8.39,,12879050,1924050,958650,958500,,7.91,7.02,7.01,12.46,12.18,8.39,8.39,8.39,0.01,8.38
2026/04/03,19,39952600,24066700,22462550,5.00,3.00,3.00,9.58,9.58,9.58,9.58,8.39,0.01,8.39,,5.08,,,,,,5.08,3.00,3.00,9.54,9.57,9.57,9.56,8.33,0.01,8.38,,13351000,1988650,1515200,1515050,,5.08,3.00,3.00,9.57,9.43,9.57,9.58,8.40,0.01,8.39
2026/04/03,20,41377200,25414950,23504400,5.51,2.05,2.05,14.55,14.00,14.00,14.00,1.01,0.01,1.01,,5.57,,,,,,5.57,2.06,2.05,14.55,13.72,14.00,13.65,1.52,0.01,1.01,,13567350,1945450,2118550,2118400,,5.57,2.06,2.05,14.54,13.30,13.52,13.95,1.19,0.01,1.10
2026/04/03,21,41972050,24401300,22815450,1.50,0.04,0.04,14.55,11.92,11.92,11.92,0.01,0.01,0.01,,1.64,,,,,,1.64,0.09,0.04,14.54,11.58,11.86,11.67,0.07,0.01,0.01,,13732350,1786050,2245050,2231400,,1.64,0.06,0.05,14.53,11.22,11.77,11.90,0.02,0.01,0.03
2026/04/03,22,42804150,24366200,23206500,1.00,0.01,0.01,11.08,9.90,9.90,9.90,0.01,0.01,0.01,,1.13,,,,,,1.13,0.05,0.01,11.08,9.68,9.88,9.74,0.03,0.01,0.01,,13775700,1708200,2464650,2437500,,1.13,0.03,0.02,11.08,9.44,9.90,9.88,0.01,0.01,0.01
2026/04/03,23,43230150,24392800,23493850,0.10,0.01,0.01,7.40,5.00,5.00,5.00,0.01,0.01,0.01,,0.17,,,,,,0.17,0.05,0.01,7.39,4.86,4.98,4.91,0.01,0.01,0.01,,13681100,1705450,2812050,2784900,,0.17,0.03,0.02,7.38,4.73,5.00,5.00,0.01,0.01,0.01
2026/04/03,24,43686550,24289650,23354650,0.01,0.01,0.01,3.00,3.00,3.00,3.00,1.00,0.01,0.01,,0.07,,,,,,0.07,0.04,0.01,3.00,2.97,3.00,2.94,1.00,0.01,0.01,,13735750,1702700,3126700,2984050,,0.07,0.01,0.02,3.00,2.86,3.00,3.00,1.03,0.01,0.01
2026/04/03,25,44173800,23765200,23065300,0.01,0.01,0.01,2.50,2.50,2.50,2.50,0.04,0.01,0.01,,0.04,,,,,,0.04,0.04,0.01,2.48,2.46,2.48,2.52,0.04,0.01,0.01,,13864800,1703500,3564900,3306750,,0.04,0.01,0.02,2.50,2.40,2.53,2.51,0.04,0.01,0.01
2026/04/03,26,44117650,23922900,22813500,0.01,0.01,0.01,3.00,3.00,3.00,3.00,0.01,0.01,0.01,,0.04,,,,,,0.04,0.04,0.01,2.98,2.88,2.98,2.99,0.01,0.01,0.01,,13877450,1672750,3864500,3592350,,0.04,0.01,0.02,2.98,2.86,3.00,3.00,0.01,0.01,0.01
2026/04/03,27,43151850,24876450,23275350,1.00,0.01,0.01,11.85,11.85,11.85,11.85,1.00,0.01,0.01,,1.15,,,,,,1.15,0.05,0.01,11.80,11.83,11.85,11.82,1.02,0.01,0.01,,13899150,1701450,4019050,3746900,,1.15,0.01,0.02,11.85,11.65,11.85,11.83,1.02,0.01,0.01
2026/04/03,28,42065750,24377400,22897550,2.00,0.01,0.01,11.09,11.09,11.09,11.09,3.16,0.01,0.01,,2.13,,,,,,2.13,0.11,0.01,11.02,11.07,11.08,11.07,3.16,0.01,0.01,,13754800,1667900,3516950,3360300,,2.13,0.04,0.03,11.09,10.86,11.00,11.08,3.16,0.01,0.01
2026/04/03,29,40827800,23095200,21964000,1.00,1.00,1.00,3.50,8.68,8.68,8.68,8.68,0.01,0.01,,1.13,,,,,,1.13,1.08,0.99,3.56,8.63,8.68,8.63,8.47,0.01,0.01,,13661700,1848350,2919200,2892050,,1.13,1.03,1.01,3.53,8.26,8.67,8.65,8.65,0.01,0.01
2026/04/03,30,39804600,22711400,21491200,2.85,1.00,1.00,9.90,9.90,9.90,9.90,9.22,0.01,0.50,,2.95,,,,,,2.95,1.06,0.97,9.84,9.88,9.90,9.88,9.19,0.01,0.50,,13513250,1937050,2348600,2334950,,2.95,1.05,0.99,9.88,9.71,9.90,9.89,9.20,0.01,0.50
2026/04/03,31,37742900,21969900,20128300,4.37,3.05,3.05,14.55,14.55,9.35,9.35,4.37,0.01,4.37,,4.44,,,,,,4.44,2.92,2.91,14.46,14.47,9.34,9.29,4.37,0.01,4.37,,13360650,2019350,1394350,1394200,,4.44,3.04,2.95,14.52,13.95,9.35,9.34,4.38,0.01,4.37
2026/04/03,32,36157450,22606000,19974300,10.18,5.00,5.00,19.48,19.48,16.07,16.07,8.39,0.01,8.39,,10.22,,,,,,10.22,4.91,4.90,19.40,19.42,16.06,15.99,8.22,0.01,8.37,,13142750,2381750,937050,934650,,10.22,4.99,4.93,19.44,19.23,16.01,15.98,8.28,0.01,8.39
2026/04/03,33,34546700,23722700,20539300,13.00,15.00,15.00,20.52,20.52,16.07,16.07,8.58,0.01,8.58,,13.06,,,,,,13.06,14.99,15.00,20.47,20.43,16.07,16.00,8.73,0.01,8.58,,13030000,2858800,669550,665650,,13.06,14.98,15.00,20.48,19.79,16.07,16.07,8.59,0.01,8.65
2026/04/03,34,32855000,24424950,19554050,17.93,17.76,21.78,21.78,21.78,16.22,16.22,8.78,0.02,8.78,,17.88,,,,,,17.88,17.54,21.65,21.64,21.74,16.22,16.22,8.88,0.02,8.78,,12870350,2763300,418000,411750,,17.88,17.65,21.72,21.73,21.24,16.22,16.22,8.78,0.02,8.82
2026/04/03,35,31305950,24862150,18709900,19.71,21.53,21.53,21.53,22.39,17.10,17.10,17.10,2.90,14.86,,19.66,,,,,,19.66,21.46,21.42,21.42,22.35,17.10,17.10,17.10,2.90,14.76,,12829400,2843900,485700,415950,,19.66,21.41,21.48,21.50,21.99,17.09,17.10,17.09,2.90,14.81
2026/04/03,36,31335100,25884200,19180400,21.53,31.22,31.22,31.22,31.22,20.06,20.06,20.06,6.93,17.66,,21.57,,,,,,21.57,30.79,30.78,31.06,31.06,20.06,20.06,20.05,6.94,17.39,,12561350,2803700,488450,410650,,21.57,30.15,31.13,31.16,30.60,20.04,20.06,20.08,6.93,17.53
2026/04/03,37,30937650,26908750,19328450,23.29,24.27,31.03,31.03,31.03,21.02,21.02,21.02,6.00,19.66,,23.33,,,,,,23.33,24.27,30.86,30.92,30.92,21.02,21.01,21.01,6.00,19.13,,12489800,2977350,523500,408950,,23.33,24.50,31.02,31.00,30.66,21.00,21.02,21.02,6.00,19.41
2026/04/03,38,31014450,27174850,19138200,22.10,24.27,24.27,24.27,24.27,24.27,24.27,24.27,6.93,18.60,,22.13,,,,,,22.13,23.93,24.26,24.26,24.26,24.24,24.26,24.21,6.93,18.24,,12532350,2955850,527800,407350,,22.13,24.27,24.27,24.26,24.15,24.26,24.27,24.26,6.93,18.43
2026/04/03,39,31327650,27213050,19676350,30.00,49.48,49.48,50.01,40.48,21.02,21.02,21.02,6.93,18.60,,30.34,,,,,,30.34,46.98,49.04,49.85,40.53,21.03,21.02,21.04,6.94,18.24,,12938850,3059650,631450,510100,,30.34,47.11,49.42,49.81,40.56,21.02,21.03,21.03,6.93,18.43
2026/04/03,40,31465600,26707900,19630450,27.00,45.00,45.01,50.00,37.64,20.29,20.29,20.29,6.93,17.66,,27.27,,,,,,27.27,42.18,44.63,49.87,37.70,20.30,20.30,20.30,6.94,17.41,,13014750,3115150,605450,507100,,27.27,42.84,44.97,49.79,37.75,20.31,20.29,20.30,6.93,17.54
2026/04/03,41,31043550,26157700,19356200,23.40,50.00,50.00,50.00,41.19,15.60,15.60,15.60,6.93,15.60,,23.98,,,,,,23.98,47.16,49.36,49.82,41.25,15.60,15.59,15.58,6.93,15.47,,13383250,3492950,585000,502600,,23.98,47.15,49.93,49.65,41.30,15.64,15.60,15.59,6.93,15.49
2026/04/03,42,30655600,25787400,19020850,23.99,42.00,42.00,42.00,39.67,16.07,16.07,16.07,6.95,16.07,,24.30,,,,,,24.30,40.19,41.53,41.96,39.66,16.07,15.96,15.99,6.95,15.89,,13463150,3591350,575800,497350,,24.30,39.56,42.00,41.88,39.73,16.10,16.05,16.07,6.95,15.74
2026/04/03,43,30787600,25221000,19041200,22.09,36.32,36.32,36.32,36.32,15.60,15.60,15.60,6.95,15.60,,22.29,,,,,,22.29,35.57,36.02,36.28,36.21,15.60,15.51,15.55,6.95,15.47,,13441850,3534500,642250,480250,,22.29,35.23,36.30,36.28,36.13,15.54,15.58,15.61,6.95,15.35
2026/04/03,44,30807850,24273550,17573100,19.66,20.52,20.52,20.52,30.00,16.07,16.07,16.07,6.95,16.07,,19.59,,,,,,19.59,20.51,20.47,20.50,29.79,16.07,15.97,16.14,6.95,15.90,,13351100,3444550,794100,652000,,19.59,20.49,20.51,20.51,28.86,15.86,16.04,16.07,6.95,15.85
2026/04/03,45,31667500,24143200,18027000,19.66,20.52,20.52,20.52,22.70,17.66,17.66,17.66,6.93,17.66,,19.60,,,,,,19.60,20.51,20.50,20.51,22.67,17.66,17.53,17.58,6.93,17.41,,12894500,3130700,802300,656200,,19.60,20.49,20.52,20.51,22.63,17.55,17.66,17.66,6.93,17.29
2026/04/03,46,31163250,23679400,17313950,19.44,20.00,20.00,20.00,21.57,17.66,17.66,17.66,6.93,17.66,,19.43,,,,,,19.43,20.01,19.98,20.11,21.56,17.63,17.53,17.52,6.93,17.42,,12452350,2813450,795300,653600,,19.43,20.00,20.11,20.06,21.51,17.65,17.66,17.66,6.93,17.25
2026/04/03,47,30429050,23554000,18388500,20.57,24.90,24.90,24.90,24.90,17.66,17.66,17.66,6.93,17.66,,20.52,,,,,,20.52,24.68,24.80,24.87,24.84,17.66,17.49,17.54,6.93,17.42,,12068600,2632150,797550,651300,,20.52,24.80,24.90,24.88,24.72,17.41,17.66,17.66,6.93,17.28
2026/04/03,48,29807500,22319250,17820050,20.26,24.30,24.30,24.30,24.30,14.86,14.86,14.86,6.93,14.86,,20.18,,,,,,20.18,24.16,24.26,24.28,24.25,14.86,14.80,14.83,6.93,14.85,,11413900,2305100,538750,364000,,20.18,24.22,24.28,24.28,24.21,14.72,14.86,14.86,6.93,14.80
2026/04/04,1,25618550,21787300,17305800,17.88,19.95,20.94,20.94,20.94,12.00,12.00,12.00,6.86,12.00,,17.84,,,,,,17.84,19.47,20.93,20.94,20.89,12.00,11.96,12.00,6.77,12.00,,7673950,1917250,924550,895200,,17.84,19.76,20.94,20.94,20.85,12.00,11.97,12.00,6.83,11.96
2026/04/04,2,26133600,21258000,16514150,17.35,21.40,21.40,21.40,22.00,10.90,10.90,10.90,6.86,10.90,,17.32,,,,,,17.32,20.98,21.36,21.39,21.98,10.90,10.87,10.90,6.66,10.90,,9213700,2048000,995850,894300,,17.32,21.28,21.40,21.37,21.95,10.90,10.87,10.90,6.80,10.87
2026/04/04,3,26560850,20959750,16106950,17.01,20.20,20.20,20.20,23.50,9.03,9.03,9.03,6.86,9.03,,16.99,,,,,,16.99,19.59,20.17,20.20,23.47,9.03,9.02,9.03,6.75,9.03,,9463650,1988650,1019850,894000,,16.99,19.97,20.20,20.20,23.38,9.03,9.02,9.03,6.83,9.02
2026/04/04,4,26568050,20781100,16030300,17.15,18.52,18.52,19.90,22.18,9.08,9.08,9.08,6.86,9.08,,17.12,,,,,,17.12,18.45,18.48,19.89,22.17,9.08,9.07,9.08,6.86,9.08,,9484750,1976000,1016950,894150,,17.12,18.44,18.52,19.90,22.10,9.08,9.07,9.08,6.86,9.07
2026/04/04,5,26556200,20902200,16128400,17.15,20.00,20.00,20.00,23.50,10.90,10.90,10.90,6.86,10.90,,17.14,,,,,,17.14,19.62,19.96,20.00,23.47,10.90,10.87,10.89,6.86,10.90,,9354950,1971900,1034900,911350,,17.14,19.92,20.00,19.99,23.36,10.90,10.87,10.90,6.86,10.87
2026/04/04,6,26443350,21201900,16329450,17.90,20.02,20.02,20.02,23.80,12.30,12.30,12.30,6.91,12.30,,17.89,,,,,,17.89,19.92,19.99,20.02,23.77,12.30,12.30,12.30,6.91,12.30,,9171700,1881900,1034500,917000,,17.89,19.93,20.02,20.02,23.74,12.29,12.30,12.30,6.91,12.30
2026/04/04,7,26601900,21520250,16518100,18.07,20.00,20.00,20.00,25.01,14.57,14.57,14.57,6.86,14.57,,18.07,,,,,,18.07,19.91,19.92,20.00,24.99,14.57,14.56,14.57,6.86,14.56,,9239750,1859800,1136950,920650,,18.07,19.86,20.00,20.00,24.96,14.53,14.57,14.57,6.86,14.56
2026/04/04,8,26677050,21802250,16520950,18.46,19.71,19.71,20.00,30.00,15.15,15.15,15.15,6.86,15.15,,18.47,,,,,,18.47,19.52,19.65,20.00,29.95,15.15,15.10,15.15,6.86,15.14,,9281200,1808000,1232500,919800,,18.47,19.54,19.71,20.00,29.85,15.01,15.15,15.15,6.86,15.11
2026/04/04,9,26849800,22237350,16769650,18.67,19.71,19.71,20.15,32.99,15.56,15.56,15.56,6.86,15.56,,18.70,,,,,,18.70,19.63,19.65,20.15,32.82,15.56,15.55,15.56,6.86,15.55,,9345800,1793550,1235900,917750,,18.70,19.58,19.71,20.15,32.71,15.53,15.56,15.56,6.86,15.54
2026/04/04,10,26931200,22300100,16808350,18.73,19.71,19.71,20.58,29.00,15.29,15.29,15.29,6.86,15.29,,18.71,,,,,,18.71,19.61,19.57,20.58,28.87,15.29,15.27,15.18,6.86,15.28,,9398750,1793700,1336050,915150,,18.71,19.58,19.70,20.57,28.72,15.13,15.29,15.29,6.86,15.25
2026/04/04,11,26211400,21592100,16074250,18.82,19.96,19.96,20.57,29.00,15.15,15.15,15.15,6.86,15.15,,18.76,,,,,,18.76,19.60,19.66,20.56,28.87,15.15,15.00,15.15,6.86,15.14,,9301100,1795350,1328000,955700,,18.76,19.69,19.92,20.56,28.53,15.02,15.06,15.15,6.86,15.04
2026/04/04,12,26527750,20894950,15792450,18.25,19.95,19.95,20.00,22.21,10.90,10.90,10.90,6.86,10.90,,18.20,,,,,,18.20,19.20,19.78,20.00,22.17,10.90,10.88,10.90,6.86,10.90,,9330900,1807550,964400,590700,,18.20,19.68,19.91,20.01,21.96,10.90,10.88,10.90,6.86,10.88
2026/04/04,13,27212500,20231750,15521450,17.15,16.90,16.90,19.32,20.46,10.90,10.90,10.90,6.86,10.90,,17.10,,,,,,17.10,16.55,16.86,19.28,20.41,10.90,10.87,10.90,6.86,10.90,,9468700,1676450,932950,455450,,17.10,16.67,16.88,19.31,20.20,10.89,10.88,10.90,6.86,10.88
2026/04/04,14,28003650,19871750,15319300,15.01,15.12,15.12,17.90,19.94,9.30,9.30,9.30,6.86,9.30,,15.05,,,,,,15.05,15.00,15.11,17.92,19.90,9.30,9.30,9.30,6.86,9.30,,9790400,1732050,836250,384400,,15.05,15.02,15.12,17.93,19.77,9.30,9.30,9.30,6.86,9.30
2026/04/04,15,28949700,20995550,16425200,16.54,10.46,10.46,19.98,19.98,9.30,9.30,9.30,6.86,9.30,,16.57,,,,,,16.57,10.46,10.46,19.95,19.95,9.30,9.30,9.30,6.86,9.30,,10144450,1738550,799300,379200,,16.57,10.46,10.46,19.98,19.84,9.30,9.30,9.30,6.86,9.30
2026/04/04,16,29506100,20924750,16433550,14.60,5.00,5.00,19.02,19.02,9.30,9.30,9.30,6.86,9.30,,14.64,,,,,,14.64,5.00,5.01,19.00,18.99,9.30,9.30,9.30,6.86,9.30,,10290450,1777300,856800,422700,,14.64,5.00,5.01,19.03,18.89,9.30,9.30,9.30,6.86,9.30
2026/04/04,17,29831650,21787200,17353550,16.00,5.00,5.00,20.05,20.05,10.90,10.90,10.90,6.89,10.90,,16.00,,,,,,16.00,5.00,5.00,19.93,20.02,10.90,10.89,10.90,6.89,10.90,,10472100,1958400,1087050,644550,,16.00,5.00,5.00,20.05,19.93,10.91,10.98,10.93,6.89,10.98
2026/04/04,18,30238050,22720500,17996900,17.15,3.05,3.05,21.16,21.16,15.01,15.01,15.01,6.88,10.90,,17.14,,,,,,17.14,3.07,3.05,21.07,21.13,15.01,15.01,14.99,6.88,10.90,,10741500,1895850,1354550,898550,,17.14,3.06,3.05,21.12,21.12,15.01,15.04,15.05,6.88,10.90
2026/04/04,19,30195800,23357400,18115300,17.23,5.00,5.00,21.78,21.78,17.22,17.22,17.22,6.95,10.90,,17.21,,,,,,17.21,5.01,5.00,21.71,21.73,17.18,17.15,17.13,6.95,10.90,,10760150,1876350,1658650,1126900,,17.21,5.00,5.00,21.77,21.74,16.89,17.22,17.18,6.95,10.90
2026/04/04,20,30449500,23769450,18412750,17.23,4.37,4.37,25.00,25.00,17.22,17.22,17.22,6.93,10.90,,17.26,,,,,,17.26,4.38,4.37,24.93,24.94,17.20,17.16,17.11,6.93,10.90,,10863450,1884550,1740600,1173850,,17.26,4.37,4.37,24.95,24.98,16.93,17.27,17.42,6.93,10.90
2026/04/04,21,30366800,22923150,17675900,15.01,5.33,5.33,20.06,21.38,16.76,16.76,16.76,6.93,15.29,,15.03,,,,,,15.03,5.40,5.33,19.95,21.35,16.75,16.72,16.64,6.92,15.25,,11143700,1988700,1861850,1260100,,15.03,5.33,5.35,20.02,21.33,16.46,16.76,16.57,6.93,15.29
2026/04/04,22,30458800,24449900,18958650,17.90,6.50,6.50,30.72,30.72,16.00,16.00,16.00,6.69,12.00,,18.06,,,,,,18.06,6.51,6.50,30.65,30.60,15.99,15.87,15.87,6.69,12.00,,11322050,2066700,1910700,1273950,,18.06,6.50,6.50,30.67,30.64,15.81,16.06,16.39,6.69,12.00
2026/04/04,23,30510250,23753850,18008500,15.15,9.18,9.18,21.29,22.02,15.01,15.01,15.01,6.67,9.03,,15.17,,,,,,15.17,9.18,9.18,21.17,21.98,15.00,14.98,14.96,6.66,9.03,,11329400,2092650,2548400,1246150,,15.17,9.18,9.18,21.25,21.90,14.92,15.06,15.02,6.67,9.03
2026/04/04,24,30365700,25496550,18806100,17.68,12.28,12.28,33.06,33.06,14.57,14.57,14.57,6.00,8.84,,17.83,,,,,,17.83,12.28,12.28,32.99,32.95,14.57,14.51,14.57,5.99,8.91,,11342500,2099250,3214350,1223600,,17.83,12.28,12.28,33.06,32.95,14.38,14.68,15.40,6.00,8.87
2026/04/04,25,30327400,25018800,18641550,17.15,9.18,9.18,32.42,32.42,14.43,14.43,14.43,6.00,9.03,,17.27,,,,,,17.27,9.18,9.18,32.34,32.29,14.43,14.36,14.39,5.95,9.02,,11393650,1910450,3077500,1067000,,17.27,9.18,9.18,32.39,32.32,14.20,14.41,15.30,5.99,9.02
2026/04/04,26,30438050,23881150,18195800,16.86,9.18,13.09,28.76,28.76,9.15,9.15,9.15,2.50,9.03,,16.95,,,,,,16.95,9.18,13.08,28.61,28.61,9.15,9.15,9.15,2.48,9.03,,11465550,1917800,2482500,1000500,,16.95,9.21,13.09,28.72,28.48,9.18,9.35,9.91,2.50,9.03
2026/04/04,27,30343150,23343000,18339050,17.15,10.95,14.04,29.11,29.11,13.00,13.00,13.00,2.19,9.03,,17.23,,,,,,17.23,10.95,14.02,28.97,28.98,13.00,13.00,13.00,2.17,9.03,,11483750,1919300,1835600,1054600,,17.23,10.96,14.04,29.07,28.90,13.01,13.23,13.39,2.18,9.03
2026/04/04,28,30241200,22392800,17508050,15.01,12.77,12.77,21.69,21.69,14.00,14.00,14.00,2.05,8.84,,15.06,,,,,,15.06,12.77,12.76,21.55,21.65,14.00,14.00,14.03,2.04,8.84,,11442700,1937450,1645400,990900,,15.06,12.75,12.77,21.63,21.61,14.02,14.02,14.12,2.05,8.84
2026/04/04,29,30142000,23198950,18237750,17.22,15.00,15.00,29.47,29.47,12.00,12.00,12.00,2.05,8.84,,17.31,,,,,,17.31,14.99,14.95,29.36,29.34,12.01,12.00,12.00,2.04,8.84,,11416150,1962900,1640250,967900,,17.31,14.93,15.00,29.42,29.36,12.02,12.27,12.45,2.05,8.84
2026/04/04,30,29981050,22748000,17911450,17.15,16.32,16.32,28.76,28.76,9.15,9.15,9.15,1.00,9.03,,17.24,,,,,,17.24,16.31,16.24,28.65,28.63,9.16,9.16,9.17,0.99,9.03,,11434500,1974400,1497250,954300,,17.24,16.22,16.32,28.72,28.62,9.23,9.49,9.72,1.00,9.03
2026/04/04,31,29743600,21950550,17821900,17.88,17.50,17.50,32.60,32.60,8.61,8.61,8.61,0.02,8.61,,18.15,,,,,,18.15,17.49,17.36,32.49,32.42,8.62,8.63,8.67,0.02,8.62,,11424800,1970350,1012350,708450,,18.15,17.35,17.49,32.59,32.28,8.70,8.90,9.59,0.02,8.71
2026/04/04,32,29526700,22683700,17580100,18.30,18.31,18.31,35.83,34.57,8.61,8.61,8.61,1.00,8.61,,18.66,,,,,,18.66,18.30,18.19,35.75,34.39,8.61,8.62,8.65,1.00,8.62,,11378050,1944950,707650,523400,,18.66,18.20,18.29,35.78,34.44,8.70,8.81,9.45,1.00,8.92
2026/04/04,33,29031050,22368550,17520200,17.54,19.08,19.08,33.11,33.11,9.03,9.03,9.03,2.05,9.03,,17.78,,,,,,17.78,19.08,19.01,33.00,32.88,9.04,9.05,9.14,2.04,9.04,,11139750,2099750,486800,420100,,17.78,19.01,19.07,33.10,32.79,9.16,9.23,9.97,2.05,9.07
2026/04/04,34,29078050,21943200,17162800,17.22,19.62,19.62,29.11,29.11,9.03,9.03,9.03,6.50,9.03,,17.36,,,,,,17.36,19.62,19.52,28.96,29.02,9.05,9.04,9.06,6.45,9.03,,11025800,2060250,475100,392450,,17.36,19.52,19.60,29.12,28.71,9.10,9.09,9.79,6.49,9.25
2026/04/04,35,29131700,22461300,17650750,17.94,18.83,18.83,29.47,29.47,12.50,12.50,12.50,6.01,12.50,,18.00,,,,,,18.00,18.83,18.77,29.34,29.30,12.50,12.48,12.50,5.98,12.50,,11094800,2120550,452050,338350,,18.00,18.75,18.83,29.47,29.12,12.44,12.50,13.10,6.00,12.64
2026/04/04,36,29031300,23201850,17462350,18.14,19.75,19.75,28.41,28.41,15.29,15.29,15.29,6.88,15.29,,18.18,,,,,,18.18,19.74,19.68,28.31,28.31,15.29,15.15,15.29,6.84,15.29,,11033800,2121550,473100,352550,,18.18,19.65,19.75,28.42,28.13,15.22,15.29,15.88,6.87,15.10
2026/04/04,37,29109800,23249550,17036600,18.02,19.50,19.50,21.00,21.00,18.60,18.60,18.60,6.89,18.60,,17.97,,,,,,17.97,19.49,19.43,21.01,21.00,18.59,18.23,18.45,6.89,18.33,,11046100,2107100,459600,352600,,17.97,19.39,19.50,21.00,21.06,18.40,18.60,18.60,6.89,17.78
2026/04/04,38,29108300,23389200,16964350,18.01,18.50,18.50,20.70,20.70,18.73,18.73,18.73,6.95,18.73,,18.00,,,,,,18.00,18.48,18.45,20.77,20.71,18.71,18.39,18.56,6.95,18.46,,10953200,1979450,461500,351550,,18.00,18.44,18.50,20.74,20.87,18.48,18.73,18.72,6.95,18.00
2026/04/04,39,29355450,23355300,16771850,18.02,18.49,18.49,19.79,19.79,18.73,18.73,18.73,6.95,18.73,,17.97,,,,,,17.97,18.46,18.45,19.83,19.84,18.70,18.29,18.56,6.95,18.42,,11205950,1979500,569050,492850,,17.97,18.43,18.49,19.81,19.94,18.43,18.73,18.73,6.95,17.81
2026/04/04,40,29358350,23144200,16690700,17.98,18.29,18.29,20.00,20.00,18.00,18.00,18.00,6.86,18.00,,17.89,,,,,,17.89,18.28,18.24,19.97,19.98,17.97,17.62,17.81,6.86,17.70,,11291250,1975200,545150,486400,,17.89,18.22,18.29,19.99,19.86,17.67,18.00,18.00,6.86,17.20
2026/04/04,41,29160700,22794750,16646650,17.38,16.54,16.54,20.81,20.81,15.15,15.15,15.15,6.86,15.15,,17.39,,,,,,17.39,16.54,16.51,20.88,20.82,15.14,15.01,15.12,6.80,15.14,,11207500,1974050,522900,483700,,17.39,16.49,16.54,20.85,20.95,14.88,15.15,15.15,6.84,14.96
2026/04/04,42,29362200,22495550,16490700,17.15,16.34,16.34,20.43,20.43,14.57,14.57,14.57,6.86,14.57,,17.13,,,,,,17.13,16.34,16.26,20.44,20.42,14.56,14.51,14.55,6.79,14.57,,11359300,1986300,517750,478500,,17.13,16.24,16.33,20.44,20.44,14.52,14.57,14.57,6.84,14.44
2026/04/04,43,29286450,21938350,16331800,16.88,16.66,16.66,19.96,19.96,14.57,14.57,14.57,6.86,14.57,,16.89,,,,,,16.89,16.46,16.61,19.97,19.93,14.57,14.47,14.55,6.79,14.56,,11391950,1983800,483350,445750,,16.89,16.57,16.68,20.03,19.70,14.35,14.57,14.57,6.84,14.44
2026/04/04,44,29547400,21523150,16148300,16.34,16.68,16.68,18.64,18.64,14.57,14.57,14.57,6.86,14.57,,16.35,,,,,,16.35,16.54,16.63,18.66,18.68,14.56,14.48,14.55,6.79,14.56,,11579700,1971400,651450,614200,,16.35,16.55,16.67,18.65,18.74,14.36,14.57,14.57,6.84,14.45
2026/04/04,45,30602150,20913150,16141700,13.89,16.83,16.83,17.93,17.93,15.01,15.01,15.01,6.86,15.01,,13.92,,,,,,13.92,16.55,16.80,17.92,17.95,15.00,14.88,14.99,6.79,15.00,,11558450,1913600,644550,608250,,13.92,16.65,16.83,17.94,17.88,14.78,15.01,15.01,6.84,14.82
2026/04/04,46,30491200,20798900,15739100,12.00,16.77,16.77,17.15,17.15,15.01,15.01,15.01,6.86,15.01,,12.12,,,,,,12.12,16.53,16.75,17.19,17.21,14.99,14.90,14.94,6.77,15.00,,11606300,1893050,640550,606450,,12.12,16.59,16.77,17.20,17.26,14.86,15.01,14.94,6.83,14.83
2026/04/04,47,29809800,20091650,15256000,11.08,15.78,15.78,15.78,15.78,14.57,14.57,14.57,6.86,14.57,,11.27,,,,,,11.27,15.76,15.78,15.86,15.89,14.56,14.49,14.51,6.78,14.56,,11410550,1889650,636200,605500,,11.27,15.85,15.90,15.86,15.84,14.51,14.57,14.51,6.84,14.42
2026/04/04,48,29474600,19523400,15086900,11.00,16.60,16.60,17.54,17.54,9.00,9.00,9.00,6.86,9.00,,11.11,,,,,,11.11,16.35,16.59,17.53,17.60,9.00,9.01,9.00,6.78,9.00,,11150500,1887250,370100,341200,,11.11,16.42,16.59,17.56,17.56,9.00,9.00,9.02,6.84,9.00
2026/04/05,1,26480750,17649450,14632500,13.79,18.21,18.21,18.68,18.68,9.03,9.03,9.03,6.93,9.03,,18.95,,,,,,18.95,18.16,18.18,31.54,18.69,9.03,9.01,8.76,6.87,9.00,,8501200,869050,680300,580300,,18.95,18.10,18.21,38.37,18.78,8.44,9.03,9.03,6.92,9.03
2026/04/05,2,27579100,17342850,13990450,11.81,17.93,17.93,18.61,18.61,8.65,8.65,8.65,6.93,8.65,,14.28,,,,,,14.28,17.93,17.89,24.42,18.80,8.65,8.65,8.65,6.79,8.65,,10049600,923500,624950,500950,,14.28,17.83,17.94,27.17,19.51,8.65,8.65,8.65,6.90,8.65
2026/04/05,3,27689650,17164400,13738100,10.01,17.89,17.89,18.73,18.73,8.61,8.61,8.61,6.93,8.61,,12.51,,,,,,12.51,17.88,17.84,24.50,18.87,8.61,8.61,8.61,6.79,8.61,,10526800,936800,715650,473150,,12.51,17.73,17.91,27.18,19.66,8.61,8.61,8.61,6.90,8.61
2026/04/05,4,27718600,17326600,13724200,11.63,18.14,18.14,18.71,18.71,8.61,8.61,8.61,6.93,8.61,,14.09,,,,,,14.09,18.24,18.10,24.54,18.83,8.61,8.61,8.61,6.80,8.61,,10631800,959700,846850,501850,,14.09,18.02,18.17,27.10,19.67,8.61,8.61,8.61,6.90,8.61
2026/04/05,5,27571300,17446350,14030550,12.01,18.96,18.96,18.96,18.96,8.65,8.65,8.65,6.95,8.65,,12.18,,,,,,12.18,18.89,18.91,19.03,18.97,8.65,8.65,8.65,6.81,8.65,,10594350,982150,956500,584000,,12.18,18.77,18.98,19.03,19.02,8.65,8.65,8.65,6.92,8.65
2026/04/05,6,27563200,17905750,14343550,14.66,19.50,19.50,19.50,19.50,9.15,9.15,9.15,7.80,9.15,,14.77,,,,,,14.77,19.42,19.46,19.57,19.51,9.15,9.15,9.15,7.64,9.15,,10626300,978300,1169550,683550,,14.77,19.34,19.52,19.59,19.53,9.15,9.15,9.15,7.76,9.15
2026/04/05,7,27723800,18533550,14887700,15.94,18.34,18.34,20.00,20.00,12.00,12.00,12.00,7.80,12.00,,16.01,,,,,,16.01,18.36,18.32,20.07,20.00,12.00,11.98,12.00,7.65,12.00,,10759950,982350,1251250,764250,,16.01,18.23,18.36,20.08,20.03,12.00,12.00,12.00,7.76,11.97
2026/04/05,8,27797900,18521400,14856400,15.94,18.95,18.95,19.34,19.34,13.51,13.51,13.51,7.83,13.51,,16.01,,,,,,16.01,19.02,18.92,19.43,19.34,13.51,13.48,13.50,7.73,13.50,,10763800,981800,1250050,763550,,16.01,18.83,18.99,19.43,19.38,13.51,13.50,13.49,7.81,13.46
2026/04/05,9,27819900,19131750,14738950,15.94,18.92,18.92,18.92,18.92,13.00,13.00,13.00,8.00,13.00,,16.02,,,,,,16.02,19.35,18.90,19.02,18.92,13.00,12.91,12.99,7.89,12.99,,10824650,1134550,1250600,762600,,16.02,18.79,19.00,19.04,18.99,12.71,13.00,13.00,7.97,12.92
2026/04/05,10,28037600,19542300,15013700,15.94,19.71,19.71,19.71,19.71,9.24,9.24,9.24,8.00,9.24,,16.03,,,,,,16.03,19.63,19.65,19.78,19.71,9.24,9.24,9.24,7.91,9.24,,10891950,1134300,1118950,629450,,16.03,19.55,19.74,19.80,19.70,9.24,9.24,9.24,7.98,9.24
2026/04/05,11,27815050,19089200,14314900,17.00,19.10,19.10,19.10,19.10,12.00,12.00,12.00,8.00,12.00,,17.01,,,,,,17.01,19.04,19.09,19.18,19.09,12.00,11.92,11.99,7.90,12.00,,11061500,1134200,935550,477550,,17.01,18.94,19.16,19.16,19.13,11.87,12.00,12.00,7.97,11.91
2026/04/05,12,28103300,18549400,13832300,15.01,18.43,18.43,18.74,18.74,9.04,9.03,9.03,7.83,9.03,,15.12,,,,,,15.12,18.43,18.42,18.83,18.73,9.04,9.03,9.03,7.73,9.03,,11329550,1135200,805600,358100,,15.12,18.31,18.44,18.83,18.80,9.04,9.03,9.03,7.81,9.03
2026/04/05,13,28983150,18020850,13577450,13.50,15.00,15.00,17.35,17.35,14.00,14.00,14.00,7.81,14.00,,13.59,,,,,,13.59,15.17,14.99,17.45,17.34,14.00,13.68,13.98,7.71,13.93,,11769900,937550,793900,364900,,13.59,14.97,15.01,17.47,17.39,13.58,13.99,13.85,7.79,13.70
2026/04/05,14,30403000,17054950,13440050,10.00,10.93,10.93,13.05,13.05,9.03,9.03,9.03,6.93,9.03,,10.15,,,,,,10.15,11.32,10.96,13.22,13.05,9.03,9.03,9.03,6.82,9.03,,12136150,943700,702950,402950,,10.15,10.94,10.98,13.20,13.32,9.03,9.03,9.03,6.91,9.03
2026/04/05,15,32122400,16777800,14015700,8.00,9.18,8.61,10.54,10.54,8.40,8.40,8.40,0.10,8.40,,8.23,,,,,,8.23,9.18,8.64,10.85,10.52,8.40,8.40,8.41,0.10,8.39,,12637450,919900,836500,636500,,8.23,9.18,8.62,10.94,10.66,8.40,8.41,8.40,0.10,8.40
2026/04/05,16,33528350,18476150,15220700,8.40,8.30,8.30,18.18,4.50,4.50,4.50,4.50,0.01,4.50,,8.51,,,,,,8.51,8.32,8.34,18.28,4.51,4.50,4.70,4.59,0.01,4.50,,13077800,910850,1224350,1124350,,8.51,8.31,8.32,18.33,4.56,4.65,4.61,4.65,0.01,4.55
2026/04/05,17,34993850,18995800,16375850,7.63,9.18,8.33,19.08,2.70,2.70,0.01,0.01,0.01,0.01,,7.60,,,,,,7.60,9.15,8.33,19.17,2.70,2.70,0.51,0.55,0.01,0.09,,13441850,924300,1846300,1832900,,7.60,9.18,8.34,19.21,2.76,2.84,0.37,0.36,0.01,0.28
2026/04/05,18,37101400,18662900,16705900,2.00,5.00,5.00,17.18,0.01,0.01,0.01,0.01,0.01,0.01,,2.17,,,,,,2.17,5.09,5.00,17.26,0.01,0.01,0.31,0.53,0.01,0.06,,14175400,975600,1930500,1903600,,2.17,5.00,5.02,17.30,0.20,0.44,0.22,0.30,0.13,0.04
2026/04/05,19,38594200,19881950,17840050,2.01,2.95,2.95,15.78,0.01,0.01,0.01,0.01,0.01,0.01,,2.16,,,,,,2.16,2.97,2.95,15.87,0.01,0.01,0.08,0.17,0.01,0.03,,14293450,883300,2876400,2849500,,2.16,2.95,2.95,15.91,0.07,0.22,0.08,0.06,0.01,0.03
2026/04/05,20,40367750,20226950,18534600,0.50,0.01,0.01,15.34,0.67,0.67,0.67,0.67,0.01,0.01,,0.69,,,,,,0.69,0.03,0.01,15.45,0.67,0.67,0.68,0.78,0.01,0.04,,14412350,861500,3422150,3395250,,0.69,0.01,0.02,15.50,0.70,0.72,0.69,0.70,0.01,0.03
2026/04/05,21,41578050,19885650,18290200,0.01,0.01,0.01,15.34,0.01,0.01,0.01,0.01,0.01,0.01,,0.20,,,,,,0.20,0.03,0.01,15.45,0.01,0.01,0.05,0.07,0.01,0.02,,14701250,937400,3378450,3351550,,0.20,0.01,0.02,15.49,0.06,0.08,0.02,0.04,0.01,0.03
2026/04/05,22,42568400,19403200,17985900,0.01,0.01,0.01,15.00,0.01,0.01,0.01,0.01,0.01,0.01,,0.21,,,,,,0.21,0.03,0.01,15.11,0.01,0.01,0.03,0.02,0.01,0.01,,14791400,898400,3184300,3157400,,0.21,0.01,0.01,15.16,0.03,0.01,0.01,0.03,0.01,0.01
2026/04/05,23,43261850,19117400,18042050,0.01,0.01,0.01,12.06,0.01,0.01,0.01,0.01,0.01,0.01,,0.17,,,,,,0.17,0.03,0.01,12.20,0.01,0.01,0.01,0.01,0.01,0.01,,14832600,903300,3097950,3071050,,0.17,0.01,0.01,12.26,0.01,0.01,0.01,0.01,0.01,0.01
2026/04/05,24,43446900,19065350,17779500,0.01,0.01,0.01,15.00,0.01,0.01,0.01,0.01,0.01,0.01,,0.20,,,,,,0.20,0.04,0.01,15.11,0.01,0.01,0.01,0.01,0.01,0.01,,14850950,905500,2998800,2971900,,0.20,0.01,0.02,15.15,0.01,0.01,0.01,0.01,0.01,0.01
2026/04/05,25,43486600,19155700,17617350,0.01,0.01,0.01,15.34,0.01,0.01,0.01,0.01,0.01,0.01,,0.22,,,,,,0.22,0.03,0.01,15.44,0.01,0.01,0.01,0.01,0.01,0.01,,14876100,892700,2967100,2940200,,0.22,0.01,0.02,15.48,0.01,0.01,0.01,0.01,0.01,0.01
2026/04/05,26,43317350,19128900,17371950,0.01,0.01,0.01,15.34,0.01,0.01,0.01,0.01,0.01,0.01,,0.20,,,,,,0.20,0.03,0.01,15.48,0.01,0.01,0.01,0.01,0.01,0.01,,14974650,887950,2923900,2897000,,0.20,0.01,0.02,15.54,0.01,0.01,0.01,0.01,0.01,0.01
2026/04/05,27,42776700,17475300,17128400,0.01,0.01,0.01,9.92,0.01,0.01,0.01,0.01,0.01,0.01,,0.30,,,,,,0.30,0.04,0.01,10.11,0.01,0.01,0.01,0.01,0.01,0.01,,15031600,922050,2934800,2907900,,0.30,0.01,0.02,10.19,0.01,0.01,0.01,0.01,0.01,0.01
2026/04/05,28,42058400,17674800,17203300,0.01,0.01,0.01,9.67,0.01,0.01,0.01,0.01,0.01,0.01,,0.21,,,,,,0.21,0.05,0.01,9.95,0.01,0.01,0.01,0.01,0.01,0.01,,15159500,1040150,2967250,2940350,,0.21,0.01,0.02,10.09,0.01,0.01,0.01,0.01,0.01,0.01
2026/04/05,29,41059300,17893550,17566750,0.01,1.00,1.00,6.59,0.01,0.01,0.01,0.01,0.01,0.01,,0.41,,,,,,0.41,1.04,1.00,7.39,0.01,0.01,0.03,0.02,0.01,0.01,,15128000,1057550,3123950,3097050,,0.41,1.01,1.01,7.76,0.03,0.01,0.01,0.03,0.01,0.01
2026/04/05,30,39724600,18157450,17401100,0.01,2.95,2.95,10.62,0.50,0.50,0.50,0.50,0.01,0.01,,0.24,,,,,,0.24,2.95,2.95,10.91,0.50,0.50,0.52,0.66,0.01,0.02,,15009550,1080350,3164050,3150650,,0.24,2.95,2.95,11.05,0.54,0.51,0.54,0.56,0.01,0.02
2026/04/05,31,38022400,18019350,16729050,1.00,6.92,6.92,13.51,2.48,0.02,0.01,0.01,0.01,0.01,,1.23,,,,,,1.23,6.92,6.92,13.75,2.47,0.02,0.09,0.21,0.01,0.02,,14942600,1144250,2627750,2626750,,1.23,6.92,6.92,13.87,2.48,0.23,0.12,0.09,0.01,0.02
2026/04/05,32,36342200,17283400,15631150,2.05,7.04,7.04,13.64,2.70,0.01,0.01,0.01,0.01,0.01,,2.25,,,,,,2.25,7.04,7.04,13.86,2.71,0.01,0.19,0.21,0.01,0.05,,14809850,1705900,1630650,1527650,,2.25,7.04,7.04,13.97,2.71,0.21,0.16,0.20,0.11,0.03
2026/04/05,33,34487450,17937600,15604200,2.70,9.18,9.18,17.50,2.70,0.01,0.01,0.01,0.01,0.01,,2.86,,,,,,2.86,9.17,9.23,17.58,2.70,0.16,0.21,0.09,0.01,0.02,,14506050,1916100,1086450,858850,,2.86,9.19,9.20,17.62,2.69,0.09,0.10,0.09,0.15,0.17
2026/04/05,34,32106700,19964900,16262950,11.22,16.74,16.74,28.94,11.51,0.81,0.81,0.81,0.81,0.81,,11.22,,,,,,11.22,16.65,16.73,28.97,11.39,0.81,1.07,1.00,0.81,0.84,,13767850,1941750,864800,558200,,11.22,16.66,16.74,28.98,11.48,1.00,1.01,1.13,0.92,0.95
2026/04/05,35,31069000,19808850,15530600,14.09,17.45,17.45,21.27,18.00,7.23,7.23,7.23,6.93,7.23,,14.19,,,,,,14.19,17.44,17.38,21.33,17.74,7.23,7.23,7.25,6.93,7.24,,13365200,1927700,772550,477450,,14.19,17.33,17.45,21.36,18.00,7.26,7.26,7.31,6.93,7.36
2026/04/05,36,31178400,20723450,16201250,17.21,21.28,21.28,28.41,21.97,9.03,9.03,9.03,6.93,9.03,,17.16,,,,,,17.16,21.23,21.24,28.39,21.71,9.03,9.03,9.21,6.93,9.03,,13072550,1880500,699150,488900,,17.16,21.18,21.28,28.38,21.96,9.11,9.07,9.30,6.93,9.29
2026/04/05,37,30797000,21631750,16924250,18.50,21.50,21.50,28.94,14.36,14.36,14.36,14.36,7.81,14.36,,18.43,,,,,,18.43,21.46,21.45,28.92,14.34,14.36,14.33,14.23,7.81,14.37,,13108000,2189600,559750,440300,,18.43,21.38,21.50,28.91,14.39,14.36,14.36,14.35,7.81,14.17
2026/04/05,38,30079400,22502300,17045650,19.66,21.79,21.79,35.00,22.37,14.49,14.49,14.49,8.00,14.49,,19.57,,,,,,19.57,21.75,21.75,34.93,22.38,14.49,14.44,13.62,8.00,14.49,,12935350,2179300,493650,389700,,19.57,21.68,21.79,34.91,22.38,14.49,14.47,14.48,8.00,14.00
2026/04/05,39,30354600,22496250,16993600,19.66,21.34,21.34,30.00,22.00,14.43,14.43,14.43,8.00,14.43,,19.53,,,,,,19.53,21.29,21.30,29.97,22.01,14.43,14.36,13.51,8.00,14.43,,13137950,2197550,462050,336800,,19.53,21.24,21.34,29.96,22.01,14.43,14.41,14.42,8.00,13.91
2026/04/05,40,30582450,21962200,16874550,18.73,20.74,20.74,29.29,20.25,14.57,14.57,14.57,8.00,14.57,,18.62,,,,,,18.62,20.59,20.72,29.27,20.21,14.57,14.51,13.83,8.00,14.57,,13218500,2201900,622650,498400,,18.62,20.60,20.74,29.26,20.18,14.47,14.55,14.56,8.00,14.20
2026/04/05,41,30608700,21764000,16777800,18.50,20.73,20.73,28.23,22.00,14.36,14.36,14.36,8.00,14.36,,18.40,,,,,,18.40,20.52,20.72,28.22,21.96,14.36,14.26,13.51,8.00,14.35,,13240350,2210450,914250,781500,,18.40,20.57,20.73,28.21,21.94,14.24,14.34,14.35,8.00,13.85
2026/04/05,42,30471750,21661000,16644950,18.25,20.00,20.00,28.41,21.74,12.00,12.00,12.00,7.81,12.00,,18.10,,,,,,18.10,19.81,20.00,28.40,21.64,12.00,11.90,11.61,7.80,12.00,,13118150,2219000,902050,778800,,18.10,19.86,20.00,28.39,21.60,12.00,11.99,11.97,7.81,11.63
2026/04/05,43,30070950,21629400,16479450,18.60,21.00,21.00,28.94,28.52,14.00,14.00,14.00,7.81,14.00,,18.57,,,,,,18.57,20.91,20.97,28.89,28.36,13.99,13.91,13.29,7.80,13.95,,13191450,2196150,902800,773700,,18.57,20.89,21.00,28.91,28.21,13.96,13.97,13.99,7.81,13.51
2026/04/05,44,30171150,21140700,16001750,17.93,19.50,19.50,25.00,25.00,13.68,13.68,13.68,7.81,13.68,,17.92,,,,,,17.92,19.40,19.47,24.97,24.95,13.67,13.58,13.59,7.80,13.62,,13331600,2158100,970550,866450,,17.92,19.36,19.50,25.00,24.82,13.68,13.67,13.68,7.81,13.40
2026/04/05,45,31316100,20365900,16113600,17.18,19.18,19.18,21.08,19.03,14.36,14.36,14.36,7.81,14.36,,17.13,,,,,,17.13,19.04,19.16,21.09,19.01,14.35,14.22,14.31,7.80,14.33,,13140650,2016500,945700,912700,,17.13,19.03,19.18,21.10,19.00,14.36,14.35,14.33,7.81,14.04
2026/04/05,46,31348150,20112300,15939150,16.69,19.22,19.22,21.50,18.46,9.47,9.47,9.47,6.95,9.47,,16.58,,,,,,16.58,19.11,19.16,21.50,18.44,9.47,9.45,9.45,6.95,9.46,,13156800,2018050,885050,850550,,16.58,19.02,19.22,21.50,18.43,9.47,9.46,9.47,6.95,9.43
2026/04/05,47,30686700,19631850,15495400,16.76,19.30,19.30,20.70,19.03,9.52,9.52,9.52,6.95,9.52,,16.68,,,,,,16.68,19.23,19.25,20.72,18.95,9.52,9.51,9.52,6.95,9.51,,12925550,1967350,879400,831400,,16.68,19.16,19.30,20.74,18.92,9.53,9.51,9.52,6.95,9.49
2026/04/05,48,30112550,18603250,14867500,14.87,16.83,16.83,19.03,19.03,8.40,8.40,8.40,6.93,8.40,,14.88,,,,,,14.88,16.81,16.80,19.03,18.96,8.56,8.42,8.40,6.93,8.39,,12124850,1984900,537450,473450,,14.88,16.75,16.83,19.03,18.93,8.40,8.43,8.46,6.93,8.40
2026/04/06,1,26829200,18015450,14159700,13.53,13.53,13.53,18.72,18.72,8.61,8.61,8.61,6.84,8.61,,13.45,,,,,,13.45,13.30,13.53,18.58,18.70,8.61,8.61,8.31,6.77,8.60,,8454800,852050,569300,467250,,13.45,13.52,13.54,18.72,18.21,8.17,8.61,8.61,6.83,8.61
2026/04/06,2,27477800,17844000,13908000,11.09,13.33,13.33,18.53,18.53,8.61,8.61,8.61,6.84,8.61,,11.10,,,,,,11.10,13.21,13.33,18.35,18.52,8.61,8.61,8.61,6.77,8.61,,9337850,968600,562150,460100,,11.10,13.31,13.33,18.53,17.96,8.61,8.61,8.61,6.83,8.61
2026/04/06,3,27773400,17813950,13877350,11.78,16.54,16.54,18.00,18.00,8.61,8.61,8.61,6.84,8.61,,11.78,,,,,,11.78,15.90,16.52,17.85,18.00,8.61,8.61,8.61,6.77,8.61,,9725950,1046650,637850,535800,,11.78,16.47,16.54,17.99,17.39,8.61,8.61,8.61,6.83,8.61
2026/04/06,4,27833600,17812450,14086650,11.77,17.88,17.88,17.88,17.88,8.61,8.61,8.61,6.84,8.61,,11.79,,,,,,11.79,17.14,17.84,17.81,17.87,8.61,8.61,8.61,6.77,8.61,,9883200,1132100,645950,520900,,11.79,17.82,17.88,17.87,17.51,8.61,8.61,8.61,6.83,8.61
2026/04/06,5,27858150,17847650,14012150,11.82,18.07,18.07,18.07,18.07,8.40,8.40,8.40,6.93,8.40,,11.86,,,,,,11.86,18.02,18.03,17.99,18.07,8.40,8.40,8.40,6.86,8.40,,10161350,1195900,618750,471700,,11.86,17.98,18.07,18.05,17.87,8.40,8.40,8.40,6.92,8.40
2026/04/06,6,27602450,18257750,14345300,13.00,18.66,18.66,18.66,18.66,8.61,8.61,8.61,7.11,8.61,,13.02,,,,,,13.02,18.55,18.64,18.60,18.62,8.61,8.61,8.61,7.04,8.61,,10125450,1258850,735400,561850,,13.02,18.60,18.66,18.64,18.46,8.61,8.61,8.61,7.09,8.61
2026/04/06,7,27629150,18914150,14763450,15.00,19.08,19.08,19.08,19.08,8.84,8.84,8.84,8.39,8.84,,15.00,,,,,,15.00,18.34,19.05,19.03,19.01,8.84,8.84,8.84,8.38,8.84,,10522300,1334400,844950,647400,,15.00,19.00,19.08,19.08,18.77,8.84,8.84,8.84,8.39,8.84
2026/04/06,8,27631550,19365400,15011350,16.32,19.35,19.35,19.35,19.35,8.84,8.84,8.84,8.39,8.84,,16.31,,,,,,16.31,18.93,19.31,19.32,19.30,8.84,8.84,8.84,8.39,8.84,,10655400,1395950,903550,707500,,16.31,19.23,19.35,19.35,19.16,8.84,8.84,8.84,8.39,8.84
2026/04/06,9,27802800,19402100,15032250,16.69,19.72,19.72,19.72,19.72,8.65,8.65,8.65,8.39,8.65,,16.68,,,,,,16.68,19.28,19.68,19.69,19.67,8.65,8.65,8.65,8.39,8.65,,10752350,1457650,812300,616250,,16.68,19.58,19.72,19.72,19.52,8.65,8.65,8.65,8.39,8.65
2026/04/06,10,28394900,19493400,15436200,15.78,19.39,19.39,19.39,19.39,8.61,8.61,8.61,8.53,8.61,,15.78,,,,,,15.78,19.07,19.36,19.37,19.34,8.61,8.61,8.61,8.53,8.61,,10881850,1519200,663250,499700,,15.78,19.29,19.39,19.39,19.19,8.61,8.61,8.61,8.53,8.61
2026/04/06,11,28590350,19983450,15597200,16.69,20.00,20.00,20.00,20.00,8.61,8.61,8.61,8.53,8.61,,16.70,,,,,,16.70,19.56,19.98,19.98,19.93,8.61,8.61,8.61,8.53,8.61,,11212600,1564100,723350,580800,,16.70,19.92,20.00,19.98,19.86,8.61,8.61,8.61,8.53,8.61
2026/04/06,12,28851250,20054000,15503900,16.20,20.30,20.30,20.30,20.30,8.61,8.61,8.61,8.51,8.61,,16.21,,,,,,16.21,19.83,20.26,20.28,20.21,8.61,8.61,8.61,8.51,8.61,,11576200,1625450,510800,345250,,16.21,20.14,20.30,20.28,20.13,8.61,8.61,8.61,8.51,8.61
2026/04/06,13,29765400,20124550,16003400,15.20,19.61,19.61,19.61,19.61,8.61,8.61,8.61,8.40,8.61,,15.21,,,,,,15.21,19.22,19.58,19.50,19.53,8.61,8.61,8.61,8.40,8.61,,11824250,1725150,490650,323800,,15.21,19.43,19.42,19.60,19.44,8.61,8.61,8.61,8.40,8.61
2026/04/06,14,31310900,19783150,16424400,11.00,16.86,16.86,18.61,18.61,8.40,8.40,8.40,6.90,8.40,,11.12,,,,,,11.12,16.79,16.85,18.59,18.60,8.40,8.40,8.40,6.90,8.40,,12264000,1848000,505600,374750,,11.12,16.81,16.85,18.61,18.53,8.40,8.40,8.40,6.90,8.40
2026/04/06,15,33495000,19819600,17189650,9.03,16.86,16.86,17.88,17.88,7.89,7.89,7.89,6.84,7.89,,9.17,,,,,,9.17,16.78,16.83,17.85,17.88,7.89,7.89,7.89,6.84,7.89,,12930600,1861850,627450,612050,,9.17,16.74,16.86,17.89,17.78,7.89,7.89,7.89,6.84,7.89
2026/04/06,16,34791850,20334500,18130150,7.76,9.18,7.76,17.15,17.15,6.00,6.00,6.00,2.95,6.00,,7.89,,,,,,7.89,9.18,7.77,17.15,17.18,6.00,6.00,6.04,2.94,6.00,,13129150,1845900,711700,696300,,7.89,9.19,7.76,17.16,17.16,6.00,6.01,6.01,2.95,6.02
2026/04/06,17,35973650,21242050,19296200,7.23,7.75,7.75,13.00,13.00,5.90,5.90,5.90,0.02,5.90,,7.29,,,,,,7.29,7.75,7.75,13.02,12.88,5.90,5.90,5.91,0.02,5.90,,13067000,1590350,966850,953400,,7.29,7.75,7.75,13.03,12.83,5.90,5.90,5.91,0.02,5.90
2026/04/06,18,37420200,22022750,20253000,5.00,7.62,7.62,11.79,11.79,7.61,7.61,7.61,0.02,7.61,,5.20,,,,,,5.20,7.62,7.62,11.92,11.83,7.61,7.60,7.61,0.02,7.61,,13325900,1567400,1556550,1529600,,5.20,7.62,7.62,11.95,11.88,7.61,7.61,7.60,0.02,7.61
2026/04/06,19,38689400,22716050,21042350,3.50,4.00,4.00,7.60,7.60,7.60,7.60,7.60,1.00,7.60,,3.59,,,,,,3.59,4.00,4.00,7.63,7.61,7.60,7.60,7.52,1.00,7.60,,13633600,1572450,2190650,2163700,,3.59,4.00,4.00,7.61,7.58,7.84,7.60,7.63,1.00,7.60
2026/04/06,20,39726300,22767000,21532400,1.95,2.05,2.05,4.00,4.00,4.00,4.00,4.00,1.00,4.00,,2.00,,,,,,2.00,2.06,2.05,4.04,4.00,4.00,4.00,4.00,0.99,4.00,,13919800,1613550,2385900,2358950,,2.00,2.05,2.05,4.01,4.02,4.00,4.00,4.12,1.00,4.00
2026/04/06,21,40164150,22414850,21473550,1.00,1.00,1.00,2.50,2.50,2.50,2.50,2.50,0.01,2.50,,1.05,,,,,,1.05,1.01,1.00,2.51,2.51,2.50,2.59,2.50,0.01,2.50,,14003000,1621750,2687100,2660150,,1.05,1.00,1.00,2.51,2.53,2.52,2.53,2.55,0.01,2.54
2026/04/06,22,40556200,22600100,21551050,1.00,0.01,0.01,1.50,3.00,3.00,3.00,3.00,0.01,3.00,,1.02,,,,,,1.02,0.02,0.01,1.52,3.00,3.00,2.99,3.00,0.01,3.00,,14040150,1624400,3081100,3054150,,1.02,0.01,0.01,1.52,2.99,3.00,3.00,3.00,0.01,3.00
2026/04/06,23,40954200,23647950,22013400,1.95,0.01,0.01,8.00,8.00,8.00,8.00,8.00,0.01,8.00,,2.03,,,,,,2.03,0.04,0.01,8.00,8.00,8.00,7.95,8.00,0.01,8.00,,14138050,1624050,3502400,3359950,,2.03,0.01,0.02,8.00,7.94,8.01,8.00,7.99,0.01,8.00
2026/04/06,24,41476350,24886200,22414100,5.00,0.01,0.01,17.16,11.83,11.83,11.83,11.83,0.01,8.25,,5.04,,,,,,5.04,0.07,0.01,17.15,11.81,11.83,11.81,11.80,0.01,8.25,,14206350,1626800,3643600,3385650,,5.04,0.02,0.02,17.15,11.78,11.83,11.83,11.79,0.01,8.25
2026/04/06,25,41527650,23531050,21823250,1.14,0.01,0.01,17.16,2.50,2.50,2.50,2.50,0.01,2.50,,1.19,,,,,,1.19,0.04,0.01,17.15,2.53,2.50,2.54,2.52,0.01,2.51,,14443600,1755300,3658600,3386650,,1.19,0.01,0.02,17.15,2.53,2.52,2.53,2.56,0.01,2.50
2026/04/06,26,41082750,21816350,21075850,0.02,0.01,0.01,1.95,1.95,1.95,1.95,1.95,0.01,1.95,,0.06,,,,,,0.06,0.04,0.01,1.95,1.97,1.95,2.00,1.96,0.01,1.95,,14459550,1712350,3326300,3169850,,0.06,0.01,0.02,1.96,1.97,1.97,1.98,1.97,0.01,1.95
2026/04/06,27,40332800,22849500,21181050,2.05,0.10,0.10,16.47,7.36,7.36,7.36,7.36,0.01,7.36,,2.13,,,,,,2.13,0.19,0.10,16.47,7.38,7.36,7.35,7.35,0.01,7.36,,14444600,1785950,2408150,2376200,,2.13,0.12,0.12,16.47,7.35,7.47,7.36,7.36,0.01,7.36
2026/04/06,28,38914950,23116950,20682600,7.58,3.00,3.00,17.46,11.53,11.53,11.53,8.40,0.01,8.40,,7.63,,,,,,7.63,3.07,3.01,17.46,11.54,11.53,11.37,8.13,0.01,8.40,,14318150,1808450,1984750,1952800,,7.63,3.08,3.00,17.46,11.14,11.53,11.52,8.48,0.01,8.49
2026/04/06,29,37654900,23385650,20161800,7.97,5.00,5.00,18.29,18.29,15.15,15.15,8.61,0.01,8.61,,8.10,,,,,,8.10,5.06,5.00,18.27,18.12,15.15,14.85,8.59,0.01,8.61,,14266150,1950550,1835800,1801600,,8.10,5.00,5.01,18.29,17.63,14.57,15.19,8.61,0.01,8.61
2026/04/06,30,36385550,23389950,19798600,8.84,7.59,7.59,19.48,18.89,9.60,9.60,8.61,0.01,8.61,,8.88,,,,,,8.88,7.60,7.59,19.48,18.74,9.60,9.60,8.54,0.01,8.60,,14042750,2085750,1359750,1339050,,8.88,7.59,7.59,19.48,18.62,9.60,9.60,8.59,0.01,8.61
2026/04/06,31,35226000,23298050,19634500,12.63,7.70,7.70,20.50,19.09,9.60,9.60,9.60,0.01,8.84,,12.64,,,,,,12.64,7.71,7.70,20.50,18.98,9.60,9.59,9.60,0.01,8.84,,13752550,2337900,844250,836950,,12.64,7.70,7.70,20.51,18.93,9.60,9.60,9.57,0.01,8.84
2026/04/06,32,34085400,23839700,20071100,17.38,16.54,20.00,20.89,19.03,12.00,12.00,12.00,2.90,12.00,,17.29,,,,,,17.29,16.52,19.97,20.88,18.98,12.00,11.95,11.88,2.89,11.92,,13394250,2948900,625450,618150,,17.29,16.53,19.99,20.89,18.92,12.00,11.98,11.92,2.90,11.92
2026/04/06,33,32069750,24985950,20143300,18.00,18.75,21.14,28.23,28.23,9.62,9.62,9.03,6.84,9.03,,18.03,,,,,,18.03,18.73,21.03,28.15,28.13,9.62,9.62,9.02,6.83,9.08,,13069200,3467150,518500,373850,,18.03,18.66,21.10,28.22,27.87,9.62,9.62,9.04,6.84,9.05
2026/04/06,34,31596900,25407900,20385400,19.66,27.55,27.55,30.00,30.00,14.43,14.43,14.43,6.94,14.43,,19.68,,,,,,19.68,27.34,27.45,29.94,29.89,14.42,14.36,14.38,6.93,14.41,,12917300,3512850,517900,368750,,19.68,27.28,27.53,30.00,29.64,14.34,14.43,14.42,6.94,14.31
2026/04/06,35,30801650,25454150,19776450,20.00,32.53,32.53,36.00,36.00,15.59,15.59,15.59,8.40,15.59,,20.12,,,,,,20.12,31.63,32.31,35.89,35.88,15.57,15.43,15.53,8.38,15.53,,12746500,3526000,489050,355450,,20.12,31.61,32.51,35.98,35.51,15.19,15.57,15.54,8.39,15.46
2026/04/06,36,30149950,25974200,19631450,22.00,35.00,35.00,38.72,38.72,15.94,15.94,15.94,8.51,15.94,,22.02,,,,,,22.02,33.94,34.63,38.61,38.58,15.94,15.72,15.91,8.49,15.86,,12669850,3621050,489800,350700,,22.02,33.68,34.97,38.70,38.20,15.55,15.92,15.88,8.50,15.71
2026/04/06,37,30177500,26532350,19561400,23.50,25.00,37.12,37.12,37.12,16.00,16.00,16.00,8.64,16.00,,23.39,,,,,,23.39,24.62,36.97,36.98,36.94,15.99,15.62,15.95,8.61,15.92,,12723850,3587400,521250,348850,,23.39,24.80,37.09,36.97,36.67,15.35,15.98,15.94,8.63,15.67
2026/04/06,38,30693850,26691350,20161200,21.52,24.53,37.97,37.97,37.97,15.94,15.94,15.94,8.65,15.94,,21.54,,,,,,21.54,24.09,37.93,37.84,37.80,15.94,15.69,15.86,8.65,15.87,,13280350,4162100,531050,347650,,21.54,24.31,37.95,37.91,37.42,15.43,15.92,15.91,8.65,15.65
2026/04/06,39,31155150,26264350,20220450,20.38,24.53,29.11,29.11,29.11,15.94,15.94,15.94,8.51,15.94,,20.25,,,,,,20.25,24.12,28.96,29.03,29.02,15.94,15.58,15.86,8.51,15.83,,13425100,4218600,541950,344750,,20.25,24.31,29.10,29.09,28.67,14.92,15.94,15.93,8.51,15.66
2026/04/06,40,30904200,25549250,19436350,20.01,25.00,26.18,26.18,26.18,15.94,15.94,15.94,8.47,15.94,,19.83,,,,,,19.83,24.58,26.09,26.16,26.12,15.94,15.42,15.87,8.47,15.86,,13151750,3846250,540850,341150,,19.83,24.80,26.14,26.18,25.99,14.65,15.94,15.93,8.47,15.60
2026/04/06,41,30681100,25019550,19107600,20.00,26.18,26.18,26.18,26.18,15.94,15.94,15.94,8.39,15.94,,19.84,,,,,,19.84,26.01,26.06,26.16,26.07,15.94,15.48,15.90,8.39,15.86,,13188150,3834300,539050,337300,,19.84,25.77,26.18,26.18,25.96,14.52,15.94,15.93,8.39,15.78
2026/04/06,42,31011000,24393950,18910300,18.94,25.01,25.01,25.01,22.12,14.57,14.57,14.57,8.40,14.57,,18.80,,,,,,18.80,24.87,25.00,25.00,22.02,14.56,14.28,14.55,8.40,14.55,,13428800,4022400,514250,334000,,18.80,24.84,25.01,25.01,21.96,13.93,14.57,14.57,8.40,14.31
2026/04/06,43,30724600,23797550,18486150,18.69,25.00,25.00,25.00,25.00,10.45,10.45,10.45,8.40,10.45,,18.50,,,,,,18.50,24.92,24.94,24.98,24.97,10.45,10.38,10.45,8.40,10.44,,13276850,3866050,481850,329050,,18.50,24.97,25.00,25.00,24.87,10.42,10.45,10.45,8.40,10.30
2026/04/06,44,30139600,23170550,17844450,18.62,21.40,22.70,22.70,22.70,14.36,14.36,14.36,8.37,14.36,,18.48,,,,,,18.48,21.16,22.63,22.67,22.67,14.36,14.01,14.33,8.37,14.34,,12960900,3391650,548300,417000,,18.48,21.30,22.68,22.69,22.55,13.57,14.36,14.36,8.37,14.02
2026/04/06,45,30911750,22390700,17943950,18.29,20.50,20.50,20.50,20.50,12.00,12.00,12.00,8.39,12.00,,18.15,,,,,,18.15,20.44,20.47,20.49,20.50,12.00,11.82,11.99,8.36,11.99,,12809350,3269350,568350,422050,,18.15,20.48,20.49,20.50,20.48,11.83,12.00,12.00,8.38,11.69
2026/04/06,46,30915050,21992750,17687050,17.88,20.00,20.00,20.00,20.00,9.60,9.60,9.60,8.39,9.60,,17.81,,,,,,17.81,19.98,19.96,19.99,20.00,9.60,9.59,9.60,8.32,9.60,,12790700,3306850,575600,406800,,17.81,19.97,19.99,20.00,19.97,9.60,9.60,9.60,8.37,9.59
2026/04/06,47,30248100,21281300,17440800,17.15,19.37,19.37,19.37,19.37,10.19,10.19,10.19,8.39,10.19,,17.06,,,,,,17.06,19.35,19.37,19.37,19.37,10.19,10.15,10.19,8.31,10.19,,12337900,3280800,560150,371800,,17.06,19.36,19.36,19.37,19.36,10.19,10.19,10.19,8.37,10.11
2026/04/06,48,29842500,20949800,17072500,16.88,19.51,19.51,19.51,19.51,8.84,8.84,8.84,6.92,8.84,,16.89,,,,,,16.89,19.49,19.50,19.51,19.51,8.84,8.85,8.84,6.86,8.84,,11857850,3246100,508350,322350,,16.89,19.50,19.50,19.51,19.51,8.87,8.84,8.84,6.91,8.84
2026/04/07,1,25889900,21477150,17114650,17.38,18.61,18.61,18.61,18.61,16.76,16.76,16.76,8.39,16.76,,17.36,,,,,,17.36,18.03,18.61,18.61,18.58,16.76,16.74,16.74,8.39,16.76,,7399300,2975550,1011550,895050,,17.36,18.43,18.61,18.61,18.50,16.75,16.76,16.76,8.39,16.74
2026/04/07,2,26899500,21262400,17205200,15.04,18.05,18.05,18.05,18.05,9.43,9.43,9.43,6.93,9.43,,15.01,,,,,,15.01,17.79,18.04,18.00,18.04,9.43,9.43,9.51,6.93,9.43,,8875450,3615250,1010750,893750,,15.01,18.05,18.05,18.05,17.83,9.50,9.43,9.44,6.93,9.43
2026/04/07,3,27264300,21017600,17078650,14.43,17.80,17.80,17.80,17.80,9.03,9.03,9.03,6.93,9.03,,14.41,,,,,,14.41,17.75,17.79,17.75,17.80,9.03,9.03,9.14,6.93,9.03,,9340750,3802650,1027100,893600,,14.41,17.78,17.80,17.80,17.67,9.13,9.03,9.03,6.93,9.03
2026/04/07,4,27317050,20964200,17596450,14.57,17.23,17.23,17.23,17.23,9.03,9.03,9.03,8.39,9.03,,14.54,,,,,,14.54,17.18,17.22,17.21,17.22,9.03,9.03,9.20,8.39,9.03,,10038350,4239400,1026350,893850,,14.54,17.21,17.23,17.23,17.15,9.19,9.03,9.03,8.39,9.03
2026/04/07,5,27373350,21165050,17920400,15.00,17.15,17.15,17.15,17.15,8.84,8.84,8.84,8.39,8.84,,14.97,,,,,,14.97,17.15,17.15,17.12,17.15,8.84,8.84,9.08,8.39,8.84,,10511100,4578900,1153800,946800,,14.97,17.13,17.15,17.15,17.08,9.05,8.84,8.86,8.39,8.84
2026/04/07,6,27250550,21701050,18090600,16.54,18.05,18.05,18.05,18.05,10.19,10.19,10.19,8.39,10.19,,16.53,,,,,,16.53,17.84,18.05,18.03,18.05,10.19,10.19,10.20,8.39,10.19,,10482700,4454700,1265100,963100,,16.53,18.05,18.05,18.05,17.95,10.20,10.19,10.19,8.39,10.19
2026/04/07,7,27329950,22215300,18280200,17.22,18.06,18.06,18.06,18.06,14.79,14.79,14.79,8.40,14.79,,17.21,,,,,,17.21,17.82,18.04,18.05,18.05,14.79,14.79,14.78,8.40,14.79,,10365250,4384800,1391800,974300,,17.21,17.94,18.06,18.06,17.96,14.79,14.79,14.79,8.40,14.79
2026/04/07,8,27648050,22347700,18440100,17.38,18.06,18.06,18.06,18.06,15.01,15.01,15.01,8.49,15.01,,17.36,,,,,,17.36,17.86,18.04,18.05,18.06,15.01,15.00,14.90,8.49,15.00,,10476500,4355650,1377850,962850,,17.36,17.89,18.06,18.06,17.94,14.98,15.01,15.01,8.49,15.01
2026/04/07,9,27672550,22673050,18364550,18.34,18.58,18.58,18.58,18.58,15.15,15.15,15.15,8.51,15.15,,18.32,,,,,,18.32,18.36,18.56,18.55,18.58,15.15,15.15,15.13,8.54,15.14,,10499700,4351600,1384200,925200,,18.32,18.39,18.58,18.58,18.48,15.12,15.15,15.15,8.52,15.15
2026/04/07,10,27692550,22927950,18459950,18.55,18.71,18.71,18.71,18.71,15.15,15.15,15.15,8.51,15.15,,18.51,,,,,,18.51,18.09,18.69,18.69,18.71,15.15,15.13,15.13,8.54,15.14,,10498900,4339250,1381750,925250,,18.51,18.52,18.71,18.71,18.56,15.11,15.15,15.15,8.52,15.14
2026/04/07,11,27822050,23292500,18656900,18.82,18.97,18.97,18.97,18.97,16.76,16.76,16.76,8.51,16.76,,18.79,,,,,,18.79,18.54,18.94,18.96,18.96,16.76,16.74,16.70,8.51,16.75,,10509950,4351400,1337400,898400,,18.79,18.85,18.97,18.97,18.84,16.69,16.76,16.76,8.51,16.76
2026/04/07,12,27875550,23137000,18655000,18.88,18.88,18.88,18.88,18.88,15.15,15.15,15.15,6.92,15.15,,18.85,,,,,,18.85,18.47,18.88,18.86,18.85,15.15,15.14,15.15,6.92,15.15,,10556700,4392250,1030050,613050,,18.85,18.76,18.88,18.88,18.77,15.14,15.15,15.15,6.92,15.14
2026/04/07,13,28530750,23305950,19039400,18.89,18.96,18.96,18.96,18.96,15.01,15.01,15.01,6.86,15.01,,18.86,,,,,,18.86,18.56,18.94,18.94,18.92,15.01,15.01,15.01,6.86,15.01,,10841150,4515750,830900,426250,,18.86,18.76,18.96,18.96,18.82,15.01,15.01,15.01,6.86,15.01
2026/04/07,14,28820850,23650000,19455150,19.02,19.10,19.10,19.10,19.10,14.57,14.57,14.57,6.66,14.57,,18.97,,,,,,18.97,18.59,19.10,19.09,19.03,14.57,14.57,14.57,6.66,14.57,,11064200,4613550,729850,325200,,18.97,18.96,19.10,19.09,18.97,14.57,14.57,14.57,6.66,14.57
2026/04/07,15,29271950,24260600,19200150,19.57,19.99,19.99,19.99,19.99,15.01,15.01,15.01,6.90,9.03,,19.53,,,,,,19.53,19.52,19.96,19.98,19.94,15.01,15.01,15.01,7.02,9.03,,11360200,4656500,750500,330650,,19.53,19.83,19.99,19.98,19.84,15.01,15.01,15.01,6.93,9.15
2026/04/07,16,30036300,25214150,19582100,20.06,20.00,20.00,20.19,20.19,17.38,17.38,17.38,6.92,8.61,,20.01,,,,,,20.01,19.44,19.94,20.17,20.13,17.38,17.37,17.35,7.02,8.86,,11433250,4641450,827950,336600,,20.01,19.87,19.99,20.18,20.00,17.38,17.38,17.38,6.94,8.98
2026/04/07,17,30944500,26655850,20795150,20.80,19.40,19.40,21.00,21.00,21.00,21.00,21.00,8.40,9.03,,20.77,,,,,,20.77,19.31,19.40,20.99,20.97,20.97,20.97,20.86,8.45,9.03,,11377700,4228450,1038000,339250,,20.77,19.34,19.40,20.99,20.96,21.00,21.00,20.99,8.41,9.23
2026/04/07,18,31570500,28995750,21685650,22.00,19.96,21.23,23.00,23.00,22.50,22.50,22.50,8.64,8.84,,21.96,,,,,,21.96,19.54,21.23,23.00,22.99,22.50,22.50,22.50,8.36,8.84,,11611950,4217550,1416300,348550,,21.96,19.74,21.23,22.99,22.99,22.50,22.50,22.50,8.55,8.84
2026/04/07,19,32164400,29541100,20954250,19.36,19.25,19.25,19.25,22.02,22.02,22.02,19.99,15.00,8.61,,19.35,,,,,,19.35,19.15,19.24,19.25,22.02,22.04,22.01,19.99,14.91,8.61,,11937500,4270350,1788950,358200,,19.35,19.14,19.25,19.25,22.02,22.02,22.02,19.99,14.98,8.61
2026/04/07,20,33035000,30153100,23079800,20.98,18.43,18.43,30.00,30.00,30.00,30.00,9.78,9.78,2.95,,21.02,,,,,,21.02,18.25,18.41,29.97,29.97,29.89,29.96,9.92,9.78,2.95,,12246150,4466800,1794700,363450,,21.02,18.27,18.43,29.93,30.00,29.76,30.00,9.79,9.87,2.95
2026/04/07,21,33352450,30110800,23135450,20.00,18.00,18.00,35.00,35.00,35.00,35.00,10.95,10.95,0.01,,20.08,,,,,,20.08,17.61,17.97,34.95,34.93,34.66,34.91,10.95,10.95,0.02,,12503500,4408400,2286050,796800,,20.08,17.79,17.97,34.85,34.98,34.96,35.00,10.95,10.95,0.01
2026/04/07,22,34155250,30307000,23324300,18.94,15.84,15.84,30.00,30.00,30.00,30.00,20.00,14.00,0.01,,18.96,,,,,,18.96,15.71,15.82,29.98,29.98,29.95,29.99,19.77,13.70,0.02,,12715900,4418150,2627700,1050950,,18.96,15.71,15.84,29.98,29.96,29.94,30.00,19.71,14.00,0.01
2026/04/07,23,34445500,30672100,23263050,18.73,14.76,14.76,31.50,31.50,31.50,31.50,9.05,9.05,0.01,,18.79,,,,,,18.79,14.67,14.75,31.45,31.46,31.33,31.44,9.06,8.98,0.02,,12646600,4304950,3219750,1155000,,18.79,14.67,14.76,31.47,31.44,30.88,31.50,9.06,9.03,0.02
2026/04/07,24,34855550,30834350,23352000,18.22,13.91,13.91,35.00,35.00,35.00,35.00,8.53,8.53,0.01,,18.36,,,,,,18.36,13.77,13.90,34.94,34.86,34.62,34.84,8.65,8.53,0.01,,12434850,4096800,3559950,1127200,,18.36,13.79,13.91,34.95,34.94,33.32,35.00,8.60,8.56,0.01
2026/04/07,25,35189550,29591700,22373650,16.00,12.64,12.64,28.23,28.23,28.23,28.23,6.93,6.93,0.01,,16.07,,,,,,16.07,12.52,12.63,28.18,28.16,28.13,28.18,6.92,6.80,0.01,,12560200,4036300,3442700,1088200,,16.07,12.54,12.64,28.21,28.03,28.15,28.22,6.89,6.94,0.01
2026/04/07,26,35555650,28803700,22402950,15.01,12.39,12.39,25.84,25.84,25.84,25.84,4.18,4.18,0.01,,15.06,,,,,,15.06,12.27,12.37,25.79,25.80,25.76,25.80,4.11,3.99,0.01,,12603350,4098000,2994900,1075400,,15.06,12.28,12.39,25.82,25.68,25.74,25.84,4.18,4.05,0.01
2026/04/07,27,35441600,29401500,22944800,17.15,16.34,16.34,28.94,28.94,28.94,28.94,4.66,4.66,0.01,,17.18,,,,,,17.18,16.09,16.27,28.93,28.93,28.94,28.93,4.65,4.43,0.01,,12411650,4064750,2705750,1164250,,17.18,16.04,16.33,28.94,28.94,28.83,28.94,4.68,4.55,0.01
2026/04/07,28,35446150,29561850,23517300,17.38,16.32,16.32,29.45,29.45,29.45,29.45,8.01,2.05,0.01,,17.43,,,,,,17.43,15.99,16.26,29.43,29.42,29.40,29.42,8.01,1.95,0.01,,12387250,4072200,2799950,1295950,,17.43,16.04,16.30,29.41,29.45,29.25,29.45,8.01,2.02,0.01
2026/04/07,29,35407600,29497750,23428250,17.23,16.32,16.32,29.01,29.01,29.01,29.01,8.65,0.02,0.01,,17.29,,,,,,17.29,16.07,16.29,28.99,28.97,28.99,28.99,8.65,0.02,0.01,,12347150,4137750,2811250,1288250,,17.29,16.15,16.30,28.99,29.01,28.80,29.03,8.85,0.02,0.01
2026/04/07,30,34831350,28490300,22803700,17.38,16.54,18.50,29.01,23.80,23.80,23.80,0.02,0.02,0.01,,17.33,,,,,,17.33,16.36,18.47,28.99,23.79,23.76,23.76,0.18,0.02,0.02,,12205450,4218650,2254350,840350,,17.33,16.42,18.48,28.99,23.80,23.57,23.83,0.23,0.03,0.02
2026/04/07,31,33844550,27448200,22227900,18.05,16.54,18.79,29.01,21.42,21.42,21.42,0.01,0.01,0.01,,17.97,,,,,,17.97,16.36,18.76,28.99,21.43,21.39,21.38,0.21,0.01,0.02,,12133450,4345550,1489450,458800,,17.97,16.44,18.78,28.98,21.42,21.25,21.48,0.27,0.02,0.02
2026/04/07,32,33275250,27366150,22024400,18.94,17.89,19.02,27.50,23.80,23.80,23.80,2.05,2.05,2.05,,18.78,,,,,,18.78,17.62,19.02,27.48,23.73,23.74,23.41,2.09,1.96,2.02,,12070250,4371500,1038900,374150,,18.78,17.73,19.03,27.48,23.76,23.63,23.83,2.48,2.04,2.27
2026/04/07,33,31865150,27337150,21343950,19.53,19.09,20.64,22.00,22.00,22.00,22.00,8.25,6.93,8.25,,19.54,,,,,,19.54,18.66,20.63,21.99,22.00,21.99,21.96,8.40,6.96,8.28,,12028350,4833100,832600,367650,,19.54,18.84,20.63,22.00,22.01,21.88,22.01,8.46,6.94,8.54
2026/04/07,34,31156500,27820200,21774400,21.79,18.77,21.79,29.47,29.47,29.47,29.47,8.61,6.93,8.61,,21.80,,,,,,21.80,18.46,21.75,29.33,29.35,29.36,29.31,8.61,6.94,8.64,,11862800,4799850,783650,363700,,21.80,18.54,21.74,29.45,29.26,28.55,29.47,8.92,6.94,8.81
2026/04/07,35,30650450,27848200,21394450,21.38,19.04,20.59,27.50,27.50,27.50,27.50,20.00,6.84,9.03,,21.40,,,,,,21.40,18.77,20.58,27.45,27.43,27.41,27.41,19.98,6.84,9.03,,11884000,4917700,788700,357300,,21.40,18.89,20.57,27.47,27.38,27.35,27.50,20.02,6.84,9.08
2026/04/07,36,29814700,28461850,21242200,29.01,19.43,21.23,29.01,35.84,35.84,35.84,26.77,8.40,19.66,,28.99,,,,,,28.99,19.08,21.21,28.99,35.83,35.78,35.86,26.85,8.40,19.62,,11631550,4779250,783250,351900,,28.99,19.22,21.20,28.99,35.84,35.82,35.86,26.82,8.40,19.64
2026/04/07,37,29430200,29095050,21452900,35.00,19.92,21.49,30.00,37.54,37.54,37.54,37.54,6.87,22.00,,34.90,,,,,,34.90,19.52,21.46,29.96,37.53,37.42,37.54,37.48,6.87,21.92,,11510000,4701400,787100,349600,,34.90,19.71,21.46,29.96,37.53,37.29,37.57,37.53,6.87,21.96
2026/04/07,38,29432650,29562350,21200150,30.78,19.80,21.46,29.01,36.63,36.63,36.63,36.63,6.84,20.43,,30.77,,,,,,30.77,19.42,21.44,28.98,36.63,36.55,36.62,36.56,6.84,20.38,,11508100,4695050,690600,348600,,30.77,19.60,21.43,28.98,36.67,36.43,36.63,36.55,6.84,20.41
2026/04/07,39,29614400,29451800,21322850,30.00,18.55,21.79,29.01,37.13,37.13,37.13,36.00,8.39,23.50,,30.01,,,,,,30.01,18.35,21.77,28.99,37.16,37.16,37.14,36.00,8.39,23.48,,11628500,4881350,703000,346750,,30.01,18.46,21.77,28.99,37.18,37.10,37.14,36.00,8.39,23.49
2026/04/07,40,29694600,28286750,20410100,21.79,19.00,19.37,19.37,26.78,26.78,26.78,26.78,6.93,20.35,,21.80,,,,,,21.80,18.74,19.38,19.37,26.79,26.78,26.74,26.76,6.93,20.33,,11752900,4943900,696000,344250,,21.80,18.86,19.38,19.37,26.74,26.78,26.78,26.78,6.93,20.34
2026/04/07,41,29613050,28398600,20897150,29.01,18.26,21.79,28.58,28.58,28.58,28.58,26.77,6.93,22.00,,28.93,,,,,,28.93,18.04,21.77,28.55,28.55,28.43,28.54,26.70,6.93,21.96,,11900850,5007650,583000,340700,,28.93,18.36,21.77,28.55,28.49,28.58,28.58,26.77,6.93,21.98
2026/04/07,42,29848900,27978400,20366700,22.00,18.24,20.14,20.14,22.84,22.84,22.84,20.70,6.93,19.66,,21.98,,,,,,21.98,18.06,20.14,20.15,22.84,22.84,22.83,20.70,6.93,19.65,,12107050,5190350,579900,337600,,21.98,18.13,20.18,20.14,22.81,22.84,22.84,20.70,6.93,19.66
2026/04/07,43,29972700,27463500,20132400,22.12,18.02,20.46,20.46,21.14,19.66,19.66,19.66,6.92,19.66,,22.08,,,,,,22.08,17.73,20.44,20.45,21.13,19.66,19.65,19.66,6.92,19.66,,12346200,5233100,572500,332200,,22.08,17.86,20.46,20.46,21.05,19.65,19.66,19.65,6.92,19.66
2026/04/07,44,29889900,26832900,19833800,21.79,16.54,20.95,20.95,20.95,19.99,19.99,19.99,6.92,19.66,,21.76,,,,,,21.76,16.34,20.94,20.96,20.96,20.00,19.99,19.99,6.92,19.65,,12367900,5191650,748900,326650,,21.76,16.43,20.96,20.97,20.92,19.99,19.99,19.98,6.92,19.65
2026/04/07,45,30595850,26604150,20801150,22.23,16.54,21.40,21.40,21.40,20.00,20.00,20.00,6.94,19.66,,22.21,,,,,,22.21,16.35,21.41,21.40,21.42,19.99,20.00,20.00,6.94,19.64,,12264950,5098000,736450,320650,,22.21,16.44,21.41,21.40,21.42,20.00,20.00,20.00,6.94,19.65
2026/04/07,46,30042250,25776300,19956100,20.75,17.79,20.00,20.92,20.92,20.92,20.92,20.92,6.93,19.66,,20.74,,,,,,20.74,17.07,20.00,20.92,20.93,20.97,20.92,21.00,6.93,19.64,,11782350,4600550,741250,318450,,20.74,17.42,20.00,20.93,20.93,20.92,20.95,20.91,6.93,19.65
2026/04/07,47,29528550,25365900,19645050,20.48,20.00,20.48,20.48,20.48,20.48,20.48,20.48,6.94,19.66,,20.48,,,,,,20.48,19.51,20.48,20.49,20.49,20.54,20.48,20.52,6.94,19.64,,11525150,4603900,621250,315750,,20.48,19.75,20.50,20.48,20.48,20.48,20.53,20.48,6.94,19.65
2026/04/07,48,29146000,24171500,19352150,19.66,19.41,19.41,19.94,19.94,19.94,19.94,19.94,8.39,19.66,,19.66,,,,,,19.66,19.24,19.35,19.96,19.94,19.98,19.93,19.96,8.39,19.65,,11482050,4671050,375900,314400,,19.66,19.19,19.40,19.96,19.93,19.94,19.97,19.94,8.39,19.66
2026/04/08,1,26983650,23054900,18213150,18.21,17.79,17.79,19.16,19.16,19.16,19.16,19.16,6.93,19.16,,18.21,,,,,,18.21,17.78,17.78,19.16,19.16,19.15,19.16,19.15,7.04,19.15,,6287600,2126750,996750,399750,,18.21,17.77,17.79,19.16,19.16,19.16,19.16,19.16,6.96,19.11
2026/04/08,2,27697050,22540950,17525650,17.74,16.10,16.10,18.57,19.44,19.00,19.00,19.00,6.93,19.00,,17.69,,,,,,17.69,16.09,16.10,18.57,19.46,18.92,18.88,18.55,6.93,18.39,,7741700,2262950,987600,390600,,17.69,16.09,16.10,18.57,19.47,19.00,19.00,18.99,6.93,18.15
2026/04/08,3,27925550,22171750,17181150,17.15,17.60,17.60,18.17,19.12,17.38,17.38,17.38,6.93,17.38,,17.13,,,,,,17.13,17.61,17.60,18.17,19.14,17.31,17.31,17.10,6.93,17.12,,8138500,2302050,979850,349850,,17.13,17.60,17.60,18.17,19.15,17.38,17.38,17.37,6.93,16.93
2026/04/08,4,27841250,22262450,17034150,17.22,18.07,18.07,18.07,20.00,18.73,18.73,18.73,6.93,18.73,,17.23,,,,,,17.23,18.07,18.07,18.07,20.11,18.61,18.62,18.43,6.93,18.57,,8365400,2420500,1004550,359050,,17.23,18.07,18.07,18.07,20.19,18.73,18.73,18.72,6.93,18.21
2026/04/08,5,27879350,22532050,17217400,18.07,18.53,18.53,18.53,20.33,18.73,18.73,18.73,8.39,18.73,,18.07,,,,,,18.07,18.53,18.53,18.53,20.45,18.61,18.56,18.42,8.39,18.65,,9389150,2562600,1020750,320750,,18.07,18.53,18.53,18.53,20.53,18.73,18.73,18.76,8.39,18.12
2026/04/08,6,27829500,23060800,17435050,18.94,19.30,21.08,21.08,21.08,18.73,18.73,18.73,8.51,18.73,,18.93,,,,,,18.93,19.25,21.08,21.08,21.11,18.66,18.66,18.48,8.51,18.58,,10046450,2562250,1112900,321900,,18.93,19.27,21.08,21.08,21.13,18.73,18.73,18.76,8.51,18.33
2026/04/08,7,27844650,23733050,17807550,19.96,19.39,21.60,21.60,21.60,19.99,19.99,19.99,8.52,19.99,,20.00,,,,,,20.00,19.37,21.60,21.60,21.85,19.82,19.91,19.68,8.52,19.87,,9951100,2501850,1238900,320400,,20.00,19.38,21.60,21.61,22.01,19.98,20.00,19.97,8.52,19.58
2026/04/08,8,27965050,23960900,18008600,20.00,19.52,21.96,21.96,21.96,20.50,20.50,20.50,8.40,20.50,,20.06,,,,,,20.06,19.50,21.96,21.96,22.28,20.35,20.41,20.28,8.40,20.37,,9986000,2494100,1288450,319450,,20.06,19.51,21.96,21.96,22.50,20.49,20.51,20.49,8.40,20.12
2026/04/08,9,28171550,24252750,18137050,20.10,19.81,22.75,22.75,22.75,20.10,20.10,20.10,8.39,20.10,,20.11,,,,,,20.11,19.52,22.75,22.75,22.94,19.99,20.03,19.84,8.39,19.71,,10166950,2493200,1310450,318950,,20.11,19.67,22.76,22.75,23.05,19.64,20.11,20.09,8.39,19.80
2026/04/08,10,28245600,24635550,18322650,20.66,19.89,24.51,24.51,24.51,20.67,20.67,20.67,8.49,20.67,,20.53,,,,,,20.53,19.54,24.50,24.51,24.55,19.98,20.51,19.47,8.12,19.80,,10306000,2493700,1315450,319450,,20.53,19.72,24.50,24.54,24.53,18.04,20.67,20.66,8.54,20.30
2026/04/08,11,28393500,25388500,18820550,21.16,19.49,24.51,24.51,24.51,22.50,22.50,22.50,8.53,22.50,,21.10,,,,,,21.10,19.16,24.51,24.51,24.51,22.33,22.33,21.92,8.53,22.00,,10312300,2492750,1285850,312350,,21.10,19.32,24.51,24.51,24.51,22.39,22.50,22.49,8.53,21.72
2026/04/08,12,28231600,25422550,18962850,22.00,19.19,25.01,28.23,28.23,25.01,25.01,25.01,9.13,25.01,,21.93,,,,,,21.93,18.90,24.98,28.22,28.22,24.46,24.78,24.07,9.13,24.21,,10278550,2481650,998750,314900,,21.93,19.05,24.99,28.21,28.22,24.85,25.01,25.00,9.13,23.76
2026/04/08,13,29267150,25305200,19408350,20.84,17.08,17.08,25.01,25.01,22.00,22.00,22.00,8.65,22.00,,20.78,,,,,,20.78,17.06,17.06,25.01,25.03,21.63,21.91,21.45,8.65,21.07,,10453050,2592500,792050,328200,,20.78,17.01,17.08,25.01,25.02,22.00,22.00,21.99,8.65,21.10
2026/04/08,14,30822150,24346450,19495150,18.61,9.18,9.18,21.22,21.22,18.73,18.73,18.73,8.38,18.73,,18.58,,,,,,18.58,9.19,9.19,21.22,21.24,18.68,18.67,18.56,8.38,18.61,,10703550,2674150,579100,439750,,18.58,9.18,9.18,21.21,21.24,18.73,18.73,18.72,8.38,18.45
2026/04/08,15,32815200,23359200,19797000,13.69,8.04,8.04,18.76,18.76,14.43,14.43,14.43,6.64,12.00,,13.68,,,,,,13.68,8.15,8.03,18.76,18.75,14.43,14.43,14.42,6.64,12.00,,11235100,2844400,543750,512100,,13.68,8.03,8.06,18.75,18.75,14.43,14.43,14.42,6.64,12.00
2026/04/08,16,35105950,22954200,20716450,8.64,2.95,2.95,17.15,17.15,9.11,9.11,9.11,6.84,8.61,,8.71,,,,,,8.71,3.11,2.95,17.17,17.19,9.11,9.12,9.25,6.84,8.65,,11918550,2874450,588350,565350,,8.71,3.00,2.97,17.16,17.26,9.11,9.15,9.13,6.84,8.63
2026/04/08,17,37151900,23213600,21454950,8.23,1.00,1.00,12.21,12.21,9.73,9.73,8.64,3.00,8.61,,8.22,,,,,,8.22,1.06,1.00,12.21,12.22,9.73,9.72,8.60,3.00,8.58,,12362750,2153950,751200,728200,,8.22,1.02,1.01,12.21,12.21,9.73,9.72,8.64,3.00,8.58
2026/04/08,18,39436000,24011200,22556500,3.34,0.01,0.01,12.08,12.08,12.08,12.08,6.87,0.01,2.05,,3.39,,,,,,3.39,0.03,0.01,12.09,12.09,12.08,12.08,6.87,0.01,2.05,,12554800,2044150,1374250,1351250,,3.39,0.01,0.01,12.10,12.09,12.08,12.08,6.87,0.01,2.05
2026/04/08,19,41366050,24342150,23346250,1.00,0.01,0.01,11.00,12.08,12.08,12.08,0.01,0.01,0.01,,1.06,,,,,,1.06,0.01,0.01,11.01,12.11,12.08,12.08,0.37,0.01,0.01,,12924300,2045650,1857200,1857200,,1.06,0.01,0.01,11.02,12.10,12.08,12.10,0.24,0.04,0.01
2026/04/08,20,43116550,23483350,23035200,0.01,0.01,0.01,1.61,2.95,2.95,2.95,0.01,0.01,0.01,,0.22,,,,,,0.22,0.01,0.01,1.86,3.17,2.95,2.99,0.73,0.01,0.01,,13423450,2065600,1850150,1850150,,0.22,0.01,0.01,1.83,3.26,3.09,3.09,0.52,0.05,0.01
2026/04/08,21,44081000,22701250,22622400,0.01,0.01,0.01,0.01,1.00,1.00,1.00,0.01,0.01,0.01,,0.23,,,,,,0.23,0.03,0.01,0.30,1.10,1.00,1.19,0.76,0.01,0.01,,13802200,2070650,2272050,2272050,,0.23,0.01,0.01,0.27,1.37,1.29,1.25,0.50,0.01,0.01
2026/04/08,22,44689350,24357200,23605900,0.01,0.01,0.01,5.01,5.01,5.01,5.01,1.01,0.01,0.01,,0.13,,,,,,0.13,0.08,0.01,5.09,5.06,5.01,5.01,1.36,0.01,0.01,,14008450,1986650,2534300,2534300,,0.13,0.02,0.02,5.08,5.12,5.04,5.02,1.29,0.01,0.01
2026/04/08,23,45346050,24708050,23580150,0.01,0.01,0.01,14.00,7.50,7.50,7.50,5.35,0.01,0.01,,0.09,,,,,,0.09,0.10,0.01,14.00,7.53,7.50,7.50,5.35,0.02,0.01,,14168950,1851400,2948750,2948750,,0.09,0.02,0.03,13.99,7.50,7.66,7.51,5.35,0.01,0.01
2026/04/08,24,45607050,24568200,23636400,0.01,0.01,0.01,10.46,8.00,8.00,8.00,7.00,0.01,0.01,,0.16,,,,,,0.16,0.08,0.01,10.48,8.09,8.00,8.00,6.99,0.02,0.01,,14198650,1828000,3183150,3183150,,0.16,0.02,0.02,10.48,8.01,8.41,8.01,7.00,0.01,0.01
2026/04/08,25,46080800,23739550,23114250,0.01,0.01,0.01,2.95,2.95,2.95,2.95,2.95,0.01,0.01,,0.11,,,,,,0.11,0.04,0.01,3.08,2.95,2.95,2.95,2.98,0.01,0.01,,14328350,1843600,3079100,3079100,,0.11,0.01,0.02,3.11,2.96,2.95,2.96,2.96,0.01,0.01
2026/04/08,26,46032650,23389950,22921450,0.01,0.01,0.01,2.90,2.06,2.06,2.06,1.64,0.01,0.01,,0.13,,,,,,0.13,0.06,0.01,3.02,2.11,2.06,2.12,1.66,0.01,0.01,,14417500,1847350,2806050,2806050,,0.13,0.01,0.02,3.06,2.13,2.20,2.11,1.65,0.01,0.01
2026/04/08,27,45235650,24129950,23179100,0.01,0.01,0.01,11.08,4.00,4.00,4.00,3.98,0.01,0.01,,0.07,,,,,,0.07,0.09,0.04,11.09,4.04,4.00,4.01,3.98,0.02,0.01,,14377650,1944650,2661000,2661000,,0.07,0.05,0.04,11.09,4.02,4.15,4.01,3.98,0.01,0.01
2026/04/08,28,44317150,22940050,22473300,0.01,0.01,0.01,1.40,2.50,2.50,2.50,2.50,0.01,0.01,,0.22,,,,,,0.22,0.16,0.04,1.74,2.60,2.50,2.57,2.50,0.02,0.01,,14288250,2026750,2709250,2709250,,0.22,0.09,0.04,1.57,2.72,3.26,2.65,2.74,0.01,0.01
2026/04/08,29,43262350,23116800,22526400,0.01,0.01,0.01,1.00,6.67,6.67,6.67,2.95,0.01,0.01,,0.22,,,,,,0.22,0.16,0.04,1.36,6.73,6.67,6.68,2.95,0.01,0.01,,14168450,2117050,2565200,2565200,,0.22,0.09,0.04,1.33,6.81,6.72,6.69,2.95,0.01,0.01
2026/04/08,30,41851650,23200400,22419750,0.02,0.01,0.01,11.90,11.90,11.90,11.90,0.30,0.01,0.01,,0.14,,,,,,0.14,0.07,0.03,11.93,11.94,12.03,11.90,0.46,0.03,0.01,,14012600,2293800,2280300,2280300,,0.14,0.03,0.03,11.95,11.93,11.92,11.91,0.42,0.02,0.01
2026/04/08,31,39911700,22718100,21586300,1.00,1.00,1.00,12.19,12.19,12.19,12.19,0.01,0.01,0.01,,1.14,,,,,,1.14,1.05,1.00,12.20,12.25,12.91,12.21,0.06,0.01,0.01,,13676500,2390350,1239550,1222050,,1.14,1.03,1.01,12.21,12.28,12.21,12.34,0.04,0.02,0.01
2026/04/08,32,37696450,23051650,20769750,8.39,3.00,3.00,17.59,17.59,16.88,16.88,1.00,1.00,0.01,,8.40,,,,,,8.40,3.66,3.00,17.59,17.59,17.08,16.88,1.18,1.00,0.01,,13327650,2637200,669500,636600,,8.40,3.11,3.10,17.60,17.60,16.88,16.89,1.09,1.04,0.01
2026/04/08,33,35522350,23683750,20508750,9.18,8.89,8.89,17.87,17.87,17.87,17.87,2.95,2.95,2.90,,9.24,,,,,,9.24,8.98,8.90,17.87,17.90,18.24,17.87,3.16,2.95,2.90,,12797700,2872900,477250,444350,,9.24,8.96,8.89,17.91,17.90,17.88,17.87,3.05,3.00,2.90
2026/04/08,34,32914700,24961600,20389400,18.32,15.00,16.32,24.51,24.51,24.51,24.51,9.03,6.85,9.03,,18.33,,,,,,18.33,15.06,16.31,24.51,24.52,24.51,24.48,9.05,6.85,9.03,,12422400,3001450,601300,391000,,18.33,15.02,16.31,24.50,24.48,24.51,24.51,9.03,6.85,9.04
2026/04/08,35,31744550,25883400,20376000,21.18,18.62,25.64,25.64,25.64,20.66,20.66,20.66,8.39,20.66,,21.19,,,,,,21.19,18.61,25.62,25.63,25.62,20.60,20.66,20.62,8.39,20.59,,12306100,3060750,699250,373300,,21.19,18.61,25.63,25.62,25.63,20.66,20.66,20.66,8.39,20.59
2026/04/08,36,30705250,26989950,20741400,27.89,18.98,33.73,35.00,35.00,35.00,35.00,35.00,8.39,35.00,,27.89,,,,,,27.89,18.99,33.68,34.97,34.95,34.77,34.86,33.57,8.39,33.49,,12037750,3172350,712950,347050,,27.89,18.98,33.71,34.96,34.96,35.00,34.99,34.95,8.39,33.39
2026/04/08,37,30900050,27645150,21237950,28.00,18.83,30.39,35.00,35.00,30.00,30.00,20.66,8.64,19.66,,28.04,,,,,,28.04,18.82,30.37,34.99,34.97,30.02,30.03,20.65,8.64,19.46,,11988850,3582250,716650,345050,,28.04,18.83,30.38,34.97,35.00,30.00,30.01,20.66,8.64,19.56
2026/04/08,38,30797450,28419150,21371300,30.00,19.10,38.54,40.00,36.13,35.00,35.00,19.99,9.13,19.66,,30.04,,,,,,30.04,19.09,38.47,39.97,36.12,35.15,34.99,19.97,9.13,19.49,,12138200,3727050,729300,342700,,30.04,19.10,38.52,39.81,36.13,35.00,35.00,19.98,9.13,19.58
2026/04/08,39,30832950,28109850,21349850,29.11,19.21,35.68,35.68,35.68,35.68,35.68,19.98,8.52,19.66,,29.18,,,,,,29.18,19.19,35.67,35.68,35.66,35.80,35.67,19.98,8.52,19.62,,12265450,3845400,838500,341150,,29.18,19.20,35.68,35.66,35.69,35.68,35.69,19.98,8.52,19.64
2026/04/08,40,30495000,27949900,20928050,29.47,18.85,36.49,36.49,36.49,35.00,35.00,19.98,8.51,19.66,,29.55,,,,,,29.55,18.84,36.46,36.48,36.46,35.24,34.99,19.98,8.51,19.66,,12278600,3849150,816600,339250,,29.55,18.85,36.48,36.45,36.49,35.00,35.00,19.98,8.51,19.66
2026/04/08,41,29928600,27639450,20191950,29.64,18.53,39.94,39.94,39.94,30.00,30.00,19.99,8.51,19.66,,29.72,,,,,,29.72,18.54,39.89,39.89,39.77,30.19,30.03,19.99,8.51,19.66,,12250600,3805200,793550,334150,,29.72,18.53,39.92,39.79,39.88,30.02,30.03,19.99,8.51,19.66
2026/04/08,42,29790250,27759250,20084250,29.29,18.42,35.64,35.64,35.64,30.00,30.00,20.70,8.49,19.66,,29.33,,,,,,29.33,18.45,35.59,35.62,35.57,30.18,30.00,20.70,8.49,19.66,,12170350,3709400,785100,331700,,29.33,18.43,35.62,35.58,35.56,30.02,30.03,20.70,8.49,19.66
2026/04/08,43,29711900,27338300,19983250,28.58,18.20,36.32,36.75,36.75,29.88,29.88,25.68,8.40,19.66,,28.64,,,,,,28.64,18.24,36.17,36.66,36.60,29.97,29.88,26.00,8.40,19.66,,12300750,3804200,770350,325900,,28.64,18.22,36.29,36.63,36.38,29.96,29.88,25.68,8.40,19.66
2026/04/08,44,29453150,26981750,19765550,24.51,18.23,32.65,35.00,35.00,23.00,23.00,23.00,8.51,19.66,,24.58,,,,,,24.58,18.26,32.55,34.94,34.91,23.05,23.00,23.01,8.51,19.66,,12137850,3684700,947100,320650,,24.58,18.25,32.64,34.95,34.68,23.00,23.01,23.01,8.51,19.66
2026/04/08,45,30446550,26684600,20386700,25.02,18.12,28.23,28.23,28.23,26.77,26.77,26.77,8.39,19.66,,25.05,,,,,,25.05,18.15,28.24,28.22,28.23,26.83,26.77,26.77,8.39,19.66,,12010650,3723600,941400,317600,,25.05,18.14,28.24,28.22,28.21,26.77,26.79,26.77,8.39,19.66
2026/04/08,46,30568200,25818550,19768450,21.58,15.99,23.61,26.11,26.11,25.00,25.00,25.00,8.40,19.66,,21.64,,,,,,21.64,16.08,23.65,26.11,26.21,25.06,25.00,25.01,8.40,19.66,,11979500,3672500,838800,315000,,21.64,16.03,23.63,26.11,26.25,25.00,25.02,25.00,8.40,19.66
2026/04/08,47,29793200,24910950,19058600,21.46,16.01,24.91,24.91,24.91,20.70,20.70,20.70,8.38,19.66,,21.47,,,,,,21.47,16.09,24.91,24.91,24.91,20.80,20.70,20.72,8.38,19.66,,11681750,3509900,737150,313350,,21.47,16.05,24.91,24.91,24.91,20.70,20.73,20.70,8.38,19.66
2026/04/08,48,29574100,23150250,17961200,19.55,15.99,20.75,20.75,20.75,18.73,18.73,18.73,8.39,18.73,,19.56,,,,,,19.56,16.07,20.74,20.75,20.75,18.89,18.73,18.76,8.39,18.73,,11319850,3401200,445600,311650,,19.56,16.03,20.75,20.75,20.75,18.73,18.75,18.76,8.39,18.74
2026/04/09,1,26238850,22719000,18089000,18.95,19.20,19.94,19.94,19.94,18.73,18.73,18.73,8.65,18.73,,18.92,,,,,,18.92,19.07,19.94,19.94,19.93,18.75,18.71,18.71,8.08,18.70,,6792700,2228300,1040400,448300,,18.92,19.13,19.94,19.94,19.87,18.73,18.73,18.73,8.49,18.71
2026/04/09,2,27075150,22271750,17644300,18.25,15.01,19.38,19.38,20.00,16.88,16.88,16.88,14.31,16.88,,18.24,,,,,,18.24,14.98,19.38,19.38,19.99,16.88,16.88,16.87,14.31,16.85,,7939900,2351100,1076000,466900,,18.24,14.99,19.38,19.38,19.96,16.88,16.88,16.88,14.31,16.86
2026/04/09,3,27306250,22111700,17410850,18.00,15.22,19.11,19.11,20.00,16.35,16.35,16.35,14.32,16.35,,17.99,,,,,,17.99,15.22,19.11,19.11,20.00,16.40,16.35,16.37,14.29,16.35,,8144350,2370500,1175450,446350,,17.99,15.22,19.11,19.11,19.98,16.35,16.35,16.35,14.31,16.35
2026/04/09,4,27468250,22163500,17339900,17.90,10.37,18.54,18.54,20.00,16.35,16.35,16.35,14.89,16.35,,17.88,,,,,,17.88,10.43,18.54,18.54,20.00,16.40,16.35,16.37,14.86,16.31,,8317500,2483000,1323300,478700,,17.88,10.40,18.54,18.54,19.99,16.35,16.35,16.35,14.88,16.33
2026/04/09,5,27598100,22685850,17514400,18.63,15.99,20.00,20.00,20.00,17.22,17.22,17.22,14.92,17.22,,18.63,,,,,,18.63,15.99,20.00,20.00,20.01,17.26,17.22,17.25,14.89,17.20,,9200050,2498700,1532150,586550,,18.63,15.99,20.00,20.01,20.00,17.22,17.22,17.22,14.91,17.21
2026/04/09,6,27397100,23822100,17065600,20.00,10.37,20.33,20.33,20.33,19.66,19.66,19.66,8.65,19.66,,20.11,,,,,,20.11,10.42,20.33,20.33,20.76,19.74,19.66,19.67,8.57,19.66,,9675750,2467400,1717100,617000,,20.11,10.40,20.46,20.56,20.42,19.66,19.66,19.72,8.63,19.66
2026/04/09,7,27340150,24247600,17319300,20.00,19.97,21.50,21.50,21.50,21.50,21.50,21.50,8.40,19.66,,20.15,,,,,,20.15,19.97,21.50,21.50,22.04,21.55,21.50,21.50,8.40,19.66,,9769400,2458800,1806150,691550,,20.15,19.97,21.86,21.55,21.86,21.50,21.50,21.54,8.40,19.66
2026/04/09,8,27444200,24560500,17565850,20.27,20.01,22.00,22.00,22.00,22.00,22.00,22.00,8.51,19.66,,20.43,,,,,,20.43,20.01,22.02,22.00,22.53,22.04,22.00,22.00,8.51,19.66,,9927350,2450900,1814800,699700,,20.43,20.01,22.34,22.06,22.34,22.00,22.01,22.04,8.51,19.66
2026/04/09,9,27718750,24862800,17722550,20.67,15.99,22.56,22.56,22.56,22.56,22.56,22.56,8.55,19.66,,20.82,,,,,,20.82,15.99,22.59,22.56,23.05,22.55,22.56,22.56,8.55,19.66,,10183550,2449000,1805050,650450,,20.82,15.99,22.89,22.64,22.83,22.56,22.57,22.58,8.55,19.66
2026/04/09,10,27938450,25138800,17915700,21.00,17.73,24.08,24.08,24.08,24.08,24.08,24.08,8.58,19.99,,21.41,,,,,,21.41,17.74,24.07,24.08,25.35,23.98,24.07,24.06,8.58,19.99,,10327850,2449750,1805550,653450,,21.41,17.74,24.16,24.11,25.88,24.08,24.09,23.86,8.58,19.99
2026/04/09,11,28128200,25605450,18444900,25.38,19.28,27.00,27.00,27.00,27.00,27.00,27.00,8.40,19.99,,25.37,,,,,,25.37,19.21,26.93,26.98,26.84,26.83,26.98,26.90,8.42,19.96,,10360250,2451600,1822400,654450,,25.37,19.24,27.01,26.96,26.85,26.08,27.02,26.77,8.41,19.99
2026/04/09,12,28072300,25281900,18520800,25.38,15.02,27.00,27.00,27.00,27.00,27.00,27.00,8.40,19.66,,25.42,,,,,,25.42,15.07,27.00,27.00,27.00,27.01,26.99,26.93,8.42,19.66,,10296600,2456300,1434600,676650,,25.42,15.05,27.01,27.00,26.94,27.00,27.03,26.98,8.41,19.66
2026/04/09,13,29107700,24924700,19080250,21.09,15.00,25.38,25.38,27.00,27.00,27.00,27.00,8.39,19.66,,21.12,,,,,,21.12,14.98,25.25,25.35,26.95,26.99,26.95,26.81,8.38,19.66,,10344950,2472050,1080400,678450,,21.12,14.99,25.38,25.37,26.80,26.44,26.99,26.86,8.39,19.66
2026/04/09,14,30408850,24753350,19063300,18.73,9.18,15.01,20.66,20.66,19.43,19.43,19.43,8.51,19.43,,18.73,,,,,,18.73,9.21,15.02,20.65,20.66,19.44,19.43,19.43,8.49,19.40,,10911500,2566000,829350,689900,,18.73,9.20,15.02,20.66,20.62,19.43,19.43,19.43,8.51,19.43
2026/04/09,15,32412550,24098550,19309250,17.15,7.72,7.72,18.73,18.73,16.88,16.88,16.88,9.13,14.85,,17.12,,,,,,17.12,7.90,7.74,18.72,18.72,16.88,16.88,16.88,9.22,14.85,,11963850,2971600,826400,801300,,17.12,7.73,7.76,18.73,18.67,16.88,16.88,16.89,9.15,14.85
2026/04/09,16,34360250,23809350,20412450,12.01,7.02,7.02,17.69,17.69,15.01,15.01,15.01,8.65,9.03,,12.03,,,,,,12.03,7.02,7.04,17.69,17.70,15.01,15.01,15.01,8.67,9.17,,12319600,3024050,887250,858450,,12.03,7.04,7.03,17.69,17.69,15.01,15.01,15.01,8.65,9.07
2026/04/09,17,35670300,24288350,21345900,12.20,3.00,3.00,17.15,17.15,16.76,16.76,13.60,8.65,9.03,,12.19,,,,,,12.19,3.01,3.00,17.15,17.15,16.76,16.76,13.62,8.71,8.95,,12535950,2804800,1082050,1040550,,12.19,3.01,3.00,17.15,17.14,16.76,16.76,13.60,8.66,8.98
2026/04/09,18,37287150,25040200,22433950,9.44,0.43,0.43,16.88,16.88,16.88,16.88,13.59,8.52,8.84,,9.45,,,,,,9.45,0.50,0.43,16.88,16.88,16.99,16.88,13.61,8.60,8.84,,12872150,2902700,1651300,1496300,,9.45,0.44,0.44,16.89,16.88,16.88,16.89,13.59,8.53,8.84
2026/04/09,19,38686650,26336400,23357850,9.68,0.01,0.01,17.15,17.15,17.15,17.15,8.61,8.52,8.61,,9.67,,,,,,9.67,0.10,0.01,17.16,17.21,17.17,17.15,8.61,8.52,8.61,,13222150,3148800,2296000,1656000,,9.67,0.04,0.02,17.18,17.18,17.15,17.16,8.61,8.52,8.61
2026/04/09,20,39864450,27310350,23722150,9.18,0.01,0.01,17.88,12.53,12.53,12.53,10.12,8.39,8.61,,9.18,,,,,,9.18,0.15,0.01,17.87,12.60,13.08,12.53,10.12,8.39,8.61,,13573450,3175250,2726450,1822450,,9.18,0.05,0.03,17.89,12.63,12.53,12.54,10.12,8.39,8.61
2026/04/09,21,39949150,26515650,23038600,9.03,0.01,0.01,17.15,12.46,12.46,12.46,12.46,6.93,8.61,,9.02,,,,,,9.02,0.20,0.01,17.14,12.56,12.94,12.46,12.46,6.93,8.61,,13824050,3248000,3068250,1966400,,9.02,0.08,0.04,17.15,12.52,12.46,12.57,12.47,6.93,8.61
2026/04/09,22,40367600,26414300,23210850,8.61,0.01,0.01,16.93,12.53,12.53,12.53,12.53,6.93,8.61,,8.58,,,,,,8.58,0.13,0.01,16.93,12.54,12.75,12.53,12.53,6.93,8.63,,13973250,3252950,3255350,2156350,,8.58,0.05,0.03,16.93,12.55,12.53,12.54,12.54,6.93,8.62
2026/04/09,23,40558800,26247450,23177950,8.52,0.01,0.01,14.00,12.46,12.46,12.46,12.46,6.93,8.61,,8.51,,,,,,8.51,0.10,0.01,14.01,12.48,12.98,12.46,12.46,6.93,8.63,,14043250,3280650,3433350,2134350,,8.51,0.05,0.02,14.05,12.47,12.46,12.46,12.47,6.93,8.62
2026/04/09,24,40517700,26242950,22983150,8.61,0.01,0.01,13.66,12.43,12.43,12.43,12.43,6.93,8.40,,8.61,,,,,,8.61,0.08,0.01,13.68,12.45,12.80,12.43,12.47,6.93,8.43,,14047450,3213150,3645300,2146300,,8.61,0.03,0.02,13.71,12.43,12.43,12.43,12.44,6.93,8.42
2026/04/09,25,40662800,25224900,22275000,6.85,0.01,0.01,11.07,9.30,9.30,9.30,9.30,6.93,8.25,,6.96,,,,,,6.96,0.07,0.01,11.16,9.51,9.76,9.31,9.32,6.99,8.26,,14050100,3262650,3661150,2312150,,6.96,0.02,0.02,11.25,9.35,9.31,9.35,9.34,6.95,8.25
2026/04/09,26,40075750,24813050,21874300,6.93,0.01,0.01,12.61,10.52,10.52,10.52,10.52,6.93,5.00,,6.98,,,,,,6.98,0.07,0.01,12.63,10.72,10.91,10.53,10.52,7.02,5.02,,13964800,3225650,3204850,2055850,,6.98,0.02,0.02,12.70,10.56,10.52,10.55,10.55,6.95,5.01
2026/04/09,27,38900300,26211350,22200700,11.08,0.01,0.01,17.56,17.56,17.56,17.56,17.56,8.52,8.40,,11.08,,,,,,11.08,0.08,0.01,17.56,17.58,17.56,17.56,17.57,8.52,8.40,,13864950,3230800,2805500,1856500,,11.08,0.02,0.02,17.56,17.56,17.57,17.56,17.58,8.52,8.40
2026/04/09,28,37797500,24941700,21740700,9.56,0.01,0.01,11.08,18.74,18.74,18.74,18.74,8.65,8.61,,9.64,,,,,,9.64,0.04,0.01,11.09,18.67,18.72,18.69,18.61,8.68,8.71,,13801650,3300000,2640100,1841100,,9.64,0.02,0.01,11.13,18.72,17.93,18.75,18.72,8.66,8.65
2026/04/09,29,36624250,25776350,22128100,12.17,0.01,0.01,17.24,21.92,21.92,21.92,21.92,9.23,8.61,,12.23,,,,,,12.23,0.08,0.01,17.23,21.83,21.80,21.85,21.68,9.25,8.61,,13708250,3384850,2552250,1753250,,12.23,0.04,0.02,17.25,21.92,20.71,21.92,21.90,9.24,8.61
2026/04/09,30,35348650,25874150,21788200,15.78,2.50,2.50,17.94,24.50,24.50,24.50,24.50,12.06,8.61,,15.85,,,,,,15.85,2.50,2.50,17.94,24.43,24.52,24.45,24.22,12.07,8.63,,13553700,3547000,2022300,1529800,,15.85,2.50,2.50,17.95,24.50,23.63,24.51,24.45,12.06,8.62
2026/04/09,31,33936300,25777000,20861200,17.94,7.57,7.57,19.42,22.93,22.93,22.93,22.93,13.23,8.61,,17.94,,,,,,17.94,7.57,7.57,19.42,22.90,22.94,22.90,22.85,13.22,8.61,,13236200,3692450,1124450,1052700,,17.94,7.55,7.58,19.44,22.93,22.45,22.94,22.91,13.23,8.61
2026/04/09,32,32715550,26250950,20878250,19.10,8.00,8.00,20.00,27.00,27.00,27.00,27.00,15.01,8.61,,19.19,,,,,,19.19,8.02,8.06,20.00,27.11,27.00,27.00,27.04,14.99,8.27,,13069850,4003100,718600,637600,,19.19,8.06,8.02,20.00,27.15,26.65,27.07,27.13,15.00,8.41
2026/04/09,33,32193400,26291600,20905300,20.00,17.29,17.29,25.12,25.12,25.12,25.12,25.12,22.00,8.84,,20.17,,,,,,20.17,17.24,17.28,25.12,25.37,25.15,25.22,25.43,21.86,8.92,,12685350,4098150,496300,415300,,20.17,17.29,17.28,25.25,25.12,25.12,25.21,25.54,21.95,8.88
2026/04/09,34,31133650,26886450,20714150,25.00,19.45,19.45,27.02,27.02,27.02,27.02,26.68,23.50,9.03,,25.18,,,,,,25.18,19.41,19.45,27.03,27.43,27.06,27.16,27.02,23.52,9.05,,12534100,4148800,438850,364900,,25.18,19.46,19.44,27.30,27.20,27.02,27.06,26.69,23.51,9.04
2026/04/09,35,30729000,26920200,20943550,25.38,19.88,22.00,29.29,27.00,19.99,19.99,19.99,15.20,14.36,,25.46,,,,,,25.46,19.88,21.98,29.28,27.20,19.99,20.06,20.01,15.19,14.39,,12688250,4560250,456800,350650,,25.46,19.90,22.00,29.33,26.88,19.99,20.07,19.99,15.20,14.36
2026/04/09,36,30380650,27220400,20967000,26.43,19.89,20.00,29.64,29.64,29.64,29.64,19.99,8.64,17.66,,26.48,,,,,,26.48,19.80,20.00,29.61,29.55,29.64,29.64,20.01,8.23,17.66,,12530050,4671400,452500,345400,,26.48,19.89,19.99,29.73,29.14,29.64,29.67,19.99,8.51,17.66
2026/04/09,37,30407500,27717400,21129450,27.00,19.71,19.71,31.00,31.00,30.00,30.00,20.00,8.40,18.60,,27.26,,,,,,27.26,19.63,19.70,31.03,31.42,30.12,30.23,20.76,8.41,18.79,,12618450,4753150,458350,343700,,27.26,19.71,19.70,31.17,31.03,31.30,30.11,20.62,8.40,18.60
2026/04/09,38,30751950,28170150,21445050,27.00,19.72,19.72,50.00,27.00,27.00,27.00,20.10,8.54,18.60,,27.15,,,,,,27.15,19.64,19.71,49.66,27.24,27.36,27.02,20.16,8.55,18.72,,12608800,4740700,456150,341500,,27.15,19.72,19.71,49.13,27.01,27.00,27.06,20.17,8.54,18.60
2026/04/09,39,30414250,27733400,21032000,27.00,19.93,19.93,38.90,27.00,27.00,27.00,27.00,8.39,18.60,,27.12,,,,,,27.12,19.83,19.93,38.82,27.47,27.32,27.06,27.02,8.40,18.61,,12321200,4385300,570050,338650,,27.12,19.93,19.92,38.68,27.06,27.00,27.11,27.44,8.39,18.60
2026/04/09,40,30776400,26980800,20617700,25.00,19.98,19.98,28.06,27.00,27.00,27.00,27.00,8.40,17.66,,25.11,,,,,,25.11,19.88,19.98,28.06,27.31,27.11,27.04,27.07,8.41,17.66,,12419700,4377150,570900,336550,,25.11,19.98,19.97,28.19,27.01,27.00,27.05,27.07,8.40,17.66
2026/04/09,41,30619100,27204750,20543000,23.43,20.01,20.01,28.41,27.00,27.00,27.00,27.00,8.52,15.29,,23.58,,,,,,23.58,19.91,20.01,28.41,27.34,27.23,27.04,27.09,8.48,15.31,,12572850,4416300,567700,331800,,23.58,20.01,20.00,28.51,27.00,27.01,27.07,27.37,8.51,15.29
2026/04/09,42,30521500,26909850,20257900,22.50,19.99,19.99,28.23,27.00,26.64,26.64,26.64,14.89,15.29,,22.64,,,,,,22.64,19.99,19.96,28.23,27.25,26.74,26.65,26.86,14.90,15.28,,12854100,4452650,563600,328700,,22.64,19.99,19.98,28.32,27.00,26.64,26.66,26.79,14.89,15.28
2026/04/09,43,30265400,26494100,19938900,22.11,20.00,23.00,27.00,27.00,27.00,27.00,27.00,15.00,16.35,,22.19,,,,,,22.19,20.00,22.98,27.00,27.05,27.01,27.00,27.01,14.98,16.36,,12780800,4176600,523000,324100,,22.19,20.00,22.99,27.02,27.00,27.00,27.02,26.99,14.99,16.35
2026/04/09,44,30309150,25933650,19458150,20.70,20.00,23.50,25.38,25.38,22.00,22.00,22.00,14.01,17.66,,20.73,,,,,,20.73,20.00,23.48,25.38,25.40,22.04,22.00,22.01,13.98,17.67,,12839650,4186800,662700,320300,,20.73,20.00,23.49,25.39,25.38,22.00,22.00,22.02,14.00,17.66
2026/04/09,45,30548000,25222100,19763950,20.80,18.33,25.12,25.12,25.12,25.12,25.12,25.12,13.50,17.66,,20.84,,,,,,20.84,18.33,25.10,25.11,25.10,25.00,25.11,25.09,13.49,17.70,,12433200,3887600,643300,327900,,20.84,18.33,25.11,25.12,25.10,25.12,25.12,24.94,13.50,17.66
2026/04/09,46,30184300,24752650,19416800,20.14,18.30,22.50,22.50,22.50,22.50,22.50,22.50,12.06,15.29,,20.17,,,,,,20.17,18.31,22.49,22.50,22.50,22.47,22.51,22.50,12.05,15.32,,12180450,3827000,640800,326900,,20.17,18.30,22.51,22.50,22.49,22.50,22.50,22.49,12.06,15.29
2026/04/09,47,29040900,24559900,18874150,20.57,18.57,25.38,25.38,25.38,25.38,25.38,25.38,12.06,16.00,,20.60,,,,,,20.60,18.58,25.31,25.36,25.35,25.24,25.36,25.32,12.05,15.97,,11805050,3693600,650850,325300,,20.60,18.57,25.38,25.37,25.35,25.38,25.38,25.10,12.06,15.99
2026/04/09,48,28678150,23558700,18387000,19.50,18.97,21.51,21.51,21.51,18.73,18.73,18.73,12.00,14.36,,19.39,,,,,,19.39,13.74,21.48,21.51,21.51,18.91,18.74,18.83,11.96,14.35,,11385050,3724550,384050,323850,,19.39,16.01,21.51,21.51,21.49,18.73,18.74,18.83,11.99,14.36
2026/04/10,1,26807350,22906650,18289000,18.26,18.88,18.88,18.88,18.88,15.15,15.15,15.15,12.06,14.90,,18.25,,,,,,18.25,18.36,18.88,18.88,18.85,15.16,15.15,15.15,12.06,14.95,,8685200,3650800,928250,480700,,18.25,18.88,18.88,18.88,18.77,15.15,15.15,15.15,12.06,14.92
2026/04/10,2,27592700,22772250,17928450,17.39,18.98,18.98,18.98,18.98,14.57,14.57,14.57,13.23,12.00,,17.35,,,,,,17.35,18.54,18.96,18.95,18.93,14.58,14.56,14.44,13.23,12.09,,10537400,4004350,984450,480400,,17.35,18.98,18.98,18.98,18.64,14.57,14.57,14.57,13.23,12.04
2026/04/10,3,27772450,22488400,17679250,17.54,18.99,18.99,18.99,18.99,13.23,13.23,13.23,13.23,13.23,,17.50,,,,,,17.50,18.47,18.97,18.95,18.98,13.25,13.23,13.12,13.23,13.30,,11150650,4143500,979100,480550,,17.50,18.99,18.99,18.98,18.67,13.23,13.23,13.23,13.24,13.26
2026/04/10,4,27809300,22474050,17630750,17.67,18.89,18.89,18.89,18.89,14.43,14.43,14.43,13.52,14.31,,17.64,,,,,,17.64,18.32,18.87,18.86,18.88,14.77,14.43,14.29,13.52,14.38,,11355200,4230900,976100,480550,,17.64,18.89,18.89,18.89,18.60,14.43,14.43,14.43,13.52,14.34
2026/04/10,5,27720250,22580250,17596850,17.89,18.95,18.95,18.95,18.95,15.01,15.01,15.01,14.31,15.01,,17.84,,,,,,17.84,18.36,18.93,18.93,18.94,15.16,15.00,14.80,14.31,15.07,,11279650,4154950,971900,480850,,17.84,18.95,18.95,18.95,18.54,15.01,15.01,15.01,14.31,15.05
2026/04/10,6,27518700,22821550,17658350,18.49,19.04,19.04,19.04,19.04,17.22,17.22,17.22,14.64,17.22,,18.46,,,,,,18.46,18.54,19.02,19.00,19.04,17.29,17.20,17.22,14.64,17.22,,11102700,4044750,970600,482050,,18.46,19.04,19.04,19.04,18.80,17.22,17.22,17.22,14.64,17.22
2026/04/10,7,27554900,23246050,17896100,18.82,19.29,19.29,19.29,19.29,18.73,18.73,18.73,14.89,18.73,,18.78,,,,,,18.78,18.28,19.25,19.26,19.27,18.74,18.73,18.65,14.84,18.71,,11073900,4092600,956650,476600,,18.78,19.28,19.29,19.29,19.00,18.73,18.73,18.73,14.89,18.73
2026/04/10,8,27518000,23558050,18063600,19.09,19.60,19.60,19.60,19.60,19.60,19.60,19.60,15.36,19.60,,19.06,,,,,,19.06,18.88,19.51,19.59,19.59,19.59,19.60,19.52,15.34,19.58,,11055550,4152700,1057850,475800,,19.06,19.59,19.60,19.60,19.40,19.60,19.60,19.60,15.36,19.60
2026/04/10,9,27713850,23961750,18146800,19.55,19.60,19.60,19.60,19.60,19.60,19.60,19.60,17.50,19.60,,19.53,,,,,,19.53,19.22,19.55,19.58,19.59,19.85,19.60,19.54,17.39,19.59,,11180600,4170200,1149750,465200,,19.53,19.62,19.60,19.60,19.46,19.47,19.63,19.63,17.50,19.60
2026/04/10,10,27804500,24320000,18264650,19.60,19.86,19.86,19.86,19.86,19.86,19.86,19.86,17.50,19.86,,19.58,,,,,,19.58,19.45,19.84,19.86,19.85,20.00,19.86,19.80,17.30,19.85,,11223350,4080850,1250850,465300,,19.58,19.97,19.86,19.86,19.74,19.65,19.86,19.86,17.51,19.86
2026/04/10,11,28085200,24781100,18572050,19.60,19.98,19.98,19.98,19.98,19.98,19.98,19.98,17.00,19.66,,19.56,,,,,,19.56,19.04,19.88,19.95,19.97,20.07,19.98,19.90,16.96,19.64,,11289250,4140650,1347300,465750,,19.56,20.03,19.98,19.98,19.72,19.91,19.98,19.98,17.00,19.67
2026/04/10,12,28387400,24358300,18657900,19.55,20.00,20.00,20.00,20.00,18.73,18.73,18.73,15.36,12.00,,19.50,,,,,,19.50,19.43,19.81,19.96,19.98,19.10,18.73,18.67,15.35,12.01,,11392550,4218350,1060450,466400,,19.50,20.00,20.00,19.99,19.67,18.68,18.78,18.73,15.37,12.06
2026/04/10,13,28829950,24606500,18862350,19.60,20.06,20.06,20.06,20.06,18.73,18.73,18.73,14.60,18.60,,19.56,,,,,,19.56,19.31,20.05,20.02,20.04,18.80,18.72,18.67,14.60,18.59,,11787950,4319650,899700,430800,,19.56,20.06,20.06,20.06,19.83,18.67,18.73,18.73,14.60,18.61
2026/04/10,14,28960550,24953450,19189300,19.86,20.81,20.81,20.81,20.81,18.00,18.00,18.00,14.41,17.66,,19.84,,,,,,19.84,20.09,20.79,20.79,20.79,18.11,17.99,17.98,14.41,17.66,,11839900,4286050,759950,330050,,19.84,20.81,20.81,20.80,20.66,17.93,18.01,18.01,14.41,17.66
2026/04/10,15,29340900,25342050,19692250,20.49,21.99,21.99,21.99,21.99,19.98,19.98,19.98,14.71,17.10,,20.45,,,,,,20.45,20.82,21.95,21.96,21.95,19.98,19.93,19.95,14.71,17.10,,12168450,4498200,750500,335400,,20.45,21.98,21.99,21.97,21.68,19.91,19.98,19.97,14.71,17.10
2026/04/10,16,29660200,26255300,20277700,21.32,23.00,23.00,23.00,23.00,23.00,23.00,23.00,15.01,15.29,,21.31,,,,,,21.31,22.50,22.99,22.97,22.99,23.00,22.98,22.80,15.01,15.29,,12241800,4725950,655750,340650,,21.31,22.86,23.00,22.98,22.89,22.90,23.00,22.96,15.01,15.29
2026/04/10,17,30154900,28503650,21377400,27.00,23.63,23.63,27.00,27.00,27.00,27.00,27.00,27.00,15.29,,27.01,,,,,,27.01,23.61,23.62,27.00,27.14,27.01,27.00,27.01,26.33,15.29,,12016100,4712200,870700,346800,,27.01,23.59,23.63,27.05,27.01,27.00,27.08,27.02,26.76,15.29
2026/04/10,18,30286550,29884850,22263450,27.36,23.50,23.50,30.00,30.00,30.00,30.00,30.00,30.00,12.00,,27.50,,,,,,27.50,23.50,23.49,29.99,30.26,30.00,30.00,30.00,29.05,12.01,,11913900,4704800,1190100,355600,,27.50,23.47,23.50,30.00,30.07,29.99,30.13,30.49,29.64,12.00
2026/04/10,19,30514250,31310600,22531150,29.88,27.50,27.50,31.03,31.03,31.03,31.03,31.03,31.03,12.00,,29.90,,,,,,29.90,27.35,27.46,31.03,31.13,31.03,31.03,31.02,30.13,12.00,,12030400,4755700,1554850,364050,,29.90,27.32,27.50,31.05,31.06,31.07,31.05,31.11,30.68,12.00
2026/04/10,20,30752800,31248700,22746750,29.47,25.00,25.00,32.24,32.24,32.24,32.24,32.24,13.52,10.61,,29.56,,,,,,29.56,24.84,24.96,32.23,32.42,32.23,32.23,32.21,13.52,10.61,,11853900,4799050,1572900,368850,,29.56,24.81,25.00,32.24,32.29,32.27,32.33,32.48,13.52,10.61
2026/04/10,21,30710500,29918100,22333650,27.00,24.46,24.46,29.64,29.64,29.64,29.64,29.64,8.45,13.05,,27.09,,,,,,27.09,24.39,24.43,29.63,29.79,29.65,29.62,29.54,8.42,13.06,,11715600,4758650,1682300,372150,,27.09,24.43,24.44,29.71,29.59,29.57,29.79,29.64,8.44,13.05
2026/04/10,22,31031400,29890450,22362900,27.00,20.00,24.39,29.29,29.29,29.29,29.29,29.29,8.44,9.03,,27.08,,,,,,27.08,20.00,24.36,29.28,29.42,29.30,29.27,29.20,8.44,9.06,,11711000,4749550,1706900,375550,,27.08,20.00,24.37,29.34,29.25,29.23,29.45,29.29,8.44,9.05
2026/04/10,23,30995050,30159700,22307600,27.00,20.01,24.51,28.85,28.85,28.85,28.85,28.85,8.47,9.03,,27.08,,,,,,27.08,20.01,24.48,28.84,29.03,28.88,28.85,28.83,8.47,9.04,,11679300,4754200,2186250,375800,,27.08,20.01,24.49,28.92,28.86,28.83,29.01,28.85,8.47,9.03
2026/04/10,24,31104050,30387300,22198600,25.00,19.81,23.50,28.00,28.00,28.00,28.00,23.61,6.91,9.03,,25.12,,,,,,25.12,19.81,23.48,28.00,28.24,28.03,28.00,23.61,6.91,9.04,,11666150,4777850,2655250,373400,,25.12,19.81,23.49,28.10,28.05,28.00,28.15,23.61,6.91,9.04
2026/04/10,25,31368300,29039900,21669900,20.19,19.46,19.46,26.00,26.00,26.00,26.00,20.69,8.45,9.03,,20.23,,,,,,20.23,19.45,19.47,25.97,25.95,25.99,25.94,20.65,8.45,9.04,,11903050,4825000,2592250,368650,,20.23,19.46,19.46,25.99,25.80,25.93,25.99,20.69,8.45,9.04
2026/04/10,26,31094350,28762800,21424650,20.08,18.06,18.06,27.00,27.00,27.00,27.00,20.50,8.45,9.03,,20.14,,,,,,20.14,18.04,18.07,27.00,27.06,27.04,27.00,20.49,8.45,9.06,,11947700,4852400,2183600,368050,,20.14,18.06,18.06,27.00,27.04,27.00,27.07,20.49,8.45,9.05
2026/04/10,27,30983300,29430400,22048250,24.00,19.67,21.79,28.94,28.94,28.94,28.94,21.80,6.91,9.03,,24.30,,,,,,24.30,19.67,21.79,28.94,29.69,28.94,28.94,21.77,7.15,9.06,,11746650,4722350,1648800,371750,,24.30,19.67,21.79,29.20,29.22,28.94,29.36,21.80,6.98,9.04
2026/04/10,28,30903850,29456400,22116900,27.00,20.00,22.00,29.64,29.64,29.64,29.64,25.65,6.91,12.00,,27.22,,,,,,27.22,20.01,22.00,29.64,30.44,29.64,29.64,25.65,7.06,11.98,,11662000,4683600,1484350,372750,,27.22,20.00,22.00,29.90,29.96,29.63,30.10,25.65,6.97,11.99
2026/04/10,29,30925100,29321050,22195600,27.00,18.71,22.41,29.47,29.47,29.47,29.47,21.81,6.91,9.03,,27.21,,,,,,27.21,18.71,22.41,29.47,30.19,29.47,29.47,21.78,7.03,9.08,,11631450,4711850,1332150,371000,,27.21,18.71,22.41,29.63,29.86,29.53,29.91,21.80,6.95,9.06
2026/04/10,30,30739900,28942500,21463400,23.61,18.94,23.82,27.36,27.36,27.36,27.36,20.74,6.91,9.03,,23.80,,,,,,23.80,18.94,23.82,27.37,27.76,27.37,27.36,20.73,7.06,9.13,,11494100,4659550,1191600,369950,,23.80,18.94,23.82,27.46,27.58,27.38,27.61,20.74,6.96,9.08
2026/04/10,31,30656900,28295600,21302800,23.47,19.64,23.47,27.36,27.36,27.36,27.36,20.69,6.91,9.03,,23.72,,,,,,23.72,19.66,23.47,27.36,27.94,27.36,27.35,20.66,7.05,9.12,,11489400,4650950,911850,368500,,23.72,19.64,23.47,27.56,27.53,27.37,27.76,20.67,6.96,9.08
2026/04/10,32,30477200,28150500,21405800,25.01,20.60,21.66,27.36,27.36,27.36,27.36,20.10,8.65,15.50,,25.19,,,,,,25.19,20.59,21.64,27.37,27.97,27.36,27.36,20.08,8.83,15.55,,11568300,4625750,726400,365900,,25.19,20.60,21.64,27.56,27.62,27.39,27.73,20.09,8.71,15.51
2026/04/10,33,30264900,27997250,21285200,23.59,20.42,22.00,27.00,27.00,27.00,27.00,20.10,8.65,16.69,,24.03,,,,,,24.03,20.41,21.97,27.00,28.65,27.00,27.00,20.08,8.88,16.71,,11440150,4616950,569050,363450,,24.03,20.42,21.99,27.78,27.35,27.01,27.26,20.09,8.68,16.69
2026/04/10,34,29838400,28062450,21221750,24.00,20.44,22.00,27.00,27.00,27.00,27.00,20.67,9.13,20.67,,24.32,,,,,,24.32,20.45,21.98,27.00,28.22,27.01,27.00,20.67,9.36,20.67,,11288850,4620550,570850,361750,,24.32,20.44,21.99,27.55,27.29,27.00,27.24,20.67,9.15,20.67
2026/04/10,35,29594700,27622700,21059700,27.00,22.00,22.00,27.00,27.00,27.00,27.00,21.00,8.45,17.66,,27.27,,,,,,27.27,21.98,21.97,27.00,28.49,26.99,27.00,20.99,8.71,17.69,,11026600,4641850,556600,349800,,27.27,21.97,21.99,27.68,27.35,27.00,27.25,21.00,8.45,17.67
2026/04/10,36,29399000,27908950,20971300,27.00,22.00,22.00,27.00,27.00,27.00,27.00,27.00,6.91,20.01,,27.18,,,,,,27.18,21.98,21.97,26.99,28.04,27.00,27.00,26.77,7.15,20.03,,10964800,4664750,509450,346200,,27.18,21.97,21.99,27.22,27.85,27.00,27.24,26.80,7.00,20.02
2026/04/10,37,29002400,27998400,20568450,27.00,20.56,27.00,27.00,27.00,27.00,27.00,27.00,6.91,27.00,,27.13,,,,,,27.13,20.60,26.97,26.98,27.72,27.00,27.00,26.98,7.15,26.96,,10811100,4430350,528400,342950,,27.13,20.66,26.99,26.99,27.12,27.00,27.28,28.54,7.00,27.00
2026/04/10,38,28956800,28380250,20612650,27.00,19.39,27.00,27.00,27.00,27.00,27.00,27.00,6.92,27.00,,27.21,,,,,,27.21,19.44,26.99,26.99,28.07,27.01,27.01,27.00,7.16,26.92,,10817550,4444500,527850,340450,,27.21,19.39,27.01,26.99,27.29,27.00,27.28,29.28,7.01,27.00
2026/04/10,39,28953650,28010300,20675600,27.00,19.40,27.00,27.00,27.00,27.00,27.00,27.00,6.91,22.00,,27.10,,,,,,27.10,19.40,27.00,27.00,27.52,27.00,27.00,26.99,6.98,22.40,,10794150,4484000,630350,338200,,27.10,19.40,27.03,27.04,27.10,27.00,27.09,28.29,6.94,22.02
2026/04/10,40,29240950,27779600,20363350,21.75,19.41,23.44,23.44,23.44,23.44,23.44,23.44,6.91,19.50,,21.89,,,,,,21.89,19.41,23.38,23.43,23.94,23.42,23.43,23.36,6.98,19.53,,11097300,4494900,629250,335600,,21.89,19.41,23.44,23.44,23.38,23.44,23.60,24.82,6.94,19.55
2026/04/10,41,29294400,27139300,19740350,20.84,19.45,20.84,20.84,20.84,20.84,20.84,20.84,6.91,18.60,,20.85,,,,,,20.85,19.32,20.83,20.83,21.00,20.83,20.84,20.79,6.98,18.62,,11142400,4457750,627250,332100,,20.85,19.51,20.86,20.84,20.77,20.84,20.92,20.93,6.94,18.71
2026/04/10,42,29135350,26776050,19380300,20.26,19.30,20.66,20.66,20.66,20.66,20.66,20.66,8.45,18.00,,20.31,,,,,,20.31,19.18,20.65,20.66,20.98,20.65,20.66,20.61,8.23,18.03,,11181600,4429750,614750,327600,,20.31,19.39,20.90,20.66,20.63,20.66,20.74,20.75,8.37,18.09
2026/04/10,43,28820400,26058850,19122350,20.00,18.49,20.21,20.21,20.21,20.12,20.12,20.12,14.60,18.98,,20.11,,,,,,20.11,18.49,20.20,20.21,20.71,20.13,20.12,20.12,14.76,18.99,,11363550,4377450,561700,322050,,20.11,18.59,20.21,20.41,20.44,20.12,20.16,20.13,14.62,18.98
2026/04/10,44,28772200,25424850,18562350,18.38,18.00,18.00,18.00,18.78,18.73,18.73,18.73,16.10,18.73,,18.42,,,,,,18.42,17.93,18.00,18.00,19.00,18.73,18.69,18.70,16.14,18.72,,11523350,4353150,729750,318600,,18.42,18.03,18.01,18.04,18.71,18.73,18.73,19.27,16.11,18.73
2026/04/10,45,28887300,25117900,18799500,18.95,17.78,19.30,19.30,19.30,18.73,18.73,18.73,15.36,18.73,,19.05,,,,,,19.05,17.77,19.29,19.30,19.69,18.82,18.74,18.73,15.41,18.72,,11175850,4101350,730700,326050,,19.05,17.78,19.31,19.47,19.54,18.73,18.75,18.80,15.34,18.74
2026/04/10,46,28764250,24610400,19355550,19.82,15.99,18.01,21.24,21.24,16.88,16.88,16.88,14.41,16.88,,19.80,,,,,,19.80,15.99,17.99,21.20,21.21,17.01,16.87,16.88,14.45,16.90,,11099600,4010450,727400,325050,,19.80,16.00,18.03,21.25,20.92,16.88,17.02,16.92,14.40,16.94
2026/04/10,47,28259550,23926650,18843850,19.00,15.99,18.50,20.51,20.51,16.76,16.76,16.76,14.71,16.76,,19.07,,,,,,19.07,15.99,18.50,20.41,20.84,16.87,16.77,16.76,14.79,16.78,,10784500,3968950,723750,325050,,19.07,16.00,18.51,20.67,20.43,16.76,16.79,16.80,14.70,16.78
2026/04/10,48,27675200,22973000,18357400,18.46,14.21,14.21,19.70,19.70,16.76,16.76,16.76,14.71,11.00,,18.51,,,,,,18.51,14.27,14.23,19.53,20.04,16.88,16.77,16.74,14.84,11.04,,10190550,3958500,436700,325000,,18.51,14.23,14.22,19.90,19.43,16.76,16.83,16.78,14.70,11.02
2026/04/11,1,25622650,21006550,17256900,16.48,17.06,17.06,17.23,17.23,14.89,14.89,14.89,13.72,14.89,,16.47,,,,,,16.47,16.98,17.04,17.23,17.25,14.89,14.89,14.87,13.71,14.88,,7261950,1697600,1001600,896100,,16.47,16.98,17.06,17.24,17.25,14.89,14.89,14.88,13.73,14.85
2026/04/11,2,26705950,20056650,16287600,16.23,16.07,16.07,18.07,18.07,14.76,14.76,14.76,13.13,14.76,,16.23,,,,,,16.23,16.07,16.06,18.07,18.13,14.76,14.76,14.68,13.13,14.74,,9768400,1730150,1203100,1068100,,16.23,16.06,16.07,18.08,18.15,14.76,14.76,14.77,13.18,14.66
2026/04/11,3,27075650,20122100,16357200,16.33,10.00,10.00,18.81,18.81,14.32,14.32,14.32,10.50,14.32,,16.31,,,,,,16.31,10.02,10.01,18.81,18.84,14.32,14.32,14.21,10.54,14.30,,10290000,1682150,1243850,1109850,,16.31,10.00,10.01,18.82,18.85,14.32,14.32,14.33,10.51,14.24
2026/04/11,4,27116900,20070550,16402100,16.41,9.94,9.94,19.19,19.19,14.32,14.32,14.32,10.50,14.32,,16.48,,,,,,16.48,9.96,9.95,19.19,19.49,14.32,14.32,14.32,10.54,14.30,,10496850,1732100,1228950,1124950,,16.48,9.94,9.95,19.45,19.19,14.32,14.32,14.33,10.51,14.30
2026/04/11,5,26971900,19817500,16382700,16.47,13.34,13.34,19.04,19.04,14.19,14.19,14.19,13.13,14.19,,16.48,,,,,,16.48,13.32,13.34,19.04,19.16,14.19,14.19,14.18,13.09,14.17,,10385750,1528700,916700,916700,,16.48,13.32,13.34,19.15,19.04,14.19,14.19,14.21,13.14,14.14
2026/04/11,6,26930450,20072000,16398500,16.93,15.00,15.00,19.18,19.18,14.89,14.89,14.89,14.02,14.89,,16.95,,,,,,16.95,15.00,15.00,19.18,19.33,14.89,14.87,14.85,13.87,14.87,,10241700,1397750,913300,913300,,16.95,14.99,15.00,19.31,19.18,14.89,14.89,14.89,14.02,14.76
2026/04/11,7,26842200,20248700,16486300,17.11,10.35,10.35,20.00,20.00,14.89,14.89,14.89,14.89,14.89,,17.08,,,,,,17.08,10.53,10.35,20.00,20.12,14.89,14.73,14.86,14.84,14.88,,10258800,1406250,734050,734050,,17.08,10.35,10.39,20.08,20.05,14.89,14.89,14.89,14.89,14.54
2026/04/11,8,26755550,20471050,16449150,17.66,11.01,11.01,19.99,19.99,16.60,16.60,16.60,15.36,16.60,,17.60,,,,,,17.60,11.34,11.02,19.99,20.16,16.57,16.30,16.55,15.32,16.36,,10203150,1343650,732150,732150,,17.60,11.01,11.08,20.10,20.04,16.60,16.60,16.60,15.36,15.82
2026/04/11,9,27069900,18966600,15365050,15.06,10.35,10.35,14.09,16.66,16.66,16.66,16.66,16.66,16.66,,15.03,,,,,,15.03,10.68,10.36,14.10,16.75,16.65,16.39,16.61,16.63,16.53,,10367250,1364050,823700,723700,,15.03,10.35,10.42,14.14,16.79,16.66,16.66,16.67,16.66,15.90
2026/04/11,10,27076000,20844450,16525750,17.89,12.77,12.77,19.18,19.18,17.09,17.09,17.09,17.09,17.09,,17.78,,,,,,17.78,12.83,12.77,19.18,19.20,16.72,16.81,17.05,17.04,17.00,,10448100,1363000,923250,723250,,17.78,12.79,12.78,19.19,19.18,17.09,17.09,17.09,17.06,16.33
2026/04/11,11,26408400,20018200,15704250,17.66,15.00,15.00,18.99,18.99,16.93,16.93,16.93,16.93,16.93,,17.60,,,,,,17.60,15.00,15.00,18.99,19.10,16.70,16.61,16.89,16.88,16.83,,10499300,1408400,925150,725150,,17.60,15.00,15.00,19.00,19.13,16.93,16.93,16.93,16.90,16.26
2026/04/11,12,26797700,19365050,15635900,16.54,13.01,13.01,18.07,18.07,14.89,14.89,14.89,14.89,14.89,,16.54,,,,,,16.54,13.01,13.01,18.07,18.22,15.00,14.83,14.85,14.86,14.88,,10521300,1431650,925500,725500,,16.54,13.01,13.01,18.08,18.27,14.89,14.90,14.91,14.91,14.75
2026/04/11,13,27472650,18664350,15479500,14.89,9.17,9.17,16.60,16.60,14.36,14.36,14.36,13.43,14.36,,14.92,,,,,,14.92,9.17,9.18,16.60,16.68,14.79,14.35,14.36,13.44,14.35,,10531950,1474850,928700,828700,,14.92,9.17,9.17,16.63,16.65,14.36,14.40,14.43,13.43,14.38
2026/04/11,14,28980850,17955950,15443250,10.00,5.00,5.00,13.21,13.21,13.21,13.21,13.21,8.63,9.03,,10.08,,,,,,10.08,5.69,5.02,13.21,13.33,13.41,13.20,13.21,8.70,9.03,,10769650,1611200,1220550,1220550,,10.08,5.07,5.14,13.28,13.23,13.21,13.27,13.22,8.64,9.03
2026/04/11,15,30933100,17961250,16338300,8.00,3.50,3.50,10.10,10.10,10.10,10.10,10.10,8.45,8.61,,8.12,,,,,,8.12,3.61,3.51,10.11,10.30,11.26,10.10,10.10,8.47,8.64,,11118400,1623750,2056250,2056250,,8.12,3.54,3.52,10.28,10.22,10.10,10.21,10.15,8.46,8.63
2026/04/11,16,32920750,19545200,17518250,7.63,2.05,2.05,13.76,10.00,10.00,10.00,10.00,6.91,8.40,,7.72,,,,,,7.72,2.05,2.06,13.76,10.15,10.47,10.00,10.00,6.92,8.57,,11655200,1619950,2491650,2491650,,7.72,2.05,2.05,13.76,10.11,10.00,10.03,10.09,6.91,8.64
2026/04/11,17,34762450,20324950,18233300,8.09,2.95,2.95,13.76,7.46,7.46,7.46,7.46,2.90,0.50,,8.08,,,,,,8.08,2.95,2.95,13.74,7.43,7.65,7.42,7.38,2.91,0.62,,11746650,883850,2878300,2878300,,8.08,2.95,2.95,13.73,7.51,7.46,7.46,7.46,2.90,0.79
2026/04/11,18,37063900,20646650,19235100,2.95,0.03,0.03,13.76,7.58,7.58,7.58,7.58,0.01,0.01,,2.99,,,,,,2.99,0.03,0.03,13.76,7.41,7.56,7.54,7.40,0.01,0.02,,12137050,777400,3513650,3513650,,2.99,0.03,0.03,13.76,7.56,7.58,7.58,7.57,0.01,0.16
2026/04/11,19,39071350,21265150,20099850,1.00,0.01,0.01,10.66,8.97,8.97,8.97,8.97,0.01,0.01,,1.08,,,,,,1.08,0.01,0.01,10.65,8.86,8.96,8.93,8.47,0.01,0.01,,12292500,788650,4225550,4225550,,1.08,0.01,0.01,10.65,8.96,8.96,8.97,8.96,0.01,0.11
2026/04/11,20,40719600,20520000,20125350,0.01,0.01,0.01,2.88,1.00,1.00,1.00,1.00,0.01,0.01,,0.07,,,,,,0.07,0.01,0.01,2.90,1.17,1.00,1.00,0.99,0.01,0.02,,12424350,798150,4037050,4037050,,0.07,0.01,0.01,2.91,1.05,1.10,1.05,1.06,0.01,0.09
2026/04/11,21,42090850,19867250,19809050,0.01,0.01,0.01,0.10,0.01,0.01,0.01,0.01,0.01,0.01,,0.03,,,,,,0.03,0.01,0.01,0.13,0.08,0.01,0.01,0.01,0.01,0.01,,12597500,815900,3897750,3897750,,0.03,0.01,0.01,0.15,0.01,0.06,0.02,0.02,0.01,0.05
2026/04/11,22,43179300,19635600,19635600,0.01,0.01,0.01,0.01,0.01,0.01,0.01,0.01,0.01,0.01,,0.03,,,,,,0.03,0.03,0.01,0.06,0.03,0.01,0.01,0.01,0.01,0.01,,12719200,852200,3953450,3953450,,0.03,0.01,0.01,0.08,0.01,0.03,0.01,0.02,0.01,0.02
2026/04/11,23,44136550,19827400,19827400,0.01,0.01,0.01,0.01,0.01,0.01,0.01,0.01,0.01,0.01,,0.04,,,,,,0.04,0.02,0.01,0.08,0.01,0.01,0.01,0.01,0.01,0.01,,12893850,897900,3867800,3867800,,0.04,0.01,0.01,0.10,0.01,0.01,0.01,0.01,0.01,0.01
2026/04/11,24,44604150,20057600,20001850,0.01,0.01,0.01,0.10,0.01,0.01,0.01,0.01,0.01,0.01,,0.02,,,,,,0.02,0.01,0.01,0.13,0.01,0.01,0.01,0.01,0.01,0.01,,13008450,926350,3815350,3815350,,0.02,0.01,0.01,0.15,0.01,0.01,0.01,0.01,0.01,0.01
2026/04/11,25,44840600,19835150,19773650,0.01,0.01,0.01,0.10,0.01,0.01,0.01,0.01,0.01,0.01,,0.03,,,,,,0.03,0.01,0.01,0.15,0.01,0.01,0.01,0.01,0.01,0.01,,13062850,940100,3753350,3753350,,0.03,0.01,0.01,0.17,0.01,0.01,0.01,0.01,0.01,0.01
2026/04/11,26,44832050,19918450,19759550,0.01,0.01,0.01,1.01,0.01,0.01,0.01,0.01,0.01,0.01,,0.03,,,,,,0.03,0.01,0.01,1.03,0.01,0.01,0.01,0.01,0.01,0.01,,13233300,963100,3787850,3787850,,0.03,0.01,0.01,1.04,0.01,0.01,0.01,0.01,0.01,0.01
2026/04/11,27,44221500,20233550,19930650,0.01,0.01,0.01,5.01,0.01,0.01,0.01,0.01,0.01,0.01,,0.05,,,,,,0.05,0.01,0.01,5.01,0.01,0.01,0.01,0.01,0.01,0.01,,13284700,979500,3842500,3842500,,0.05,0.01,0.01,5.01,0.01,0.01,0.01,0.01,0.01,0.01
2026/04/11,28,43395050,20518400,20032300,0.01,0.01,0.01,11.45,0.01,0.01,0.01,0.01,0.01,0.01,,0.05,,,,,,0.05,0.01,0.01,11.45,0.01,0.01,0.01,0.01,0.01,0.01,,13290300,967350,3862800,3859250,,0.05,0.01,0.01,11.44,0.01,0.01,0.01,0.01,0.01,0.01
2026/04/11,29,42407950,20388400,19796800,0.01,0.01,0.01,13.21,0.01,0.01,0.01,0.01,0.01,0.01,,0.08,,,,,,0.08,0.01,0.01,13.23,0.07,0.01,0.01,0.01,0.01,0.01,,13261400,1128850,3688050,3683050,,0.08,0.01,0.01,13.24,0.01,0.04,0.02,0.02,0.01,0.05
2026/04/11,30,40987300,20312950,19461500,0.01,0.01,0.01,13.76,0.03,0.03,0.03,0.03,0.01,0.01,,0.06,,,,,,0.06,0.02,0.01,13.77,0.12,0.03,0.03,0.03,0.01,0.01,,13198550,1103500,3743900,3738900,,0.06,0.01,0.01,13.77,0.04,0.07,0.05,0.06,0.01,0.05
2026/04/11,31,39616300,20886450,19124850,1.00,0.01,0.01,15.78,8.67,8.67,8.67,8.67,0.01,0.01,,1.06,,,,,,1.06,0.03,0.01,15.78,8.24,8.60,8.63,8.34,0.01,0.01,,13153350,1061400,3834400,3829400,,1.06,0.02,0.01,15.78,8.65,8.67,8.67,8.63,0.01,0.10
2026/04/11,32,37473400,19591050,18334250,2.00,0.30,0.30,13.76,11.11,11.11,11.11,11.11,0.01,0.01,,2.08,,,,,,2.08,0.40,0.30,13.76,10.89,11.08,11.02,10.44,0.01,0.01,,12963100,1015900,3154900,3149900,,2.08,0.35,0.31,13.76,10.98,11.11,11.17,10.95,0.01,0.12
2026/04/11,33,35681400,19526600,18048100,3.00,1.00,1.00,17.54,4.60,4.60,4.60,4.60,0.01,0.01,,3.06,,,,,,3.06,1.50,1.01,17.54,4.61,4.60,4.61,4.67,0.07,0.01,,12574300,1137000,1867800,1860800,,3.06,1.21,1.09,17.54,4.64,4.68,4.61,4.58,0.03,0.01
2026/04/11,34,32772100,19349850,16424800,5.00,5.00,5.00,13.76,6.82,6.82,6.82,6.82,0.01,3.00,,5.06,,,,,,5.06,5.49,5.01,13.78,6.83,6.82,6.80,6.75,0.10,3.01,,12142750,1269300,839900,737900,,5.06,5.01,5.12,13.79,6.80,6.82,6.83,6.76,0.04,3.00
2026/04/11,35,30702450,20278250,15963000,11.27,8.26,8.26,17.54,11.99,10.66,10.66,10.66,3.00,9.03,,11.29,,,,,,11.29,8.28,8.27,17.53,12.03,10.67,10.65,10.67,3.00,9.03,,11829200,1277200,668400,566400,,11.29,8.26,8.27,17.53,11.98,10.66,10.66,10.66,3.00,9.03
2026/04/11,36,29974500,21410150,16284550,15.84,13.11,13.11,18.26,18.26,14.84,14.84,14.84,8.45,12.00,,15.84,,,,,,15.84,13.12,13.12,18.22,18.25,14.85,14.82,14.85,8.52,11.86,,11896750,1491650,661400,559400,,15.84,13.12,13.11,18.24,18.17,14.83,14.82,14.83,8.46,11.93
2026/04/11,37,30287100,22158500,16566900,16.99,12.28,12.28,18.42,18.42,18.42,18.42,18.42,14.90,15.50,,16.99,,,,,,16.99,12.36,12.29,18.33,18.50,18.44,18.39,18.36,14.85,15.45,,11879400,1623850,570200,437600,,16.99,12.30,12.30,18.45,18.12,18.41,18.42,18.44,14.91,15.47
2026/04/11,38,30833050,22350500,16951350,16.50,10.35,10.35,19.45,16.66,15.98,15.98,15.98,15.36,15.98,,16.47,,,,,,16.47,10.49,10.36,19.36,16.82,15.98,15.91,15.88,15.20,15.91,,12236750,1863950,469050,436450,,16.47,10.38,10.38,19.44,16.62,15.86,15.98,15.98,15.37,15.78
2026/04/11,39,30909900,22391700,16930200,16.36,10.35,10.35,19.01,16.48,15.98,15.98,15.98,15.98,15.98,,16.33,,,,,,16.33,10.53,10.36,18.93,16.55,15.97,15.94,15.91,15.75,15.92,,12291750,1897000,466600,434250,,16.33,10.41,10.38,18.97,16.41,15.95,15.98,15.98,15.97,15.80
2026/04/11,40,30996750,22108800,16903900,16.30,10.35,10.35,19.45,16.48,14.84,14.84,14.84,14.84,14.84,,16.26,,,,,,16.26,10.53,10.36,19.38,16.54,14.84,14.80,14.74,14.80,14.80,,12368150,1919400,461250,428900,,16.26,10.42,10.38,19.40,16.36,14.83,14.84,14.84,14.77,14.76
2026/04/11,41,30778500,21844050,16512100,16.00,10.29,10.29,18.07,16.48,14.76,14.76,14.76,14.76,14.76,,15.94,,,,,,15.94,10.36,10.30,18.02,16.47,14.76,14.68,14.66,14.72,14.72,,12156800,1840700,459400,457650,,15.94,10.31,10.30,18.06,16.33,14.74,14.76,14.76,14.64,14.62
2026/04/11,42,30529550,21493500,16581200,16.00,9.17,9.17,18.80,16.36,14.50,14.50,14.50,14.50,14.50,,15.90,,,,,,15.90,9.25,9.18,18.75,16.32,14.50,14.33,14.41,14.46,14.46,,12092850,1911050,451050,449300,,15.90,9.20,9.18,18.76,16.15,14.47,14.50,14.50,14.37,14.21
2026/04/11,43,30316000,21107150,16555200,16.18,6.00,6.00,19.06,17.86,12.00,12.00,12.00,12.00,12.00,,15.98,,,,,,15.98,6.16,6.01,18.97,17.86,12.00,11.84,11.97,11.99,11.95,,11906250,1859700,406600,406600,,15.98,6.04,6.03,19.01,17.64,11.98,12.00,12.00,11.85,11.71
2026/04/11,44,29798300,20492200,16059800,15.70,5.00,5.00,18.04,17.27,13.43,13.43,13.43,13.43,13.43,,15.59,,,,,,15.59,5.14,5.01,18.02,17.23,13.43,13.40,13.40,13.41,13.39,,11628800,1668900,469400,469400,,15.59,5.06,5.02,18.01,17.21,13.43,13.43,13.43,13.30,13.41
2026/04/11,45,30036600,20834200,16704150,16.30,1.00,1.00,18.41,18.41,14.19,14.19,14.19,14.19,14.19,,16.09,,,,,,16.09,1.94,1.02,18.36,18.39,14.20,14.17,14.10,14.13,14.12,,11394700,1469950,438200,438200,,16.09,1.30,1.17,18.39,18.32,14.19,14.19,14.15,14.18,14.07
2026/04/11,46,30000250,20188000,16462300,15.74,1.00,1.00,18.06,18.06,12.00,12.00,12.00,12.00,12.00,,15.46,,,,,,15.46,1.72,1.01,18.02,18.05,12.01,11.94,11.87,12.01,11.96,,11336150,1480150,467000,467000,,15.46,1.23,1.14,18.04,17.99,11.96,12.00,12.00,12.00,11.81
2026/04/11,47,29551550,19788150,16122250,15.80,1.00,1.00,18.10,18.10,12.50,12.50,12.50,12.50,12.50,,15.52,,,,,,15.52,1.69,1.01,18.05,18.08,12.51,12.43,12.38,12.48,12.38,,11228850,1481900,465700,465700,,15.52,1.22,1.13,18.08,17.99,12.47,12.50,12.47,12.46,12.30
2026/04/11,48,29281300,18876750,15039250,12.00,0.43,0.43,16.65,16.65,8.84,8.84,8.84,8.84,8.84,,11.90,,,,,,11.90,1.22,0.44,16.64,16.64,8.84,8.84,8.90,8.84,8.84,,11001650,1508300,329700,329700,,11.90,0.68,0.58,16.65,16.61,8.90,8.84,8.84,8.84,8.84
2026/04/12,1,26281000,18898350,16244150,14.89,6.60,6.60,18.04,16.18,14.19,14.19,14.19,8.62,14.13,,14.85,,,,,,14.85,6.61,6.61,18.00,16.17,14.20,14.17,14.17,8.67,14.04,,8307050,1289400,1269350,1095350,,14.85,6.62,6.60,17.97,15.98,14.15,14.19,14.19,8.62,14.13
2026/04/12,2,27507800,18670400,16142900,13.43,9.00,9.00,17.52,16.26,10.36,10.36,10.36,8.65,10.36,,13.38,,,,,,13.38,9.04,9.00,17.49,16.15,10.36,10.36,10.35,8.57,10.34,,9469500,1657850,1565450,1291450,,13.38,9.04,9.00,17.47,15.74,10.35,10.36,10.36,8.65,10.36
2026/04/12,3,27714900,18140850,15628700,11.32,9.17,9.17,15.17,15.17,13.95,13.95,13.95,8.65,12.00,,11.33,,,,,,11.33,9.20,9.17,15.18,15.05,13.95,13.94,13.91,8.56,11.99,,9707900,1642850,1733150,1359150,,11.33,9.20,9.17,15.18,14.74,13.94,13.95,13.95,8.65,12.00
2026/04/12,4,27620700,18377050,15520950,11.87,9.17,9.17,15.58,15.58,14.32,14.32,14.32,8.84,13.30,,11.91,,,,,,11.91,9.20,9.17,15.58,15.54,14.34,14.28,14.32,8.84,13.30,,9687300,1541900,1862500,1388500,,11.91,9.20,9.17,15.58,15.39,14.31,14.32,14.32,8.84,13.30
2026/04/12,5,27629900,18402700,15566200,12.14,9.17,9.17,15.92,15.92,14.19,14.19,14.19,8.65,12.00,,12.19,,,,,,12.19,9.20,9.17,15.89,15.92,14.19,14.19,14.15,8.70,12.00,,9572300,1413150,1563050,1163050,,12.19,9.20,9.17,15.92,15.78,14.18,14.19,14.19,8.65,12.00
2026/04/12,6,27503500,18860000,15674050,14.09,9.17,9.17,16.11,16.11,15.89,15.89,15.89,9.13,12.00,,14.09,,,,,,14.09,9.19,9.18,16.07,16.11,15.89,15.82,15.88,8.93,12.01,,9520950,1357500,1589250,1189250,,14.09,9.20,9.17,16.10,15.97,15.66,15.89,15.89,9.06,12.00
2026/04/12,7,27488500,19353000,16186400,14.89,9.17,9.17,17.22,16.48,16.48,16.48,16.48,12.14,10.00,,14.86,,,,,,14.86,9.19,9.18,17.16,16.46,16.42,16.40,16.44,12.09,10.00,,9381650,1324200,1421350,1021350,,14.86,9.20,9.17,17.17,16.28,16.37,16.48,16.48,12.14,10.00
2026/04/12,8,27469100,19546350,16298000,14.89,9.23,9.23,17.49,16.59,16.59,16.59,16.59,8.65,9.03,,14.85,,,,,,14.85,9.25,9.23,17.42,16.57,16.55,16.50,16.56,8.29,9.03,,9322700,1303350,1431300,1031300,,14.85,9.26,9.23,17.42,16.42,16.46,16.59,16.59,8.55,9.03
2026/04/12,9,27551300,19385500,16022700,14.32,9.17,9.17,16.41,16.41,16.41,16.41,16.41,9.13,10.00,,14.32,,,,,,14.32,9.19,9.17,16.38,16.40,16.40,16.33,16.39,9.13,9.99,,9438200,1321750,1514350,968350,,14.32,9.20,9.17,16.38,16.24,16.34,16.41,16.45,9.13,10.00
2026/04/12,10,27739450,19905850,16456400,15.00,9.17,9.17,17.09,16.60,16.60,16.60,16.60,9.23,9.03,,14.97,,,,,,14.97,9.20,9.17,17.04,16.55,16.60,16.48,16.57,9.23,9.02,,9509950,1310150,1505000,959000,,14.97,9.20,9.17,17.05,16.40,16.27,16.60,16.60,9.23,9.03
2026/04/12,11,27103050,19200250,15779900,15.00,9.17,9.17,17.49,16.60,16.48,16.48,16.48,9.23,9.03,,14.96,,,,,,14.96,9.19,9.18,17.47,16.54,16.48,16.26,16.45,9.30,9.02,,9524100,1325350,1478350,932350,,14.96,9.19,9.17,17.47,16.36,16.04,16.48,16.48,9.23,9.03
2026/04/12,12,27353500,18457300,15362300,13.13,9.17,9.17,15.81,15.81,14.76,14.76,14.76,13.72,9.03,,13.15,,,,,,13.15,9.20,9.18,15.77,15.79,14.76,14.74,14.75,13.76,9.02,,9830300,1370600,1443800,997800,,13.15,9.20,9.17,15.81,15.67,14.78,14.76,14.76,13.72,9.03
2026/04/12,13,28112750,18072650,15297250,13.21,9.17,3.00,14.50,14.50,14.50,14.50,14.50,9.23,14.50,,13.14,,,,,,13.14,8.99,3.01,14.45,14.48,14.49,14.31,14.36,9.23,14.42,,9885400,1064800,1369150,1169150,,13.14,9.18,3.05,14.50,14.20,14.33,14.45,14.41,9.23,14.43
2026/04/12,14,29516050,17263700,15199250,9.25,0.01,0.01,11.39,11.39,11.39,11.39,11.39,8.62,11.39,,9.23,,,,,,9.23,0.04,0.01,11.32,11.39,11.39,11.35,11.35,8.60,11.39,,10301750,1031850,1714850,1614850,,9.23,0.04,0.01,11.39,11.07,11.35,11.39,11.39,8.62,11.39
2026/04/12,15,31559100,17660750,16302600,7.63,0.01,0.01,9.69,9.69,9.69,9.69,9.69,8.45,9.03,,7.65,,,,,,7.65,0.01,0.01,9.71,9.69,9.69,9.69,9.67,8.48,9.03,,10853650,1020200,2381200,2381200,,7.65,0.01,0.01,9.69,9.72,9.71,9.69,9.69,8.45,9.03
2026/04/12,16,33807250,17529350,16473850,2.90,0.01,0.01,5.00,6.91,6.91,6.91,6.91,6.91,6.91,,3.01,,,,,,3.01,0.01,0.01,5.14,6.91,6.91,6.91,6.96,6.93,6.91,,11297700,1019050,2584100,2584100,,3.01,0.01,0.01,5.02,6.92,7.58,6.91,6.91,6.91,6.92
2026/04/12,17,35529150,16812750,16709000,0.01,0.01,0.01,0.02,0.02,0.02,0.02,0.02,0.02,0.02,,0.08,,,,,,0.08,0.01,0.01,0.14,0.02,0.02,0.14,0.02,0.02,0.02,,11651750,749950,2661050,2661050,,0.08,0.01,0.01,0.07,0.10,0.12,0.16,0.11,0.11,0.22
2026/04/12,18,37546400,17276150,17276150,0.01,0.01,0.01,0.01,0.01,0.01,0.01,0.01,0.01,0.01,,0.01,,,,,,0.01,0.01,0.01,0.02,0.01,0.01,0.01,0.01,0.01,0.01,,11859700,747900,3268700,3268700,,0.01,0.01,0.01,0.01,0.02,0.01,0.01,0.02,0.01,0.01
2026/04/12,19,39130750,18077300,18077300,0.01,0.01,0.01,0.01,0.01,0.01,0.01,0.01,0.01,0.01,,0.01,,,,,,0.01,0.01,0.01,0.01,0.01,0.01,0.01,0.01,0.01,0.01,,12102750,821900,3732800,3732800,,0.01,0.01,0.01,0.01,0.01,0.01,0.01,0.01,0.01,0.01
2026/04/12,20,40557400,18085450,18085450,0.01,0.01,0.01,0.01,0.01,0.01,0.01,0.01,0.01,0.01,,0.01,,,,,,0.01,0.01,0.01,0.01,0.01,0.01,0.01,0.01,0.01,0.01,,12198200,871350,3683750,3683750,,0.01,0.01,0.01,0.01,0.01,0.01,0.01,0.01,0.01,0.01
2026/04/12,21,41687400,17643000,17643000,0.01,0.01,0.01,0.01,0.01,0.01,0.01,0.01,0.01,0.01,,0.01,,,,,,0.01,0.01,0.01,0.01,0.01,0.01,0.01,0.01,0.01,0.01,,12288250,906200,3714850,3714850,,0.01,0.01,0.01,0.01,0.01,0.01,0.01,0.01,0.01,0.01
2026/04/12,22,42645400,17736500,17736500,0.01,0.01,0.01,0.01,0.01,0.01,0.01,0.01,0.01,0.01,,0.01,,,,,,0.01,0.01,0.01,0.01,0.01,0.01,0.01,0.01,0.01,0.01,,12429900,921550,3871300,3871300,,0.01,0.01,0.01,0.01,0.01,0.01,0.01,0.01,0.01,0.01
2026/04/12,23,43290200,17900800,17900800,0.01,0.01,0.01,0.01,0.01,0.01,0.01,0.01,0.01,0.01,,0.01,,,,,,0.01,0.01,0.01,0.01,0.01,0.01,0.01,0.01,0.01,0.01,,12650050,934550,3910350,3910350,,0.01,0.01,0.01,0.01,0.01,0.01,0.01,0.01,0.01,0.01
2026/04/12,24,43648050,17919850,17919850,0.01,0.01,0.01,0.01,0.01,0.01,0.01,0.01,0.01,0.01,,0.01,,,,,,0.01,0.01,0.01,0.01,0.01,0.01,0.01,0.01,0.01,0.01,,12766100,944800,3909900,3909900,,0.01,0.01,0.01,0.01,0.01,0.01,0.01,0.01,0.01,0.01
2026/04/12,25,43580600,18002750,18002750,0.01,0.01,0.01,0.01,0.01,0.01,0.01,0.01,0.01,0.01,,0.01,,,,,,0.01,0.01,0.01,0.01,0.01,0.01,0.01,0.01,0.01,0.01,,12786000,941250,3897000,3897000,,0.01,0.01,0.01,0.01,0.01,0.01,0.01,0.01,0.01,0.01
2026/04/12,26,43477150,17911350,17911350,0.01,0.01,0.01,0.01,0.01,0.01,0.01,0.01,0.01,0.01,,0.01,,,,,,0.01,0.01,0.01,0.01,0.01,0.01,0.01,0.01,0.01,0.01,,12962200,947350,3846250,3846250,,0.01,0.01,0.01,0.01,0.01,0.01,0.01,0.01,0.01,0.01
2026/04/12,27,42973450,18029800,18029800,0.01,0.01,0.01,0.01,0.01,0.01,0.01,0.01,0.01,0.01,,0.01,,,,,,0.01,0.01,0.01,0.01,0.01,0.01,0.01,0.01,0.01,0.01,,13094900,947500,3751250,3751250,,0.01,0.01,0.01,0.01,0.01,0.01,0.01,0.01,0.01,0.01
2026/04/12,28,41967950,18189400,18189400,0.01,0.01,0.01,0.01,0.01,0.01,0.01,0.01,0.01,0.01,,0.01,,,,,,0.01,0.01,0.01,0.01,0.01,0.01,0.01,0.01,0.01,0.01,,13171000,933950,3716900,3716900,,0.01,0.01,0.01,0.02,0.01,0.01,0.01,0.01,0.01,0.01
2026/04/12,29,40789850,18016150,18016150,0.01,0.01,0.01,0.01,0.01,0.01,0.01,0.01,0.01,0.01,,0.02,,,,,,0.02,0.01,0.01,0.04,0.01,0.01,0.01,0.01,0.01,0.01,,13207550,922900,3583350,3583350,,0.02,0.01,0.01,0.05,0.01,0.01,0.01,0.01,0.01,0.01
2026/04/12,30,39246350,18126700,18052500,0.01,0.01,0.01,0.02,0.01,0.01,0.01,0.01,0.01,0.01,,0.01,,,,,,0.01,0.01,0.01,0.03,0.01,0.01,0.01,0.01,0.01,0.01,,13057400,888450,3565150,3565150,,0.01,0.01,0.01,0.03,0.01,0.01,0.01,0.01,0.01,0.01
2026/04/12,31,37526500,18354750,17877850,0.02,0.01,0.01,2.95,1.50,1.50,1.50,1.50,0.01,0.50,,0.07,,,,,,0.07,0.01,0.01,2.99,1.49,1.49,1.50,1.49,0.01,0.50,,12912350,807350,3559350,3559350,,0.07,0.01,0.01,3.01,1.49,1.50,1.50,1.50,0.01,0.50
2026/04/12,32,35573150,18533850,17024250,4.00,0.01,0.01,15.22,8.40,8.40,8.40,8.40,0.01,8.40,,4.06,,,,,,4.06,0.01,0.01,15.19,8.35,8.40,8.39,8.04,0.01,8.37,,12721200,762350,3026450,3001950,,4.06,0.01,0.01,15.17,8.30,8.38,8.39,8.29,0.01,8.39
2026/04/12,33,33720800,19292550,17489250,6.91,0.01,0.01,17.92,8.25,8.25,8.25,8.25,0.01,8.25,,6.92,,,,,,6.92,0.04,0.01,17.92,8.24,8.25,8.24,8.23,0.01,8.24,,12240700,1126450,1891900,1847900,,6.92,0.04,0.01,17.93,8.21,8.24,8.25,8.25,0.01,8.25
2026/04/12,34,31718400,18741450,16542850,8.22,1.00,1.00,17.49,11.32,8.40,8.40,8.40,0.02,8.40,,8.22,,,,,,8.22,1.08,1.00,17.49,11.28,8.40,8.39,8.40,0.02,8.40,,11720650,1137400,1101150,950150,,8.22,1.06,1.01,17.49,11.16,8.39,8.40,8.40,0.02,8.40
2026/04/12,35,30552100,19789450,16776750,14.45,8.77,8.77,19.83,11.38,11.38,11.38,11.38,6.91,11.38,,14.41,,,,,,14.41,8.78,8.77,19.82,11.38,11.38,11.36,11.37,6.82,11.37,,11411300,1184500,956150,791650,,14.41,8.77,8.77,19.82,11.33,11.36,11.38,11.38,6.89,11.38
2026/04/12,36,30475700,21395000,17067050,17.69,15.00,15.00,24.46,17.09,17.09,17.09,17.09,6.91,17.09,,17.65,,,,,,17.65,15.00,15.00,24.44,17.09,17.09,17.01,17.02,6.69,16.96,,11159650,1188650,927800,717800,,17.65,15.00,15.00,24.43,17.04,16.68,17.09,17.05,6.85,17.02
2026/04/12,37,30373100,22042550,17676650,18.42,10.35,14.00,25.68,17.82,17.82,17.82,17.82,8.62,17.82,,18.37,,,,,,18.37,10.37,14.00,25.63,17.82,17.81,17.74,17.74,8.11,17.73,,11256200,1262300,770050,498950,,18.37,10.37,14.00,25.61,17.76,17.33,17.82,17.82,8.46,17.80
2026/04/12,38,30158350,22726750,17835600,18.42,9.17,14.99,25.84,18.00,18.00,18.00,18.00,14.02,18.00,,18.41,,,,,,18.41,9.55,14.99,25.80,18.00,17.99,17.95,17.95,13.98,17.99,,11337350,1361000,668200,423600,,18.41,9.31,15.00,25.78,17.94,17.89,17.99,18.00,14.01,17.98
2026/04/12,39,30130250,22643050,17733300,18.42,15.64,15.64,25.68,17.82,17.82,17.82,17.82,14.00,17.82,,18.41,,,,,,18.41,15.69,15.64,25.64,17.82,17.81,17.76,17.77,14.00,17.82,,11311150,1464300,669400,425050,,18.41,15.65,15.65,25.62,17.79,17.60,17.81,17.82,14.00,17.80
2026/04/12,40,30005100,22545500,17537450,18.04,16.32,16.32,25.38,16.93,16.93,16.93,16.93,13.50,16.93,,18.04,,,,,,18.04,16.35,16.32,25.33,16.93,16.93,16.89,16.91,13.50,16.93,,11369200,1487900,767050,422700,,18.04,16.33,16.32,25.31,16.91,16.80,16.92,16.93,13.50,16.92
2026/04/12,41,30161100,22308800,17562400,18.00,16.34,16.34,25.22,16.58,16.58,16.58,16.58,13.13,16.58,,18.00,,,,,,18.00,16.38,16.34,25.17,16.57,16.58,16.54,16.56,13.09,16.58,,11385450,1489650,864900,420550,,18.00,16.34,16.35,25.15,16.55,16.48,16.57,16.58,13.12,16.56
2026/04/12,42,30030050,22258750,17559150,17.93,15.99,15.99,25.38,16.48,16.48,16.48,16.48,13.43,16.48,,17.93,,,,,,17.93,16.00,15.99,25.33,16.48,16.48,16.44,16.46,13.39,16.48,,11436350,1514000,950000,405650,,17.93,15.99,15.99,25.31,16.45,16.38,16.47,16.48,13.42,16.47
2026/04/12,43,29740300,21966300,17431900,17.53,16.52,16.52,25.00,16.42,16.42,16.42,16.42,12.14,16.42,,17.53,,,,,,17.53,16.52,16.52,24.98,16.42,16.42,16.38,16.40,12.14,16.41,,11213400,1489000,1018250,376150,,17.53,16.52,16.52,24.97,16.40,16.34,16.41,16.42,12.14,16.41
2026/04/12,44,29196050,21462400,17049700,17.30,16.34,16.34,25.00,16.09,16.09,16.09,16.09,9.13,16.09,,17.31,,,,,,17.31,16.34,16.34,24.96,16.09,16.09,16.07,16.07,9.13,16.09,,10989100,1483600,1065350,459850,,17.31,16.34,16.34,24.94,16.06,16.08,16.09,16.09,9.13,16.09
2026/04/12,45,29529250,20863800,16986200,17.26,16.15,16.15,24.61,16.11,16.11,16.11,16.11,12.50,16.11,,17.26,,,,,,17.26,16.15,16.15,24.59,16.12,16.11,16.07,16.10,12.50,16.11,,10792050,1519950,948300,425300,,17.26,16.15,16.15,24.58,16.09,16.04,16.10,16.11,12.50,16.10
2026/04/12,46,29288550,20158650,16580100,16.69,16.70,16.70,21.78,14.89,14.89,14.89,14.89,9.23,14.89,,16.68,,,,,,16.68,16.70,16.70,21.74,14.89,14.89,14.86,14.89,9.23,14.89,,10683900,1524750,831950,422950,,16.68,16.70,16.70,21.71,14.87,14.87,14.89,14.89,9.23,14.86
2026/04/12,47,28298400,19698850,16169050,17.32,17.41,17.41,20.00,16.63,15.50,15.50,15.50,9.23,15.50,,17.39,,,,,,17.39,17.41,17.41,20.15,16.63,15.48,15.47,15.49,9.23,15.43,,10553350,1514550,730650,421150,,17.39,17.41,17.41,20.22,16.53,15.45,15.50,15.50,9.23,15.49
2026/04/12,48,27816050,18710650,15756950,15.94,15.99,15.99,19.83,16.47,12.74,12.74,12.74,9.23,12.74,,16.34,,,,,,16.34,15.91,15.97,20.74,16.46,12.74,12.71,12.74,9.23,12.73,,10234300,1601750,535550,315050,,16.34,15.90,15.99,21.18,16.30,12.73,12.74,12.74,9.23,12.74
2026/04/13,1,23902200,19013550,15539700,15.56,15.00,15.00,17.28,16.92,12.96,12.96,12.96,8.65,12.96,,15.89,,,,,,15.89,15.13,15.00,18.11,16.88,12.96,12.96,12.96,8.65,12.96,,6914400,1409100,831050,591500,,15.89,15.04,15.03,18.53,16.86,12.96,12.96,12.96,8.65,12.96
2026/04/13,2,24607150,19026350,14927700,14.09,16.25,16.25,16.97,16.97,9.50,9.50,9.50,8.65,9.50,,14.27,,,,,,14.27,16.37,16.25,17.35,16.91,9.50,9.50,9.50,8.65,9.50,,8165400,1599200,954450,583900,,14.27,16.25,16.34,17.52,16.89,9.50,9.50,9.50,8.65,9.50
2026/04/13,3,25055250,19044050,14804350,13.85,16.85,16.85,16.85,16.85,9.26,9.26,9.26,8.65,9.26,,13.95,,,,,,13.95,17.02,16.85,16.97,16.85,9.26,9.26,9.26,8.66,9.26,,8682250,1614700,1114650,582600,,13.95,16.86,16.97,16.91,16.99,9.26,9.26,9.26,8.65,9.26
2026/04/13,4,25370200,19155600,14911700,13.85,17.00,17.00,17.00,17.00,9.30,9.30,9.30,8.65,9.30,,13.96,,,,,,13.96,17.10,16.99,17.16,16.98,9.30,9.30,9.30,8.66,9.30,,9011450,1631800,1120300,573750,,13.96,17.01,17.27,17.08,16.97,9.30,9.30,9.30,8.65,9.30
2026/04/13,5,25741100,19502100,15098850,14.84,17.15,17.15,17.15,17.15,12.00,12.00,12.00,8.65,12.00,,14.88,,,,,,14.88,17.20,17.15,17.23,17.15,12.00,11.96,12.00,8.71,12.00,,9126450,1738450,1127800,559750,,14.88,17.15,17.16,17.25,17.19,12.00,12.00,12.00,8.66,11.92
2026/04/13,6,25829050,20082500,15236650,15.03,17.50,17.50,17.50,17.50,14.84,14.84,14.84,8.65,14.84,,15.09,,,,,,15.09,17.55,17.50,17.58,17.50,14.84,14.82,14.84,8.71,14.84,,9151250,1717900,1140700,560150,,15.09,17.50,17.51,17.60,17.52,14.73,14.84,14.84,8.66,14.84
2026/04/13,7,25909300,20668750,15604400,16.05,18.04,18.04,18.04,18.04,16.48,16.48,16.48,9.13,16.48,,16.09,,,,,,16.09,18.05,18.02,18.14,18.06,16.48,16.35,16.48,9.09,16.30,,9269450,1754600,1024500,422950,,16.09,18.04,18.04,18.19,18.04,16.28,16.48,16.48,9.12,16.22
2026/04/13,8,25758400,20884750,15587200,16.65,18.18,18.18,18.18,18.18,17.09,17.09,17.09,14.69,17.09,,16.68,,,,,,16.68,18.32,18.16,18.28,18.21,17.09,16.88,17.09,14.69,16.95,,9238750,1791450,923200,423150,,16.68,18.18,18.18,18.34,18.18,16.78,17.09,17.09,14.69,16.72
2026/04/13,9,25802150,20974650,15518250,16.80,18.21,18.21,18.21,18.21,18.21,18.21,18.21,9.13,18.21,,16.83,,,,,,16.83,18.29,18.19,18.32,18.24,18.21,17.93,18.21,9.07,18.08,,9333100,1769200,914850,414800,,16.83,18.22,18.21,18.37,18.22,17.70,18.21,18.21,9.11,17.77
2026/04/13,10,25983050,21083850,15613350,16.77,18.46,18.46,18.46,18.46,17.09,17.09,17.09,12.06,17.09,,16.77,,,,,,16.77,18.78,18.46,18.58,18.50,17.09,16.61,17.09,12.06,17.08,,9579500,1877100,913500,415450,,16.77,18.46,18.56,18.59,18.51,16.39,17.09,17.09,12.06,16.38
2026/04/13,11,26193350,21613600,16084650,17.09,19.91,19.91,19.91,19.91,16.60,16.60,16.60,14.20,16.60,,17.08,,,,,,17.08,19.80,19.90,20.00,19.95,16.60,16.19,16.60,14.20,16.57,,9763100,1998350,917650,417600,,17.08,19.93,20.10,19.97,19.87,15.81,16.60,16.60,14.20,16.03
2026/04/13,12,26543200,21634200,16233700,16.48,18.91,20.00,20.00,20.00,14.89,14.89,14.89,9.23,14.89,,16.52,,,,,,16.52,19.05,19.99,20.10,20.02,14.89,14.73,14.89,9.23,14.88,,9965850,2114350,796350,313800,,16.52,18.92,20.21,20.05,19.96,14.37,14.89,14.89,9.23,14.78
2026/04/13,13,27254200,21888500,16584500,16.20,17.22,18.04,18.04,18.04,15.01,15.01,15.01,12.06,15.01,,16.22,,,,,,16.22,17.40,18.02,18.11,18.01,15.01,14.92,15.01,12.03,15.01,,10107450,2169450,808150,328600,,16.22,17.23,18.07,18.14,17.93,14.92,15.02,15.01,12.05,14.86
2026/04/13,14,28846500,22486050,17564000,15.70,15.00,15.00,17.82,17.82,14.84,14.84,14.84,6.93,14.84,,15.72,,,,,,15.72,15.10,14.99,17.89,17.80,14.84,14.77,14.84,6.76,14.83,,10479050,2306550,910250,439200,,15.72,15.00,15.04,17.93,17.71,14.80,14.84,14.84,6.88,14.72
2026/04/13,15,30446350,22775800,18479350,14.41,11.58,11.58,16.96,16.96,14.84,14.84,14.84,3.00,14.84,,14.47,,,,,,14.47,11.58,11.58,17.02,16.95,14.84,14.84,14.82,3.00,14.83,,10882550,2414650,1069600,842050,,14.47,11.58,11.58,17.03,16.98,14.83,14.84,14.84,3.00,14.82
2026/04/13,16,31970150,23306650,19596950,12.23,8.54,8.54,16.40,16.40,12.00,12.00,12.00,2.05,12.00,,12.33,,,,,,12.33,8.54,8.57,16.48,16.39,12.00,12.00,12.00,2.05,12.00,,11121700,2545200,1219750,996000,,12.33,8.54,8.55,16.46,16.49,12.00,12.00,12.00,2.05,11.99
2026/04/13,17,33491750,24320200,20794700,12.75,8.31,8.31,15.74,15.74,14.76,14.76,14.76,0.02,14.76,,12.85,,,,,,12.85,8.31,8.31,15.87,15.73,14.76,14.75,14.74,0.02,14.75,,11470000,2749550,1235200,1118650,,12.85,8.31,8.31,15.85,15.87,14.76,14.76,14.73,0.02,14.74
2026/04/13,18,34715550,25289400,21706300,12.50,7.69,7.69,15.74,15.74,15.74,15.74,15.74,0.02,15.74,,12.64,,,,,,12.64,7.69,7.69,15.94,15.73,15.74,15.72,15.74,0.02,15.68,,11660800,2721750,1584500,1533950,,12.64,7.69,7.69,15.89,16.01,15.67,15.74,15.74,0.02,15.70
2026/04/13,19,35675750,25725800,22418200,10.29,6.97,6.97,15.66,15.66,15.66,15.66,12.15,0.01,12.15,,10.47,,,,,,10.47,7.01,6.97,15.89,15.65,15.66,15.65,12.14,0.01,12.12,,11964050,2909300,1594800,1562750,,10.47,6.97,6.98,15.97,15.66,15.57,15.66,12.15,0.01,12.13
2026/04/13,20,36367350,25405600,22885100,8.61,1.00,1.00,15.58,14.19,14.19,14.19,8.84,0.01,8.84,,8.86,,,,,,8.86,1.07,1.00,16.02,14.17,14.19,14.18,8.85,0.03,8.96,,12333800,2935700,1600050,1568000,,8.86,1.03,1.01,16.17,14.15,14.18,14.19,8.94,0.02,8.85
2026/04/13,21,36431200,24139500,22255700,8.40,0.01,0.01,12.41,12.41,12.41,12.41,12.00,0.01,12.00,,8.71,,,,,,8.71,0.03,0.01,13.09,12.42,12.41,12.41,11.81,0.01,11.99,,12439600,2536550,1685550,1655650,,8.71,0.02,0.01,13.30,12.46,12.38,12.42,11.99,0.01,11.91
2026/04/13,22,37315600,23970350,22404850,7.62,0.01,0.01,11.50,11.50,11.50,11.50,8.84,0.01,8.84,,7.87,,,,,,7.87,0.02,0.01,12.05,11.56,11.53,11.50,8.86,0.08,8.87,,12663450,2518150,1761800,1734750,,7.87,0.01,0.01,12.18,11.72,11.52,11.50,8.85,0.03,8.86
2026/04/13,23,37834950,24112900,22552400,7.57,0.01,0.01,12.00,11.44,11.44,11.44,8.61,0.01,8.61,,7.80,,,,,,7.80,0.02,0.01,12.41,11.50,11.46,11.45,8.64,0.01,8.62,,12815900,2543150,1763350,1736300,,7.80,0.01,0.01,12.54,11.52,11.43,11.45,8.62,0.01,8.62
2026/04/13,24,38413100,24312750,22734250,7.57,0.01,0.01,15.58,10.94,10.94,10.94,8.40,0.01,8.40,,7.78,,,,,,7.78,0.02,0.01,15.81,11.04,10.97,10.93,8.43,0.01,8.42,,13062800,2748400,1762850,1735800,,7.78,0.01,0.01,15.88,11.08,10.83,10.95,8.41,0.01,8.43
2026/04/13,25,38950700,23567650,21884850,2.95,0.01,0.01,8.09,8.09,8.09,8.09,8.09,0.01,8.09,,3.20,,,,,,3.20,0.03,0.01,8.30,8.14,8.10,8.12,8.20,0.01,8.15,,13382300,2497250,2139950,1712900,,3.20,0.01,0.01,8.31,8.20,8.64,8.13,8.11,0.01,8.12
2026/04/13,26,39195200,24078500,22097050,5.00,0.01,0.01,12.00,7.00,7.00,7.00,7.00,0.01,7.07,,5.13,,,,,,5.13,0.03,0.01,12.08,7.06,7.01,7.01,7.14,0.01,7.19,,13633750,2706050,2465250,1638200,,5.13,0.01,0.01,12.11,7.03,7.33,7.01,7.04,0.01,7.16
2026/04/13,27,38372000,24442000,22307750,8.00,0.01,0.01,9.73,9.73,9.73,9.73,8.40,0.01,8.40,,8.07,,,,,,8.07,0.04,0.01,9.85,9.80,9.74,9.76,8.61,0.01,8.41,,13344000,2670400,2410800,1583750,,8.07,0.01,0.02,9.88,9.82,9.74,9.81,8.43,0.01,8.49
2026/04/13,28,37576600,24371150,22348150,8.40,0.01,0.01,12.00,11.42,11.42,11.42,8.61,0.01,8.61,,8.51,,,,,,8.51,0.07,0.01,12.12,11.58,11.45,11.48,8.54,0.04,8.73,,13419550,2736900,2012700,1585650,,8.51,0.04,0.02,12.15,11.70,11.43,11.43,8.69,0.02,8.59
2026/04/13,29,36503550,24095200,22401400,7.66,0.03,0.03,12.50,11.71,11.71,11.71,8.40,0.01,8.40,,7.88,,,,,,7.88,0.09,0.03,12.81,11.82,11.83,11.78,8.52,0.05,8.56,,12979050,3395700,1599750,1572700,,7.88,0.05,0.04,12.90,11.89,11.95,11.71,8.53,0.02,8.44
2026/04/13,30,35648900,23600050,21914350,8.40,2.95,2.95,15.58,11.93,9.27,9.27,8.40,0.01,8.40,,8.55,,,,,,8.55,3.02,2.95,15.68,12.04,9.29,9.31,8.48,0.05,8.49,,12696300,3590450,1311600,1279050,,8.55,3.01,2.96,15.73,12.00,9.35,9.31,8.40,0.02,8.50
2026/04/13,31,34409150,23835900,21542000,9.03,7.00,7.00,15.74,12.22,9.28,9.28,8.61,0.01,8.61,,9.20,,,,,,9.20,7.01,7.00,15.86,12.30,9.29,9.33,8.63,0.01,8.80,,11694150,3274000,1125550,1078500,,9.20,7.00,7.00,15.90,12.33,9.32,9.35,8.70,0.01,8.65
2026/04/13,32,33025000,24772550,21273350,15.00,7.78,7.78,17.92,16.48,13.91,13.91,13.91,2.00,13.91,,15.26,,,,,,15.26,7.82,7.78,18.48,16.53,13.91,13.92,13.91,2.00,13.93,,11552200,3331450,864350,799550,,15.26,7.78,7.79,18.67,16.54,13.94,13.91,13.92,2.00,13.91
2026/04/13,33,32489150,24825700,21041800,15.74,10.35,10.35,18.04,14.32,14.32,14.32,14.32,5.00,14.32,,15.76,,,,,,15.76,10.40,10.36,18.12,14.34,14.32,14.31,14.32,5.00,14.32,,11404050,3500150,775200,657400,,15.76,10.41,10.35,18.14,14.34,14.30,14.32,14.34,5.00,14.30
2026/04/13,34,30797300,25788750,20470850,17.95,16.84,16.84,21.92,17.27,15.98,15.98,15.98,6.84,15.98,,18.03,,,,,,18.03,16.84,16.84,22.03,17.33,15.98,15.97,15.98,6.84,15.98,,10905550,3527950,720700,497900,,18.03,16.84,16.84,22.07,17.33,15.90,15.98,15.98,6.84,16.00
2026/04/13,35,29501150,26227150,20364250,20.00,18.49,18.49,27.96,27.96,15.98,15.98,15.98,6.84,15.98,,20.13,,,,,,20.13,18.49,18.47,28.02,27.95,15.98,15.98,15.98,6.84,15.98,,10818600,3750150,724300,352350,,20.13,18.43,18.49,28.05,27.91,15.98,15.98,15.98,6.84,15.99
2026/04/13,36,28445650,26918800,20006350,24.50,18.45,18.45,40.00,32.05,15.98,15.98,15.98,6.84,15.98,,24.94,,,,,,24.94,18.44,18.42,40.13,32.08,15.98,15.98,15.98,6.85,15.98,,10462550,3892250,701450,346000,,24.94,18.39,18.45,40.18,32.09,15.98,15.98,15.98,6.84,15.98
2026/04/13,37,27981900,27165700,19774850,26.64,25.00,25.00,45.00,27.95,17.85,17.85,17.85,6.84,17.85,,27.02,,,,,,27.02,24.97,24.97,45.00,28.03,17.85,17.79,17.84,6.84,17.85,,10368500,3800700,733950,344000,,27.02,24.91,25.00,45.00,28.08,17.68,17.85,17.85,6.84,17.84
2026/04/13,38,27873400,27262200,19716600,26.69,30.00,30.00,46.00,28.08,18.03,18.03,18.03,6.93,18.03,,27.09,,,,,,27.09,29.86,29.95,45.95,28.13,18.03,18.02,18.02,6.93,18.02,,10382050,3734000,742600,342650,,27.09,29.86,29.99,45.93,28.15,17.99,18.03,18.03,6.93,18.02
2026/04/13,39,27910050,26624350,19697700,25.09,30.00,30.00,35.83,27.84,18.42,18.42,18.42,6.84,18.42,,25.27,,,,,,25.27,29.86,29.96,35.89,27.86,18.42,18.34,18.41,6.84,18.41,,10369000,3675750,749200,340450,,25.27,29.88,29.99,35.91,27.87,18.16,18.42,18.42,6.84,18.41
2026/04/13,40,28470300,25850450,19558150,21.92,25.09,25.09,25.09,18.37,17.66,17.66,17.66,6.84,17.66,,21.96,,,,,,21.96,25.05,25.08,25.14,18.42,17.66,17.64,17.64,6.84,17.66,,10438650,3729200,726650,338400,,21.96,25.02,25.09,25.16,18.44,17.57,17.66,17.66,6.84,17.66
2026/04/13,41,27972800,25851450,19271500,21.92,30.00,30.00,30.00,18.31,16.48,16.48,16.48,8.39,16.48,,22.03,,,,,,22.03,29.84,29.95,30.02,18.40,16.48,16.47,16.48,8.23,16.48,,10476200,3605100,688900,331100,,22.03,29.84,30.00,30.03,18.44,16.45,16.48,16.48,8.34,16.48
2026/04/13,42,28030650,25691850,19182850,21.00,30.00,30.00,30.00,17.81,15.98,15.98,15.98,12.06,15.98,,21.15,,,,,,21.15,29.83,29.92,30.02,17.90,15.98,15.96,15.98,12.06,15.97,,10787850,3632500,672550,327250,,21.15,29.83,29.99,30.02,17.93,15.91,15.98,15.98,12.06,15.98
2026/04/13,43,27948500,25145300,18998250,19.10,25.29,25.29,25.29,18.26,15.98,15.98,15.98,15.09,15.98,,19.22,,,,,,19.22,25.11,25.22,25.32,18.36,15.98,15.97,15.98,15.08,15.98,,10733750,3537800,702950,322900,,19.22,25.05,25.31,25.32,18.40,15.98,15.98,15.98,15.09,15.96
2026/04/13,44,27853000,24488450,18712550,18.42,24.66,24.66,24.66,18.46,15.98,15.98,15.98,14.78,15.98,,18.55,,,,,,18.55,24.60,24.61,24.70,18.60,15.98,15.97,15.98,14.77,15.98,,10724350,3489200,681100,320050,,18.55,24.60,24.73,24.67,18.65,15.98,15.98,15.98,14.78,15.95
2026/04/13,45,28258500,24638350,19266800,19.00,24.50,24.50,24.50,24.50,15.98,15.98,15.98,14.31,15.98,,19.15,,,,,,19.15,24.44,24.50,24.57,24.50,15.98,15.98,15.98,14.31,15.98,,10583400,3326800,666050,327450,,19.15,24.47,24.56,24.54,24.56,15.98,15.98,15.98,14.31,15.99
2026/04/13,46,28310850,24066450,19023500,18.38,20.69,21.92,21.92,21.92,15.98,15.98,15.98,13.52,15.98,,18.47,,,,,,18.47,20.69,21.92,21.98,21.93,15.98,15.98,15.98,13.52,15.98,,10601700,3335050,564300,325700,,18.47,20.69,22.05,21.93,21.95,15.98,15.98,15.98,13.52,15.99
2026/04/13,47,27604850,23361400,18613300,18.13,17.81,21.92,21.92,21.92,15.00,15.00,15.00,13.82,15.00,,18.19,,,,,,18.19,17.81,21.92,21.96,21.92,15.00,15.00,15.00,13.81,15.00,,10344400,3308750,459800,324700,,18.19,17.81,21.99,21.92,21.95,15.00,15.00,15.00,13.82,15.00
2026/04/13,48,27109700,22509650,18275100,17.66,18.13,19.51,19.51,19.51,14.19,14.19,14.19,13.82,14.19,,17.73,,,,,,17.73,18.12,19.51,19.65,19.52,14.19,14.21,14.19,13.82,14.19,,9619300,3278550,456450,323250,,17.73,18.12,19.52,19.65,19.59,14.19,14.19,14.23,13.82,14.20
2026/04/14,1,24188700,21631350,17821550,16.94,17.32,17.32,17.32,17.32,14.76,14.76,14.76,14.32,14.76,,16.92,,,,,,16.92,17.32,17.32,17.32,17.32,14.76,14.73,14.76,14.27,14.76,,5702950,2309250,607550,520500,,16.92,17.32,17.32,17.32,17.32,14.76,14.76,14.76,14.32,14.70
2026/04/14,2,24939100,21267650,17345150,16.53,17.33,17.33,17.33,17.33,13.28,13.28,13.28,13.28,13.28,,16.52,,,,,,16.52,17.32,17.33,17.33,17.33,13.28,13.27,13.28,13.28,13.28,,7125100,2423150,607700,520650,,16.52,17.33,17.33,17.33,17.33,13.28,13.28,13.28,13.27,13.26
2026/04/14,3,25699000,20993650,16985750,15.75,17.49,17.49,17.49,17.49,10.00,10.00,10.00,10.00,10.00,,15.74,,,,,,15.74,17.47,17.49,17.49,17.49,10.00,10.00,10.00,10.00,10.00,,8031400,2444550,709500,519950,,15.74,17.49,17.49,17.49,17.49,10.00,10.00,10.00,10.00,10.00
2026/04/14,4,25659300,21165200,16966100,16.36,18.04,18.04,18.04,18.04,10.90,10.90,10.90,10.90,10.90,,16.34,,,,,,16.34,18.00,18.04,18.04,18.04,10.90,10.90,10.90,10.90,10.89,,8511400,2502100,809500,519950,,16.34,18.04,18.04,18.04,18.04,10.90,10.90,10.90,10.89,10.90
2026/04/14,5,25725000,21493300,17098150,16.48,18.04,18.04,18.04,18.04,12.06,12.06,12.06,12.06,12.06,,16.47,,,,,,16.47,17.99,18.04,18.04,18.04,12.06,12.06,12.06,12.06,12.05,,8440050,2515700,914250,520700,,16.47,18.04,18.04,18.04,18.03,12.06,12.06,12.06,12.04,12.06
2026/04/14,6,25539400,21885850,17143000,16.66,18.34,18.34,18.34,18.34,14.32,14.32,14.32,8.65,14.32,,16.65,,,,,,16.65,18.26,18.34,18.34,18.34,14.32,14.30,14.32,8.62,14.32,,8187400,2497050,1035250,521200,,16.65,18.34,18.34,18.34,18.33,14.32,14.32,14.32,8.64,14.27
2026/04/14,7,25692250,22317350,17340150,17.32,18.53,18.53,18.53,18.53,14.89,14.89,14.89,6.91,14.89,,17.30,,,,,,17.30,18.40,18.53,18.53,18.53,14.89,14.84,14.88,6.91,14.88,,8005500,2504100,966950,427900,,17.30,18.53,18.53,18.53,18.51,14.89,14.89,14.89,6.91,14.77
2026/04/14,8,25827100,22658300,17539550,17.55,18.43,18.84,18.84,18.84,15.98,15.98,15.98,6.91,15.98,,17.53,,,,,,17.53,18.30,18.84,18.84,18.84,15.98,15.92,15.97,6.91,15.97,,8000300,2500650,1004550,427000,,17.53,18.43,18.84,18.84,18.82,15.98,15.98,15.98,6.91,15.85
2026/04/14,9,25878500,22533750,17337300,17.48,18.69,18.69,18.69,18.69,15.98,15.98,15.98,6.91,15.98,,17.47,,,,,,17.47,18.49,18.69,18.69,18.69,15.98,15.95,15.97,6.91,15.98,,8214950,2602650,1002950,418900,,17.47,18.69,18.69,18.69,18.66,15.98,15.98,15.98,6.91,15.91
2026/04/14,10,26217950,22203050,17292750,17.13,18.21,18.21,18.21,18.21,15.98,15.98,15.98,6.91,15.98,,17.14,,,,,,17.14,18.09,18.21,18.24,18.21,15.98,15.94,15.97,6.91,15.98,,8554900,2616350,1041700,419650,,17.14,18.38,18.21,18.22,18.21,15.98,15.98,15.98,6.91,15.89
2026/04/14,11,26566550,22845450,17908200,18.04,18.61,24.61,24.61,20.77,15.98,15.98,15.98,6.91,15.98,,18.03,,,,,,18.03,18.61,24.60,24.61,20.76,15.98,15.93,15.98,6.91,15.98,,8915750,2626350,1038500,420950,,18.03,18.61,24.61,24.60,20.76,15.98,15.98,15.98,6.91,15.87
2026/04/14,12,26912900,22512100,17943050,17.55,18.53,22.00,22.00,20.46,14.76,14.76,14.76,6.91,14.76,,17.54,,,,,,17.54,18.53,22.00,22.00,20.45,14.75,14.73,14.75,6.91,14.75,,9039200,2690450,849200,317650,,17.54,18.53,22.00,22.00,20.45,14.76,14.76,14.76,6.91,14.69
2026/04/14,13,27396150,22815200,17961800,17.20,18.08,19.31,19.31,19.31,14.76,14.76,14.76,6.91,14.76,,17.15,,,,,,17.15,18.08,19.26,19.29,19.31,14.88,14.70,14.75,6.91,14.75,,9333250,2731600,862000,332600,,17.15,18.08,19.31,19.31,19.25,14.76,14.76,14.76,6.91,14.62
2026/04/14,14,28750650,22763500,18466950,16.16,16.24,17.31,17.31,17.20,14.32,14.32,14.32,8.84,14.32,,16.12,,,,,,16.12,16.24,17.30,17.30,17.20,14.52,14.26,14.31,8.74,14.31,,9963100,2793950,880950,489000,,16.12,16.24,17.32,17.31,17.17,14.32,14.32,14.35,8.81,14.20
2026/04/14,15,30357500,23204150,19705250,14.76,14.16,14.16,16.29,14.19,14.19,14.19,14.19,13.13,14.00,,14.77,,,,,,14.77,14.16,14.16,16.29,14.21,14.54,14.19,14.19,13.13,13.99,,10978700,3303600,1321450,1039350,,14.77,14.16,14.16,16.29,14.26,14.19,14.19,14.19,13.13,14.00
2026/04/14,16,32073150,23477650,20637850,13.13,9.59,9.59,15.75,14.00,14.00,14.00,14.00,9.13,12.00,,13.15,,,,,,13.15,9.59,9.59,15.75,14.03,14.28,13.98,13.95,9.13,12.00,,11462350,3471300,1452650,1285050,,13.15,9.59,9.59,15.75,14.04,14.00,14.00,14.00,9.13,12.00
2026/04/14,17,33356150,24425750,21761750,12.46,8.61,8.61,15.74,14.00,14.00,14.00,14.00,9.13,12.00,,12.49,,,,,,12.49,8.61,8.61,15.74,14.08,14.00,13.97,13.95,9.13,12.00,,11827650,3530050,1445800,1403250,,12.49,8.61,8.61,15.76,13.94,14.00,14.00,14.11,9.13,12.00
2026/04/14,18,34229050,25301150,22284400,12.15,8.65,8.65,15.74,14.89,14.89,14.89,10.12,8.62,9.03,,12.19,,,,,,12.19,8.66,8.65,15.74,14.96,14.89,14.89,10.12,8.62,9.03,,11898800,3566600,1950600,1894550,,12.19,8.65,8.65,15.76,14.90,14.89,14.89,10.12,8.62,9.03
2026/04/14,19,35049750,25854700,22862850,10.70,6.97,6.97,15.33,15.00,15.00,15.00,8.84,8.62,8.84,,10.74,,,,,,10.74,6.97,6.97,15.33,15.02,15.07,15.00,8.84,8.62,8.84,,12114350,3707300,2278700,2101650,,10.74,6.97,6.97,15.34,15.01,15.00,15.00,8.84,8.62,8.84
2026/04/14,20,35962950,25632200,23542000,8.61,3.00,3.00,13.30,13.30,13.30,13.30,13.30,8.46,8.84,,8.68,,,,,,8.68,3.22,3.00,13.29,13.29,13.55,13.27,13.19,8.46,8.85,,12272450,3818200,2456500,2244450,,8.68,3.05,3.03,13.31,13.29,13.30,13.31,13.13,8.46,8.85
2026/04/14,21,35849850,24908000,22899450,8.64,0.50,0.50,14.00,14.00,14.00,14.00,10.16,8.46,9.03,,8.67,,,,,,8.67,0.77,0.50,14.02,14.01,13.74,13.92,10.14,8.47,9.01,,12424400,3606400,2489450,2242400,,8.67,0.59,0.53,14.04,13.83,14.00,14.02,10.14,8.46,9.02
2026/04/14,22,36261800,25665150,23056250,9.17,0.01,0.01,16.00,10.00,10.00,10.00,9.03,8.46,9.03,,9.14,,,,,,9.14,0.71,0.01,16.00,10.17,9.99,9.99,9.03,8.41,9.03,,12504450,3589350,2595100,2213050,,9.14,0.19,0.13,16.00,10.05,10.02,10.14,9.03,8.46,9.03
2026/04/14,23,36480750,25803750,23231300,9.03,0.01,0.01,15.93,10.00,10.00,10.00,10.00,8.46,8.84,,9.01,,,,,,9.01,0.29,0.01,15.93,10.12,10.00,9.99,9.99,8.41,8.84,,12530700,3573600,2812350,2345300,,9.01,0.12,0.05,15.93,10.03,10.00,10.08,10.01,8.46,8.84
2026/04/14,24,36599000,26078300,23126000,9.23,0.01,0.01,16.88,9.23,9.23,9.23,9.23,8.46,8.84,,9.21,,,,,,9.21,0.27,0.01,16.87,9.44,9.23,9.22,9.23,8.45,8.84,,12594600,3599700,2757800,2325750,,9.21,0.11,0.05,16.87,9.30,9.24,9.33,9.25,8.48,8.84
2026/04/14,25,36512300,25206350,22449600,7.07,0.01,0.01,16.00,8.25,8.25,8.25,8.25,5.68,8.25,,7.14,,,,,,7.14,0.28,0.01,16.00,8.29,8.25,8.23,8.25,5.72,8.25,,12495350,3665850,2788200,2141150,,7.14,0.10,0.05,16.00,8.21,8.25,8.25,8.35,5.69,8.25
2026/04/14,26,36219300,25193600,22328350,6.82,0.01,0.01,15.78,8.40,8.40,8.40,8.40,8.40,8.40,,6.82,,,,,,6.82,0.31,0.01,15.78,8.43,8.40,8.36,8.39,8.41,8.37,,12450900,3665100,2982100,2120050,,6.82,0.10,0.06,15.78,8.32,8.39,8.40,8.48,8.40,8.40
2026/04/14,27,35437350,26354250,22649300,9.13,0.01,0.01,16.41,16.23,16.23,16.23,8.84,8.46,8.84,,9.14,,,,,,9.14,0.11,0.01,16.41,16.22,16.23,16.22,8.84,8.46,8.84,,12423500,3642300,2914050,2087000,,9.14,0.05,0.02,16.41,16.20,16.23,16.23,8.84,8.46,8.84
2026/04/14,28,34537650,26062000,22370800,14.00,1.01,1.01,16.88,16.88,16.88,16.88,12.49,8.63,11.50,,13.99,,,,,,13.99,1.08,1.01,16.88,16.88,16.88,16.88,12.49,8.63,11.44,,12291050,3596850,2538050,2111000,,13.99,1.05,1.01,16.88,16.88,16.88,16.88,12.49,8.63,11.46
2026/04/14,29,33660250,25094300,21714100,14.00,3.00,3.00,16.91,16.91,16.91,16.91,16.91,8.63,9.03,,14.01,,,,,,14.01,3.00,3.00,16.91,16.90,16.91,16.91,16.91,8.63,9.03,,12169400,3725850,1862850,1835800,,14.01,3.00,3.00,16.91,16.90,16.91,16.91,16.88,8.63,9.03
2026/04/14,30,32354850,25004000,21176650,15.74,7.60,7.60,17.50,17.50,17.50,17.50,17.50,8.63,9.03,,15.74,,,,,,15.74,7.61,7.61,17.48,17.48,17.50,17.48,17.49,8.63,9.03,,11899250,3829750,1376200,1339650,,15.74,7.61,7.60,17.49,17.46,17.50,17.47,17.43,8.63,9.03
2026/04/14,31,31072150,25246300,20877450,17.22,9.17,9.17,18.36,18.36,18.36,18.36,18.36,10.00,12.00,,17.21,,,,,,17.21,9.17,9.17,18.33,18.34,18.36,18.31,18.31,10.00,12.00,,11730850,3978600,1065900,988600,,17.21,9.17,9.17,18.35,18.29,18.36,18.29,18.32,10.00,12.00
2026/04/14,32,30053000,26324500,21020400,20.48,15.00,15.00,25.23,25.23,25.23,25.23,20.70,20.70,15.01,,20.50,,,,,,20.50,14.99,14.99,25.21,25.21,25.20,25.21,20.70,20.69,14.97,,11603150,4125250,784050,706250,,20.50,14.96,15.00,25.22,25.17,25.23,25.23,20.70,20.70,14.99
2026/04/14,33,29755850,27755450,20772750,22.50,17.23,17.23,25.07,20.00,19.66,19.66,19.66,19.66,19.66,,22.44,,,,,,22.44,17.23,17.21,25.06,19.99,19.66,19.57,19.65,19.43,19.48,,11428650,4165150,720700,475950,,22.44,17.23,17.22,25.06,19.91,19.66,19.66,19.66,19.40,19.60
2026/04/14,34,28784500,27333000,20847100,25.12,21.49,21.66,25.84,25.84,19.66,19.66,19.66,19.66,19.66,,25.00,,,,,,25.00,21.46,21.65,25.83,25.83,19.66,19.49,19.61,19.33,19.55,,10980200,4276900,752900,371850,,25.00,21.49,21.65,25.83,25.84,19.66,19.66,19.63,19.38,19.42
2026/04/14,35,28458450,27129400,20664250,24.46,18.53,22.00,39.99,23.07,15.98,15.98,15.98,12.00,15.98,,24.43,,,,,,24.43,18.54,21.97,39.91,23.10,15.98,15.93,15.96,12.00,15.95,,10868300,4410600,706000,354900,,24.43,18.53,21.99,39.88,23.11,15.98,15.98,15.94,12.00,15.88
2026/04/14,36,27977550,27020750,20351600,25.00,27.07,27.07,27.07,27.07,17.09,17.09,17.09,8.45,17.09,,24.89,,,,,,24.89,26.96,27.01,27.05,27.02,17.09,16.99,17.08,8.40,17.08,,10426050,4237750,786950,348750,,24.89,26.79,27.06,27.03,27.06,17.09,17.09,17.03,8.43,16.94
2026/04/14,37,27958000,28297250,20513650,26.69,30.00,30.00,30.00,26.90,20.69,20.69,20.69,6.91,20.69,,26.56,,,,,,26.56,29.71,29.83,29.96,26.87,20.67,20.43,20.65,6.91,20.59,,10360800,4307050,926950,346300,,26.56,29.45,29.99,29.94,26.88,20.69,20.69,20.59,6.91,20.22
2026/04/14,38,28218700,28150100,20404650,24.61,30.00,30.00,30.00,23.07,16.57,16.57,16.57,6.91,16.57,,24.55,,,,,,24.55,29.75,29.86,29.96,23.06,16.57,16.52,16.56,6.91,16.56,,10641600,4294800,904700,343450,,24.55,29.61,29.98,29.95,23.05,16.57,16.57,16.54,6.91,16.48
2026/04/14,39,27794050,27563300,20103250,25.01,26.00,26.00,26.00,25.01,18.39,18.39,18.39,6.91,18.39,,24.92,,,,,,24.92,25.89,25.91,25.97,24.99,18.38,18.27,18.38,6.91,18.38,,10390950,4258450,904650,341450,,24.92,25.81,25.99,25.95,24.99,18.39,18.39,18.35,6.91,18.19
2026/04/14,40,28027500,27708800,20322800,25.07,29.00,29.00,44.90,23.08,15.98,15.98,15.98,6.91,15.98,,25.10,,,,,,25.10,28.81,28.85,44.78,23.07,15.99,15.93,15.98,6.91,15.97,,10455000,4312400,910600,338450,,25.10,28.60,28.98,44.73,23.07,15.98,15.98,15.97,6.91,15.89
2026/04/14,41,27596200,27056850,20018100,26.00,29.00,29.00,30.00,24.29,19.66,19.66,19.66,6.91,19.66,,25.92,,,,,,25.92,28.87,28.80,29.96,24.28,19.65,19.52,19.62,6.91,19.61,,10342250,4229050,894250,333450,,25.92,28.47,28.99,29.95,24.28,19.66,19.66,19.66,6.91,19.35
2026/04/14,42,27474550,26624300,19750850,24.29,25.00,25.00,29.00,24.29,15.98,15.98,15.98,5.00,15.98,,24.21,,,,,,24.21,24.88,24.93,28.96,24.27,15.98,15.95,15.98,5.00,15.96,,10142600,4077700,900850,329000,,24.21,24.87,24.98,28.93,24.28,15.98,15.98,15.97,5.00,15.90
2026/04/14,43,27188500,26180850,19458500,24.32,22.50,22.50,28.00,25.69,15.98,15.98,15.98,6.91,15.98,,24.20,,,,,,24.20,22.37,22.42,27.96,25.67,15.98,15.93,15.96,6.76,15.95,,10227050,4007350,865850,325200,,24.20,22.37,22.47,27.93,25.69,15.98,15.98,15.97,6.86,15.86
2026/04/14,44,27269700,25694200,19203400,20.68,22.72,22.72,25.22,25.22,15.98,15.98,15.98,8.62,15.98,,20.61,,,,,,20.61,22.61,22.63,25.21,25.21,15.98,15.94,15.97,8.38,15.93,,10410800,3903250,845750,322500,,20.61,22.58,22.69,25.21,25.21,15.98,15.98,15.97,8.54,15.87
2026/04/14,45,27615100,24630600,19621750,20.67,22.00,25.00,25.00,25.00,15.98,15.98,15.98,14.11,15.98,,20.63,,,,,,20.63,22.00,24.98,24.99,24.99,15.98,15.92,15.98,14.11,15.92,,10325300,3851150,746000,330400,,20.63,22.00,25.00,24.99,24.98,15.98,15.98,15.92,14.11,15.86
2026/04/14,46,27642150,24082050,19433450,19.11,22.00,23.34,23.34,23.08,15.98,15.98,15.98,13.43,15.98,,19.09,,,,,,19.09,21.99,23.34,23.33,23.06,15.98,15.93,15.98,13.43,15.96,,10109100,3783650,644100,328500,,19.09,22.00,23.33,23.33,23.05,15.98,15.98,15.97,13.43,15.87
2026/04/14,47,27139350,23479650,19055300,19.03,22.00,23.68,23.68,23.68,14.89,14.89,14.89,13.43,14.89,,19.03,,,,,,19.03,21.93,23.66,23.66,23.66,14.89,14.87,14.89,13.43,14.89,,9953800,3702950,559300,327200,,19.03,22.00,23.67,23.64,23.65,14.89,14.89,14.89,13.43,14.86
2026/04/14,48,26517300,22855050,18582550,18.04,22.00,22.00,22.00,22.00,14.19,14.19,14.19,14.02,14.19,,17.99,,,,,,17.99,21.91,21.97,21.98,21.98,14.19,14.18,14.19,12.56,14.19,,9687050,3619400,474900,325900,,17.99,21.98,21.98,21.99,21.93,14.19,14.19,14.19,13.51,14.16
2026/04/15,1,25155850,21833250,18274750,16.96,18.04,18.04,18.04,18.04,14.32,14.32,14.32,6.93,14.04,,16.96,,,,,,16.96,18.04,18.05,18.04,18.04,14.32,14.31,14.32,6.93,14.04,,6920950,2713050,1028500,737000,,16.96,18.04,18.04,18.04,18.04,14.29,14.32,14.32,6.93,14.04
2026/04/15,2,25728200,21472100,17669950,16.48,17.96,17.96,17.96,17.96,12.53,12.53,12.53,4.00,11.46,,16.50,,,,,,16.50,17.96,17.96,17.96,17.96,12.53,12.53,12.53,4.00,11.46,,8159500,2990050,1127500,835500,,16.50,17.96,17.96,17.96,17.95,12.53,12.53,12.53,4.00,11.46
2026/04/15,3,25918450,21483450,17505450,16.50,17.70,17.70,17.70,17.70,10.90,10.90,10.90,4.00,10.90,,16.54,,,,,,16.54,17.70,17.70,17.76,17.70,10.90,10.90,10.90,4.00,10.90,,8402950,3027900,1258550,834550,,16.54,18.07,17.75,17.71,17.70,10.90,10.90,10.90,4.00,10.90
2026/04/15,4,25844400,21512100,17446300,16.48,17.86,17.86,17.86,17.86,10.90,10.90,10.90,4.01,10.90,,16.51,,,,,,16.51,17.86,17.86,17.87,17.86,10.90,10.90,10.90,4.01,10.90,,8500150,3092850,1396850,834350,,16.51,17.86,17.89,17.86,17.85,10.90,10.90,10.90,4.01,10.90
2026/04/15,5,25730550,21527050,17351350,16.79,18.04,18.04,18.04,17.86,10.90,10.90,10.90,4.00,10.90,,16.79,,,,,,16.79,18.04,18.04,18.04,17.86,10.90,10.90,10.92,4.00,10.90,,8372850,3051950,1121200,535200,,16.79,18.04,18.04,18.04,17.82,10.90,10.90,10.90,4.00,10.90
2026/04/15,6,25656200,21986050,17474900,17.17,18.04,18.04,18.04,18.04,14.32,14.32,14.32,6.84,14.32,,17.16,,,,,,17.16,18.04,18.04,18.04,18.04,14.32,14.31,14.31,6.83,14.32,,8315150,2995800,1223850,534350,,17.16,18.04,18.04,18.04,18.03,14.32,14.32,14.32,6.84,14.30
2026/04/15,7,25551800,22305700,17505100,17.86,18.43,18.43,18.43,18.43,14.84,14.84,14.84,6.84,14.84,,17.86,,,,,,17.86,18.43,18.42,18.43,18.43,14.84,14.84,14.84,6.84,14.84,,8120450,2964050,1129100,442100,,17.86,18.43,18.43,18.43,18.42,14.84,14.84,14.84,6.84,14.84
2026/04/15,8,25577900,22512100,17526550,18.04,18.62,18.62,18.62,18.62,14.89,14.89,14.89,6.84,14.89,,18.04,,,,,,18.04,18.62,18.61,18.62,18.62,14.89,14.89,14.89,6.84,14.89,,8179150,2942300,1131250,441250,,18.04,18.62,18.62,18.62,18.61,14.89,14.89,14.89,6.84,14.88
2026/04/15,9,25561050,22795550,17763300,18.34,19.00,19.00,19.00,19.00,16.48,16.48,16.48,6.84,16.48,,18.33,,,,,,18.33,19.00,18.99,19.00,19.00,16.48,16.46,16.48,6.84,16.45,,8199950,2944600,1131800,441300,,18.33,19.00,19.00,19.00,18.99,16.48,16.48,16.48,6.84,16.44
2026/04/15,10,25522300,22661900,17793200,18.69,20.00,20.00,20.00,19.16,16.91,16.91,16.91,6.84,16.91,,18.68,,,,,,18.68,20.00,19.99,19.99,19.16,16.91,16.89,16.91,6.84,16.90,,8198450,2928100,832050,441550,,18.68,19.89,20.00,20.00,19.15,16.91,16.91,16.91,6.84,16.88
2026/04/15,11,25826050,22994250,18140650,18.90,21.57,21.57,21.57,19.16,16.48,16.48,16.48,6.84,16.35,,18.90,,,,,,18.90,21.57,21.52,21.55,19.15,16.48,16.48,16.48,6.84,16.34,,8193500,2939900,825650,442650,,18.90,21.23,21.56,21.57,19.14,16.48,16.48,16.48,6.84,16.35
2026/04/15,12,25980900,22750200,18078550,18.04,19.85,19.85,19.85,19.16,14.84,14.84,14.84,6.84,14.36,,18.04,,,,,,18.04,19.85,19.84,19.84,19.16,14.84,14.84,14.84,6.84,14.34,,8230700,2968400,729500,339000,,18.04,19.79,19.85,19.85,19.15,14.84,14.84,14.84,6.84,14.35
2026/04/15,13,26437300,22945850,18273400,18.04,19.00,19.00,19.00,19.00,14.89,14.89,14.89,6.84,14.36,,18.04,,,,,,18.04,19.00,18.99,18.99,19.00,14.89,14.89,15.45,6.84,14.35,,8302800,3028000,700000,336500,,18.04,18.96,19.00,19.00,18.99,14.89,14.90,14.95,6.84,14.35
2026/04/15,14,27148900,23572100,18498950,18.04,19.00,19.00,19.00,19.00,16.96,16.96,16.96,6.84,16.96,,18.01,,,,,,18.01,19.00,18.99,18.99,18.99,16.96,16.89,16.89,6.84,16.94,,8915650,3080350,781500,341000,,18.01,18.99,19.00,18.99,18.98,16.96,16.96,16.96,6.84,16.78
2026/04/15,15,27854100,24223800,19115300,17.86,18.98,18.98,18.98,18.98,18.42,18.42,18.42,2.95,16.35,,17.86,,,,,,17.86,18.98,18.97,18.97,18.96,18.42,18.42,18.40,2.95,16.33,,9222100,3261150,961500,419350,,17.86,18.98,18.97,18.97,18.95,18.42,18.42,18.42,2.95,16.34
2026/04/15,16,28050150,25529400,19868600,18.75,18.95,18.95,20.67,20.67,20.67,20.67,20.67,3.00,20.67,,18.74,,,,,,18.74,18.95,18.92,20.66,20.66,20.66,20.65,20.59,3.00,20.46,,9224300,3276400,1044550,450400,,18.74,18.95,18.94,20.65,20.65,20.67,20.64,20.66,3.00,20.55
2026/04/15,17,28733350,26922900,20786400,20.50,20.00,20.00,25.00,25.00,25.00,25.00,25.00,6.84,25.00,,20.51,,,,,,20.51,19.99,19.98,24.99,24.98,25.00,25.00,25.00,6.84,24.96,,9438900,3326250,1079500,460250,,20.51,20.00,19.99,24.97,24.99,25.00,25.00,25.00,6.84,24.99
2026/04/15,18,29506150,28389000,21620150,23.00,18.51,18.51,25.68,26.00,26.00,26.00,26.00,6.90,26.00,,22.99,,,,,,22.99,18.51,18.51,25.65,25.96,25.99,26.00,25.93,6.90,25.90,,9656500,3393100,1419000,468750,,22.99,18.51,18.51,25.64,25.91,25.99,26.00,25.98,6.90,25.98
2026/04/15,19,30638400,29139750,22266800,20.00,16.91,16.91,24.92,24.92,24.92,24.92,24.92,7.01,20.50,,20.02,,,,,,20.02,16.91,16.91,24.91,24.90,24.92,24.92,24.86,7.01,20.50,,9754750,3427000,1449400,486900,,20.02,16.91,16.91,24.90,24.88,24.92,24.91,24.92,7.01,20.50
2026/04/15,20,31298150,29191300,22476350,18.04,10.30,10.30,23.18,23.18,23.18,23.18,23.18,8.42,20.00,,18.06,,,,,,18.06,10.30,10.30,23.15,23.16,23.16,23.17,23.12,8.42,19.97,,9910250,3446100,1448900,525900,,18.06,10.30,10.30,23.12,23.17,23.18,23.17,23.14,8.42,20.00
2026/04/15,21,30886950,28508650,21698700,17.23,9.96,9.96,18.04,20.10,20.10,20.10,20.10,8.40,11.46,,17.22,,,,,,17.22,9.95,9.94,18.03,20.11,20.10,20.10,20.06,8.40,11.46,,10050150,3576200,1487200,674200,,17.22,9.89,9.96,18.03,20.10,20.10,20.09,20.09,8.40,11.46
2026/04/15,22,31112300,28391850,21828950,16.96,9.17,9.17,18.04,20.60,20.60,20.60,20.60,8.50,9.03,,16.95,,,,,,16.95,9.15,9.16,18.03,20.58,20.60,20.60,20.57,8.50,9.03,,10090200,3602200,1530250,732750,,16.95,9.10,9.17,18.03,20.59,20.60,20.60,20.54,8.50,9.03
2026/04/15,23,30769900,28432900,21807600,16.97,10.57,10.57,18.00,20.83,20.83,20.83,20.83,8.38,9.03,,16.98,,,,,,16.98,10.56,10.57,17.99,20.81,20.80,20.81,20.75,8.38,9.05,,9684050,3452300,1666150,806150,,16.98,10.56,10.57,17.99,20.79,20.83,20.79,20.77,8.38,9.04
2026/04/15,24,30696650,28318300,21616250,16.96,10.42,10.42,17.61,20.70,20.70,20.70,20.70,8.39,8.84,,16.96,,,,,,16.96,10.42,10.42,17.60,20.68,20.66,20.67,20.62,8.39,8.86,,9734050,3480350,1787050,865050,,16.96,10.42,10.42,17.60,20.69,20.70,20.65,20.57,8.39,8.85
2026/04/15,25,30795300,27395450,21324200,16.53,9.17,9.17,17.31,20.60,20.60,20.60,20.60,6.93,8.84,,16.53,,,,,,16.53,9.16,9.15,17.30,20.57,20.56,20.58,20.52,6.93,8.85,,9933000,3494900,2272050,877300,,16.53,9.10,9.17,17.30,20.58,20.60,20.55,20.50,6.93,8.85
2026/04/15,26,30667400,27778450,20976350,16.41,9.73,9.73,17.24,18.62,18.62,18.62,18.62,6.92,8.84,,16.41,,,,,,16.41,9.71,9.72,17.23,18.61,18.61,18.61,18.58,6.92,8.96,,10110400,3625300,2699250,889000,,16.41,9.66,9.74,17.24,18.59,18.61,18.58,18.57,6.92,8.91
2026/04/15,27,30009750,28991550,21288150,17.92,13.65,13.65,19.18,20.83,20.83,20.83,20.83,8.41,8.84,,17.92,,,,,,17.92,13.63,13.64,19.17,20.77,20.78,20.81,20.73,8.41,8.86,,9933800,3630400,2701200,859950,,17.92,13.61,13.65,19.18,20.77,20.59,20.78,20.81,8.41,8.85
2026/04/15,28,29402750,29214750,21576900,19.44,16.73,16.73,25.38,25.38,25.38,25.38,25.38,8.43,9.03,,19.49,,,,,,19.49,16.70,16.72,25.34,25.34,25.37,25.33,25.28,8.43,9.05,,9653300,3637500,2270400,859650,,19.49,16.69,16.73,25.33,25.33,25.18,25.37,25.34,8.43,9.04
2026/04/15,29,28937250,28740100,21236600,19.03,18.31,18.31,23.00,23.00,23.00,23.00,23.00,8.43,9.03,,19.07,,,,,,19.07,18.27,18.30,22.99,22.96,22.99,23.00,22.93,8.43,9.04,,9395800,3792100,1808150,771200,,19.07,18.30,18.30,22.98,22.96,22.89,22.99,23.00,8.43,9.03
2026/04/15,30,28291050,28184850,20857300,20.66,18.42,24.93,24.93,24.93,24.93,24.93,24.93,8.42,9.03,,20.67,,,,,,20.67,18.36,24.86,24.89,24.86,24.89,24.91,24.86,8.42,9.04,,9407500,3859200,1387850,741950,,20.67,18.75,24.88,24.90,24.83,24.76,24.92,24.90,8.42,9.03
2026/04/15,31,28112950,27796250,20443500,20.20,23.12,23.12,23.12,23.12,23.12,23.12,23.12,8.39,9.03,,20.21,,,,,,20.21,23.11,23.08,23.10,23.10,23.11,23.11,22.71,8.39,9.03,,9374000,4012050,1259900,737850,,20.21,22.94,23.06,23.11,23.07,22.99,23.11,23.05,8.39,9.03
2026/04/15,32,27741500,28061400,20899950,22.41,24.49,24.49,24.49,24.49,24.49,24.49,24.49,8.39,11.46,,22.39,,,,,,22.39,24.47,24.44,24.42,24.46,24.48,24.47,24.20,8.39,11.46,,9232100,4195050,1085500,709250,,22.39,23.95,24.46,24.46,24.42,24.31,24.48,24.44,8.39,11.46
2026/04/15,33,27562900,28064600,21085750,23.83,25.22,25.22,25.22,25.22,20.69,20.69,20.69,8.50,11.46,,23.76,,,,,,23.76,25.12,25.13,25.13,25.17,20.68,20.61,20.64,8.50,11.48,,9272950,4410550,1023900,660650,,23.76,24.93,25.18,25.19,25.03,20.67,20.60,20.60,8.50,11.47
2026/04/15,34,27167250,27986200,21102700,25.07,26.97,26.97,26.97,26.97,20.30,20.30,20.30,8.54,17.14,,24.96,,,,,,24.96,26.79,26.82,26.85,26.88,20.30,20.23,20.27,8.54,16.95,,9131550,4373850,1025300,657400,,24.96,26.16,26.88,26.93,26.77,20.26,20.24,20.23,8.54,17.04
2026/04/15,35,27413050,27663500,20939850,24.46,25.38,25.38,25.38,25.38,20.10,20.10,20.10,8.38,17.66,,24.34,,,,,,24.34,25.22,25.05,25.29,25.26,20.09,20.04,20.01,8.38,17.60,,9430350,4595000,1038750,653850,,24.34,24.55,25.35,25.37,24.99,19.98,20.05,19.99,8.38,17.64
2026/04/15,36,27481200,27665250,21053650,25.00,25.22,25.22,25.22,25.22,20.67,20.67,20.67,8.00,18.35,,24.90,,,,,,24.90,25.07,25.04,25.16,25.16,20.66,20.60,20.65,8.00,18.24,,9365850,4709700,1025700,651800,,24.90,24.89,25.18,25.21,24.97,20.50,20.63,20.56,8.00,18.33
2026/04/15,37,27445400,27694000,20990000,25.22,24.92,24.92,24.92,24.92,23.00,23.00,20.70,6.93,19.29,,25.12,,,,,,25.12,24.86,24.74,24.86,24.89,22.99,22.89,20.68,6.93,19.22,,9333650,4679950,1046050,649350,,25.12,24.81,24.91,24.91,24.66,22.56,22.98,20.69,6.93,19.26
2026/04/15,38,27416450,27730950,20915900,25.07,23.22,25.07,25.07,25.07,22.00,22.00,20.69,7.50,19.66,,24.97,,,,,,24.97,23.22,24.93,25.03,25.01,21.96,21.87,20.63,7.50,19.52,,9413250,4582750,1035650,647050,,24.97,23.22,25.05,25.07,24.80,21.46,22.00,20.65,7.50,19.59
2026/04/15,39,27340150,27606850,20778150,25.00,24.92,24.92,24.92,24.92,22.00,22.00,20.69,6.93,19.64,,24.91,,,,,,24.91,24.81,24.83,24.88,24.89,21.98,21.88,20.63,6.93,19.52,,9482400,4645800,1029350,643750,,24.91,24.85,24.90,24.91,24.61,21.77,21.99,20.68,6.93,19.58
2026/04/15,40,27313200,27098300,20652200,23.83,23.83,23.83,23.83,20.69,19.99,19.99,19.99,6.93,19.29,,23.75,,,,,,23.75,23.82,23.81,23.82,20.65,19.99,19.88,19.98,6.93,19.14,,9347550,4661250,1036250,641600,,23.75,23.80,23.81,23.82,20.53,19.87,19.99,19.99,6.93,19.21
2026/04/15,41,27037450,26684800,20669700,25.00,24.92,24.92,24.92,23.00,23.00,23.00,23.00,6.84,19.00,,24.86,,,,,,24.86,24.85,24.89,24.90,22.86,22.95,22.77,22.88,6.84,18.80,,9206450,4573000,1018450,634250,,24.86,24.76,24.90,24.91,22.78,21.89,22.99,22.99,6.84,18.93
2026/04/15,42,26922250,26460550,20483800,23.83,24.92,24.92,24.92,20.67,20.67,20.67,20.67,6.84,17.66,,23.71,,,,,,23.71,24.84,24.84,24.88,20.58,20.66,20.51,20.60,6.84,17.59,,9037100,4481300,1038100,630400,,23.71,24.44,24.90,24.89,20.52,19.97,20.68,20.66,6.84,17.62
2026/04/15,43,26938150,26066250,20167300,23.00,23.83,23.83,23.83,20.00,18.86,18.86,18.86,6.84,18.86,,22.95,,,,,,22.95,23.72,23.77,23.80,20.00,18.86,18.85,18.78,6.84,18.77,,9104750,4451800,1009000,625950,,22.95,23.46,23.81,23.81,19.97,18.84,18.85,18.86,6.84,18.79
2026/04/15,44,27035550,25457850,19803950,20.05,23.00,23.00,23.00,19.00,17.09,17.09,17.09,6.84,16.35,,20.03,,,,,,20.03,22.87,22.92,22.97,18.98,17.09,17.07,17.06,6.84,16.30,,9139500,4332250,979900,623100,,20.03,22.56,22.98,22.99,18.94,17.04,17.09,17.09,6.84,16.33
2026/04/15,45,27173100,25094500,19978250,20.84,23.00,23.00,23.00,22.00,18.42,18.42,18.42,6.84,16.35,,20.83,,,,,,20.83,22.86,22.96,22.98,21.97,18.42,18.41,18.41,6.84,16.30,,9102750,4189600,955050,622500,,20.83,22.79,22.99,22.98,21.96,18.42,18.41,18.41,6.84,16.33
2026/04/15,46,27088050,24217800,19607150,19.11,20.00,20.00,20.00,19.11,16.48,16.48,16.48,6.84,14.36,,19.10,,,,,,19.10,19.80,19.99,19.98,19.10,16.48,16.48,16.48,6.84,14.36,,8899550,4180900,951250,620700,,19.10,19.96,19.94,20.00,19.09,16.48,16.47,16.48,6.84,14.36
2026/04/15,47,26372050,23763750,19167000,19.11,20.00,20.00,20.00,19.11,16.48,16.48,16.48,6.84,14.36,,19.10,,,,,,19.10,19.95,19.99,20.00,19.09,16.48,16.47,16.48,6.84,14.35,,8551400,4020950,852500,619700,,19.10,19.97,20.00,20.00,19.07,16.43,16.48,16.48,6.84,14.35
2026/04/15,48,26213300,22585350,18698200,17.50,18.04,18.04,18.04,18.04,14.19,14.19,14.19,6.84,10.90,,17.49,,,,,,17.49,18.04,18.04,18.04,18.02,14.19,14.19,14.19,6.84,10.90,,8411250,4009600,645000,498200,,17.49,17.99,18.04,18.04,18.01,14.18,14.19,14.19,6.84,10.90
2026/04/16,1,25545200,21006150,17743300,15.85,17.12,17.12,17.12,16.62,14.19,14.19,14.19,6.91,14.19,,15.81,,,,,,15.81,17.15,17.12,17.12,16.62,14.19,14.13,14.00,6.91,14.19,,6190300,2235350,792950,536450,,15.81,17.12,17.12,17.12,16.62,14.19,14.19,14.19,6.91,13.99
2026/04/16,2,26367650,20389250,16873700,15.58,16.94,16.94,16.94,16.94,9.03,9.03,9.03,6.91,9.03,,15.56,,,,,,15.56,16.95,16.94,16.94,16.94,9.03,9.03,9.07,6.91,9.03,,7952300,2306350,806500,536500,,15.56,16.94,16.94,16.94,16.94,9.05,9.03,9.03,6.91,9.04
2026/04/16,3,26538500,19898000,16456400,15.41,17.05,17.05,17.05,17.05,8.84,8.84,8.84,6.91,8.84,,15.40,,,,,,15.40,17.05,17.05,17.05,17.05,8.84,8.84,8.92,6.91,8.84,,8572800,2300700,805800,535800,,15.40,17.05,17.05,17.05,17.05,8.97,8.84,8.84,6.91,8.84
2026/04/16,4,26483050,19923050,16376600,15.58,17.30,17.30,17.30,17.30,8.84,8.84,8.84,6.91,8.84,,15.55,,,,,,15.55,17.28,17.30,17.30,17.30,8.84,8.84,8.90,6.91,8.84,,8570600,2283000,809250,535750,,15.55,17.30,17.30,17.30,17.30,8.85,8.84,8.84,6.91,8.87
2026/04/16,5,26436100,20076550,16419550,15.58,17.44,17.44,17.44,17.44,9.00,9.00,9.00,6.91,9.00,,15.52,,,,,,15.52,17.43,17.44,17.44,17.44,9.00,9.00,9.10,6.91,9.00,,8804400,2287700,833000,536500,,15.52,17.44,17.44,17.44,17.44,9.11,9.00,9.00,6.91,9.03
2026/04/16,6,26279600,20516050,16621550,16.13,18.04,18.04,18.04,18.04,9.72,9.72,9.72,6.92,9.72,,16.05,,,,,,16.05,18.04,18.04,18.04,18.04,9.72,9.71,9.69,6.92,9.72,,9023350,2289800,943500,537000,,16.05,18.04,18.04,18.04,18.04,9.75,9.72,9.72,6.92,9.68
2026/04/16,7,26353050,20912650,16806200,16.62,18.09,18.09,18.09,18.09,10.04,10.04,10.04,6.91,10.04,,16.56,,,,,,16.56,18.02,18.08,18.09,18.09,10.04,10.04,10.02,6.90,10.04,,9163750,2307800,850200,443700,,16.56,18.09,18.09,18.09,18.08,10.06,10.04,10.04,6.91,10.01
2026/04/16,8,26356850,21347500,17085700,16.94,18.57,18.57,18.57,18.57,11.97,11.97,11.97,6.92,11.97,,16.87,,,,,,16.87,18.51,18.56,18.57,18.57,11.97,11.94,11.97,6.91,11.97,,9111800,2310200,956750,450250,,16.87,18.57,18.57,18.57,18.56,11.92,11.96,11.97,6.92,11.95
2026/04/16,9,26608050,21698200,17415200,17.00,18.92,18.92,18.92,18.92,11.95,11.95,11.95,6.92,11.95,,16.94,,,,,,16.94,18.90,18.92,18.92,18.92,11.95,11.95,11.95,6.91,11.95,,9076850,2374050,965550,450550,,16.94,18.92,18.92,18.92,18.92,11.94,11.95,11.95,6.92,11.94
2026/04/16,10,26715750,21843450,17437650,17.06,18.82,18.82,18.82,18.82,11.96,11.96,11.96,6.92,11.96,,17.03,,,,,,17.03,18.78,18.82,18.82,18.87,11.96,11.94,11.96,6.91,11.96,,9087800,2375350,1000700,487700,,17.03,18.87,18.84,18.83,18.84,11.89,11.96,11.96,6.92,11.94
2026/04/16,11,26929000,22083350,17719150,17.09,19.11,19.11,19.11,19.11,12.00,12.00,12.00,6.93,12.00,,17.03,,,,,,17.03,19.07,19.11,19.11,19.12,12.00,11.97,12.00,6.92,12.00,,9098550,2423300,1036950,530450,,17.03,19.13,19.12,19.11,19.11,11.90,12.00,12.00,6.93,11.98
2026/04/16,12,27097700,21780200,17550350,16.94,19.73,19.73,19.73,19.73,10.00,10.00,10.00,6.92,10.00,,16.94,,,,,,16.94,19.70,19.72,19.73,19.73,10.00,10.00,10.01,6.92,10.00,,9494100,2377250,978600,469600,,16.94,19.75,19.74,19.72,19.73,10.02,10.00,10.00,6.92,10.00
2026/04/16,13,27866750,21806200,17581150,16.54,18.81,18.81,18.81,18.81,11.99,11.99,11.99,6.90,11.99,,16.50,,,,,,16.50,18.58,18.79,18.81,18.79,11.99,11.97,11.97,6.90,11.98,,9867950,2290450,986200,544200,,16.50,18.80,18.82,18.80,18.76,11.96,11.98,11.97,6.90,11.99
2026/04/16,14,29020550,21894050,17750850,15.92,18.71,18.71,18.71,17.55,9.03,9.03,9.03,4.00,9.03,,15.88,,,,,,15.88,18.61,18.68,18.70,17.56,9.03,9.03,9.12,4.00,9.03,,10211700,2315650,1223050,841050,,15.88,18.71,18.71,18.71,17.53,9.20,9.03,9.03,4.00,9.03
2026/04/16,15,30752300,22068250,18221900,14.32,18.04,18.04,18.04,16.17,8.61,8.61,8.61,0.02,8.61,,14.30,,,,,,14.30,17.96,18.02,18.03,16.21,8.61,8.61,8.66,0.02,8.61,,10723850,2319600,1668400,1296750,,14.30,18.04,18.04,18.04,16.18,8.61,8.61,8.61,0.02,8.63
2026/04/16,16,32165500,22380750,18557550,11.03,16.75,17.69,17.69,11.46,8.40,8.40,8.40,2.05,8.40,,11.03,,,,,,11.03,16.73,17.68,17.68,11.47,8.40,8.40,8.47,2.05,8.40,,11072400,2360800,1789150,1492000,,11.03,16.74,17.69,17.68,11.47,8.40,8.40,8.41,2.05,8.43
2026/04/16,17,34286550,23366500,20006850,11.44,15.77,17.47,17.47,10.00,9.87,9.87,2.95,2.95,2.95,,11.42,,,,,,11.42,15.76,17.47,17.47,10.07,9.87,9.87,2.95,2.94,2.92,,11333350,2220050,1893250,1568000,,11.42,15.76,17.46,17.45,10.08,9.87,9.87,2.92,2.95,2.94
2026/04/16,18,36223950,24367300,21308050,9.74,11.00,16.94,16.94,11.64,11.64,11.64,0.01,0.01,0.01,,9.69,,,,,,9.69,10.98,16.91,16.93,11.68,11.64,11.64,0.63,0.01,0.01,,11519250,2197300,2386050,2049300,,9.69,10.99,16.94,16.92,11.66,11.66,11.65,0.23,0.16,0.01
2026/04/16,19,37767400,24594600,22193800,8.40,15.00,15.80,15.80,11.55,11.55,11.55,0.01,0.01,0.01,,8.35,,,,,,8.35,14.95,15.77,15.79,11.58,11.55,11.55,0.73,0.01,0.01,,11526450,2130700,2592800,2281800,,8.35,14.97,15.80,15.78,11.57,11.55,11.55,0.32,0.18,0.01
2026/04/16,20,39633050,24206150,22669200,1.50,15.59,15.59,15.59,7.25,7.25,7.25,0.01,0.01,0.01,,1.59,,,,,,1.59,15.54,15.58,15.58,7.28,7.25,7.25,0.01,0.01,0.01,,11727750,2125100,2644700,2543200,,1.59,15.56,15.58,15.58,7.26,7.25,7.27,0.01,0.01,0.01
2026/04/16,21,39808700,23281950,22331100,0.02,8.00,8.00,8.00,1.50,1.50,1.50,0.01,0.01,0.01,,0.17,,,,,,0.17,7.99,7.96,7.99,1.54,1.50,1.68,0.43,0.01,0.01,,11847350,2141550,2721050,2621050,,0.17,7.98,7.98,7.99,1.65,1.61,1.64,0.31,0.01,0.01
2026/04/16,22,40613350,23167700,22753500,0.01,2.95,2.95,2.95,1.00,1.00,1.00,0.01,0.01,0.01,,0.10,,,,,,0.10,3.17,2.95,2.96,1.03,1.01,1.21,0.02,0.01,0.01,,11801150,2140550,2921500,2921500,,0.10,3.06,2.98,2.97,1.11,1.12,1.16,0.02,0.01,0.01
2026/04/16,23,40969200,22984550,22770600,0.01,1.00,1.00,1.00,1.00,1.00,1.00,0.01,0.01,0.01,,0.11,,,,,,0.11,1.78,1.01,1.01,1.04,1.00,1.20,0.01,0.01,0.01,,11696950,2141200,2898050,2898050,,0.11,1.19,1.11,1.06,1.11,1.11,1.12,0.01,0.01,0.01
2026/04/16,24,41308800,22743750,22719600,0.01,0.01,0.01,0.01,0.01,0.01,0.01,0.01,0.01,0.01,,0.08,,,,,,0.08,0.74,0.01,0.03,0.06,0.01,0.16,0.01,0.01,0.01,,11699250,2141750,3089850,3089850,,0.08,0.14,0.08,0.04,0.15,0.24,0.15,0.01,0.01,0.01
2026/04/16,25,41906900,21991950,21991950,0.01,0.01,0.01,0.01,0.01,0.01,0.01,0.01,0.01,0.01,,0.03,,,,,,0.03,0.27,0.01,0.05,0.01,0.01,0.01,0.01,0.01,0.01,,11837950,2143950,3408600,3408600,,0.03,0.09,0.10,0.02,0.02,0.07,0.01,0.01,0.01,0.01
2026/04/16,26,41946750,22283250,22283250,0.01,0.01,0.01,0.01,0.01,0.01,0.01,0.01,0.01,0.01,,0.05,,,,,,0.05,0.41,0.01,0.07,0.01,0.01,0.01,0.01,0.01,0.01,,11976150,2212350,3823500,3823500,,0.05,0.15,0.12,0.05,0.02,0.01,0.02,0.01,0.01,0.01
2026/04/16,27,41246400,23489000,23068050,0.01,2.00,2.00,2.00,2.00,2.00,2.00,0.01,0.01,0.01,,0.07,,,,,,0.07,2.29,2.00,2.04,2.01,2.00,2.00,0.04,0.01,0.01,,12015450,2263650,3773150,3773150,,0.07,2.09,2.10,2.02,2.00,2.01,2.01,0.03,0.01,0.01
2026/04/16,28,40442950,23768100,23015450,0.01,6.00,6.00,6.00,6.00,6.00,6.00,0.01,0.01,0.01,,0.10,,,,,,0.10,6.01,6.00,6.00,6.01,6.00,6.00,0.01,0.01,0.01,,11997050,2312950,3359800,3359800,,0.10,6.00,6.00,6.00,6.00,6.00,6.00,0.01,0.01,0.01
2026/04/16,29,39516100,23207750,22421800,0.10,6.94,6.94,6.94,6.00,6.00,6.00,0.01,0.01,0.01,,0.20,,,,,,0.20,6.93,6.94,6.95,6.02,6.00,6.01,0.05,0.01,0.01,,12037300,2335800,2698800,2698800,,0.20,6.94,6.96,6.94,6.01,6.01,6.02,0.04,0.01,0.01
2026/04/16,30,38441600,23004050,21916150,1.50,7.92,7.92,7.92,3.79,3.79,3.79,0.01,0.01,0.01,,1.57,,,,,,1.57,7.94,7.92,7.92,3.79,3.79,3.80,0.58,0.01,0.01,,11942150,2553100,2166450,2147450,,1.57,7.92,7.93,7.92,3.80,3.79,3.79,0.41,0.01,0.01
2026/04/16,31,37459150,22483450,21213750,3.01,8.03,8.03,8.03,8.03,6.50,6.50,0.01,0.01,0.01,,3.06,,,,,,3.06,8.03,8.03,8.03,8.03,6.50,6.49,0.35,0.16,0.01,,12046650,2643700,1493350,1422800,,3.06,8.03,8.03,8.03,8.04,6.50,6.49,0.23,0.08,0.01
2026/04/16,32,35602650,22842900,20926100,8.62,11.00,11.42,15.84,15.84,13.44,13.44,0.01,0.01,0.01,,8.60,,,,,,8.60,10.97,11.42,15.84,15.84,13.44,13.41,0.99,0.01,0.01,,11912300,2801900,955600,843050,,8.60,10.99,11.42,15.84,15.82,13.44,13.39,0.57,0.10,0.01
2026/04/16,33,34059900,23808200,20829000,10.42,15.00,15.00,17.68,11.82,9.55,9.55,2.00,2.00,2.00,,10.39,,,,,,10.39,14.99,14.98,17.68,11.78,9.55,9.54,2.44,2.00,2.01,,11887500,3359500,1016600,770350,,10.39,14.96,14.99,17.67,11.76,9.55,9.53,2.12,2.09,2.07
2026/04/16,34,32069100,25246350,20907000,17.18,16.77,22.00,24.61,18.49,14.76,14.76,8.65,6.91,8.65,,17.16,,,,,,17.16,16.69,21.91,24.61,18.50,14.76,14.74,8.80,6.91,8.65,,11642700,3386950,1112250,676600,,17.16,16.90,21.95,24.60,18.45,14.75,14.75,8.72,6.91,8.67
2026/04/16,35,30838850,25697650,21038900,19.61,27.07,27.07,27.07,25.50,14.19,14.19,11.96,6.91,11.96,,19.64,,,,,,19.64,26.91,26.89,27.05,25.37,14.19,14.18,11.90,6.91,11.95,,11353300,3458950,1093450,658850,,19.64,26.42,27.07,27.05,25.27,14.19,14.19,11.94,6.91,11.95
2026/04/16,36,30163500,26283050,20861150,25.01,30.00,30.00,30.00,26.19,16.48,16.48,16.48,6.92,16.48,,24.92,,,,,,24.92,29.66,29.92,29.97,26.19,16.48,16.38,16.19,6.92,16.46,,11063650,3641450,1084700,651650,,24.92,29.72,29.94,29.99,26.17,16.46,16.46,16.36,6.92,16.27
2026/04/16,37,29853800,27056800,20827400,25.84,38.00,45.01,46.00,26.18,17.09,17.09,17.09,8.44,17.09,,26.03,,,,,,26.03,37.44,44.86,45.95,26.20,17.09,16.93,17.08,8.38,17.07,,11096950,4024650,998850,648900,,26.03,37.71,44.90,45.94,26.20,17.07,17.09,17.09,8.42,16.76
2026/04/16,38,29619350,27175750,20738800,26.00,40.00,50.00,50.00,25.96,18.01,18.01,18.01,8.44,18.01,,26.40,,,,,,26.40,39.31,49.69,49.89,25.98,18.01,17.79,17.96,8.42,17.91,,11142000,3990000,895800,645950,,26.40,39.65,49.86,49.84,25.98,17.99,18.00,18.01,8.43,17.51
2026/04/16,39,29405200,27083000,20466200,26.69,50.00,50.00,57.88,25.94,17.09,17.09,17.09,8.44,17.09,,27.14,,,,,,27.14,48.51,49.79,57.57,25.90,17.09,16.95,17.08,8.41,17.06,,11193650,4020750,893600,643850,,27.14,49.21,49.96,57.43,25.88,17.09,17.09,17.09,8.43,16.79
2026/04/16,40,29570550,26598350,20361650,26.02,50.00,50.00,50.00,26.02,15.29,15.29,15.29,8.44,15.29,,26.46,,,,,,26.46,48.40,49.70,49.88,26.03,15.29,15.20,15.28,8.37,15.27,,11305550,3965950,890700,640850,,26.46,49.16,49.89,49.83,26.04,15.28,15.29,15.29,8.42,15.08
2026/04/16,41,29078650,26141200,19855550,25.00,35.00,50.00,50.00,25.00,15.98,15.98,15.98,8.43,15.98,,25.42,,,,,,25.42,34.60,49.60,49.85,25.04,15.98,15.87,15.97,8.36,15.96,,10900350,3536350,885850,635900,,25.42,34.80,49.86,49.77,25.06,15.97,15.98,15.98,8.41,15.75
2026/04/16,42,29054950,25905800,19698250,24.41,23.20,50.00,50.00,20.00,15.98,15.98,15.98,8.44,15.98,,24.81,,,,,,24.81,23.15,49.61,49.86,19.94,15.98,15.83,15.97,8.37,15.96,,10819500,3441650,881500,631500,,24.81,23.18,49.87,49.78,19.89,15.96,15.98,15.97,8.42,15.71
2026/04/16,43,28704500,25467300,19528100,25.00,23.20,45.00,45.00,25.93,18.42,18.42,18.42,8.44,18.42,,25.10,,,,,,25.10,23.05,44.80,44.90,26.01,18.42,18.13,18.37,8.33,18.34,,10692750,3304600,874900,627700,,25.10,23.13,44.84,44.89,26.03,18.42,18.42,18.42,8.41,17.79
2026/04/16,44,28724850,24974150,19238900,23.00,23.20,30.00,30.00,24.00,15.98,15.98,15.98,8.43,15.98,,22.89,,,,,,22.89,23.05,29.89,29.93,23.98,15.98,15.81,15.95,8.33,15.95,,10687650,3303000,874850,625100,,22.89,23.13,29.79,29.97,23.96,15.96,15.98,15.98,8.40,15.63
2026/04/16,45,28747250,24537650,19333700,22.18,23.20,26.06,26.06,26.06,15.98,15.98,15.98,7.01,15.98,,22.07,,,,,,22.07,23.05,26.04,26.05,26.05,15.98,15.76,15.94,6.93,15.95,,10409300,3136300,881250,633100,,22.07,23.13,26.06,26.06,26.02,15.95,15.98,15.98,6.99,15.53
2026/04/16,46,28355700,23783600,19059900,20.73,23.20,25.94,25.94,25.94,15.98,15.98,15.98,7.00,15.98,,20.68,,,,,,20.68,23.07,25.92,25.93,25.94,15.98,15.83,15.95,6.91,15.95,,10233600,3068550,876800,631150,,20.68,23.14,25.94,25.94,25.90,15.95,15.98,15.98,6.98,15.66
2026/04/16,47,28032400,23337150,18813450,19.66,16.53,25.53,25.53,25.53,15.29,15.29,15.29,7.00,15.29,,19.61,,,,,,19.61,16.53,25.52,25.50,25.51,15.29,15.14,15.28,7.00,15.27,,10082550,3087450,873800,629850,,19.61,16.53,25.53,25.53,25.41,15.28,15.29,15.29,7.00,15.00
2026/04/16,48,27756400,22269300,18304050,18.78,16.51,24.46,24.46,24.46,10.50,10.50,10.50,6.91,10.50,,18.70,,,,,,18.70,16.51,24.44,24.46,24.45,10.50,10.45,10.40,6.91,10.50,,9686350,2966000,748850,508600,,18.70,16.51,24.45,24.46,24.44,10.50,10.50,10.50,6.91,10.33
2026/04/17,1,24711200,21206200,17456400,16.66,16.88,18.59,18.59,17.06,10.08,10.08,10.08,8.46,10.08,,16.66,,,,,,16.66,16.88,18.59,18.59,17.06,10.08,10.08,10.08,8.46,10.08,,6050600,1762000,673600,519100,,16.66,16.88,18.59,18.59,17.06,10.08,10.08,10.08,8.46,10.08
2026/04/17,2,25337700,20951650,16709100,16.47,16.83,18.46,18.46,18.46,10.02,10.02,10.02,8.44,10.02,,16.47,,,,,,16.47,16.83,18.46,18.46,18.46,10.02,10.02,10.02,8.44,10.02,,7831750,1943950,765250,518750,,16.47,16.83,18.46,18.46,18.46,10.02,10.02,10.02,8.44,10.02
2026/04/17,3,25654800,20781350,16240550,16.48,17.06,20.06,20.06,19.17,8.84,8.84,8.84,8.47,8.84,,16.49,,,,,,16.49,17.06,20.06,20.06,19.17,8.84,8.84,8.84,8.47,8.84,,8692300,1981050,888700,518700,,16.49,17.06,20.06,20.06,19.17,8.84,8.84,8.84,8.47,8.84
2026/04/17,4,25751500,20822600,16227550,16.40,17.29,22.00,22.00,19.18,8.64,8.64,8.64,8.47,8.64,,16.42,,,,,,16.42,17.29,21.93,21.98,19.18,8.64,8.64,8.64,8.47,8.64,,8720450,1936600,964550,494550,,16.42,17.29,22.00,21.95,19.18,8.64,8.64,8.64,8.47,8.64
2026/04/17,5,25688550,20911750,16269350,16.50,16.46,22.00,22.00,19.18,8.84,8.84,8.84,8.44,8.84,,16.52,,,,,,16.52,16.46,21.99,22.00,19.18,8.84,8.84,8.84,8.44,8.84,,8623950,1828000,1003050,519050,,16.52,16.46,22.00,21.99,19.18,8.84,8.84,8.84,8.44,8.84
2026/04/17,6,25544750,21158700,16670200,16.73,17.61,25.00,25.00,20.19,9.76,9.76,9.76,8.44,9.76,,16.75,,,,,,16.75,17.61,24.99,25.00,20.19,9.76,9.76,9.76,8.44,9.76,,8421500,1747850,1026350,519850,,16.75,17.61,25.00,24.99,20.19,9.76,9.76,9.76,8.44,9.76
2026/04/17,7,25645350,21482200,16972200,16.93,16.52,25.22,25.22,19.97,10.00,10.00,10.00,6.92,10.00,,16.95,,,,,,16.95,16.52,25.17,25.21,20.00,10.00,10.00,10.04,6.92,10.00,,8311750,1784400,942800,436300,,16.95,16.52,25.22,25.20,19.99,10.01,10.00,10.00,6.92,10.02
2026/04/17,8,25601250,21870300,17241850,17.27,16.59,25.68,25.68,19.98,10.02,10.02,10.02,6.92,10.02,,17.32,,,,,,17.32,16.59,25.59,25.67,20.12,10.02,10.02,10.05,6.92,10.02,,8273800,1786900,951400,444900,,17.32,16.59,25.68,25.67,20.09,10.03,10.02,10.02,6.92,10.03
2026/04/17,9,25604950,22014350,16431150,16.59,16.62,19.01,19.01,19.01,10.26,10.26,10.26,6.93,10.26,,16.56,,,,,,16.56,16.62,19.00,19.01,19.00,10.26,10.26,10.27,6.93,10.26,,8271850,1805250,978300,472300,,16.56,16.62,19.01,19.01,18.98,10.28,10.26,10.26,6.93,10.26
2026/04/17,10,25736150,22321650,16604150,16.59,16.67,18.99,18.99,18.99,11.46,11.46,11.46,6.93,11.46,,16.54,,,,,,16.54,16.67,18.99,18.99,18.99,11.46,11.44,11.42,6.93,11.46,,8317950,1805000,1022900,514900,,16.54,16.67,19.00,18.99,18.97,11.39,11.46,11.46,6.93,11.42
2026/04/17,11,25935350,22670750,17249100,16.93,11.01,24.00,24.00,24.00,11.46,11.46,11.46,8.44,11.46,,16.91,,,,,,16.91,11.01,23.95,23.99,23.90,11.46,11.45,11.40,8.44,11.46,,8441900,1822750,1093150,558650,,16.91,11.01,24.00,23.99,23.84,11.42,11.46,11.46,8.44,11.41
2026/04/17,12,26314900,22249150,16958950,16.55,10.01,20.00,20.00,20.00,10.12,10.12,10.12,6.94,10.12,,16.56,,,,,,16.56,10.04,19.99,19.99,19.98,10.12,10.12,10.13,6.94,10.12,,8619750,1863800,950450,514950,,16.56,10.02,20.00,20.00,19.94,10.14,10.12,10.12,6.94,10.12
2026/04/17,13,27503350,22334400,17817650,16.65,20.00,24.61,24.61,18.47,10.02,10.02,10.02,6.94,10.02,,16.63,,,,,,16.63,20.00,24.58,24.61,18.33,10.02,10.01,10.02,6.94,10.02,,8968050,1813550,1001300,691300,,16.63,20.00,24.61,24.60,18.28,10.02,10.02,9.99,6.94,10.02
2026/04/17,14,28947900,22244400,17834550,15.21,15.21,15.21,18.70,17.44,9.26,9.26,9.26,8.45,9.26,,15.17,,,,,,15.17,15.21,15.21,18.70,17.27,9.26,9.26,9.26,8.45,9.26,,9575300,1818850,1175250,866750,,15.17,15.21,15.21,18.70,17.17,9.26,9.26,9.25,8.45,9.26
2026/04/17,15,30771550,21936100,18369600,10.50,9.17,9.17,17.11,16.41,9.03,9.03,9.03,9.03,9.03,,10.50,,,,,,10.50,9.17,9.17,17.11,16.36,9.03,9.03,9.03,8.99,9.03,,10683450,1825400,1524150,1358650,,10.50,9.17,9.17,17.11,16.24,9.03,9.03,9.03,9.03,9.03
2026/04/17,16,32539100,22008350,19105950,8.62,7.69,7.69,16.50,15.61,8.84,8.84,8.84,8.62,8.84,,8.64,,,,,,8.64,7.81,7.69,16.50,15.56,8.84,8.84,8.83,8.62,8.84,,11188750,1855600,1600550,1577550,,8.64,7.69,7.71,16.49,15.43,8.84,8.84,8.84,8.62,8.84
2026/04/17,17,34290650,22986500,20406550,9.03,7.92,7.92,15.78,14.60,9.03,9.03,9.03,8.64,9.03,,9.04,,,,,,9.04,7.96,7.91,15.78,14.60,9.03,9.01,9.03,8.64,9.03,,11558250,1734500,1732800,1719300,,9.04,7.89,7.93,15.78,14.60,9.03,9.03,8.99,8.64,9.03
2026/04/17,18,35605150,23648850,21309850,8.61,6.90,6.90,11.55,11.55,9.03,9.03,9.03,8.44,9.03,,8.64,,,,,,8.64,7.01,6.90,11.56,11.57,9.03,9.03,9.03,8.43,9.03,,11663150,1744700,2239550,2212550,,8.64,6.90,6.92,11.57,11.57,9.03,9.03,9.03,8.44,9.03
2026/04/17,19,36596700,24078500,22195350,8.40,3.00,3.00,11.42,11.42,11.42,11.42,8.65,8.44,8.65,,8.42,,,,,,8.42,3.08,3.01,11.43,11.44,11.42,11.43,8.65,8.44,8.65,,11682100,1742350,2436850,2409850,,8.42,3.04,3.01,11.43,11.43,11.44,11.46,8.65,8.44,8.65
2026/04/17,20,37565800,24575050,22815400,8.25,1.00,1.00,15.81,9.77,9.60,9.60,8.61,6.92,8.61,,8.24,,,,,,8.24,1.07,1.00,15.81,9.77,9.60,9.60,8.63,6.93,8.63,,11813400,1763300,2465000,2438000,,8.24,1.04,1.01,15.81,9.76,9.60,9.60,8.64,6.92,8.61
2026/04/17,21,37367200,24139250,22588750,8.00,0.02,0.02,15.81,9.77,9.70,9.70,9.03,6.93,9.03,,8.00,,,,,,8.00,0.07,0.02,15.81,9.77,9.70,9.69,9.03,6.94,9.07,,11869850,1697500,2875250,2748250,,8.00,0.03,0.03,15.80,9.75,9.71,9.70,9.05,6.93,9.05
2026/04/17,22,37888150,24068100,22697350,7.60,0.01,0.01,9.70,9.70,9.70,9.70,9.70,6.91,9.70,,7.60,,,,,,7.60,0.05,0.01,9.71,9.70,9.70,9.66,9.66,7.02,9.71,,11988800,1687350,3139200,2912200,,7.60,0.01,0.02,9.72,9.65,9.71,9.70,9.68,6.91,9.70
2026/04/17,23,38510600,24655050,22431600,8.53,0.01,0.01,15.77,9.65,9.65,9.65,9.65,5.42,9.65,,8.51,,,,,,8.51,0.04,0.01,15.77,9.65,9.65,9.61,9.64,5.42,9.64,,12190150,1684350,3471750,3144750,,8.51,0.01,0.02,15.77,9.59,9.67,9.65,9.65,5.42,9.65
2026/04/17,24,38764500,23825600,22182250,6.91,0.01,0.01,15.58,8.61,8.61,8.61,8.61,2.05,8.61,,6.91,,,,,,6.91,0.05,0.01,15.58,8.62,8.61,8.60,8.60,2.05,8.62,,12303700,1683200,3221850,2894850,,6.91,0.02,0.01,15.58,8.59,8.61,8.61,8.64,2.05,8.61
2026/04/17,25,38842450,21990350,20966250,1.00,0.01,0.01,1.50,3.00,3.00,3.00,3.00,1.00,3.00,,1.11,,,,,,1.11,0.04,0.01,1.73,3.02,3.00,3.01,3.01,1.00,3.01,,12463100,1680850,3712800,3385800,,1.11,0.01,0.02,1.73,3.05,3.01,3.06,3.02,1.00,3.01
2026/04/17,26,38319450,21996300,20794650,2.00,0.01,0.01,5.82,5.82,5.82,5.82,5.82,2.05,5.82,,2.11,,,,,,2.11,0.05,0.01,5.95,5.84,5.82,5.82,5.83,2.05,5.82,,12409850,1679400,3688850,3361850,,2.11,0.01,0.02,5.92,5.84,6.01,5.82,5.88,2.05,5.90
2026/04/17,27,37301400,22563900,20990900,7.61,0.50,0.50,8.84,8.84,8.84,8.84,8.84,6.93,8.84,,7.62,,,,,,7.62,0.56,0.51,8.89,8.84,8.84,8.84,8.84,6.94,8.84,,12261350,1726400,3130350,2903350,,7.62,0.55,0.51,8.91,8.82,8.90,8.84,8.84,6.93,8.84
2026/04/17,28,36188700,23224050,21029100,8.84,3.00,3.00,15.58,10.50,10.50,10.50,10.50,6.92,10.50,,8.87,,,,,,8.87,3.00,3.00,15.56,10.54,10.86,10.50,10.35,6.87,10.43,,12118100,1795750,2865400,2738400,,8.87,3.00,3.00,15.57,10.59,10.50,10.50,10.50,6.97,10.36
2026/04/17,29,35054350,23182500,21001500,8.40,6.97,6.97,15.65,11.00,11.00,11.00,8.84,8.45,8.84,,8.50,,,,,,8.50,6.98,6.97,15.66,11.03,11.00,10.98,9.26,8.47,8.92,,11985250,2265300,2353900,2307900,,8.50,6.97,6.97,15.66,11.04,11.01,11.00,8.87,8.45,9.02
2026/04/17,30,34088850,23456600,20531650,9.77,7.77,7.77,16.91,15.61,9.03,9.03,9.03,8.46,9.03,,9.82,,,,,,9.82,7.77,7.77,16.93,15.58,9.03,9.03,9.11,8.46,9.07,,11683200,2192000,1783500,1747000,,9.82,7.76,7.77,16.93,15.57,9.11,9.04,9.04,8.46,9.05
2026/04/17,31,33060700,23552850,20130850,11.58,10.00,10.00,17.50,16.35,9.57,9.57,9.57,8.65,9.57,,11.58,,,,,,11.58,9.97,9.99,17.51,16.32,9.57,9.57,9.60,8.65,9.56,,11459700,2348400,1506150,1364000,,11.58,9.96,10.00,17.51,16.31,9.57,9.57,9.58,8.65,9.57
2026/04/17,32,31666000,24312850,19992900,16.64,12.13,16.32,24.37,18.07,14.76,14.76,14.76,8.65,14.76,,16.61,,,,,,16.61,12.18,16.28,24.37,18.00,14.76,14.64,14.74,8.65,14.70,,11332900,2458700,1321600,940700,,16.61,12.14,16.30,24.36,17.97,14.72,14.68,14.72,8.65,14.66
2026/04/17,33,31402200,24579600,19603000,14.89,15.00,20.00,20.00,11.92,11.92,11.92,11.92,6.94,11.92,,14.84,,,,,,14.84,15.02,19.97,20.00,12.01,11.92,11.92,11.92,6.91,11.93,,10905350,2777400,1200200,768300,,14.84,15.01,19.99,19.99,11.93,11.92,11.93,11.93,6.93,12.06
2026/04/17,34,30136450,25228000,19608050,17.26,16.54,24.37,24.37,14.36,14.36,14.36,14.36,6.65,14.36,,17.24,,,,,,17.24,16.55,24.32,24.35,14.40,14.36,14.34,14.36,6.62,14.36,,10442250,2936900,1085850,650950,,17.24,16.55,24.37,24.33,14.39,14.36,14.36,14.37,6.64,14.35
2026/04/17,35,29469900,25105200,19608550,17.55,25.22,25.22,25.22,13.91,13.91,13.91,13.91,6.92,13.91,,17.49,,,,,,17.49,25.14,25.19,25.20,13.98,13.91,13.86,13.89,6.86,13.90,,11150500,3752600,1079100,636500,,17.49,25.06,25.22,25.20,14.00,13.91,13.91,13.91,6.90,13.80
2026/04/17,36,28792650,25842550,19675600,21.05,30.00,30.00,30.00,22.76,14.89,14.89,14.89,6.92,14.89,,21.02,,,,,,21.02,29.73,29.94,29.93,22.73,14.89,14.86,14.84,6.92,14.87,,10975650,3795200,1075350,632750,,21.02,29.83,29.99,29.90,22.72,14.83,14.88,14.87,6.92,14.85
2026/04/17,37,28618800,26418700,19784650,22.96,27.07,27.07,27.07,27.06,16.35,16.35,16.35,6.93,16.35,,22.91,,,,,,22.91,26.98,27.01,27.04,26.99,16.35,16.32,16.35,6.93,16.35,,11061000,3935850,1082150,631950,,22.91,26.70,27.06,27.02,27.04,16.33,16.34,16.32,6.93,16.34
2026/04/17,38,28523400,26489300,19881150,24.37,30.00,41.00,41.00,26.76,16.00,16.00,16.00,8.44,16.00,,24.45,,,,,,24.45,29.64,40.41,40.83,26.76,16.00,15.99,16.00,8.40,16.00,,11060900,3924150,1080250,630150,,24.45,29.80,40.98,40.58,26.76,15.99,15.99,15.99,8.43,15.99
2026/04/17,39,28478350,25724200,19482200,24.37,30.00,30.00,30.00,21.00,16.35,16.35,16.35,6.92,16.35,,24.34,,,,,,24.34,29.49,29.98,29.96,21.03,16.35,16.34,16.35,6.86,16.35,,10858550,3557750,1082700,632650,,24.34,29.61,29.99,29.96,21.02,16.34,16.35,16.34,6.90,16.35
2026/04/17,40,28719350,25172450,19457650,21.06,23.20,31.24,31.24,17.00,14.84,14.84,14.84,7.54,14.84,,21.07,,,,,,21.07,23.11,31.22,31.21,17.03,14.84,14.83,14.84,7.50,14.84,,10938200,3619900,1088550,638500,,21.07,23.15,31.24,31.19,17.05,14.84,14.84,14.84,7.53,14.83
2026/04/17,41,28274100,25051850,18628900,18.60,23.20,25.07,25.07,17.62,14.84,14.84,14.84,8.45,14.84,,18.60,,,,,,18.60,23.12,25.07,25.07,17.68,14.84,14.83,14.83,8.33,14.82,,10767900,3445000,1083850,633750,,18.60,23.16,25.07,25.07,17.70,14.83,14.84,14.84,8.41,14.81
2026/04/17,42,28253600,24364550,17900500,17.59,24.37,24.37,24.37,16.57,14.36,14.36,14.36,6.93,14.36,,17.63,,,,,,17.63,24.24,24.35,24.36,16.62,14.36,14.35,14.35,6.87,14.35,,10684100,3362050,1080000,629900,,17.63,24.17,24.37,24.37,16.64,14.36,14.36,14.36,6.91,14.33
2026/04/17,43,28019100,23739200,17841700,17.81,24.37,24.37,24.37,17.61,13.91,13.91,13.91,6.93,13.91,,17.82,,,,,,17.82,24.23,24.35,24.36,17.64,13.91,13.91,13.91,6.90,13.91,,10482350,3149200,1075350,625400,,17.82,24.24,24.36,24.37,17.65,13.91,13.91,13.91,6.92,13.91
2026/04/17,44,27883650,23390400,17312150,17.01,22.00,22.00,22.00,17.38,12.00,12.00,12.00,8.47,12.00,,17.00,,,,,,17.00,21.93,21.99,22.00,17.33,12.00,12.00,11.99,8.38,12.00,,10355250,2991200,1068250,621700,,17.00,21.94,21.99,22.00,17.31,12.00,12.00,12.00,8.45,11.99
2026/04/17,45,27996050,23775050,18718650,20.73,27.50,30.00,46.97,27.28,13.91,13.91,13.91,8.44,13.91,,20.92,,,,,,20.92,27.22,29.96,46.53,27.24,13.91,13.90,13.91,8.38,13.91,,10330300,2970250,1077350,629200,,20.92,27.37,29.98,46.38,27.23,13.91,13.90,13.91,8.42,13.91
2026/04/17,46,28006750,23121750,18430550,19.10,23.61,23.61,27.10,27.10,9.76,9.76,9.76,8.46,9.76,,19.07,,,,,,19.07,23.55,23.60,27.08,27.07,9.76,9.76,9.76,8.10,9.76,,10252600,3030500,1074300,627150,,19.07,23.57,23.61,27.09,27.02,9.76,9.76,9.76,8.36,9.76
2026/04/17,47,27631550,22604700,18162800,18.86,27.04,27.04,27.04,27.04,9.03,9.03,9.03,8.47,9.03,,18.86,,,,,,18.86,26.86,26.91,27.01,26.98,9.03,9.03,9.03,7.96,9.03,,10086250,2973500,902000,555600,,18.86,26.87,27.03,27.01,26.90,9.03,9.03,9.03,8.32,9.03
2026/04/17,48,27519700,21553250,17424450,17.01,24.37,24.37,24.37,21.00,8.61,8.61,8.61,8.46,8.61,,17.01,,,,,,17.01,24.35,24.33,24.36,20.96,8.61,8.61,8.61,8.08,8.61,,9773650,2852300,670950,433450,,17.01,24.34,24.36,24.36,20.94,8.61,8.61,8.61,8.35,8.61
2026/04/18,1,24913150,20889950,17144000,15.54,16.33,22.00,22.00,19.95,8.84,8.84,8.84,8.45,8.84,,15.55,,,,,,15.55,15.90,22.00,22.00,20.00,8.84,8.84,8.99,8.49,8.84,,6984450,1585450,914900,911400,,15.55,16.11,22.02,22.00,19.96,9.05,8.84,8.85,8.47,8.84
2026/04/18,2,25617150,20578550,16305400,15.39,15.56,23.05,23.05,19.77,8.61,8.61,8.61,8.44,8.61,,15.50,,,,,,15.50,15.18,23.02,23.05,20.08,8.61,8.61,8.73,8.44,8.61,,8344750,1636900,991300,884800,,15.50,15.37,23.05,23.11,19.85,8.82,8.61,8.62,8.44,8.61
2026/04/18,3,25908750,20353000,15849700,15.39,16.33,19.50,22.00,20.15,8.40,8.40,8.40,8.40,8.40,,15.49,,,,,,15.49,15.89,19.47,22.00,20.42,8.40,8.40,8.52,8.40,8.40,,8806750,1573000,1088100,825600,,15.49,16.11,19.48,22.10,20.23,8.63,8.40,8.40,8.40,8.40
2026/04/18,4,26362400,19993650,15993450,15.21,15.66,18.51,22.00,20.04,8.61,8.61,8.61,8.45,8.61,,15.20,,,,,,15.20,15.27,18.45,22.00,20.04,8.61,8.61,8.71,8.45,8.61,,9179450,1482300,1279700,875700,,15.20,15.47,18.48,22.00,20.04,8.81,8.61,8.61,8.45,8.61
2026/04/18,5,26160250,20196750,15971950,15.40,16.72,20.00,23.34,19.98,8.65,8.65,8.65,6.92,8.65,,15.39,,,,,,15.39,16.26,19.96,23.34,20.01,8.65,8.65,8.81,6.92,8.65,,9148700,1286300,1522700,995200,,15.39,16.50,19.99,23.34,20.01,8.95,8.65,8.65,6.92,8.65
2026/04/18,6,26023250,20592200,16144350,15.65,16.76,20.65,23.63,19.76,9.23,9.23,9.23,6.94,9.23,,15.66,,,,,,15.66,16.28,20.62,23.62,19.83,9.23,9.23,9.34,6.94,9.23,,8936500,1168050,1736650,1097650,,15.66,16.53,20.64,23.63,19.84,9.43,9.23,9.23,6.94,9.23
2026/04/18,7,25889900,20568700,15693650,16.23,16.25,20.66,23.49,20.12,8.94,8.94,8.94,8.44,8.94,,16.45,,,,,,16.45,15.84,20.63,23.49,20.77,8.94,8.94,9.07,8.44,8.94,,8863300,1136850,1321800,663800,,16.45,16.05,20.65,23.66,20.43,9.17,8.94,8.95,8.44,8.94
2026/04/18,8,26144000,20719550,16182750,16.18,16.76,20.67,23.63,20.00,10.04,10.04,10.04,8.44,10.04,,16.21,,,,,,16.21,16.31,20.64,23.63,20.14,10.04,10.04,10.03,8.44,10.04,,8912900,1123350,1334900,662400,,16.21,16.54,20.66,23.64,20.16,10.07,10.04,10.04,8.44,10.01
2026/04/18,9,26040000,21402250,16177850,16.52,24.21,24.21,24.21,20.00,10.08,10.08,10.08,8.62,10.08,,16.80,,,,,,16.80,24.18,24.06,24.21,21.02,10.08,10.08,10.04,8.62,10.08,,9109650,1109150,1351000,652500,,16.80,23.98,24.22,24.33,20.95,10.09,10.08,10.08,8.62,10.04
2026/04/18,10,26151950,21285900,16140800,16.53,24.21,24.21,24.21,20.02,9.89,9.89,9.89,8.61,9.89,,16.76,,,,,,16.76,24.18,24.08,24.21,20.75,9.89,9.89,9.89,8.61,9.89,,9263000,1070350,1290150,652650,,16.76,24.00,24.28,24.25,20.68,9.92,9.89,9.89,8.61,9.88
2026/04/18,11,25750750,20593600,15692300,16.52,24.63,24.63,26.07,26.07,11.00,11.00,11.00,8.63,11.00,,16.63,,,,,,16.63,24.60,24.49,26.07,26.14,11.00,11.00,10.99,8.63,11.00,,9462900,1036900,1164050,518550,,16.63,24.38,24.63,26.10,26.11,10.98,11.00,11.00,8.63,11.00
2026/04/18,12,26371200,20078200,15416850,15.78,17.49,20.66,23.49,23.49,9.53,9.53,9.53,8.45,9.53,,15.81,,,,,,15.81,17.48,20.58,23.46,23.48,9.53,9.53,9.56,8.45,9.53,,9630850,1057550,1110400,475900,,15.81,17.63,20.66,23.47,23.44,9.59,9.53,9.53,8.45,9.53
2026/04/18,13,27271400,19481650,14888100,14.80,18.00,18.00,18.37,17.56,9.03,9.03,9.03,8.45,9.03,,14.79,,,,,,14.79,17.97,17.99,18.36,17.56,9.03,9.03,9.14,8.45,9.03,,9892750,1034750,1120400,558900,,14.79,17.92,18.00,18.36,17.56,9.22,9.03,9.03,8.45,9.03
2026/04/18,14,28277050,19381950,14659450,12.96,12.80,12.80,15.87,15.47,8.96,8.96,8.96,6.93,8.96,,12.98,,,,,,12.98,12.79,12.80,15.88,15.51,8.96,8.96,9.00,6.93,8.96,,10218000,1000800,1274800,742800,,12.98,12.79,12.80,15.88,15.51,9.02,8.96,8.96,6.93,8.96
2026/04/18,15,29908850,19013950,15156250,9.03,8.84,8.84,14.80,11.24,8.84,8.84,8.84,6.68,8.84,,9.09,,,,,,9.09,8.84,8.86,14.81,11.32,8.84,8.84,8.92,6.68,8.87,,10748450,1069500,1844900,1358900,,9.09,8.84,8.85,14.81,11.36,8.84,8.85,8.86,6.68,8.88
2026/04/18,16,30870900,18705950,16089500,8.40,8.44,8.44,12.96,8.74,8.40,8.40,8.40,6.92,8.40,,8.44,,,,,,8.44,8.44,8.45,12.97,8.80,8.40,8.40,8.47,6.92,8.53,,10942950,1115750,2334450,2011450,,8.44,8.44,8.44,12.97,8.82,8.41,8.42,8.41,6.92,8.50
2026/04/18,17,31744300,19216800,16793400,8.44,8.42,8.42,8.67,8.67,8.64,8.64,8.64,8.62,8.64,,8.48,,,,,,8.48,8.42,8.43,8.73,8.73,8.64,8.64,8.62,8.55,8.64,,11278250,763500,3114650,2532650,,8.48,8.42,8.42,8.75,8.76,8.64,8.64,8.61,8.62,8.64
2026/04/18,18,32476400,19874150,17403200,8.40,7.65,7.65,8.61,8.61,8.61,8.61,8.61,8.61,8.61,,8.44,,,,,,8.44,7.65,7.65,8.68,8.64,8.61,8.61,8.61,8.61,8.61,,11199450,779250,3931100,2954100,,8.44,7.65,7.65,8.64,8.64,8.93,8.63,8.72,8.61,8.65
2026/04/18,19,33348350,20538700,18226600,7.70,7.70,7.70,8.40,8.40,8.40,8.40,8.40,8.40,8.40,,7.76,,,,,,7.76,7.70,7.70,8.49,8.42,8.40,8.40,8.40,8.40,8.40,,11073050,779800,4203450,3326450,,7.76,7.70,7.70,8.42,8.43,8.74,8.43,8.46,8.40,8.51
2026/04/18,20,34199900,20266350,18305350,3.00,3.00,3.00,3.00,6.93,6.93,6.93,6.93,6.93,6.93,,3.16,,,,,,3.16,3.00,3.00,3.35,6.96,6.93,6.93,6.94,6.93,6.93,,11323750,797100,4270650,3393650,,3.16,3.03,3.13,3.10,6.95,7.13,6.99,6.99,7.17,6.99
2026/04/18,21,34985650,22351050,18879800,8.62,5.00,5.00,14.68,8.40,8.40,8.40,8.40,8.40,8.40,,8.62,,,,,,8.62,5.00,5.00,14.65,8.40,8.40,8.40,8.37,8.38,8.40,,11542050,828900,4397750,3420750,,8.62,5.00,5.00,14.64,8.40,8.40,8.39,8.37,8.40,8.40
2026/04/18,22,35449350,22270550,18967900,8.52,3.00,3.00,12.96,7.45,7.45,7.45,7.45,7.45,7.45,,8.51,,,,,,8.51,3.04,2.98,12.95,7.46,7.45,7.45,7.44,7.45,7.45,,11724850,832200,4453000,3326000,,8.51,2.95,3.01,12.95,7.46,7.45,7.45,7.45,7.45,7.45
2026/04/18,23,35738300,22327850,19083650,8.45,5.94,5.94,12.96,6.91,6.91,6.91,6.91,6.91,6.91,,8.45,,,,,,8.45,6.01,5.89,12.95,6.91,6.91,6.91,6.90,6.90,6.90,,11874850,811300,4428350,3401350,,8.45,5.81,5.96,12.95,6.91,6.91,6.89,6.91,6.91,6.93
2026/04/18,24,35905200,22493400,19044450,8.52,8.22,8.22,12.96,6.91,6.91,6.91,6.91,6.91,6.91,,8.52,,,,,,8.52,8.20,8.15,12.96,6.91,6.91,6.91,6.89,6.91,6.90,,11943300,773600,4623700,3446700,,8.52,8.10,8.21,12.95,6.91,6.91,6.90,6.91,6.91,6.91
2026/04/18,25,36063100,22495500,19012600,8.52,8.24,8.24,14.34,5.00,5.00,5.00,5.00,5.00,5.00,,8.49,,,,,,8.49,8.24,8.19,14.33,5.00,5.00,4.98,4.98,5.00,4.95,,12049550,810900,4621950,3444950,,8.49,8.14,8.24,14.32,4.94,5.00,5.00,5.01,5.00,5.00
2026/04/18,26,35990500,21798300,18737600,8.06,6.89,6.89,12.96,3.00,3.00,3.00,3.00,3.00,3.00,,8.02,,,,,,8.02,6.90,6.89,12.95,3.01,3.00,3.00,2.98,3.00,2.98,,12112700,837450,4455300,3388300,,8.02,6.89,6.89,12.95,2.97,3.00,3.01,3.01,3.00,3.00
2026/04/18,27,35788400,20229150,18146100,3.00,3.01,3.01,3.01,3.01,3.01,3.01,3.01,3.01,3.01,,3.14,,,,,,3.14,3.23,3.01,3.30,3.10,3.01,3.01,3.12,3.01,2.98,,12268550,823000,4399550,3340050,,3.14,3.04,3.31,3.23,3.04,3.02,3.04,3.05,3.19,3.05
2026/04/18,28,35209550,20379500,18046450,6.91,7.68,7.68,7.68,6.91,6.91,6.91,6.91,6.91,6.91,,6.92,,,,,,6.92,7.73,7.69,7.73,6.90,6.91,6.90,6.77,6.82,6.82,,12246300,808650,4345600,3184600,,6.92,7.74,7.69,7.74,6.80,6.91,6.90,6.89,6.91,6.90
2026/04/18,29,34474700,20466600,17978550,7.93,7.93,7.93,8.00,8.00,8.00,8.00,8.00,8.00,8.00,,7.97,,,,,,7.97,7.94,7.94,8.10,8.00,8.00,8.00,7.94,7.92,8.00,,12267650,801150,4341300,3099800,,7.97,7.93,7.94,8.12,7.98,8.07,7.99,8.00,8.00,8.02
2026/04/18,30,33801100,20473550,17802500,8.45,8.46,8.46,12.96,8.40,8.40,8.40,8.40,8.40,8.40,,8.47,,,,,,8.47,8.47,8.49,12.96,8.40,8.40,8.40,8.38,8.29,8.40,,12221900,810050,4069850,3108350,,8.47,8.47,8.47,12.96,8.37,8.41,8.40,8.40,8.40,8.40
2026/04/18,31,32812850,20060250,17282950,8.61,8.00,8.00,14.72,8.74,8.74,8.74,8.74,8.45,8.61,,8.66,,,,,,8.66,8.03,8.03,14.74,8.75,8.74,8.74,8.68,8.45,8.61,,11928350,887750,3435300,2943800,,8.66,8.03,8.01,14.75,8.71,8.76,8.74,8.75,8.45,8.61
2026/04/18,32,31583650,19977200,16518750,8.74,8.84,8.84,14.69,8.74,8.74,8.74,8.74,8.63,8.74,,8.87,,,,,,8.87,8.85,8.86,14.75,8.77,8.74,8.74,8.72,8.59,8.74,,11710850,1007950,2979800,2588150,,8.87,8.88,8.84,14.78,8.73,8.86,8.74,8.74,8.63,8.74
2026/04/18,33,30563300,20015650,16527850,8.40,14.22,14.22,15.95,8.40,8.40,8.40,8.40,8.40,8.40,,8.46,,,,,,8.46,14.20,14.21,15.96,8.43,8.40,8.40,8.40,8.40,8.41,,11304600,1138700,3000350,2720250,,8.46,14.20,14.22,15.97,8.41,8.40,8.40,8.42,8.41,8.40
2026/04/18,34,29670700,20211000,16721300,10.50,13.00,13.00,21.00,8.61,8.61,8.61,8.61,8.61,8.61,,10.52,,,,,,10.52,13.01,13.00,20.99,8.65,8.61,8.61,8.67,8.61,8.61,,11121250,1273200,2188600,1927150,,10.52,13.00,13.00,20.99,8.62,8.85,8.61,8.62,8.61,8.61
2026/04/18,35,28713800,20074650,16229850,13.91,16.32,16.32,23.00,10.71,8.61,8.61,8.61,8.44,8.61,,13.91,,,,,,13.91,16.31,16.32,22.96,10.79,8.61,8.61,8.62,8.44,8.61,,10544600,1355950,1438050,1172550,,13.91,16.32,16.32,22.94,10.81,8.61,8.61,8.61,8.44,8.61
2026/04/18,36,29051000,20693900,16230300,14.69,17.98,17.98,23.05,14.01,9.03,9.03,9.03,8.43,9.03,,14.60,,,,,,14.60,17.97,17.94,23.04,14.04,9.03,9.01,9.00,8.43,9.03,,10508050,1359100,1050400,785400,,14.60,17.97,17.96,23.04,14.06,9.03,9.03,9.02,8.43,8.98
2026/04/18,37,29176300,21678050,16901900,14.83,19.40,19.40,30.34,25.00,9.03,9.03,9.03,8.44,9.03,,14.87,,,,,,14.87,19.42,19.40,30.29,24.88,9.03,9.01,9.04,8.44,9.03,,10923650,1438150,910200,637600,,14.87,19.39,19.40,30.26,24.84,9.07,9.03,9.02,8.44,9.00
2026/04/18,38,28880500,22429600,17157150,15.52,18.00,18.00,35.83,26.11,11.01,11.01,11.01,8.61,11.01,,15.60,,,,,,15.60,18.05,17.99,35.69,25.99,11.39,10.89,10.95,8.61,11.01,,10895400,1477950,914050,641050,,15.60,18.00,18.01,35.63,25.94,11.01,11.01,11.02,8.61,10.86
2026/04/18,39,28835850,21939850,17023500,15.35,17.49,17.49,24.35,24.35,9.74,9.74,9.74,8.62,9.74,,15.43,,,,,,15.43,17.86,17.50,24.34,24.27,9.74,9.74,9.75,8.62,9.74,,10839150,1465700,914050,641100,,15.43,17.49,17.55,24.35,24.20,9.75,9.74,9.74,8.62,9.74
2026/04/18,40,29056000,21872700,16702300,15.08,16.54,16.54,23.77,18.49,9.23,9.23,9.23,8.44,9.23,,15.03,,,,,,15.03,16.87,16.54,23.77,18.57,9.23,9.20,9.25,8.44,9.23,,11054450,1461800,869000,596000,,15.03,16.54,16.59,23.77,18.61,9.28,9.23,9.23,8.44,9.18
2026/04/18,41,28811500,21892500,16748100,15.34,17.98,17.98,25.00,17.51,9.57,9.57,9.57,8.46,9.57,,15.26,,,,,,15.26,17.96,17.89,24.99,17.59,9.57,9.54,9.58,8.46,9.57,,10998700,1458850,964300,691300,,15.26,17.87,17.97,24.99,17.62,9.59,9.57,9.57,8.46,9.52
2026/04/18,42,28699150,21320200,16293250,15.00,16.54,16.54,23.49,16.99,9.03,9.03,9.03,8.44,9.03,,15.02,,,,,,15.02,16.53,16.53,23.49,17.06,9.03,9.03,9.07,8.44,9.03,,10823700,1447700,935050,662050,,15.02,16.53,16.54,23.49,17.08,9.11,9.03,9.03,8.44,9.03
2026/04/18,43,28499200,21127350,16184400,15.05,16.50,16.50,23.49,16.01,9.44,9.44,9.44,8.45,9.44,,14.95,,,,,,14.95,16.49,16.48,23.49,16.08,9.44,9.42,9.45,8.45,9.44,,10919600,1442850,1059250,786950,,14.95,16.46,16.50,23.49,16.11,9.46,9.44,9.44,8.45,9.39
2026/04/18,44,28696550,20987450,16173450,14.77,16.34,16.34,23.34,15.63,10.53,10.53,10.53,8.45,10.53,,14.68,,,,,,14.68,16.34,16.30,23.33,15.69,10.53,10.43,10.46,8.45,10.52,,11093550,1462950,1236200,963400,,14.68,16.30,16.33,23.33,15.71,10.53,10.53,10.53,8.45,10.30
2026/04/18,45,28681950,20837850,16581900,15.29,16.32,16.32,23.77,18.10,10.54,10.54,10.54,8.44,10.54,,15.22,,,,,,15.22,16.31,16.32,23.77,18.18,10.54,10.47,10.48,8.44,10.53,,10841100,1430350,1160400,924650,,15.22,16.31,16.32,23.77,18.21,10.50,10.54,10.54,8.44,10.39
2026/04/18,46,28630050,20242050,15807200,14.69,14.00,14.00,18.37,16.78,9.87,9.87,9.87,8.44,9.87,,14.68,,,,,,14.68,14.08,14.00,18.37,16.80,9.87,9.87,9.89,8.44,9.87,,10633650,1431950,1030050,793800,,14.68,14.01,14.01,18.37,16.80,9.90,9.87,9.87,8.44,9.87
2026/04/18,47,28207750,19946150,15717350,14.80,16.54,16.54,18.37,17.31,9.57,9.57,9.57,8.44,9.57,,14.82,,,,,,14.82,16.50,16.54,18.37,17.35,9.57,9.57,9.58,8.44,9.57,,10346650,1428750,932800,697300,,14.82,16.53,16.54,18.37,17.36,9.59,9.57,9.57,8.44,9.57
2026/04/18,48,27792550,19186200,15328300,14.69,16.50,16.50,19.00,15.71,8.44,8.44,8.44,8.44,8.44,,14.70,,,,,,14.70,16.43,16.50,19.00,15.75,8.44,8.44,8.47,8.44,8.44,,9865950,1404900,570700,335200,,14.70,16.49,16.49,19.00,15.76,8.50,8.44,8.44,8.44,8.44
2026/04/19,1,25252150,18303000,14875500,14.69,16.35,17.97,17.97,11.92,8.61,8.61,8.61,8.44,8.61,,14.68,,,,,,14.68,16.35,17.97,17.97,11.92,8.61,8.61,8.61,8.44,8.61,,7221500,751250,635600,584600,,14.68,16.35,17.97,17.97,11.92,8.61,8.61,8.61,8.44,8.61
2026/04/19,2,26079450,17737700,14299750,14.19,16.31,16.31,16.31,11.36,8.61,8.61,8.61,8.42,8.61,,14.18,,,,,,14.18,16.31,16.31,16.31,11.37,8.61,8.61,8.61,8.42,8.61,,8137850,774200,728150,590650,,14.18,16.31,16.31,16.31,11.38,8.61,8.61,8.61,8.42,8.61
2026/04/19,3,26434350,17608900,14011050,12.00,15.97,15.97,15.97,11.43,8.00,8.00,8.00,6.93,8.00,,12.00,,,,,,12.00,15.97,15.97,15.97,11.45,8.00,8.00,8.00,6.93,8.00,,8501700,769400,796600,614100,,12.00,15.97,15.97,15.97,11.46,8.00,8.00,8.00,6.93,8.00
2026/04/19,4,26455550,17633700,13996350,12.00,15.78,15.78,15.78,11.50,8.40,8.40,8.40,8.40,8.40,,12.00,,,,,,12.00,15.78,15.78,15.78,11.55,8.40,8.40,8.40,8.40,8.40,,8594350,773150,879650,660150,,12.00,15.78,15.78,15.78,11.52,8.40,8.40,8.40,8.40,8.40
2026/04/19,5,26339300,17836500,14215650,14.03,15.78,15.78,15.78,15.35,8.61,8.61,8.61,8.42,8.61,,14.02,,,,,,14.02,15.78,15.78,15.78,15.35,8.61,8.61,8.61,8.42,8.61,,8563200,770800,930600,692100,,14.02,15.78,15.78,15.78,15.35,8.61,8.61,8.61,8.42,8.61
2026/04/19,6,26085950,18211850,14482250,14.41,16.55,16.55,16.55,15.43,8.84,8.84,8.84,8.45,8.84,,14.40,,,,,,14.40,16.55,16.55,16.55,15.43,8.84,8.84,8.84,8.45,8.84,,8752250,774900,1012050,752050,,14.40,16.55,16.55,16.55,15.43,8.84,8.84,8.84,8.45,8.84
2026/04/19,7,26355800,18356450,14441850,14.69,18.34,18.51,18.51,15.53,8.65,8.65,8.65,8.61,8.65,,14.70,,,,,,14.70,18.31,18.52,18.51,15.56,8.65,8.65,8.65,8.61,8.65,,9533400,772200,780250,499250,,14.70,18.33,18.51,18.51,15.57,8.65,8.65,8.65,8.61,8.65
2026/04/19,8,26641350,18293800,14371700,14.69,17.61,17.61,17.61,15.65,8.61,8.61,8.61,8.61,8.61,,14.67,,,,,,14.67,17.61,17.60,17.61,15.66,8.61,8.61,8.61,8.61,8.61,,9744550,774150,789800,498800,,14.67,17.60,17.61,17.61,15.65,8.61,8.61,8.61,8.61,8.61
2026/04/19,9,26760400,18850100,14843900,14.83,20.65,20.65,23.34,15.59,8.45,8.45,8.45,8.45,8.45,,14.87,,,,,,14.87,20.62,20.60,23.32,15.61,8.45,8.45,8.45,8.45,8.45,,9848700,914950,781650,490150,,14.87,20.59,20.65,23.27,15.61,8.45,8.45,8.45,8.45,8.46
2026/04/19,10,26911850,19068500,14945600,14.83,23.00,23.00,23.00,15.65,8.61,8.61,8.61,8.61,8.61,,14.85,,,,,,14.85,22.68,22.91,22.99,15.65,8.61,8.61,8.61,8.61,8.61,,9942600,914300,772950,490450,,14.85,22.78,23.00,22.97,15.65,8.61,8.61,8.61,8.61,8.61
2026/04/19,11,26709500,18884950,14666500,15.29,17.85,21.76,23.34,15.59,9.03,9.03,9.03,8.65,9.03,,15.29,,,,,,15.29,17.81,21.69,23.32,15.58,9.03,9.03,9.01,8.65,9.03,,10071350,909950,738300,492300,,15.29,17.83,21.76,23.29,15.58,9.03,9.03,9.03,8.65,9.01
2026/04/19,12,27229150,18747600,14245100,14.80,18.29,18.29,18.29,15.71,8.84,8.84,8.84,8.65,8.84,,14.79,,,,,,14.79,18.28,18.29,18.29,15.71,8.84,8.84,8.83,8.65,8.84,,10504450,894300,836800,494300,,14.79,18.27,18.29,18.29,15.71,8.84,8.84,8.84,8.65,8.84
2026/04/19,13,28396700,17795450,13945950,13.44,13.96,13.96,15.26,15.26,8.61,8.61,8.61,8.43,8.61,,13.43,,,,,,13.43,13.96,13.95,15.26,15.26,8.61,8.61,8.61,8.43,8.61,,10878000,750950,769450,622450,,13.43,13.95,13.96,15.26,15.25,8.61,8.61,8.61,8.43,8.61
2026/04/19,14,29812200,17040250,14280350,8.62,8.24,8.24,14.56,10.79,7.52,7.52,7.52,7.52,7.52,,8.63,,,,,,8.63,8.24,8.24,14.56,10.76,7.52,7.52,7.52,7.52,7.53,,11297850,733800,817550,694050,,8.63,8.24,8.24,14.56,10.74,7.54,7.52,7.53,7.52,7.53
2026/04/19,15,31281800,17262800,15251250,7.52,5.00,5.00,14.70,7.67,7.12,7.12,7.12,7.12,7.12,,7.52,,,,,,7.52,5.00,5.00,14.70,7.67,7.12,7.12,7.12,7.12,7.12,,12040050,750200,1295800,1172800,,7.52,5.00,5.00,14.70,7.66,7.12,7.12,7.12,7.12,7.12
2026/04/19,16,33127900,17488800,16011000,6.90,0.01,0.01,14.69,5.00,5.00,5.00,5.00,5.00,5.00,,6.89,,,,,,6.89,0.01,0.01,14.69,5.01,5.00,5.05,5.01,5.00,5.00,,12810700,744050,1359100,1338600,,6.89,0.01,0.01,14.69,5.03,5.04,5.01,5.03,5.00,5.02
2026/04/19,17,34575250,17519800,16856400,2.00,0.01,0.01,12.37,2.05,2.05,2.05,2.05,2.05,2.05,,2.06,,,,,,2.06,0.02,0.01,12.33,2.08,2.05,2.22,2.05,2.05,2.05,,13087900,757600,2033600,2033600,,2.06,0.01,0.01,12.31,2.13,2.08,2.09,2.14,2.11,2.12
2026/04/19,18,35984800,17692550,17429350,0.02,0.01,0.01,0.93,0.93,0.93,0.93,0.93,0.93,0.93,,0.08,,,,,,0.08,0.01,0.01,0.95,0.95,0.93,0.95,0.93,0.93,0.93,,13235000,797000,2566950,2566950,,0.08,0.01,0.01,0.93,0.96,0.97,0.95,0.97,0.96,0.96
2026/04/19,19,36936550,18278150,18008600,0.01,0.01,0.01,0.50,0.50,0.50,0.50,0.50,0.50,0.50,,0.06,,,,,,0.06,0.01,0.01,0.53,0.52,0.50,0.55,0.51,0.50,0.50,,13287700,835100,2855800,2855800,,0.06,0.01,0.01,0.51,0.53,0.54,0.55,0.57,0.55,0.56
2026/04/19,20,38306600,18381700,18356000,0.01,0.01,0.01,0.01,0.01,0.01,0.01,0.01,0.01,0.01,,0.05,,,,,,0.05,0.01,0.01,0.06,0.04,0.01,0.08,0.03,0.01,0.01,,13794950,894200,2929400,2929400,,0.05,0.01,0.01,0.02,0.07,0.05,0.08,0.10,0.10,0.09
2026/04/19,21,39462450,18509100,18509100,0.01,0.01,0.01,0.01,0.01,0.01,0.01,0.01,0.01,0.01,,0.05,,,,,,0.05,0.01,0.01,0.06,0.03,0.01,0.08,0.02,0.01,0.01,,14145250,908900,3153150,3153150,,0.05,0.01,0.01,0.02,0.06,0.05,0.08,0.10,0.10,0.09
2026/04/19,22,40221150,18496650,18496650,0.01,0.01,0.01,0.01,0.01,0.01,0.01,0.01,0.01,0.01,,0.04,,,,,,0.04,0.01,0.01,0.05,0.01,0.01,0.09,0.02,0.01,0.01,,14376650,953850,3266150,3266150,,0.04,0.01,0.01,0.02,0.05,0.05,0.07,0.10,0.06,0.07
2026/04/19,23,40634950,18578000,18578000,0.01,0.01,0.01,0.01,0.01,0.01,0.01,0.01,0.01,0.01,,0.04,,,,,,0.04,0.01,0.01,0.04,0.01,0.01,0.10,0.01,0.01,0.01,,14583350,947650,3349850,3349850,,0.04,0.01,0.01,0.02,0.05,0.04,0.07,0.10,0.06,0.07
2026/04/19,24,40632850,18703750,18703750,0.01,0.01,0.01,0.01,0.01,0.01,0.01,0.01,0.01,0.01,,0.04,,,,,,0.04,0.01,0.01,0.05,0.01,0.01,0.10,0.02,0.01,0.01,,14583500,921200,3385650,3385650,,0.04,0.01,0.01,0.02,0.06,0.05,0.07,0.10,0.09,0.06
2026/04/19,25,40509700,18823650,18823650,0.01,0.01,0.01,0.01,0.01,0.01,0.01,0.01,0.01,0.01,,0.05,,,,,,0.05,0.01,0.01,0.05,0.01,0.01,0.11,0.03,0.01,0.01,,14749000,954550,3418550,3418550,,0.05,0.01,0.01,0.02,0.06,0.04,0.08,0.11,0.09,0.06
2026/04/19,26,39918750,18770600,18728250,0.01,0.01,0.01,0.01,0.01,0.01,0.02,0.02,0.02,0.02,,0.05,,,,,,0.05,0.01,0.01,0.06,0.01,0.01,0.13,0.05,0.02,0.02,,14582350,974600,3477200,3477200,,0.05,0.01,0.01,0.03,0.08,0.04,0.09,0.14,0.10,0.09
2026/04/19,27,39248150,18988050,18701500,0.01,0.01,0.01,1.00,1.00,1.00,1.00,1.00,1.00,1.00,,0.06,,,,,,0.06,0.01,0.01,0.99,1.00,1.00,1.07,1.00,1.00,1.00,,14414600,976550,3433500,3433500,,0.06,0.01,0.01,0.99,1.00,0.99,1.05,1.03,1.05,1.03
2026/04/19,28,38627200,18690000,18234050,0.01,0.01,0.01,1.50,1.50,1.50,1.50,1.50,1.50,1.50,,0.08,,,,,,0.08,0.01,0.01,1.54,1.47,1.50,1.55,1.49,1.50,1.48,,14368800,991800,3254800,3254800,,0.08,0.01,0.01,1.47,1.54,1.52,1.57,1.56,1.56,1.55
2026/04/19,29,37183500,18352900,17764600,0.02,0.01,0.01,1.02,2.95,2.95,2.95,2.95,2.95,2.95,,0.12,,,,,,0.12,0.01,0.01,1.08,2.95,2.95,3.03,2.95,2.95,2.95,,13885950,999750,3170300,3170300,,0.12,0.01,0.01,1.06,2.98,2.96,3.00,3.00,2.99,3.01
2026/04/19,30,36115400,17482350,16921550,0.02,0.01,0.01,0.01,5.00,5.00,5.00,5.00,5.00,5.00,,0.10,,,,,,0.10,0.01,0.01,0.07,5.00,5.00,5.03,5.00,5.00,5.00,,13492550,1063850,2897950,2897950,,0.10,0.01,0.01,0.08,5.02,5.01,5.01,5.01,5.00,5.02
2026/04/19,31,34498150,17129100,16553100,1.00,0.01,0.01,0.01,3.05,3.05,3.05,3.05,3.05,3.05,,1.08,,,,,,1.08,0.01,0.01,0.06,3.08,3.05,3.12,3.48,3.05,3.05,,13133250,1253250,2255400,2223900,,1.08,0.01,0.01,0.07,3.20,3.08,3.11,3.17,3.09,3.08
2026/04/19,32,32730250,17272550,16461300,7.01,0.01,0.01,1.00,6.92,6.92,6.92,6.92,6.92,6.92,,7.00,,,,,,7.00,0.01,0.01,1.14,6.92,6.92,6.93,6.91,6.92,6.93,,12590900,1651800,1800950,1753950,,7.00,0.01,0.01,1.04,6.94,7.13,6.92,6.93,6.96,6.95
2026/04/19,33,30713050,19138050,17271050,8.61,7.10,7.10,10.45,10.00,8.61,8.61,8.61,8.61,8.61,,8.62,,,,,,8.62,7.10,7.12,10.45,10.00,8.61,8.61,8.61,8.61,8.61,,11874700,1744700,2376400,2229400,,8.62,7.11,7.11,10.46,9.99,8.61,8.61,8.61,8.61,8.61
2026/04/19,34,29103050,20094450,16139250,11.25,8.84,8.84,14.83,10.67,8.62,8.62,8.62,8.62,8.62,,11.24,,,,,,11.24,8.84,8.92,14.83,10.66,8.62,8.62,8.62,8.62,8.62,,11385350,1771700,1948300,1691700,,11.24,8.97,8.84,14.83,10.65,8.62,8.62,8.62,8.62,8.62
2026/04/19,35,28569400,20211600,15580450,14.41,17.68,17.68,18.00,12.72,8.43,8.43,8.43,8.43,8.43,,14.39,,,,,,14.39,17.68,17.63,18.00,12.69,8.43,8.43,8.46,8.43,8.43,,10757300,1826350,1289100,997500,,14.39,17.61,17.68,18.01,12.66,8.45,8.43,8.43,8.43,8.45
2026/04/19,36,27881000,21834200,16430550,16.23,20.29,20.29,25.00,19.50,8.65,8.65,8.65,8.44,8.65,,16.26,,,,,,16.26,20.28,20.22,24.99,19.52,8.65,8.65,8.65,8.44,8.65,,10426600,1840000,872550,525900,,16.26,20.16,20.29,24.99,19.53,8.65,8.65,8.65,8.44,8.65
2026/04/19,37,27959700,21932950,16918350,17.01,20.65,20.65,35.83,15.73,9.03,9.03,9.03,8.44,9.03,,17.16,,,,,,17.16,20.64,20.57,35.71,15.81,9.03,9.03,9.03,8.44,9.03,,10386500,1971250,617500,348850,,17.16,20.51,20.65,35.67,15.84,9.03,9.03,9.03,8.44,9.03
2026/04/19,38,27821800,22514850,17114750,18.20,20.64,20.64,49.04,16.44,11.00,11.00,11.00,8.42,11.00,,18.64,,,,,,18.64,20.62,20.58,48.64,16.48,11.00,10.86,11.00,8.42,11.00,,10340900,1988400,620550,348400,,18.64,20.50,20.64,48.50,16.50,10.98,11.00,11.00,8.42,10.73
2026/04/19,39,27579050,21821550,16806700,17.57,21.50,21.50,24.35,17.84,10.53,10.53,10.53,8.44,10.53,,17.44,,,,,,17.44,21.47,21.41,24.35,17.87,10.53,10.46,10.53,8.44,10.53,,10328650,2006450,620100,348700,,17.44,21.32,21.50,24.35,17.89,10.53,10.53,10.53,8.44,10.39
2026/04/19,40,27665500,22148950,16884700,18.20,21.02,21.02,42.00,17.32,9.69,9.69,9.69,8.45,9.69,,18.41,,,,,,18.41,21.00,20.95,41.75,17.36,9.69,9.66,9.69,8.45,9.69,,10544900,2017250,615000,347100,,18.41,20.87,21.02,41.67,17.38,9.69,9.69,9.69,8.45,9.63
2026/04/19,41,27587800,22070850,16711250,18.76,21.21,21.21,50.00,16.35,9.69,9.69,9.69,8.41,9.69,,19.42,,,,,,19.42,21.18,21.13,49.43,16.41,9.69,9.67,9.69,8.41,9.69,,10478900,1927050,717550,447150,,19.42,21.04,21.21,49.23,16.44,9.69,9.69,9.69,8.41,9.66
2026/04/19,42,27250350,22167050,16360150,18.54,20.33,20.33,45.00,25.79,8.84,8.84,8.84,8.43,8.84,,19.06,,,,,,19.06,20.31,20.26,44.61,25.99,8.84,8.84,8.84,8.43,8.84,,10521400,1958400,713350,442450,,19.06,20.17,20.33,44.41,25.97,8.84,8.84,8.84,8.43,8.84
2026/04/19,43,27590550,21593750,16553850,17.18,21.67,21.67,35.83,16.36,9.03,9.03,9.03,8.45,9.03,,17.30,,,,,,17.30,21.62,21.53,35.68,16.28,9.03,9.03,9.03,8.45,9.03,,10580400,2060800,840700,572050,,17.30,21.38,21.67,35.63,16.25,9.03,9.03,9.03,8.45,9.03
2026/04/19,44,27299350,21580050,16273700,16.50,20.64,20.64,25.00,25.00,9.03,9.03,9.03,6.92,9.03,,16.56,,,,,,16.56,20.61,20.49,24.95,24.90,9.03,9.03,9.03,6.92,9.03,,10749750,2160450,1137750,872100,,16.56,20.36,20.64,24.94,24.82,9.03,9.03,9.03,6.92,9.03
2026/04/19,45,27997850,20778450,16686250,16.23,21.62,21.62,23.77,18.07,9.62,9.62,9.62,6.89,9.62,,16.16,,,,,,16.16,21.57,21.43,23.76,18.05,9.62,9.60,9.62,6.89,9.62,,10791850,2171500,1152600,882950,,16.16,21.25,21.62,23.75,18.04,9.62,9.62,9.62,6.89,9.57
2026/04/19,46,28113550,20457650,16197200,15.48,20.24,20.24,20.24,16.54,9.03,9.03,9.03,6.89,9.03,,15.49,,,,,,15.49,20.16,20.12,20.23,16.50,9.03,9.03,9.03,6.89,9.03,,10710350,2183000,1145250,879700,,15.49,19.99,20.23,20.24,16.49,9.03,9.03,9.03,6.89,9.03
2026/04/19,47,27784800,19630600,15860450,15.36,20.28,20.28,20.28,15.59,8.84,8.84,8.84,6.89,8.84,,15.38,,,,,,15.38,20.28,20.17,20.27,15.58,8.84,8.84,8.84,6.89,8.84,,10397900,2140300,1113200,852600,,15.38,20.01,20.26,20.28,15.58,8.84,8.84,8.84,6.89,8.84
2026/04/19,48,27508950,18507500,15082300,14.69,17.98,17.98,17.98,15.43,7.13,7.13,7.13,6.89,7.13,,14.69,,,,,,14.69,17.95,17.94,17.98,15.41,7.13,7.13,7.13,6.89,7.13,,9910000,2131500,592300,330100,,14.69,17.92,17.97,17.98,15.40,7.13,7.13,7.13,6.89,7.13
2026/04/20,1,25555500,18029600,14598700,14.33,16.31,16.31,16.31,15.59,8.40,8.40,8.40,6.93,8.40,,14.33,,,,,,14.33,16.30,16.31,16.31,15.56,8.40,8.40,8.40,6.93,8.40,,6821300,775700,622700,594700,,14.33,16.30,16.31,16.31,15.55,8.40,8.40,8.40,6.93,8.40
2026/04/20,2,26110250,17755700,14045150,12.04,15.89,15.89,15.89,15.89,8.09,8.09,8.09,6.91,8.09,,12.05,,,,,,12.05,15.86,15.89,15.89,15.89,8.09,8.09,8.10,6.91,8.09,,8219000,1031850,697200,524200,,12.05,15.89,15.89,15.89,15.88,8.09,8.09,8.09,6.91,8.10
2026/04/20,3,26367600,17821900,13903950,11.48,16.00,16.00,16.00,16.00,8.00,8.00,8.00,6.91,8.00,,11.49,,,,,,11.49,15.81,15.99,16.00,16.00,8.00,8.00,8.00,6.91,8.00,,9020650,1173900,828800,500800,,11.49,16.00,16.00,16.00,15.95,8.00,8.00,8.00,6.91,8.00
2026/04/20,4,26635700,17913050,13888700,11.23,16.08,16.08,16.08,16.08,7.79,7.79,7.79,6.91,7.79,,11.24,,,,,,11.24,15.97,16.07,16.08,16.08,7.79,7.79,7.79,6.91,7.79,,9291800,1238900,946300,505300,,11.24,16.08,16.08,16.08,16.05,7.79,7.79,7.79,6.91,7.79
2026/04/20,5,26731300,17919900,14087800,11.35,16.09,16.09,16.09,16.09,8.00,8.00,8.00,6.93,8.00,,11.36,,,,,,11.36,15.98,16.09,16.09,16.09,8.00,8.00,8.00,6.93,8.00,,9465400,1376100,1146950,583450,,11.36,16.09,16.09,16.09,16.08,8.00,8.00,8.00,6.93,8.00
2026/04/20,6,26769050,18496200,14585750,13.55,16.23,16.23,16.23,16.23,8.40,8.40,8.40,6.93,8.40,,13.55,,,,,,13.55,16.22,16.23,16.23,16.23,8.40,8.40,8.40,6.93,8.40,,9535000,1501200,1335600,743600,,13.55,16.23,16.23,16.23,16.23,8.40,8.40,8.40,6.93,8.40
2026/04/20,7,27059850,18834650,14752650,14.00,16.45,16.45,16.45,16.45,8.40,8.40,8.40,6.76,8.40,,14.00,,,,,,14.00,16.42,16.45,16.45,16.45,8.40,8.40,8.40,6.76,8.40,,9675350,1563400,1201000,608500,,14.00,16.45,16.45,16.45,16.45,8.40,8.40,8.40,6.76,8.40
2026/04/20,8,27418000,19248850,15100350,14.36,16.92,16.92,16.92,16.92,8.40,8.40,8.40,6.81,8.40,,14.36,,,,,,14.36,16.91,16.92,16.92,16.92,8.40,8.40,8.40,6.81,8.40,,9860700,1629350,1214850,625850,,14.36,16.92,16.92,16.92,16.92,8.40,8.40,8.40,6.81,8.40
2026/04/20,9,27509550,19625650,15428550,14.69,18.45,18.45,18.45,18.45,8.40,8.40,8.40,8.19,8.40,,14.70,,,,,,14.70,18.39,18.45,18.45,18.45,8.40,8.40,8.40,8.19,8.40,,10016000,1689150,1206550,615050,,14.70,18.45,18.45,18.45,18.44,8.40,8.40,8.40,8.19,8.40
2026/04/20,10,27828500,19932150,15692900,14.83,19.51,19.51,19.51,19.51,8.40,8.40,8.40,8.40,8.40,,14.84,,,,,,14.84,19.51,19.51,19.50,19.50,8.40,8.40,8.40,8.40,8.40,,10181300,1757050,1185750,592250,,14.84,19.50,19.51,19.50,19.49,8.40,8.40,8.40,8.40,8.40
2026/04/20,11,28150300,20550700,16130450,14.97,20.00,20.00,20.00,20.00,8.40,8.40,8.40,8.40,8.40,,14.99,,,,,,14.99,19.99,19.96,20.00,19.99,8.40,8.40,8.40,8.40,8.40,,10305300,1820850,1274650,682650,,14.99,19.95,20.00,19.99,19.98,8.40,8.40,8.40,8.40,8.40
2026/04/20,12,28871350,20484950,16236400,14.81,17.66,17.66,17.66,17.66,8.61,8.61,8.61,8.51,8.61,,14.82,,,,,,14.82,17.63,17.66,17.66,17.65,8.61,8.61,8.61,8.51,8.61,,10740500,1909500,1198050,673550,,14.82,17.66,17.66,17.66,17.65,8.61,8.61,8.61,8.51,8.61
2026/04/20,13,29433550,20852050,16426800,14.31,17.90,17.90,17.90,17.90,8.40,8.40,8.40,6.80,8.40,,14.32,,,,,,14.32,17.89,17.90,17.90,17.87,8.40,8.40,8.40,6.80,8.40,,11044700,1978750,1063950,740450,,14.32,17.89,17.89,17.88,17.88,8.40,8.40,8.40,6.80,8.40
2026/04/20,14,30642550,20900650,16836050,11.23,9.43,9.43,16.31,16.31,8.40,8.40,8.40,6.93,8.40,,11.24,,,,,,11.24,9.43,9.43,16.30,16.30,8.40,8.40,8.40,6.93,8.40,,11274450,2000900,1234700,1033700,,11.24,9.43,9.43,16.30,16.29,8.40,8.40,8.40,6.93,8.40
2026/04/20,15,31085950,21668350,17794900,11.11,8.01,8.01,16.12,16.12,8.40,8.40,8.40,6.92,8.40,,11.13,,,,,,11.13,8.01,8.01,16.12,16.11,8.40,8.40,8.40,6.92,8.40,,11796800,2063300,2069350,2046150,,11.13,8.01,8.01,16.11,16.10,8.40,8.40,8.40,6.92,8.40
2026/04/20,16,32215200,22199650,18526150,9.44,8.17,8.17,15.58,15.58,8.61,8.61,8.61,8.61,8.61,,9.47,,,,,,9.47,8.21,8.17,15.58,15.58,8.61,8.61,8.61,8.61,8.61,,12140350,2087000,2376300,2352800,,9.47,8.17,8.18,15.57,15.59,8.61,8.61,8.61,8.61,8.61
2026/04/20,17,33454450,23418500,19798250,9.44,7.89,7.89,15.39,15.39,8.66,8.66,8.66,8.61,8.66,,9.46,,,,,,9.46,7.98,7.89,15.38,15.37,8.66,8.67,8.66,8.59,8.66,,12258950,2166900,2467250,2448750,,9.46,7.89,7.91,15.38,15.33,8.66,8.66,8.66,8.61,8.67
2026/04/20,18,34738700,24309550,20657150,8.84,7.01,7.01,15.39,15.39,8.45,8.45,8.45,8.45,8.45,,8.87,,,,,,8.87,7.03,7.01,15.38,15.37,8.45,8.45,8.54,8.45,8.45,,12394250,2168050,2584550,2552550,,8.87,7.01,7.02,15.38,15.33,8.45,8.45,8.45,8.51,8.45
2026/04/20,19,35971750,24920300,21696850,8.61,6.90,6.90,15.39,15.39,10.00,10.00,8.43,8.43,8.40,,8.62,,,,,,8.62,6.92,6.91,15.38,15.36,10.00,10.00,8.43,8.43,8.40,,12577450,2191900,2628350,2596350,,8.62,6.90,6.91,15.38,15.35,10.00,10.00,8.43,8.43,8.40
2026/04/20,20,36957000,25169200,22280600,8.33,6.89,6.89,15.04,15.04,14.46,14.46,6.93,6.93,6.93,,8.34,,,,,,8.34,6.89,6.90,15.03,15.01,14.45,14.42,6.91,6.91,6.93,,12728750,2230900,2629400,2599550,,8.34,6.89,6.89,15.03,14.98,14.23,14.45,6.92,6.93,6.93
2026/04/20,21,37377400,24645800,22173200,8.40,3.02,3.02,14.31,14.31,14.31,14.31,2.50,2.50,2.50,,8.42,,,,,,8.42,3.07,3.02,14.27,14.31,14.30,14.27,2.79,2.49,2.50,,12829200,2230050,3010850,2602850,,8.42,3.03,3.03,14.31,14.24,13.97,14.29,2.62,2.57,2.50
2026/04/20,22,38040950,25014950,22508000,8.18,2.50,2.50,11.23,11.23,11.23,11.23,2.95,2.95,0.20,,8.20,,,,,,8.20,2.58,2.50,11.22,11.28,11.23,11.23,3.08,2.96,0.20,,13025650,2257350,3618700,2744700,,8.20,2.54,2.50,11.24,11.28,11.20,11.23,3.00,2.99,0.20
2026/04/20,23,38326500,25297500,22538150,8.40,2.05,2.05,11.24,11.24,11.24,11.24,7.69,6.91,0.01,,8.41,,,,,,8.41,2.36,2.06,11.23,11.27,11.24,11.23,7.69,6.91,0.01,,12961900,2189850,4037950,3004950,,8.41,2.13,2.10,11.24,11.27,11.20,11.23,7.69,6.91,0.01
2026/04/20,24,38550500,25836900,22577050,8.40,1.01,1.01,11.23,11.23,11.23,11.23,8.65,4.61,0.01,,8.40,,,,,,8.40,1.36,1.02,11.22,11.26,11.23,11.23,8.62,4.60,0.01,,12962650,2208500,4627950,3059950,,8.40,1.10,1.06,11.24,11.24,11.21,11.23,8.63,4.61,0.01
2026/04/20,25,38862900,25127550,22167000,6.91,0.01,0.01,9.82,9.82,9.82,9.82,5.11,1.00,0.01,,6.90,,,,,,6.90,0.23,0.02,9.85,9.85,9.82,9.82,5.12,1.00,0.01,,13072750,2321050,5149000,3021000,,6.90,0.09,0.04,9.84,9.87,9.85,9.83,5.12,1.00,0.01
2026/04/20,26,38764400,24922400,22054300,6.91,0.01,0.01,10.45,10.45,9.78,9.78,6.00,2.95,0.01,,6.89,,,,,,6.89,0.20,0.01,10.47,10.47,9.78,9.78,6.00,2.95,0.01,,13084300,2332750,4964100,2996100,,6.89,0.08,0.03,10.47,10.50,9.78,9.78,6.00,2.95,0.01
2026/04/20,27,37934550,25703100,22096400,8.84,2.00,2.00,14.54,14.54,14.54,14.54,6.90,6.90,0.01,,8.84,,,,,,8.84,2.24,2.01,14.50,14.53,14.54,14.52,6.86,6.88,0.01,,12997600,2304300,4123850,2871850,,8.84,2.07,2.03,14.53,14.52,14.15,14.53,6.88,6.89,0.01
2026/04/20,28,37016500,24867600,21612050,9.03,3.01,3.01,15.13,15.13,14.46,14.46,6.92,6.92,0.01,,9.06,,,,,,9.06,3.06,3.02,15.13,15.12,14.46,14.37,6.91,6.92,0.01,,12898450,2292400,2633350,2321350,,9.06,3.02,3.02,15.13,15.12,14.12,14.44,6.90,6.94,0.01
2026/04/20,29,36093400,24799600,21486450,8.40,6.85,6.85,15.49,15.49,9.99,9.99,7.79,7.79,1.00,,8.43,,,,,,8.43,6.85,6.86,15.48,15.47,9.99,9.99,7.78,7.79,1.00,,12808550,2457200,2061950,2034950,,8.43,6.85,6.86,15.47,15.46,9.99,9.99,7.79,7.79,1.00
2026/04/20,30,34846800,24756950,20959300,9.98,7.00,7.00,16.72,16.72,13.78,13.78,8.63,8.63,4.00,,10.03,,,,,,10.03,7.00,7.01,16.71,16.71,13.78,13.69,8.62,8.63,4.00,,12663550,2479350,1993600,1980100,,10.03,7.00,7.00,16.71,16.69,13.44,13.77,8.63,8.62,4.00
2026/04/20,31,33459050,24649900,20540000,12.64,7.74,7.74,17.89,17.89,13.91,13.91,9.00,9.00,8.40,,12.64,,,,,,12.64,7.74,7.74,17.87,17.86,13.90,13.82,8.98,8.98,8.40,,12406600,2657400,1894800,1878050,,12.64,7.74,7.74,17.87,17.81,13.59,13.90,9.00,8.99,8.40
2026/04/20,32,31799150,25101550,20644000,15.78,8.84,8.84,20.50,20.50,14.33,14.33,14.33,14.33,8.84,,15.75,,,,,,15.75,8.84,8.83,20.47,20.45,14.32,14.28,14.26,14.27,8.72,,12034100,3049350,1854900,1834650,,15.75,8.83,8.84,20.45,20.44,14.20,14.33,14.28,14.30,8.77
2026/04/20,33,31339950,25751400,21304650,15.79,10.00,10.00,22.00,17.28,13.14,13.14,13.14,13.14,8.61,,15.76,,,,,,15.76,10.05,10.01,21.97,17.25,13.14,13.11,13.12,13.14,8.78,,11363500,3739250,1512650,1465200,,15.76,10.00,10.01,21.96,17.24,13.12,13.14,13.13,13.05,8.70
2026/04/20,34,30189450,25577600,21199100,18.03,14.00,14.00,25.05,25.05,13.91,13.91,13.91,13.91,9.03,,18.01,,,,,,18.01,14.02,14.00,24.99,24.92,13.91,13.87,13.88,13.90,9.03,,10900900,3695450,1096950,894200,,18.01,14.00,14.00,25.02,24.72,13.86,13.91,13.90,13.82,9.03
2026/04/20,35,30185900,25182550,20710450,17.66,16.91,16.91,30.00,26.86,12.00,12.00,12.00,12.00,12.00,,17.67,,,,,,17.67,16.90,16.91,29.94,26.65,12.00,11.96,11.93,12.00,11.99,,10775200,3673450,898150,663400,,17.67,16.90,16.91,29.93,26.53,11.99,12.00,11.99,11.97,11.92
2026/04/20,36,29288650,25908000,20555500,23.01,20.00,20.00,39.50,26.89,14.36,14.36,14.36,8.61,14.36,,23.00,,,,,,23.00,19.99,20.00,39.34,26.83,14.36,14.22,14.19,8.51,14.31,,10459450,3734800,916050,655800,,23.00,19.99,20.00,39.23,26.80,14.31,14.36,14.35,8.58,14.04
2026/04/20,37,29462650,26010750,20790800,22.85,21.89,21.89,44.50,27.15,13.91,13.91,13.91,8.49,13.91,,22.91,,,,,,22.91,21.82,21.88,44.37,27.11,13.91,13.78,13.63,8.49,13.90,,10711200,4055800,917000,651150,,22.91,21.83,21.89,44.33,27.09,13.85,13.91,13.91,8.49,13.54
2026/04/20,38,29347950,26339800,20816550,23.77,16.40,20.35,49.90,27.19,14.33,14.33,14.33,8.54,14.33,,23.82,,,,,,23.82,16.40,20.35,49.77,27.07,14.33,14.20,13.89,8.54,14.32,,10718800,4088750,911850,649500,,23.82,16.40,20.35,49.74,27.02,14.27,14.33,14.33,8.54,13.84
2026/04/20,39,29175300,26378050,20544900,23.00,17.12,19.98,39.50,27.10,14.33,14.33,14.33,8.51,14.33,,22.95,,,,,,22.95,17.12,19.98,39.40,27.01,14.33,14.20,13.97,8.51,14.32,,10708800,4079350,908700,648100,,22.95,17.12,19.98,39.38,26.96,14.29,14.33,14.33,8.51,13.88
2026/04/20,40,29457450,25905100,20377450,19.17,16.03,16.34,39.99,26.97,13.78,13.78,13.78,8.45,13.78,,19.25,,,,,,19.25,16.02,16.34,39.87,26.87,13.78,13.63,13.46,8.45,13.77,,10886750,4023900,891400,644300,,19.25,16.03,16.34,39.84,26.83,13.75,13.78,13.78,8.45,13.28
2026/04/20,41,28921100,25208000,19845450,18.86,16.07,16.07,31.00,26.96,13.91,13.91,13.91,8.45,13.91,,18.77,,,,,,18.77,16.05,16.07,30.96,26.87,13.91,13.65,13.76,8.45,13.91,,10611100,3843700,887350,638750,,18.77,16.07,16.07,30.94,26.83,13.91,13.91,13.91,8.45,13.33
2026/04/20,42,28874950,24643250,19573750,17.50,15.46,15.46,26.31,16.66,13.91,13.91,13.91,8.45,13.91,,17.40,,,,,,17.40,15.46,15.46,26.29,16.68,13.91,13.57,13.89,8.45,13.90,,10422200,3727700,857250,635150,,17.40,15.46,15.46,26.28,16.68,13.90,13.91,13.90,8.45,13.25
2026/04/20,43,28594600,24193650,19085700,16.66,13.01,13.01,25.01,25.01,12.00,12.00,12.00,8.45,12.00,,16.60,,,,,,16.60,13.07,13.01,24.99,24.98,12.00,11.82,11.98,8.45,11.99,,10399000,3672050,835100,628750,,16.60,13.01,13.02,25.00,24.92,11.99,12.00,12.00,8.45,11.62
2026/04/20,44,28758400,23854950,18820200,16.44,14.81,15.00,24.21,24.21,11.31,11.31,11.31,8.43,11.31,,16.36,,,,,,16.36,14.81,15.00,24.18,24.20,11.31,11.10,11.30,8.43,11.30,,10487900,3552300,1000200,820850,,16.36,14.81,15.00,24.21,24.11,11.31,11.31,11.31,8.43,10.85
2026/04/20,45,29517600,23480600,19337050,16.37,14.54,14.54,23.05,23.05,13.91,13.91,13.91,8.45,13.91,,16.32,,,,,,16.32,14.53,14.54,23.05,23.06,13.91,13.58,13.88,8.44,13.90,,10468200,3466100,977550,871700,,16.32,14.53,14.54,23.06,23.02,13.90,13.90,13.90,8.45,13.22
2026/04/20,46,29434350,22975200,19053950,15.73,9.98,9.98,19.47,19.47,10.09,10.09,10.09,6.93,10.09,,15.62,,,,,,15.62,9.95,9.98,19.47,19.47,10.09,10.02,10.09,6.93,10.09,,10208550,3437100,962950,857100,,15.62,9.99,9.97,19.47,19.48,10.09,10.09,10.09,6.93,9.94
2026/04/20,47,28664200,22495700,18637050,15.73,14.51,14.51,17.92,17.92,10.13,10.13,10.13,8.44,10.13,,15.62,,,,,,15.62,14.49,14.47,17.93,17.94,10.13,10.08,10.02,8.44,10.13,,9848700,3396500,938250,834700,,15.62,14.50,14.49,17.92,17.95,10.13,10.13,10.13,8.44,9.96
2026/04/20,48,28144150,21550150,17950200,15.29,13.01,13.01,16.75,16.75,8.44,8.44,8.44,8.44,8.44,,15.29,,,,,,15.29,12.92,12.99,16.75,16.77,8.44,8.44,8.44,8.44,8.44,,9263550,3421050,596200,490850,,15.29,13.00,12.99,16.75,16.77,8.44,8.44,8.44,8.44,8.44
2026/04/21,1,26496000,20843600,17593950,14.83,16.70,16.91,16.91,16.91,9.74,9.74,9.74,8.00,9.74,,14.82,,,,,,14.82,16.59,16.91,16.91,16.91,9.74,9.74,9.74,8.03,9.74,,7865050,2287250,922850,901350,,14.82,16.69,16.89,16.91,16.91,9.74,9.74,9.74,8.00,9.74
2026/04/21,2,27306150,20602950,17099950,14.70,15.40,15.40,16.69,16.69,9.03,9.03,9.03,6.90,9.03,,14.69,,,,,,14.69,15.24,15.36,16.69,16.69,9.03,9.03,9.03,6.93,9.03,,9622300,2676000,1061650,1045150,,14.69,15.39,15.37,16.69,16.69,9.03,9.03,9.03,6.91,9.03
2026/04/21,3,27544750,20619050,17055950,14.41,15.83,15.83,16.50,19.47,9.03,9.03,9.03,6.90,9.03,,14.41,,,,,,14.41,15.69,15.80,16.50,19.47,9.03,9.03,9.03,6.93,9.03,,10211900,2723950,1112950,1081950,,14.41,15.81,15.80,16.50,19.48,9.03,9.03,9.03,6.91,9.03
2026/04/21,4,27795750,20649750,17150100,14.33,13.22,13.22,15.85,20.18,9.03,9.03,9.03,6.90,9.03,,14.33,,,,,,14.33,13.13,13.22,15.85,20.18,9.03,9.03,9.03,6.93,9.03,,10372550,2736350,1135650,1093150,,14.33,13.21,13.21,15.85,20.19,9.03,9.03,9.03,6.91,9.03
2026/04/21,5,27809950,20793750,17133600,14.41,13.00,13.00,15.85,19.99,9.03,9.03,9.03,6.93,9.03,,14.43,,,,,,14.43,12.91,13.00,15.85,20.04,9.03,9.03,9.03,6.93,9.03,,10360300,2665250,1157950,1066450,,14.43,12.99,12.99,15.85,20.08,9.03,9.03,9.03,6.93,9.03
2026/04/21,6,27739950,21397900,17333600,14.87,16.21,16.21,16.21,20.20,9.77,9.77,9.77,6.93,9.77,,14.89,,,,,,14.89,16.19,16.17,16.21,20.33,9.77,9.76,9.76,6.93,9.77,,10204850,2535000,1260250,1066750,,14.89,16.20,16.18,16.21,20.45,9.77,9.77,9.77,6.93,9.75
2026/04/21,7,27679200,21392850,17061250,15.39,16.22,16.55,16.55,20.02,9.03,9.03,9.03,8.00,9.03,,15.44,,,,,,15.44,16.09,16.55,16.55,20.12,9.03,9.03,9.03,8.00,9.03,,10130350,2478200,859050,670050,,15.44,16.22,16.53,16.55,20.21,9.03,9.03,9.03,8.00,9.03
2026/04/21,8,27812500,21974150,17379750,15.85,16.26,17.76,17.76,20.00,9.74,9.74,9.74,8.41,9.74,,15.90,,,,,,15.90,16.12,17.75,17.76,20.15,9.74,9.74,9.74,8.41,9.74,,10120200,2483400,969900,678400,,15.90,16.26,17.73,17.76,20.27,9.74,9.74,9.74,8.41,9.74
2026/04/21,9,27980350,22289700,17499900,15.89,16.24,18.50,18.50,20.17,9.74,9.74,9.74,8.43,9.74,,15.95,,,,,,15.95,16.18,18.48,18.49,20.34,9.74,9.74,9.74,8.43,9.74,,10147300,2509550,1103300,713300,,15.95,16.28,18.46,18.50,20.49,9.74,9.74,9.74,8.43,9.74
2026/04/21,10,27860700,22494600,17483200,16.21,16.25,20.00,20.00,20.17,9.87,9.87,9.87,8.20,9.87,,16.28,,,,,,16.28,16.25,19.95,20.00,20.50,9.87,9.86,9.87,8.20,9.87,,10178000,2535900,1146250,755250,,16.28,16.25,19.98,20.00,20.76,9.87,9.87,9.87,8.20,9.85
2026/04/21,11,28101100,22939400,17789350,16.21,16.22,20.01,21.50,26.87,10.01,10.01,10.01,8.25,10.01,,16.23,,,,,,16.23,16.22,19.94,21.50,26.97,10.01,10.00,10.01,8.24,10.01,,10228100,2582400,1189100,800100,,16.23,16.22,19.97,21.50,27.04,10.01,10.01,10.01,8.25,9.99
2026/04/21,12,28284350,22705250,17784100,15.91,16.21,18.50,18.50,27.09,9.72,9.72,9.72,8.19,9.72,,15.93,,,,,,15.93,16.05,18.47,18.50,27.13,9.72,9.71,9.72,8.18,9.72,,10343000,2630900,1250850,862850,,15.93,16.30,18.45,18.49,27.17,9.72,9.72,9.72,8.19,9.70
2026/04/21,13,28979050,22728050,18146900,15.50,13.00,13.00,18.50,27.01,10.90,10.90,10.90,6.78,10.90,,15.44,,,,,,15.44,12.99,12.95,18.49,27.07,10.90,10.80,10.89,6.78,10.90,,10524000,2578900,1220150,936650,,15.44,12.99,12.97,18.49,27.13,10.90,10.90,10.88,6.78,10.70
2026/04/21,14,29552600,22686550,18117850,15.10,16.01,16.01,17.58,26.82,8.84,8.84,8.84,6.64,8.84,,15.14,,,,,,15.14,16.00,15.95,17.57,26.85,8.84,8.84,8.84,6.63,8.84,,10797150,2627550,1422300,1137800,,15.14,16.01,15.98,17.57,26.88,8.84,8.84,8.84,6.64,8.84
2026/04/21,15,30280750,23400000,18621150,15.00,15.98,17.89,17.89,19.51,8.61,8.61,8.61,6.93,8.61,,14.99,,,,,,14.99,15.94,17.85,17.87,19.49,8.61,8.61,8.61,6.93,8.61,,11373850,2688800,2046700,1752800,,14.99,15.98,17.85,17.88,19.46,8.61,8.61,8.61,6.93,8.61
2026/04/21,16,31372050,23515550,19198900,14.62,15.95,17.89,17.89,17.89,8.25,8.25,8.25,8.25,8.25,,14.65,,,,,,14.65,15.83,17.86,17.88,17.86,8.25,8.25,8.25,8.25,8.25,,11565050,2728200,2318400,2023300,,14.65,15.95,17.85,17.87,17.84,8.25,8.25,8.25,8.25,8.25
2026/04/21,17,32944400,25189750,20427600,14.31,16.11,16.32,18.09,18.09,9.39,9.39,8.00,8.00,8.00,,14.31,,,,,,14.31,16.08,16.32,18.08,18.06,9.39,9.39,7.91,8.00,8.00,,11625250,2598250,2705750,2286650,,14.31,16.11,16.32,18.07,18.06,9.39,9.39,7.96,8.00,8.00
2026/04/21,18,34418000,26445950,21770850,11.51,15.00,15.00,19.51,19.51,8.08,8.08,6.93,6.93,0.01,,11.56,,,,,,11.56,15.00,15.01,19.50,19.49,8.08,8.08,6.93,6.93,0.01,,11630400,2614400,3016250,2499600,,11.56,15.00,15.00,19.49,19.51,8.08,8.08,6.93,6.93,0.01
2026/04/21,19,35826350,26856200,22466100,10.00,10.00,10.00,17.89,17.89,8.08,8.08,4.12,4.12,0.01,,10.01,,,,,,10.01,10.01,10.00,17.89,17.87,8.08,8.07,4.12,4.13,0.01,,11666350,2656650,3305050,2787050,,10.01,10.00,10.00,17.88,17.88,8.08,8.07,4.12,4.12,0.01
2026/04/21,20,37303600,27486350,23088500,8.84,9.06,9.06,17.89,15.33,14.41,14.41,4.45,2.95,0.01,,8.87,,,,,,8.87,9.05,9.06,17.88,15.34,14.39,14.38,4.45,2.96,0.01,,11964900,2661200,3915850,3493450,,8.87,9.05,9.06,17.87,15.33,14.40,14.36,4.45,2.95,0.01
2026/04/21,21,38171650,26936700,23310350,8.89,7.04,7.04,17.32,14.31,14.31,14.31,8.67,0.01,0.01,,8.92,,,,,,8.92,7.13,7.04,17.30,14.28,14.31,14.30,8.67,0.01,0.01,,12099200,2628600,4585750,4152550,,8.92,7.04,7.05,17.30,14.30,14.23,14.31,8.67,0.01,0.01
2026/04/21,22,39461650,26583950,23725300,8.00,2.50,2.50,15.39,11.08,11.08,11.08,6.77,0.01,0.01,,7.99,,,,,,7.99,2.58,2.51,15.38,11.04,11.07,11.07,6.76,0.01,0.01,,12153100,2492100,4748350,4302700,,7.99,2.54,2.51,15.38,11.06,11.06,11.03,6.77,0.01,0.01
2026/04/21,23,40425550,26249550,24209750,3.01,0.01,0.01,14.83,11.08,11.08,11.08,4.47,0.01,0.01,,3.05,,,,,,3.05,0.29,0.03,14.80,11.06,11.08,11.08,4.47,0.01,0.01,,12187800,2393950,4699250,4324600,,3.05,0.12,0.05,14.80,11.08,11.07,11.05,4.47,0.01,0.01
2026/04/21,24,41457400,26607200,24470450,2.95,0.01,0.01,15.62,10.73,10.73,10.73,4.95,0.01,0.01,,2.99,,,,,,2.99,0.14,0.02,15.58,10.73,10.73,10.74,4.95,0.01,0.01,,12152700,2378400,4546900,4270400,,2.99,0.08,0.03,15.57,10.73,10.78,10.72,4.95,0.01,0.01
2026/04/21,25,42606550,25012250,24040850,0.01,0.01,0.01,12.26,3.01,3.01,3.01,3.01,0.01,0.01,,0.06,,,,,,0.06,0.01,0.01,12.24,3.01,3.01,3.01,3.01,0.01,0.01,,12353300,2352500,4563200,4291200,,0.06,0.01,0.01,12.24,3.01,3.01,3.01,3.01,0.01,0.01
2026/04/21,26,43200600,23301250,23007750,0.01,0.01,0.01,0.01,0.02,0.02,0.02,0.02,0.01,0.01,,0.06,,,,,,0.06,0.01,0.01,0.12,0.03,0.02,0.04,0.02,0.01,0.01,,12475300,2354450,4531300,4259300,,0.06,0.01,0.01,0.06,0.15,0.12,0.14,0.02,0.01,0.01
2026/04/21,27,42769600,24145800,23659350,0.01,0.01,0.01,0.04,2.95,2.95,2.95,2.95,0.01,0.01,,0.20,,,,,,0.20,0.03,0.01,0.47,2.95,2.95,2.96,2.94,0.01,0.01,,12517800,2328150,4430400,4273900,,0.20,0.01,0.01,0.40,3.08,3.19,3.06,2.95,0.01,0.01
2026/04/21,28,41937700,23927750,23392400,0.01,0.01,0.01,1.64,2.95,2.95,2.95,2.95,0.01,0.01,,0.18,,,,,,0.18,0.13,0.01,1.94,2.95,2.95,2.95,2.95,0.01,0.01,,12443250,2303900,3732300,3705300,,0.18,0.07,0.02,1.80,3.10,3.48,3.07,2.97,0.01,0.01
2026/04/21,29,40916550,23735500,23064050,0.01,0.01,0.01,5.00,5.00,5.00,5.00,5.00,0.02,0.01,,0.14,,,,,,0.14,0.20,0.01,5.09,5.00,5.00,5.00,5.01,0.02,0.01,,12421000,2302350,2982750,2955750,,0.14,0.10,0.03,5.06,5.11,5.00,5.02,5.01,0.02,0.01
2026/04/21,30,39689200,23671100,22677600,1.00,0.01,0.01,11.02,11.02,5.85,5.85,5.85,0.01,0.01,,1.13,,,,,,1.13,0.31,0.02,11.02,11.02,5.85,5.87,5.85,0.01,0.01,,12337950,2305950,2478450,2464950,,1.13,0.11,0.06,11.02,11.03,5.85,5.86,5.87,0.01,0.01
2026/04/21,31,38107900,23532600,21919100,5.15,0.01,0.01,14.80,14.80,7.24,7.24,5.80,0.02,0.01,,5.18,,,,,,5.18,0.17,0.02,14.79,14.78,7.24,7.29,5.80,0.02,0.01,,12241950,2390950,2169700,2169700,,5.18,0.07,0.04,14.79,14.76,7.54,7.23,5.80,0.02,0.01
2026/04/21,32,36130750,24651950,22259600,9.96,0.01,0.01,16.42,16.42,13.78,13.78,8.65,6.89,0.01,,9.96,,,,,,9.96,0.25,0.02,16.40,16.42,14.05,13.77,8.66,6.90,0.01,,11863500,2547050,1826900,1824650,,9.96,0.09,0.04,16.40,16.40,13.78,13.81,8.65,6.89,0.01
2026/04/21,33,34927900,24923300,22009500,9.50,2.95,2.95,23.00,15.00,9.82,9.82,8.64,8.42,8.40,,9.52,,,,,,9.52,3.43,2.95,22.94,14.97,9.82,9.82,8.81,8.38,8.40,,11373250,2873000,1436150,1433000,,9.52,3.13,3.01,22.91,14.94,9.87,9.82,8.68,8.41,8.40
2026/04/21,34,32573650,25690950,21793350,15.03,7.12,7.12,28.64,23.58,9.67,9.67,8.84,8.60,8.84,,15.03,,,,,,15.03,7.14,7.13,28.61,23.56,9.67,9.67,8.98,8.56,8.85,,10915950,2950700,1002950,900000,,15.03,7.14,7.12,28.60,23.56,9.70,9.67,8.85,8.59,8.88
2026/04/21,35,31175650,25957900,21423050,18.49,8.93,8.93,40.01,23.58,11.79,11.79,11.79,11.03,11.79,,18.66,,,,,,18.66,8.94,8.94,39.64,23.55,11.79,11.78,11.72,11.03,11.79,,10903700,3007250,949150,727200,,18.66,8.94,8.93,39.53,23.54,11.79,11.79,11.78,11.03,11.75
2026/04/21,36,30762450,26551700,21092050,23.00,12.41,12.41,50.00,26.97,14.41,14.41,14.41,14.03,14.26,,23.48,,,,,,23.48,12.41,12.39,49.66,27.25,14.41,14.41,14.39,13.93,14.23,,10791050,3094900,1061050,738950,,23.48,12.38,12.41,49.55,27.39,14.41,14.40,14.40,14.00,14.24
2026/04/21,37,30631550,27120750,20420350,18.20,14.99,14.99,24.01,24.01,14.00,14.00,14.00,14.00,14.00,,18.12,,,,,,18.12,14.97,14.99,24.00,24.00,14.00,13.94,13.56,13.85,13.99,,11202350,3803500,1071400,650500,,18.12,14.99,14.99,24.01,23.96,13.98,13.99,13.99,13.98,13.67
2026/04/21,38,30136500,27104600,19961700,18.86,16.11,16.11,21.57,21.57,15.99,15.99,15.99,8.65,15.99,,18.80,,,,,,18.80,16.06,16.11,21.58,21.57,15.99,15.92,15.67,8.62,15.87,,10856700,3714400,971950,648500,,18.80,16.11,16.10,21.57,21.60,15.98,15.97,15.98,8.64,15.66
2026/04/21,39,30082950,26447050,19581850,17.88,15.93,15.93,19.83,19.83,15.50,15.50,15.50,8.42,15.50,,17.84,,,,,,17.84,15.95,15.94,19.84,19.83,15.50,15.46,15.23,8.38,15.41,,10746650,3729450,872000,648450,,17.84,15.93,15.94,19.83,19.85,15.45,15.48,15.50,8.41,15.27
2026/04/21,40,30088750,26137250,19400550,16.65,13.65,13.65,18.02,18.02,14.33,14.33,14.33,8.45,14.33,,16.63,,,,,,16.63,13.67,13.67,18.02,18.02,14.33,14.29,14.27,8.40,14.33,,10911050,3784500,758350,645300,,16.63,13.65,13.66,18.02,18.02,14.30,14.31,14.33,8.44,14.25
2026/04/21,41,29575000,25932650,20230800,22.94,14.33,14.33,35.83,22.94,15.29,15.29,15.29,8.61,15.29,,22.99,,,,,,22.99,14.35,14.33,35.68,22.97,15.29,15.28,15.26,8.61,15.27,,10643550,3489100,734300,704250,,22.99,14.33,14.33,35.63,22.98,15.29,15.27,15.29,8.61,15.26
2026/04/21,42,29340650,25574950,20146000,22.00,15.41,15.41,35.83,22.96,14.33,14.33,14.33,8.45,14.33,,22.06,,,,,,22.06,15.41,15.42,35.68,22.96,14.33,14.31,14.20,8.45,14.32,,10476850,3493950,699350,669250,,22.06,15.41,15.41,35.63,22.95,14.30,14.32,14.33,8.45,14.26
2026/04/21,43,28994300,24970850,19825050,19.66,14.64,14.64,28.00,26.84,14.26,14.26,14.26,8.45,14.26,,19.68,,,,,,19.68,14.64,14.65,27.98,26.81,14.26,14.22,14.21,8.45,14.25,,10215700,3248650,693600,690450,,19.68,14.64,14.64,27.94,26.84,14.24,14.25,14.26,8.45,14.18
2026/04/21,44,29084850,24584650,19563000,18.48,12.01,12.01,25.72,23.58,14.26,14.26,14.26,8.44,14.26,,18.48,,,,,,18.48,12.03,12.01,25.69,23.57,14.26,14.22,14.23,8.44,14.25,,10276500,3241400,852300,849050,,18.48,12.01,12.01,25.68,23.57,14.25,14.25,14.26,8.44,14.17
2026/04/21,45,29470100,24700500,20132300,18.86,10.21,10.21,26.31,26.31,14.33,14.33,14.33,8.45,14.33,,18.86,,,,,,18.86,10.23,10.21,26.27,26.29,14.33,14.32,14.19,8.44,14.33,,10258800,3213650,835050,833300,,18.86,10.21,10.21,26.28,26.24,14.31,14.32,14.33,8.45,14.26
2026/04/21,46,29320600,23953700,19645900,17.20,9.86,9.86,25.72,25.72,13.91,13.91,13.91,8.45,13.91,,17.25,,,,,,17.25,9.87,9.86,25.68,25.70,13.91,13.90,13.80,8.44,13.90,,10108700,3220200,814500,812750,,17.25,9.86,9.86,25.71,25.60,13.90,13.90,13.91,8.45,13.85
2026/04/21,47,28664050,23602800,19331550,17.78,9.80,9.80,25.72,25.72,13.91,13.91,13.91,8.43,13.91,,17.79,,,,,,17.79,9.81,9.80,25.68,25.68,13.91,13.88,13.79,8.47,13.91,,9867150,3219050,849550,849550,,17.79,9.81,9.80,25.69,25.62,13.88,13.90,13.87,8.45,13.85
2026/04/21,48,28135900,22459250,18437350,15.98,8.84,8.84,23.20,23.20,9.61,9.61,9.61,6.93,9.61,,15.97,,,,,,15.97,8.84,8.84,23.17,23.17,9.61,9.61,9.60,6.99,9.61,,9313800,3210350,563650,563650,,15.97,8.85,8.84,23.20,23.08,9.62,9.61,9.61,6.93,9.61
2026/04/22,1,26230200,21287850,17776000,14.69,14.88,16.36,16.36,16.36,12.00,12.00,12.00,8.65,12.00,,14.67,,,,,,14.67,14.88,16.35,16.35,16.36,12.00,11.96,11.99,8.65,12.00,,6561300,1806450,881150,881150,,14.67,14.88,16.36,16.36,16.33,12.00,12.00,12.00,8.65,11.92
2026/04/22,2,26889300,21173950,17375450,14.46,14.99,14.99,16.55,16.55,9.32,9.32,9.32,9.32,9.32,,14.46,,,,,,14.46,14.99,14.98,16.55,16.55,9.32,9.32,9.32,9.32,9.32,,8907900,2383850,1111950,1040450,,14.46,14.97,14.99,16.55,16.53,9.32,9.32,9.32,9.32,9.32
2026/04/22,3,27267650,21280600,17204200,13.91,9.63,9.63,17.27,17.27,9.25,9.25,9.25,9.25,9.25,,13.90,,,,,,13.90,9.63,9.63,17.23,17.26,9.25,9.25,9.25,9.25,9.25,,9830450,2610950,1274800,1079300,,13.90,9.63,9.63,17.27,17.13,9.25,9.25,9.25,9.25,9.25
2026/04/22,4,27323150,21416700,17173600,14.33,12.00,12.00,17.01,17.01,9.57,9.57,9.57,9.57,9.57,,14.32,,,,,,14.32,12.00,12.00,16.98,17.00,9.57,9.57,9.57,9.57,9.57,,10021600,2667500,1411150,1099150,,14.32,12.00,12.00,17.01,16.87,9.57,9.57,9.57,9.57,9.57
2026/04/22,5,27313700,21680350,17416750,14.53,12.00,12.00,17.41,17.41,9.74,9.74,9.74,8.52,9.74,,14.51,,,,,,14.51,12.01,12.00,17.37,17.40,9.74,9.74,9.74,8.52,9.74,,9822250,2699850,1421600,1090100,,14.51,12.00,12.00,17.40,17.29,9.74,9.74,9.74,8.52,9.75
2026/04/22,6,27581100,21882600,17719000,14.72,16.29,16.29,17.16,17.16,13.91,13.91,13.91,6.93,13.91,,14.70,,,,,,14.70,16.19,16.26,17.14,17.15,13.91,13.86,13.90,6.93,13.91,,9543500,2587950,1589000,1123000,,14.70,16.29,16.28,17.15,17.08,13.91,13.91,13.91,6.93,13.78
2026/04/22,7,27416850,22514250,17893250,15.18,14.00,14.00,18.71,18.71,9.95,9.95,9.95,8.39,9.95,,15.17,,,,,,15.17,14.00,14.00,18.68,18.70,9.95,9.94,9.95,8.39,9.95,,9469950,2519050,1363850,775850,,15.17,14.00,14.00,18.69,18.68,9.95,9.95,9.95,8.39,9.94
2026/04/22,8,27438150,23052350,18167750,15.74,12.00,12.00,20.00,20.00,13.91,13.91,13.91,8.51,13.91,,15.72,,,,,,15.72,12.00,12.00,19.98,19.99,13.91,13.86,13.90,8.51,13.91,,9438000,2487100,1390050,801050,,15.72,12.00,12.00,19.98,19.99,13.91,13.91,13.91,8.51,13.80
2026/04/22,9,27443350,23489250,18046450,16.23,13.01,13.01,20.08,20.08,14.26,14.26,14.26,8.48,14.26,,16.35,,,,,,16.35,13.01,13.01,20.07,20.35,14.26,14.23,14.26,8.48,14.26,,9694100,2558600,1513850,886350,,16.35,13.01,13.01,20.26,20.11,14.26,14.26,14.26,8.48,14.19
2026/04/22,10,27333400,23742500,18017500,16.91,16.29,16.29,22.00,22.00,14.33,14.33,14.33,8.56,14.33,,17.16,,,,,,17.16,16.29,16.29,21.99,22.46,14.33,14.33,14.33,8.56,14.33,,9674800,2515600,1616400,957400,,17.16,16.30,16.29,22.32,22.01,14.33,14.33,14.33,8.56,14.32
2026/04/22,11,27350350,24213400,18480850,17.59,14.89,14.89,27.11,27.11,14.46,14.46,14.46,8.43,14.46,,17.69,,,,,,17.69,14.85,14.89,27.09,27.08,14.46,14.41,14.46,8.43,14.46,,9638500,2546800,1690000,1020000,,17.69,14.89,14.88,27.07,27.09,14.40,14.46,14.46,8.43,14.39
2026/04/22,12,27816000,23781700,18407350,16.35,12.00,12.00,23.77,23.77,14.41,14.41,14.41,8.40,14.41,,16.39,,,,,,16.39,11.98,11.99,23.75,23.76,14.41,14.40,14.41,8.40,14.41,,9814550,2592050,1601250,1107250,,16.39,12.00,11.99,23.75,23.75,14.38,14.41,14.41,8.40,14.39
2026/04/22,13,29141300,23224500,18352650,14.83,7.82,7.82,17.87,17.87,13.91,13.91,13.91,8.65,13.91,,14.83,,,,,,14.83,7.82,7.82,17.86,17.86,13.91,13.89,13.90,8.66,13.91,,10338950,2602900,1472100,1176600,,14.83,7.82,7.82,17.86,17.83,13.91,13.90,13.91,8.65,13.89
2026/04/22,14,30525100,22826250,18781700,11.71,5.00,5.00,16.09,16.09,9.30,9.30,9.30,9.30,9.30,,11.71,,,,,,11.71,5.20,5.00,16.08,16.02,9.30,9.30,9.30,9.30,9.30,,10951550,2680950,1525850,1358850,,11.71,5.04,5.02,16.09,15.97,9.30,9.30,9.30,9.30,9.30
2026/04/22,15,32034200,22398850,19448250,9.03,1.01,1.01,14.83,14.83,9.03,9.03,9.03,8.65,9.03,,9.03,,,,,,9.03,1.01,1.01,14.79,14.79,9.03,9.02,9.03,8.63,9.03,,11447300,2713900,1980900,1980900,,9.03,1.01,1.01,14.83,14.56,9.03,9.03,9.03,8.65,9.04
2026/04/22,16,33972150,22721000,20465950,7.52,0.01,0.01,11.71,11.71,9.03,9.03,9.03,8.53,9.03,,7.53,,,,,,7.53,0.01,0.01,11.68,11.64,9.03,9.01,9.03,8.51,9.03,,11722300,2767450,2217850,2217850,,7.53,0.01,0.01,11.71,11.48,9.02,9.03,9.03,8.54,9.04
2026/04/22,17,35237250,23333950,21528950,8.00,0.01,0.01,10.85,10.85,8.61,8.61,8.61,8.53,8.61,,8.00,,,,,,8.00,0.01,0.01,10.84,10.80,8.61,8.61,8.61,8.48,8.61,,11916850,2762150,2316550,2303050,,8.00,0.01,0.01,10.85,10.74,8.61,8.61,8.61,8.54,8.62
2026/04/22,18,36449900,24099950,22348100,8.00,0.01,0.01,10.85,10.85,9.23,9.23,8.84,8.39,8.84,,8.00,,,,,,8.00,0.01,0.01,10.84,10.81,9.23,9.22,8.83,8.36,8.84,,12049800,2703800,2425650,2398650,,8.00,0.01,0.01,10.87,10.69,9.23,9.24,8.84,8.41,8.84
2026/04/22,19,37382500,25011450,22936350,8.00,0.01,0.01,11.71,11.71,11.71,11.71,8.61,8.40,8.61,,8.02,,,,,,8.02,0.01,0.01,11.71,11.67,11.71,11.69,8.60,8.39,8.61,,12195650,2740050,2689750,2512750,,8.02,0.01,0.01,11.72,11.57,11.71,11.71,8.61,8.40,8.62
2026/04/22,20,38220450,25034450,23210700,7.07,0.01,0.01,7.00,10.79,10.79,10.79,8.61,6.93,8.61,,7.07,,,,,,7.07,0.01,0.01,7.03,10.75,10.80,10.78,8.61,6.96,8.64,,12310500,2769200,2830300,2503300,,7.07,0.01,0.01,7.02,10.73,10.79,10.80,8.63,6.93,8.62
2026/04/22,21,37974500,23614200,22224550,2.90,0.01,0.01,0.10,8.65,8.65,8.65,8.65,6.86,8.65,,3.06,,,,,,3.06,0.01,0.01,0.54,8.64,8.65,8.64,8.45,6.87,8.64,,12400350,2468250,2727500,2469500,,3.06,0.01,0.01,0.49,8.57,8.79,8.68,8.66,6.87,8.65
2026/04/22,22,38280550,23791400,22250250,2.90,0.01,0.01,0.04,8.61,8.61,8.61,8.61,3.24,8.61,,3.05,,,,,,3.05,0.01,0.01,0.49,8.57,8.61,8.59,8.44,3.23,8.59,,12544200,2538050,2996200,2472200,,3.05,0.01,0.01,0.48,8.58,8.62,8.64,8.62,3.24,8.67
2026/04/22,23,38239200,24238000,22443250,5.00,0.01,0.01,1.02,8.61,8.61,8.61,8.61,6.92,8.61,,5.07,,,,,,5.07,0.01,0.01,1.39,8.61,8.61,8.61,8.63,7.00,8.61,,12559000,2496750,3132000,2449000,,5.07,0.01,0.01,1.25,8.64,8.82,8.67,8.64,6.92,8.63
2026/04/22,24,38412400,24617900,22487350,6.89,0.01,0.01,4.60,8.61,8.61,8.61,8.61,6.89,8.61,,6.92,,,,,,6.92,0.01,0.01,4.79,8.61,8.61,8.63,8.61,6.94,8.61,,12663450,2479150,3522100,2504050,,6.92,0.01,0.01,4.73,8.64,8.81,8.66,8.61,6.91,8.63
2026/04/22,25,38543500,24534750,21927250,6.00,0.01,0.01,5.31,6.54,6.54,6.54,6.54,6.54,6.54,,6.04,,,,,,6.04,0.01,0.01,5.46,6.55,6.54,6.56,6.68,6.48,6.54,,12773850,2539500,4276100,2658100,,6.04,0.01,0.01,5.42,6.63,6.85,6.55,6.55,6.58,6.56
2026/04/22,26,38128550,24777250,21751150,7.54,0.01,0.01,8.25,8.25,8.25,8.25,8.25,6.89,8.25,,7.56,,,,,,7.56,0.01,0.01,8.31,8.28,8.25,8.28,8.37,6.92,8.25,,12762000,2526900,4428350,2660350,,7.56,0.01,0.01,8.31,8.31,8.45,8.26,8.28,6.90,8.25
2026/04/22,27,37216050,25625400,22298550,9.32,0.01,0.01,13.79,13.79,13.79,13.79,13.02,6.86,8.84,,9.35,,,,,,9.35,0.01,0.01,13.79,13.84,13.79,13.81,13.12,6.89,8.84,,12622050,2471900,3586750,2499750,,9.35,0.01,0.01,13.80,13.82,13.89,13.81,13.02,6.87,8.84
2026/04/22,28,35638000,24998400,21591100,10.73,0.01,0.01,14.94,14.46,14.46,14.46,14.46,8.38,10.50,,10.74,,,,,,10.74,0.01,0.01,14.94,14.47,14.46,14.45,14.46,8.49,10.25,,12303300,2451950,2582500,2085500,,10.74,0.01,0.01,14.95,14.44,14.52,14.46,14.45,8.38,10.35
2026/04/22,29,34421950,25445200,21207500,10.77,0.01,0.01,15.78,15.63,15.50,15.50,15.50,8.53,8.84,,10.81,,,,,,10.81,0.02,0.01,15.78,15.64,15.50,15.50,15.54,8.55,9.12,,12131050,2948250,1927000,1712750,,10.81,0.01,0.01,15.79,15.62,15.51,15.50,15.50,8.53,9.00
2026/04/22,30,33052100,25827950,21272250,13.91,3.00,3.00,16.86,16.86,16.86,16.86,16.86,8.65,8.84,,13.93,,,,,,13.93,3.00,3.00,16.86,16.86,16.86,16.85,16.82,8.65,8.84,,11719350,2955550,1781900,1740150,,13.93,3.00,3.00,16.86,16.85,16.72,16.87,16.86,8.65,8.84
2026/04/22,31,31976150,26038300,21338450,15.39,6.86,6.86,23.20,23.20,23.20,23.20,23.20,11.23,9.03,,15.48,,,,,,15.48,6.89,6.86,23.18,23.19,23.20,23.16,23.01,11.23,9.03,,11494600,2990350,1758100,1654350,,15.48,6.86,6.86,23.20,23.16,22.86,23.20,23.12,11.23,9.03
2026/04/22,32,31143450,26951800,21282200,19.12,7.10,7.10,28.12,28.12,25.86,25.86,24.67,13.44,10.00,,19.40,,,,,,19.40,7.12,7.10,28.13,28.63,25.81,25.68,24.15,13.44,10.00,,11277900,3047650,1773200,1536350,,19.40,7.10,7.10,28.43,28.22,24.68,25.85,24.63,13.44,10.00
2026/04/22,33,30681600,27501800,21493300,23.20,9.25,9.25,30.50,27.18,25.86,25.86,24.66,13.73,20.00,,23.42,,,,,,23.42,9.25,9.25,30.51,28.22,25.85,25.85,24.62,13.73,19.46,,11030350,3147500,1645100,1263750,,23.42,9.24,9.25,30.77,27.86,25.82,25.86,24.64,13.73,19.69
2026/04/22,34,29916850,27523650,21304250,25.47,16.32,16.32,35.83,32.17,18.56,18.56,18.56,8.65,18.56,,25.88,,,,,,25.88,16.31,16.32,35.86,33.43,18.56,18.55,18.54,8.65,18.50,,10556950,3197900,1337800,852950,,25.88,16.31,16.32,35.97,33.44,18.56,18.56,18.56,8.65,18.51
2026/04/22,35,29225300,26979500,20867650,25.86,17.97,17.97,39.99,32.48,16.44,16.44,16.44,8.40,16.44,,26.12,,,,,,26.12,17.96,17.97,39.85,33.46,16.44,16.42,16.41,8.40,16.42,,10184400,3158700,1196150,657600,,26.12,17.96,17.97,39.77,33.42,16.44,16.43,16.44,8.40,16.38
2026/04/22,36,28859700,27109400,20793350,25.86,22.00,22.00,41.00,32.14,15.50,15.50,15.50,8.39,15.50,,26.32,,,,,,26.32,21.94,21.93,40.81,33.61,15.50,15.49,15.49,8.40,15.50,,9978900,3234050,1300700,652600,,26.32,21.80,22.00,40.77,33.41,15.50,15.49,15.49,8.39,15.50
2026/04/22,37,28371450,26830200,20391600,25.86,20.01,20.01,35.83,32.37,16.35,16.35,16.35,8.52,16.35,,26.35,,,,,,26.35,19.98,20.00,35.78,33.99,16.35,16.34,16.34,8.53,16.34,,9891100,3270050,1273400,650250,,26.35,19.99,20.01,35.84,34.23,16.35,16.35,16.35,8.52,16.32
2026/04/22,38,28254350,26952400,20212800,24.68,25.00,25.00,28.12,28.12,18.00,18.00,18.00,8.62,18.00,,24.66,,,,,,24.66,24.98,24.97,28.12,28.25,18.01,17.99,17.98,8.63,17.98,,9979300,3272750,1271750,648650,,24.66,24.93,25.00,28.17,28.21,18.00,17.99,17.99,8.62,17.97
2026/04/22,39,28337700,26616750,20278400,24.68,23.08,23.08,32.38,32.38,16.44,16.44,16.44,8.65,16.44,,24.94,,,,,,24.94,23.06,23.08,32.38,33.16,16.44,16.43,16.42,8.65,16.42,,10049900,3267600,1272050,648400,,24.94,23.07,23.08,32.65,32.84,16.44,16.44,16.43,8.65,16.40
2026/04/22,40,28501650,27278700,20261700,25.08,23.08,23.08,45.00,32.50,15.00,15.00,15.00,8.54,15.00,,25.52,,,,,,25.52,23.07,23.08,44.72,33.45,15.02,15.00,15.00,8.54,15.00,,10294500,3311050,1269300,645150,,25.52,23.08,23.08,44.55,33.65,15.00,15.00,15.01,8.54,14.99
2026/04/22,41,28083000,26707750,19885850,24.35,24.47,24.47,44.00,30.00,14.41,14.41,14.41,8.53,14.41,,24.78,,,,,,24.78,24.45,24.44,43.72,31.03,14.42,14.41,14.41,8.53,14.41,,10333150,3316050,1263200,640050,,24.78,24.39,24.47,43.53,31.27,14.41,14.41,14.41,8.53,14.41
2026/04/22,42,28150050,26159450,19730500,21.00,20.00,20.00,30.50,27.05,14.26,14.26,14.26,8.52,14.26,,21.22,,,,,,21.22,19.98,20.00,30.50,27.89,14.26,14.25,14.22,8.52,14.23,,10346800,3304050,1249700,636000,,21.22,19.98,20.00,30.60,27.82,14.26,14.26,14.26,8.52,14.19
2026/04/22,43,28092450,25502050,19306450,19.10,16.87,16.87,28.12,27.03,13.91,13.91,13.91,11.03,13.91,,19.36,,,,,,19.36,16.86,16.87,28.12,27.78,13.91,13.89,13.81,10.97,13.89,,10509050,3264450,1224400,630350,,19.36,16.87,16.87,28.40,27.24,13.91,13.91,13.91,11.01,13.79
2026/04/22,44,28039550,25143250,19046150,17.88,16.67,16.67,28.12,27.16,13.99,13.99,13.99,13.99,13.99,,18.05,,,,,,18.05,16.67,16.67,28.12,27.51,13.99,13.94,13.94,13.83,13.96,,10778200,3234850,1388150,820400,,18.05,16.67,16.67,28.21,27.33,13.99,13.99,13.99,13.92,13.85
2026/04/22,45,28750700,24563200,19652200,17.41,16.51,16.51,27.07,27.07,14.26,14.26,14.26,14.26,14.26,,17.52,,,,,,17.52,16.51,16.51,27.06,27.12,14.26,14.22,14.22,14.17,14.24,,10858100,3245900,1262300,819200,,17.52,16.51,16.51,27.09,27.07,14.26,14.26,14.26,14.22,14.15
2026/04/22,46,28938100,23766800,19478900,16.11,16.37,16.37,24.35,24.35,13.78,13.78,13.78,13.78,13.78,,16.10,,,,,,16.10,16.38,16.37,24.32,24.33,13.78,13.69,13.71,13.50,13.78,,10827650,3269200,1150300,817700,,16.10,16.37,16.37,24.34,24.26,13.78,13.78,13.78,13.73,13.50
2026/04/22,47,27629000,23586100,18880500,16.60,21.47,21.47,26.99,26.99,13.91,13.91,13.91,13.91,13.91,,16.58,,,,,,16.58,21.46,21.47,26.98,26.97,13.91,13.77,13.86,13.68,13.91,,10492650,3178000,1060300,815450,,16.58,21.44,21.47,26.97,26.97,13.91,13.91,13.83,13.80,13.67
2026/04/22,48,27066750,22245750,17920800,15.78,23.05,23.05,23.05,23.05,8.65,8.65,8.65,8.65,8.65,,15.64,,,,,,15.64,23.04,23.01,23.04,23.04,8.65,8.59,8.65,8.65,8.65,,9986850,3176400,689050,499050,,15.64,23.05,23.05,23.04,23.01,8.65,8.65,8.65,8.64,8.54
2026/04/23,1,24647200,22139750,18675400,15.00,15.59,15.59,15.59,15.59,10.90,10.90,10.90,8.65,10.90,,15.00,,,,,,15.00,15.59,15.59,15.60,15.59,10.90,10.90,10.90,8.65,10.90,,5223000,3146150,1142800,1077800,,15.00,15.59,15.59,15.60,15.59,10.90,10.90,10.89,8.65,10.90
2026/04/23,2,25085300,21946550,18307700,14.69,15.39,15.39,15.39,15.39,10.90,10.90,10.90,6.94,10.90,,14.69,,,,,,14.69,15.37,15.39,15.40,15.39,10.90,10.88,10.90,7.01,10.90,,6191900,3732300,1531350,1394850,,14.69,15.39,15.39,15.40,15.40,10.90,10.90,10.87,6.96,10.90
2026/04/23,3,25154050,21590200,18017000,14.54,15.25,15.25,15.25,15.25,9.61,9.61,9.61,8.46,9.61,,14.56,,,,,,14.56,15.25,15.25,15.28,15.25,9.61,9.61,9.61,8.46,9.61,,6444750,3913850,1553050,1392550,,14.56,15.25,15.25,15.26,15.30,9.61,9.61,9.61,8.46,9.61
2026/04/23,4,25163600,21425600,17953750,14.46,15.19,15.19,15.19,15.19,10.90,10.90,10.90,8.46,10.90,,14.44,,,,,,14.44,15.19,15.19,15.22,15.19,10.90,10.84,10.90,8.56,10.90,,6537050,3920500,1552900,1392400,,14.44,15.19,15.19,15.20,15.23,10.90,10.90,10.76,8.46,10.90
2026/04/23,5,25086350,21095050,17811100,14.70,15.13,15.13,15.13,15.13,9.00,9.00,9.00,6.93,9.00,,14.69,,,,,,14.69,15.13,15.13,15.16,15.13,9.00,9.00,9.00,6.93,9.00,,6957250,4045100,1028700,867700,,14.69,15.13,15.13,15.14,15.17,9.00,9.00,9.00,6.93,9.00
2026/04/23,6,25045850,21229800,18275550,15.00,15.36,15.36,15.36,15.36,9.00,9.00,9.00,6.92,9.00,,14.99,,,,,,14.99,15.36,15.36,15.37,15.36,9.00,9.00,9.00,6.92,9.00,,7329100,4308050,729150,568150,,14.99,15.36,15.36,15.37,15.37,9.00,9.00,9.00,6.92,9.00
2026/04/23,7,24934700,21682800,18587600,15.36,15.39,15.39,15.39,15.39,9.77,9.77,9.77,8.38,9.77,,15.36,,,,,,15.36,15.40,15.39,15.40,15.39,9.77,9.77,9.77,8.38,9.77,,7244550,4338850,643350,482350,,15.36,15.39,15.39,15.40,15.40,9.77,9.77,9.77,8.38,9.77
2026/04/23,8,24850250,22105450,18716100,15.59,15.56,15.56,15.56,15.56,10.90,10.90,10.90,8.40,10.90,,15.58,,,,,,15.58,15.56,15.57,15.57,15.56,10.90,10.90,10.90,8.40,10.90,,7162650,4344850,751400,490400,,15.58,15.56,15.57,15.57,15.57,10.90,10.90,10.90,8.40,10.90
2026/04/23,9,24883750,22604550,18926600,15.71,15.65,15.65,15.65,15.65,10.90,10.90,10.90,8.45,10.90,,15.70,,,,,,15.70,15.66,15.67,15.66,15.65,10.90,10.90,10.90,8.45,10.90,,7134850,4368150,979900,488900,,15.70,15.65,15.66,15.66,15.66,10.90,10.90,10.90,8.45,10.90
2026/04/23,10,24891550,22678350,18981600,15.86,15.71,15.71,15.71,15.71,10.90,10.90,10.90,8.48,10.90,,15.86,,,,,,15.86,15.72,15.73,15.72,15.70,10.90,10.90,10.90,8.48,10.90,,7125850,4368700,1022300,531300,,15.86,15.71,15.72,15.72,15.71,10.90,10.90,10.90,8.48,10.90
2026/04/23,11,24986400,23131950,19257750,16.00,15.74,15.74,15.74,15.74,10.90,10.90,10.90,8.49,10.90,,15.99,,,,,,15.99,15.74,15.75,15.75,15.72,10.90,10.90,10.90,8.49,10.90,,7202950,4473750,1061400,470900,,15.99,15.74,15.74,15.75,15.72,10.90,10.90,10.90,8.49,10.90
2026/04/23,12,25253200,22978800,19211850,15.66,15.65,15.65,15.65,15.65,9.93,9.93,9.93,8.45,9.93,,15.65,,,,,,15.65,15.65,15.66,15.66,15.65,9.93,9.93,9.93,8.45,9.93,,7187950,4455250,1123800,533300,,15.65,15.65,15.66,15.66,15.66,9.93,9.93,9.93,8.45,9.93
2026/04/23,13,25799950,23188650,19566700,15.44,15.43,15.43,15.43,15.43,9.85,9.85,9.85,8.46,9.85,,15.41,,,,,,15.41,15.32,15.44,15.44,15.44,9.85,9.83,9.85,8.46,9.85,,7384250,4621050,1204850,623850,,15.41,15.43,15.43,15.44,15.42,9.86,9.85,9.85,8.46,9.81
2026/04/23,14,26513750,23478550,19967500,15.19,15.26,15.26,15.26,15.26,9.50,9.50,9.50,8.37,9.50,,15.17,,,,,,15.17,15.26,15.27,15.27,15.26,9.50,9.50,9.52,8.37,9.50,,7653350,4711450,1377950,707950,,15.17,15.26,15.26,15.27,15.26,9.50,9.50,9.50,8.37,9.51
2026/04/23,15,27103100,24181850,20521700,15.37,14.74,14.74,15.37,15.37,10.90,10.90,10.90,8.37,10.90,,15.37,,,,,,15.37,14.74,14.74,15.38,15.37,10.90,10.90,10.90,8.37,10.90,,7858850,4786800,1496550,827800,,15.37,14.72,14.74,15.38,15.38,10.90,10.90,10.90,8.37,10.89
2026/04/23,16,27738200,25339250,21128850,15.39,8.78,8.78,15.49,15.49,13.78,13.78,13.78,8.46,13.78,,15.37,,,,,,15.37,8.81,8.79,15.49,15.49,13.78,13.75,13.76,8.46,13.78,,8044000,4871650,1793600,878350,,15.37,8.78,8.79,15.49,15.47,13.78,13.78,13.78,8.46,13.73
2026/04/23,17,28595950,27197450,22204650,16.24,8.00,8.00,16.43,16.43,16.43,16.43,16.43,8.50,16.43,,16.23,,,,,,16.23,8.03,8.00,16.42,16.41,16.43,16.42,16.42,8.50,16.43,,8042000,4832250,1880450,924500,,16.23,8.00,8.01,16.43,16.39,16.43,16.43,16.42,8.50,16.40
2026/04/23,18,28887450,28751750,23033100,18.00,7.30,7.30,19.47,19.47,19.47,19.47,19.47,8.49,19.47,,18.02,,,,,,18.02,7.33,7.30,19.44,19.46,19.46,19.46,19.87,8.49,19.44,,8021600,4843850,1900850,935850,,18.02,7.30,7.31,19.53,19.45,19.47,19.47,19.46,8.49,19.29
2026/04/23,19,29090450,30136250,23861850,19.12,7.19,7.19,24.00,24.00,24.00,24.00,24.00,8.54,24.00,,19.20,,,,,,19.20,7.29,7.19,23.97,23.97,24.01,23.96,24.53,8.46,23.87,,8052950,4839950,1917650,949250,,19.20,7.19,7.21,24.09,23.95,24.00,24.00,23.71,8.51,23.87
2026/04/23,20,29391150,30408900,24178850,19.47,5.00,5.00,24.21,24.21,24.21,24.21,24.21,8.54,24.21,,19.49,,,,,,19.49,5.21,5.01,24.19,24.19,24.19,24.17,24.10,8.47,24.08,,8117550,4801900,1928050,1054250,,19.49,5.01,5.04,24.21,24.17,24.21,24.21,23.96,8.51,24.09
2026/04/23,21,28943950,29422450,23369700,18.98,5.00,5.00,24.06,24.06,24.06,24.06,24.06,8.51,24.06,,19.06,,,,,,19.06,5.31,5.01,24.02,24.03,24.05,24.00,24.40,8.43,23.93,,8229800,4790050,1937250,1161700,,19.06,5.00,5.05,24.12,24.03,24.06,24.07,23.77,8.48,23.85
2026/04/23,22,29434900,29610050,23554400,18.98,5.00,5.00,24.14,24.14,24.14,24.14,24.14,8.52,24.14,,19.01,,,,,,19.01,5.34,5.00,24.12,24.12,24.12,24.10,24.06,8.44,24.00,,8519100,4844850,1935150,1159600,,19.01,5.00,5.06,24.14,24.11,24.14,24.14,23.87,8.49,24.06
2026/04/23,23,29517750,30028700,23800250,19.01,3.01,3.01,24.67,24.67,24.67,24.67,24.67,8.53,24.67,,19.04,,,,,,19.04,3.38,3.01,24.63,24.65,24.67,24.64,24.48,8.46,24.60,,8638100,4833050,2068150,1177400,,19.04,3.05,3.06,24.63,24.63,24.64,24.66,24.41,8.50,24.66
2026/04/23,24,29382300,30054250,23762350,19.00,4.96,4.96,25.00,25.00,25.00,25.00,25.00,8.52,20.14,,19.04,,,,,,19.04,5.10,4.97,24.96,24.97,25.00,24.97,24.91,8.44,20.13,,8888300,5045400,2200600,1194400,,19.04,4.97,4.98,24.97,24.98,24.94,24.99,24.75,8.49,20.14
2026/04/23,25,29645500,28642000,22878700,16.78,3.00,3.00,19.99,19.99,19.99,19.99,19.99,8.43,10.90,,16.79,,,,,,16.79,3.04,3.03,20.01,20.00,20.00,19.99,20.33,8.30,10.90,,8987300,5027000,2095950,1076300,,16.79,3.06,3.01,20.03,20.00,19.99,20.04,20.05,8.38,10.90
2026/04/23,26,29773450,28613600,22769300,16.98,5.00,5.00,19.54,19.54,19.54,19.54,19.54,8.42,9.03,,16.99,,,,,,16.99,5.13,5.01,19.56,19.55,19.55,19.53,19.57,8.29,9.03,,9231100,5252300,2065450,1062150,,16.99,5.00,5.02,19.54,19.56,19.54,19.59,19.59,8.37,9.03
2026/04/23,27,29189800,29575350,23424450,21.00,7.12,7.12,25.49,25.49,24.62,24.62,24.62,8.52,12.00,,21.01,,,,,,21.01,7.18,7.15,25.48,25.46,24.62,24.58,24.54,8.52,12.00,,9049900,5320850,1946400,1058050,,21.01,7.12,7.14,25.47,25.46,24.62,24.62,24.50,8.52,12.00
2026/04/23,28,29153150,29733650,23445450,23.00,8.05,8.05,24.21,24.21,24.15,24.15,24.15,8.53,12.38,,22.98,,,,,,22.98,8.08,8.07,24.21,24.23,24.15,24.13,24.07,8.53,12.38,,8911200,5333600,1943600,1056200,,22.98,8.05,8.06,24.23,24.20,24.16,24.15,24.08,8.53,12.38
2026/04/23,29,28698150,29684350,23276950,24.15,8.78,8.78,27.12,27.12,24.62,24.62,24.62,8.61,15.29,,24.14,,,,,,24.14,8.82,8.80,27.11,27.14,24.62,24.60,24.54,8.61,15.28,,8814000,5293900,1934300,952200,,24.14,8.76,8.80,27.11,27.14,24.62,24.62,24.53,8.61,15.29
2026/04/23,30,28374500,29266500,23234850,25.01,15.74,15.74,26.14,26.14,25.86,25.86,25.86,8.48,15.29,,24.99,,,,,,24.99,15.73,15.76,26.12,26.16,25.85,25.83,25.76,8.48,15.28,,8523250,5083850,1954600,960650,,24.99,15.74,15.75,26.13,26.14,25.86,25.86,25.74,8.48,15.29
2026/04/23,31,27895300,29130200,23032600,25.86,20.00,20.00,26.98,26.98,25.86,25.86,25.86,8.43,15.29,,25.84,,,,,,25.84,19.97,20.01,26.97,26.99,25.86,25.83,25.75,8.43,15.28,,8350550,4992300,1959500,965600,,25.84,20.02,20.00,26.99,26.96,25.86,25.86,25.72,8.43,15.29
2026/04/23,32,27237850,29630950,22901400,28.40,28.72,28.72,60.00,26.99,25.86,25.86,25.86,8.55,17.66,,28.81,,,,,,28.81,28.76,28.78,59.54,27.06,25.86,25.84,25.79,8.55,17.63,,8059300,4945600,1572650,907300,,28.81,28.73,28.76,59.40,27.08,25.86,25.86,25.78,8.55,17.64
2026/04/23,33,26541300,29688550,22786600,30.00,23.32,23.32,45.00,27.12,25.86,25.86,25.86,8.56,19.66,,30.10,,,,,,30.10,23.32,23.33,44.91,27.22,25.85,25.84,25.75,8.56,19.63,,7959650,5150650,1550550,768800,,30.10,23.32,23.33,44.89,27.24,25.86,25.86,25.75,8.56,19.64
2026/04/23,34,26366250,30047600,22758500,30.00,30.55,30.55,50.00,27.16,25.86,25.86,25.86,8.46,19.66,,30.12,,,,,,30.12,30.42,30.50,49.78,27.33,25.78,25.67,25.42,8.47,19.54,,7851150,5072150,1481900,666300,,30.12,30.39,30.54,49.71,27.38,24.33,25.86,25.80,8.46,19.64
2026/04/23,35,26295050,29424950,22351400,26.31,27.17,27.17,27.17,27.17,25.86,25.86,25.86,8.54,18.86,,26.21,,,,,,26.21,27.09,27.06,27.15,27.10,25.82,25.56,25.37,8.54,18.81,,7867300,5086350,1478000,654900,,26.21,27.13,27.16,27.14,27.07,24.12,25.86,25.75,8.54,18.83
2026/04/23,36,26246800,29277150,22315300,26.31,27.11,27.11,27.11,27.11,25.86,25.86,25.86,8.53,19.66,,26.20,,,,,,26.20,26.99,27.01,27.10,27.00,25.79,25.62,25.08,8.53,19.60,,7876900,5095950,1370900,652850,,26.20,27.05,27.10,27.09,26.99,23.86,25.86,25.78,8.53,19.63
2026/04/23,37,26320300,29303850,22384300,30.00,26.14,26.14,26.14,26.14,26.14,26.14,26.14,8.56,19.66,,29.82,,,,,,29.82,25.77,26.05,26.12,26.04,26.10,26.02,25.96,8.56,19.59,,7887350,5109400,1277550,651100,,29.82,26.07,26.12,26.12,26.09,24.96,26.14,26.03,8.56,19.63
2026/04/23,38,26258600,28852400,22449700,30.00,26.31,26.31,26.31,26.31,26.31,26.31,26.31,8.65,26.31,,29.78,,,,,,29.78,26.15,26.22,26.29,26.19,26.24,26.03,25.85,8.66,26.03,,7953100,5118650,1074800,648400,,29.78,26.29,26.29,26.29,26.27,24.38,26.31,26.11,8.65,26.11
2026/04/23,39,26367200,28285200,21929000,27.24,26.14,26.14,26.14,24.62,24.62,24.62,24.62,8.65,20.01,,27.04,,,,,,27.04,26.11,26.12,26.14,24.55,24.56,24.23,24.10,8.65,19.83,,8030650,5129450,972550,646200,,27.04,26.09,26.13,26.14,24.47,22.74,24.62,24.46,8.65,19.89
2026/04/23,40,26806950,27610850,21614500,26.14,24.35,24.35,24.35,19.11,19.11,19.11,19.11,8.59,19.11,,25.94,,,,,,25.94,24.34,24.34,24.35,19.11,19.10,18.92,18.91,8.59,18.87,,8290400,5113700,969500,643050,,25.94,24.34,24.34,24.35,19.10,18.05,19.11,19.12,8.59,18.98
2026/04/23,41,26584250,26826050,21063550,23.92,23.77,23.77,23.77,18.46,18.46,18.46,18.46,8.59,17.66,,23.80,,,,,,23.80,23.77,23.76,23.77,18.47,18.46,18.37,18.40,8.59,17.48,,8351950,5125250,864450,637900,,23.80,23.76,23.76,23.77,18.46,17.90,18.46,18.48,8.59,17.59
2026/04/23,42,26681400,26325400,20355100,18.86,17.40,17.40,17.40,17.40,17.40,17.40,17.40,8.56,17.40,,18.85,,,,,,18.85,17.47,17.42,17.40,17.45,17.40,17.40,17.40,8.56,17.40,,8461300,5111550,859950,633350,,18.85,17.43,17.42,17.40,17.40,17.40,17.42,17.50,8.56,17.40
2026/04/23,43,26557500,25821250,20206400,18.00,16.92,16.92,16.92,16.92,16.92,16.92,16.92,8.53,16.92,,18.00,,,,,,18.00,17.45,16.95,16.92,16.97,16.92,16.92,16.91,8.53,16.89,,8437300,5107150,855700,629400,,18.00,16.92,16.97,16.94,16.91,16.92,16.93,17.04,8.53,16.92
2026/04/23,44,26794400,25134800,19940050,16.34,15.94,15.94,15.94,15.94,15.94,15.94,15.94,8.47,15.29,,16.35,,,,,,16.35,15.94,15.96,15.94,15.99,15.94,15.94,15.94,8.47,15.29,,8609550,5062400,1049150,822800,,16.35,15.94,15.95,15.95,15.94,15.94,15.94,16.00,8.47,15.29
2026/04/23,45,27176150,25317250,20649500,17.75,16.93,16.93,16.93,16.93,16.11,16.11,16.11,8.47,15.29,,17.78,,,,,,17.78,17.75,17.02,16.94,17.01,16.11,16.11,16.10,8.47,15.27,,8639850,5072900,1055250,830650,,17.78,16.95,17.09,16.96,16.97,16.11,16.11,16.10,8.47,15.28
2026/04/23,46,27357050,24467000,20182400,16.34,16.18,16.18,16.18,16.18,14.27,14.27,14.27,8.38,10.90,,16.36,,,,,,16.36,16.32,16.23,16.18,16.25,14.27,14.27,14.27,8.38,10.90,,8612400,5071800,1053350,828750,,16.36,16.29,16.22,16.21,16.20,14.27,14.27,14.27,8.38,10.90
2026/04/23,47,26809250,23834600,19753650,16.17,16.17,16.17,16.17,16.17,13.78,13.78,13.78,8.36,10.90,,16.19,,,,,,16.19,16.17,16.19,16.17,16.24,13.78,13.78,13.78,8.36,10.90,,8392500,4961600,1049850,827350,,16.19,16.20,16.23,16.19,16.17,13.78,13.78,13.78,8.36,10.90
2026/04/23,48,26466000,22523950,19087500,15.39,15.70,15.70,15.70,15.70,8.61,8.61,8.61,6.93,8.61,,15.40,,,,,,15.40,15.71,15.71,15.70,15.75,8.61,8.61,8.61,6.93,8.61,,7827100,4833300,729350,510100,,15.40,15.73,15.76,15.72,15.68,8.61,8.61,8.61,6.93,8.61
2026/04/24,1,25304800,21132000,17842400,15.39,16.81,16.81,16.81,15.65,12.00,12.00,12.00,8.62,12.00,,15.39,,,,,,15.39,16.81,16.83,16.81,15.65,12.00,12.00,12.00,8.49,12.00,,5890050,1887200,756350,658850,,15.39,16.81,16.82,16.81,15.67,12.00,12.00,12.00,8.59,11.99
2026/04/24,2,25994750,20572650,17121050,14.79,16.32,16.32,16.32,15.71,9.76,9.76,9.76,9.76,9.76,,14.80,,,,,,14.80,16.33,16.33,16.32,15.70,9.76,9.76,9.76,9.76,9.76,,7243400,2067700,756050,658550,,14.80,16.32,16.33,16.32,15.72,9.76,9.76,9.76,9.76,9.76
2026/04/24,3,26041300,20072950,16655950,14.71,16.16,16.16,16.16,15.75,9.03,9.03,9.03,9.03,9.03,,14.72,,,,,,14.72,16.18,16.17,16.17,15.75,9.03,9.03,9.03,9.03,9.03,,8121500,2212050,753100,655600,,14.72,16.16,16.18,16.16,15.76,9.03,9.03,9.03,9.03,9.03
2026/04/24,4,26006050,20122550,16646450,14.83,16.64,16.64,16.64,15.97,9.03,9.03,9.03,9.03,9.03,,14.85,,,,,,14.85,16.70,16.67,16.64,15.97,9.03,9.03,9.03,9.01,9.03,,8453450,2249600,821450,723950,,14.85,16.64,16.65,16.65,15.98,9.03,9.03,9.03,9.03,9.03
2026/04/24,5,25942550,20002200,16593450,14.83,16.15,16.15,16.15,16.15,8.67,8.67,8.67,8.67,8.67,,14.85,,,,,,14.85,16.13,16.20,16.17,16.15,8.67,8.68,8.67,8.60,8.67,,8260250,2266900,733900,536400,,14.85,16.16,16.18,16.16,16.17,8.67,8.68,8.68,8.65,8.67
2026/04/24,6,25772400,20419200,16742950,15.26,16.64,16.64,16.64,16.26,8.84,8.84,8.84,8.63,8.84,,15.29,,,,,,15.29,16.83,16.69,16.66,16.26,8.84,8.84,8.84,8.49,8.84,,7911700,2130900,734450,536950,,15.29,16.65,16.67,16.67,16.31,8.84,8.84,8.84,8.59,8.84
2026/04/24,7,25915250,21023200,17259050,15.43,16.86,16.86,16.86,16.74,10.25,10.25,10.25,8.46,10.25,,15.41,,,,,,15.41,16.89,16.91,16.87,16.74,10.25,10.24,10.25,8.33,10.25,,7642650,2084300,649500,452000,,15.41,16.86,16.89,16.87,16.76,10.25,10.25,10.25,8.42,10.23
2026/04/24,8,25868750,21465550,17488150,15.72,17.16,17.16,17.16,17.09,13.78,13.78,13.78,8.52,13.78,,15.70,,,,,,15.70,17.22,17.21,17.20,17.09,13.78,13.70,13.77,8.50,13.77,,7611400,2091300,757600,460100,,15.70,17.16,17.23,17.17,17.13,13.70,13.78,13.78,8.51,13.64
2026/04/24,9,25825250,21933050,17727100,16.00,18.23,18.23,18.23,17.09,13.78,13.78,13.78,8.55,13.78,,15.99,,,,,,15.99,18.29,18.27,18.26,17.08,13.78,13.70,13.77,8.53,13.78,,7583700,2076400,785350,487850,,15.99,18.25,18.28,18.25,17.13,13.75,13.78,13.78,8.54,13.64
2026/04/24,10,25826450,21890600,17459200,15.78,18.24,18.24,18.24,17.42,13.78,13.78,13.78,8.57,13.78,,15.76,,,,,,15.76,18.22,18.28,18.25,17.40,13.78,13.71,13.77,8.55,13.77,,7780100,2078550,827850,530350,,15.76,18.24,18.27,18.25,17.42,13.73,13.78,13.77,8.56,13.66
2026/04/24,11,26043100,22510450,18081300,16.34,24.00,24.00,24.00,17.42,12.00,12.00,12.00,8.52,12.00,,16.30,,,,,,16.30,23.86,23.97,24.00,17.42,12.00,11.89,11.99,8.50,12.00,,7923700,2078200,766850,469350,,16.30,23.98,24.00,23.99,17.53,11.99,12.00,12.00,8.51,11.77
2026/04/24,12,26302650,22023400,17836450,15.79,23.20,23.20,23.20,17.12,10.21,10.21,10.21,8.46,10.21,,15.77,,,,,,15.77,23.19,23.20,23.20,17.11,10.21,10.19,10.21,8.33,10.21,,8071350,2118500,828600,531100,,15.77,23.20,23.20,23.21,17.24,10.21,10.21,10.21,8.42,10.17
2026/04/24,13,27241100,22385950,18178750,15.60,20.02,20.02,20.02,16.75,10.80,10.80,10.80,8.63,10.80,,15.53,,,,,,15.53,19.96,19.98,20.02,16.72,10.80,10.76,10.77,8.49,10.78,,8542250,2106850,1053700,756200,,15.53,20.04,20.03,20.01,16.77,10.80,10.76,10.78,8.59,10.76
2026/04/24,14,28374000,22633350,18434050,15.18,15.00,15.00,17.71,16.25,9.60,9.60,9.60,9.60,9.60,,15.19,,,,,,15.19,15.02,15.07,17.72,16.23,9.60,9.60,10.36,9.61,9.60,,9119200,2158950,1434600,1112600,,15.19,15.00,15.01,17.73,16.24,9.60,9.61,9.62,9.61,10.02
2026/04/24,15,29546300,22692700,18655750,13.45,11.00,11.00,17.52,15.53,8.84,8.84,8.84,8.84,8.84,,13.51,,,,,,13.51,11.01,11.13,17.54,15.57,8.84,8.84,8.96,8.85,8.84,,9466350,2192350,1769550,1513850,,13.51,11.00,11.05,17.54,15.66,8.84,8.84,8.84,8.92,8.84
2026/04/24,16,31296900,23067800,19541400,10.00,8.03,8.03,16.38,15.36,8.61,8.61,8.61,8.61,8.61,,10.08,,,,,,10.08,8.03,8.15,16.37,15.45,8.61,8.63,8.80,8.61,8.65,,10053050,2239700,2090750,1982250,,10.08,8.06,8.09,16.40,15.43,8.64,8.62,8.68,8.73,8.61
2026/04/24,17,32561100,24475500,20691650,11.00,8.20,8.20,17.43,15.36,8.61,8.61,8.61,8.61,8.61,,11.07,,,,,,11.07,8.21,8.31,17.42,15.39,8.61,8.62,8.76,8.52,8.53,,10291500,2128600,2163500,2143300,,11.07,8.23,8.26,17.42,15.39,8.61,8.61,8.60,8.77,8.55
2026/04/24,18,33920800,25155900,21652800,10.00,7.90,7.90,16.44,15.43,8.62,8.62,8.62,8.62,8.61,,10.10,,,,,,10.10,7.92,8.02,16.46,15.52,8.62,8.62,8.76,8.67,8.69,,10408100,2114900,2298700,2181650,,10.10,7.93,7.97,16.50,15.47,8.62,8.62,8.62,8.68,8.65
2026/04/24,19,35066750,25797850,22277200,9.44,7.01,7.01,16.00,15.36,14.41,14.41,8.50,8.50,5.41,,9.60,,,,,,9.60,7.04,7.10,16.03,15.53,14.41,14.43,8.76,8.50,5.55,,10318850,2115650,2416600,2195750,,9.60,7.01,7.06,16.10,15.48,14.41,14.41,8.61,8.50,5.50
2026/04/24,20,36184700,25414300,22667800,7.87,5.00,5.00,12.10,12.10,12.10,12.10,6.79,6.79,1.00,,7.98,,,,,,7.98,5.10,5.05,12.15,12.30,12.10,12.13,7.06,6.79,1.00,,10420500,2131650,2426150,2203550,,7.98,5.01,5.04,12.22,12.29,12.14,12.10,6.79,6.98,1.00
2026/04/24,21,36435400,26210100,22774050,9.44,2.90,2.90,20.00,11.49,11.49,11.49,6.68,6.68,0.01,,9.48,,,,,,9.48,3.14,2.91,20.00,11.61,11.49,11.51,6.92,6.69,0.01,,10527950,2020950,2512250,2293250,,9.48,3.02,2.93,20.00,11.58,11.49,11.61,6.69,6.85,0.01
2026/04/24,22,37472300,26294250,22913200,8.61,1.01,1.01,17.73,10.83,9.69,9.69,6.93,6.93,0.01,,8.67,,,,,,8.67,1.19,1.02,17.74,11.06,9.69,9.70,7.14,6.94,0.01,,10696050,2052700,2908450,2689650,,8.67,1.09,1.04,17.75,11.01,9.69,9.69,6.93,7.15,0.01
2026/04/24,23,38065400,26379450,23215350,8.61,0.04,0.04,17.43,10.83,9.73,9.73,8.68,8.44,0.01,,8.63,,,,,,8.63,0.27,0.05,17.43,11.00,9.73,9.74,8.80,8.44,0.01,,10787150,2028000,3229050,3044300,,8.63,0.13,0.08,17.43,11.06,9.73,9.73,8.77,8.44,0.01
2026/04/24,24,38381650,26034650,23030250,8.09,0.01,0.01,17.43,10.77,8.67,8.67,8.67,8.44,0.01,,8.14,,,,,,8.14,0.19,0.02,17.43,10.96,8.67,8.69,8.75,8.49,0.01,,10857500,2015950,3227450,3094850,,8.14,0.02,0.05,17.44,11.04,8.82,8.67,8.68,8.44,0.01
2026/04/24,25,38651500,24865750,22444400,3.35,0.01,0.01,17.37,9.44,4.10,4.10,4.10,4.10,0.01,,3.47,,,,,,3.47,0.35,0.02,17.36,9.65,4.10,4.10,4.19,4.11,0.01,,10923150,2057000,3261200,3084200,,3.47,0.10,0.07,17.38,9.61,4.10,4.11,4.11,4.16,0.01
2026/04/24,26,38626050,24686400,22270150,3.05,0.01,0.01,17.37,9.44,3.01,3.01,3.01,3.01,0.01,,3.17,,,,,,3.17,0.35,0.02,17.37,9.65,3.01,3.03,3.08,2.91,0.01,,11002950,2111800,3273950,3143400,,3.17,0.11,0.07,17.38,9.69,3.02,3.06,3.04,2.96,0.01
2026/04/24,27,37957150,26402150,23209500,9.41,0.04,0.04,19.50,11.09,9.07,9.07,9.07,8.45,0.01,,9.43,,,,,,9.43,0.17,0.05,19.51,11.14,9.07,9.08,9.12,8.47,0.01,,11117200,2160750,3395250,3313250,,9.43,0.11,0.06,19.51,11.13,9.07,9.07,9.12,8.45,0.01
2026/04/24,28,37335250,26059400,22913250,9.44,2.50,2.50,17.54,11.45,9.65,9.65,8.67,8.44,0.01,,9.46,,,,,,9.46,2.59,2.51,17.53,11.54,9.65,9.65,8.71,8.44,0.01,,10999300,2081200,3187200,3155200,,9.46,2.57,2.51,17.53,11.55,9.66,9.65,8.69,8.44,0.01
2026/04/24,29,36405950,25115700,22143500,8.40,3.05,3.05,17.43,11.49,9.73,9.73,6.69,6.69,0.01,,8.47,,,,,,8.47,3.08,3.06,17.42,11.65,9.73,9.76,6.83,6.70,0.01,,10950100,2121900,2737300,2705300,,8.47,3.06,3.06,17.44,11.63,9.73,9.74,6.69,6.83,0.01
2026/04/24,30,35151250,24216600,21312150,8.61,6.83,6.83,15.78,15.26,13.91,13.91,6.67,6.67,0.50,,8.73,,,,,,8.73,6.88,6.86,15.81,15.33,13.91,13.91,6.73,6.67,0.50,,10795000,2117950,2453850,2435350,,8.73,6.83,6.85,15.86,15.27,13.91,13.91,6.67,6.72,0.50
2026/04/24,31,33819600,23828150,20379950,9.44,7.60,7.60,15.46,15.43,14.41,14.41,7.52,7.52,7.52,,9.56,,,,,,9.56,7.63,7.61,15.49,15.54,14.41,14.42,7.71,7.52,7.53,,10546800,2118300,2269300,2264300,,9.56,7.60,7.61,15.53,15.51,14.41,14.41,7.52,7.60,7.55
2026/04/24,32,32206600,24500300,20668500,13.50,8.00,8.00,17.54,15.73,14.46,14.46,8.63,8.63,8.40,,13.53,,,,,,13.53,8.01,8.01,17.53,15.80,14.47,14.47,8.63,8.63,8.39,,10018200,2199950,1880550,1880550,,13.53,8.00,8.01,17.55,15.75,14.46,14.47,8.63,8.63,8.40
2026/04/24,33,30900850,24815650,21224100,15.07,8.00,8.00,24.42,16.78,10.29,10.29,10.29,10.29,8.61,,15.11,,,,,,15.11,8.01,8.02,24.40,16.94,10.29,10.29,10.30,10.30,8.70,,9727150,2664050,1558600,1456350,,15.11,8.00,8.01,24.41,17.15,10.29,10.30,10.29,10.32,8.61
2026/04/24,34,29749900,25358450,20964750,16.44,11.74,11.74,27.00,17.71,14.41,14.41,14.41,14.41,12.00,,16.50,,,,,,16.50,11.74,11.76,26.97,17.88,14.41,14.40,14.39,14.39,12.00,,9600300,2534300,1322300,1118700,,16.50,11.74,11.75,26.99,18.14,14.41,14.41,14.40,14.38,12.00
2026/04/24,35,29340350,25150300,20505150,16.44,16.35,16.35,30.00,17.01,11.92,11.92,11.92,11.92,11.92,,16.50,,,,,,16.50,16.34,16.34,29.96,17.12,11.92,11.92,11.92,11.92,11.92,,9514200,2561600,1161300,934950,,16.50,16.36,16.35,29.97,17.37,11.90,11.92,11.92,11.92,11.92
2026/04/24,36,29116750,25896850,20537850,17.35,22.82,22.82,41.00,17.69,13.91,13.91,13.91,8.61,13.91,,17.49,,,,,,17.49,22.78,22.78,40.82,17.83,13.91,13.85,13.91,8.58,13.90,,9107700,2465950,979850,655600,,17.49,22.82,22.80,40.82,18.25,13.89,13.90,13.88,8.60,13.84
2026/04/24,37,28252250,26115100,20209000,18.86,25.00,25.00,30.22,27.03,14.26,14.26,14.26,8.44,14.26,,18.92,,,,,,18.92,24.95,24.95,30.18,27.03,14.26,14.22,14.19,8.44,14.25,,9103700,2675800,991450,652300,,18.92,24.99,24.97,30.15,27.03,14.20,14.26,14.26,8.44,14.17
2026/04/24,38,28250000,25896400,19856050,17.68,24.23,24.23,24.23,18.47,14.86,14.86,14.86,8.63,14.86,,17.86,,,,,,17.86,24.17,24.17,24.23,18.56,14.86,14.80,14.79,8.63,14.85,,9146400,2806350,990900,651750,,17.86,24.23,24.20,24.23,18.60,14.78,14.86,14.85,8.63,14.75
2026/04/24,39,28265800,25310900,19338950,17.00,23.40,23.40,23.40,17.51,14.86,14.86,14.86,8.62,14.86,,17.03,,,,,,17.03,23.36,23.36,23.40,17.55,14.86,14.80,14.77,8.62,14.84,,9225650,2871500,988500,649250,,17.03,23.40,23.38,23.40,17.69,14.79,14.86,14.85,8.62,14.73
2026/04/24,40,28713550,24769300,18922750,16.23,22.82,20.50,20.50,16.99,13.91,13.91,13.91,8.45,13.91,,16.27,,,,,,16.27,22.80,20.50,20.50,17.03,13.91,13.86,14.65,8.45,13.90,,9593550,3082550,984450,645200,,16.27,22.80,20.50,20.50,17.09,13.86,13.91,13.91,8.45,14.27
2026/04/24,41,27817100,24868050,19104150,17.19,22.82,22.82,24.42,19.47,13.20,13.20,13.20,8.43,13.20,,17.23,,,,,,17.23,22.79,22.86,24.41,19.48,13.20,13.16,13.16,8.44,13.19,,9352000,2910250,979650,640300,,17.23,22.86,22.80,24.42,19.60,13.17,13.20,13.19,8.43,13.11
2026/04/24,42,27295100,24749600,19198600,18.86,27.00,27.00,34.00,18.09,13.91,13.91,13.91,8.43,13.91,,18.91,,,,,,18.91,26.72,26.84,33.84,18.11,13.91,13.86,13.76,8.44,13.90,,8923600,2574200,875600,636250,,18.91,26.75,26.96,33.79,18.36,13.84,13.91,13.91,8.43,13.76
2026/04/24,43,27228850,24302550,18876450,17.56,22.82,22.26,25.00,17.93,13.91,13.91,13.91,8.45,13.91,,17.64,,,,,,17.64,22.75,22.27,24.98,17.96,13.91,13.88,13.86,8.45,13.90,,8854900,2514300,871300,632100,,17.64,22.95,22.24,24.99,18.16,13.86,13.91,13.90,8.45,13.84
2026/04/24,44,26768000,24000700,18313250,17.19,22.82,22.82,24.42,17.72,14.46,14.46,14.46,8.45,14.46,,17.35,,,,,,17.35,22.70,22.81,24.40,17.73,14.46,14.44,14.39,8.45,14.42,,8389950,2057550,1109800,872750,,17.35,22.70,22.80,24.41,17.93,14.36,14.46,14.46,8.45,14.41
2026/04/24,45,27400550,23961750,18443900,16.44,21.79,21.79,21.79,17.74,14.41,14.41,14.41,8.44,14.41,,16.59,,,,,,16.59,21.79,21.75,21.86,17.77,14.41,14.38,14.38,8.44,14.41,,8359550,2036100,1009400,878800,,16.59,21.72,21.80,21.89,17.87,14.41,14.41,14.41,8.44,14.35
2026/04/24,46,27224150,23291550,18115900,16.23,19.35,19.35,19.35,17.41,14.26,14.26,14.26,8.62,14.26,,16.39,,,,,,16.39,19.35,19.36,19.55,17.46,14.26,14.19,14.23,8.62,14.26,,8159350,1993800,1005800,876550,,16.39,19.36,19.43,19.58,17.52,14.20,14.26,14.24,8.62,14.15
2026/04/24,47,26441050,22734350,18282250,17.06,22.75,22.75,24.21,17.41,14.46,14.46,14.46,14.03,14.46,,17.11,,,,,,17.11,22.69,22.66,24.19,17.45,14.46,14.41,14.42,13.97,14.46,,8088550,1848450,998050,873750,,17.11,22.61,22.74,24.20,17.59,14.42,14.46,14.44,14.01,14.37
2026/04/24,48,26110500,21196250,16729900,15.62,17.13,17.13,17.13,16.58,13.91,13.91,13.91,13.91,13.91,,15.66,,,,,,15.66,17.13,17.13,17.23,16.62,13.91,13.86,13.86,13.68,13.91,,7879200,1716500,630300,508850,,15.66,17.22,17.22,17.15,16.76,13.76,13.91,13.90,13.84,13.84
2026/04/25,1,23233150,20208500,16801450,17.27,21.18,21.18,30.00,15.05,14.32,14.32,14.32,14.32,14.32,,17.23,,,,,,17.23,21.34,21.25,30.00,15.09,14.32,14.22,14.28,14.32,14.24,,5636150,1025200,741500,643000,,17.23,21.29,21.21,29.99,15.10,14.19,14.32,14.23,14.30,14.15
2026/04/25,2,23915750,19788100,16655400,16.83,21.09,21.09,24.00,16.56,10.29,10.29,10.29,8.65,10.29,,16.80,,,,,,16.80,21.20,21.11,24.00,16.60,10.29,10.28,10.28,8.65,10.35,,6658300,1135900,912900,642900,,16.80,21.10,21.11,23.99,16.61,10.29,10.29,10.35,8.65,10.28
2026/04/25,3,24273350,19461650,16228700,16.25,21.06,21.06,22.78,16.31,8.84,8.84,8.84,8.62,8.84,,16.25,,,,,,16.25,21.16,21.21,22.78,16.33,8.84,8.84,8.84,8.62,8.91,,6961150,1148300,1036150,642150,,16.25,21.08,21.11,22.78,16.33,8.84,8.84,8.90,8.62,8.84
2026/04/25,4,24268550,19347700,16054150,15.87,21.17,21.17,22.50,16.29,8.65,8.65,8.65,8.65,8.65,,15.87,,,,,,15.87,21.27,21.31,22.50,16.30,8.65,8.65,8.65,8.65,8.72,,7043500,1148750,1134900,640900,,15.87,21.17,21.22,22.50,16.30,8.65,8.65,8.71,8.65,8.65
2026/04/25,5,24353000,19013650,15749550,15.71,20.50,20.50,22.09,16.29,8.61,8.61,8.61,8.61,8.61,,15.70,,,,,,15.70,20.59,20.58,22.09,16.29,8.61,8.61,8.61,8.61,8.67,,7182950,1270650,831250,337250,,15.70,20.50,20.53,22.09,16.33,8.61,8.61,8.67,8.61,8.61
2026/04/25,6,24280350,19360400,16073400,15.96,21.20,21.20,22.36,16.60,8.62,8.62,8.62,8.62,8.62,,15.93,,,,,,15.93,21.20,21.16,22.36,16.59,8.62,8.62,8.62,8.62,8.69,,7124200,1252100,830300,336300,,15.93,21.19,21.20,22.35,16.62,8.62,8.62,8.69,8.62,8.62
2026/04/25,7,24434650,19137950,16061950,15.46,18.75,18.75,18.75,16.98,8.96,8.96,8.96,8.63,8.96,,15.43,,,,,,15.43,18.76,18.75,18.75,17.00,8.96,8.96,8.96,8.63,9.03,,7131850,1226200,838200,344200,,15.43,18.75,18.75,18.75,16.99,8.96,8.96,9.03,8.63,8.96
2026/04/25,8,24567900,19871450,16373650,16.42,21.21,21.21,22.09,16.98,9.00,9.00,9.00,8.82,9.00,,16.40,,,,,,16.40,21.25,21.29,22.09,17.02,9.00,9.00,9.00,8.82,9.01,,7258500,1221800,846100,352100,,16.40,21.21,21.24,22.09,17.01,9.00,9.00,9.00,8.82,9.00
2026/04/25,9,24685250,20159400,16588500,16.58,22.23,22.23,22.23,16.98,9.03,9.03,9.03,9.03,9.03,,16.55,,,,,,16.55,22.23,22.21,22.23,17.00,9.03,9.03,9.03,9.03,9.11,,7274600,1217550,874500,380500,,16.55,22.23,22.23,22.22,17.00,9.03,9.03,9.10,9.03,9.03
2026/04/25,10,24966600,20075600,16446500,16.33,21.00,21.00,21.00,16.63,9.03,9.03,9.03,9.03,9.03,,16.31,,,,,,16.31,21.00,20.99,21.00,16.65,9.04,9.03,9.03,9.03,9.10,,7547150,1217950,918150,424150,,16.31,21.00,21.00,21.00,16.65,9.03,9.03,9.09,9.03,9.03
2026/04/25,11,24443500,19389550,15917300,16.29,21.23,21.23,22.36,16.29,8.96,8.96,8.96,8.96,8.96,,16.27,,,,,,16.27,21.25,21.22,22.36,16.30,8.96,8.96,8.96,8.97,8.97,,7550600,1217650,961850,467850,,16.27,21.23,21.23,22.35,16.30,8.97,8.96,8.97,8.96,8.96
2026/04/25,12,24874500,18950100,15809750,15.00,18.01,18.01,19.00,15.05,8.92,8.92,8.92,8.82,8.92,,14.98,,,,,,14.98,18.10,18.00,19.00,15.06,8.92,8.92,8.93,8.84,8.99,,7559000,1219150,1024200,530200,,14.98,18.02,18.01,19.00,15.06,8.96,8.92,8.98,8.82,8.92
2026/04/25,13,25597650,18006250,15005400,14.21,14.00,14.00,15.62,14.72,8.96,8.96,8.96,8.96,8.96,,14.16,,,,,,14.16,13.98,13.99,15.62,14.74,8.96,8.95,8.96,8.97,9.03,,7730600,878450,1107450,613450,,14.16,13.99,13.99,15.62,14.73,8.96,8.96,9.01,8.95,8.96
2026/04/25,14,26854450,16918450,14707250,8.57,8.46,8.46,10.23,10.23,8.61,8.61,8.61,8.61,8.61,,8.60,,,,,,8.60,8.46,8.46,10.25,10.25,8.61,8.61,8.61,8.62,8.69,,7999000,881750,1289400,991400,,8.60,8.45,8.46,10.24,10.29,8.61,8.61,8.67,8.61,8.61
2026/04/25,15,28331700,17122500,15157200,7.52,5.00,5.00,8.51,8.46,8.25,8.25,8.25,8.25,8.25,,7.53,,,,,,7.53,5.24,5.00,8.51,8.47,8.25,8.25,8.25,8.25,8.33,,8578800,876800,1942550,1647050,,7.53,5.07,5.04,8.51,8.48,8.25,8.25,8.31,8.25,8.25
2026/04/25,16,31134300,18171800,16578200,6.28,2.50,2.50,14.12,5.00,5.00,5.00,5.00,5.00,5.00,,6.26,,,,,,6.26,2.88,2.50,14.02,5.03,5.00,5.00,5.03,5.01,5.08,,9321400,848000,2487600,2292100,,6.26,2.62,2.56,14.06,5.04,5.04,5.02,5.08,5.00,5.01
2026/04/25,17,33051950,18461600,17514600,2.90,3.00,3.00,14.12,0.50,0.50,0.50,0.50,0.50,0.01,,2.89,,,,,,2.89,3.14,3.01,14.08,0.61,0.50,0.50,0.52,0.50,0.03,,9833800,884450,2761750,2737750,,2.89,3.07,3.03,14.06,0.63,0.51,0.51,0.51,0.53,0.02
2026/04/25,18,34636850,18898500,17965150,0.55,0.50,0.50,14.12,0.01,0.01,0.01,0.01,0.01,0.01,,0.63,,,,,,0.63,0.53,0.50,14.02,0.14,0.01,0.01,0.01,0.01,0.01,,10044900,864100,2890100,2890100,,0.63,0.50,0.51,13.98,0.15,0.05,0.01,0.02,0.05,0.01
2026/04/25,19,36132400,19428400,18800650,0.01,0.01,0.01,14.12,0.01,0.01,0.01,0.01,0.01,0.01,,0.10,,,,,,0.10,0.02,0.01,14.06,0.11,0.01,0.01,0.01,0.01,0.01,,10240250,904850,3244000,3244000,,0.10,0.01,0.01,14.04,0.06,0.12,0.03,0.04,0.04,0.02
2026/04/25,20,36976000,19209950,18917000,0.01,0.01,0.01,5.46,0.01,0.01,0.01,0.01,0.01,0.01,,0.10,,,,,,0.10,0.02,0.01,5.47,0.07,0.01,0.01,0.01,0.01,0.01,,10420350,924900,3348750,3348750,,0.10,0.01,0.01,5.48,0.03,0.06,0.02,0.02,0.05,0.01
2026/04/25,21,37865800,19006950,18821900,0.01,0.01,0.01,2.90,0.01,0.01,0.01,0.01,0.01,0.01,,0.11,,,,,,0.11,0.01,0.01,3.01,0.03,0.01,0.01,0.01,0.01,0.01,,10396700,918150,3395350,3395350,,0.11,0.01,0.01,3.05,0.02,0.04,0.01,0.01,0.01,0.01
2026/04/25,22,38643950,18833800,18795550,0.01,0.01,0.01,0.10,0.01,0.01,0.01,0.01,0.01,0.01,,0.08,,,,,,0.08,0.01,0.01,0.26,0.02,0.01,0.01,0.01,0.01,0.01,,10467050,924400,3456150,3456150,,0.08,0.01,0.01,0.32,0.02,0.01,0.01,0.01,0.01,0.01
2026/04/25,23,39170450,18686200,18547050,0.01,0.01,0.01,0.70,0.01,0.01,0.01,0.01,0.01,0.01,,0.09,,,,,,0.09,0.01,0.01,0.86,0.01,0.01,0.01,0.01,0.01,0.01,,10514450,929050,3327400,3327400,,0.09,0.01,0.01,0.91,0.01,0.01,0.01,0.01,0.01,0.01
2026/04/25,24,39240500,18841800,18703400,0.01,0.01,0.01,0.50,0.01,0.01,0.01,0.01,0.01,0.01,,0.06,,,,,,0.06,0.01,0.01,0.60,0.01,0.01,0.01,0.01,0.01,0.01,,10534350,934900,3547350,3547350,,0.06,0.01,0.01,0.64,0.01,0.01,0.01,0.01,0.01,0.01
2026/04/25,25,39463600,18747250,18609400,0.01,0.01,0.01,0.53,0.01,0.01,0.01,0.01,0.01,0.01,,0.06,,,,,,0.06,0.01,0.01,0.62,0.01,0.01,0.01,0.01,0.01,0.01,,10631050,961000,3423350,3423350,,0.06,0.01,0.01,0.66,0.01,0.01,0.01,0.01,0.01,0.01
2026/04/25,26,39413350,18653650,18516150,0.01,0.01,0.01,1.00,0.01,0.01,0.01,0.01,0.01,0.01,,0.06,,,,,,0.06,0.01,0.01,1.08,0.01,0.01,0.01,0.01,0.01,0.01,,10704500,959800,3338500,3338500,,0.06,0.01,0.01,1.11,0.01,0.01,0.01,0.01,0.01,0.01
2026/04/25,27,38864400,18793300,18419300,0.01,0.01,0.01,10.39,0.01,0.01,0.01,0.01,0.01,0.01,,0.14,,,,,,0.14,0.01,0.01,10.38,0.01,0.01,0.01,0.01,0.01,0.01,,10767500,961150,3392050,3388500,,0.14,0.01,0.01,10.37,0.01,0.01,0.01,0.01,0.01,0.01
2026/04/25,28,38234100,18929600,18215100,0.01,0.01,0.01,14.12,0.01,0.01,0.01,0.01,0.01,0.01,,0.08,,,,,,0.08,0.01,0.01,14.08,0.01,0.01,0.01,0.01,0.01,0.01,,10754850,955450,3368650,3363650,,0.08,0.01,0.01,14.07,0.01,0.01,0.01,0.01,0.01,0.01
2026/04/25,29,37261150,19264900,18414800,0.01,0.01,0.01,14.12,0.01,0.01,0.01,0.01,0.01,0.01,,0.08,,,,,,0.08,0.01,0.01,14.08,0.01,0.01,0.01,0.08,0.01,0.01,,10776450,957700,3358650,3353650,,0.08,0.01,0.01,14.06,0.02,0.01,0.01,0.02,0.04,0.01
2026/04/25,30,35952250,19142900,18099850,0.02,0.01,0.01,15.27,0.01,0.01,0.01,0.01,0.01,0.01,,0.10,,,,,,0.10,0.02,0.01,15.25,0.01,0.01,0.01,0.25,0.01,0.01,,10726250,969500,3017100,3012100,,0.10,0.01,0.01,15.24,0.05,0.06,0.03,0.04,0.04,0.01
2026/04/25,31,34422400,19082500,17918700,2.50,0.03,0.03,16.73,0.01,0.01,0.01,0.01,0.01,0.01,,2.50,,,,,,2.50,0.04,0.03,16.69,0.01,0.01,0.01,0.49,0.01,0.01,,10634350,973300,2650450,2618950,,2.50,0.03,0.03,16.68,0.08,0.08,0.08,0.07,0.08,0.03
2026/04/25,32,32830850,17783900,16963650,3.00,2.50,2.50,14.12,1.00,1.00,1.00,1.00,1.00,0.50,,3.00,,,,,,3.00,2.68,2.50,14.11,1.01,1.00,1.00,1.44,1.00,0.56,,10439250,904700,2405000,2275000,,3.00,2.57,2.52,14.11,1.05,1.08,1.05,1.05,1.04,0.56
2026/04/25,33,31879000,17651750,16416600,3.00,5.00,5.00,17.52,0.01,0.01,0.01,0.01,0.01,0.01,,2.98,,,,,,2.98,5.06,4.99,17.36,0.03,0.02,0.27,0.81,0.31,0.07,,10024600,941350,1763300,1497500,,2.98,5.00,5.01,17.50,0.39,0.31,0.21,0.29,0.14,0.14
2026/04/25,34,29908400,18429850,15336950,7.52,8.25,8.25,8.25,6.50,6.50,6.50,6.50,6.50,6.50,,7.53,,,,,,7.53,8.24,8.25,8.26,6.51,6.50,6.50,6.50,6.50,6.58,,9513700,1091300,1359650,945600,,7.53,8.27,8.26,8.26,6.54,6.50,6.50,6.57,6.50,6.53
2026/04/25,35,28515700,19598450,15494800,10.27,13.28,13.28,13.28,10.15,9.00,9.00,9.00,8.62,9.00,,10.26,,,,,,10.26,13.28,13.27,13.28,10.14,9.00,8.98,9.00,8.62,9.07,,9376950,1278100,1176650,661950,,10.26,13.28,13.28,13.28,10.07,9.01,9.00,9.07,8.62,9.00
2026/04/25,36,27870850,20742250,15787150,14.84,16.86,16.86,16.86,10.27,10.27,10.27,10.27,8.65,10.27,,14.70,,,,,,14.70,16.84,16.84,16.84,10.29,10.27,10.22,10.27,8.64,10.33,,9193100,1280450,1172000,653950,,14.70,16.85,16.85,16.85,10.28,10.27,10.27,10.32,8.65,10.20
2026/04/25,37,28736700,21913000,16240150,14.44,17.34,17.34,17.34,10.27,9.03,9.03,9.03,8.82,9.03,,14.39,,,,,,14.39,17.34,17.30,17.34,10.27,9.03,9.03,9.03,8.83,9.09,,9404800,1800200,1175150,645700,,14.39,17.34,17.35,17.34,10.29,9.06,9.03,9.08,8.82,9.03
2026/04/25,38,28533050,22540000,16665250,15.43,17.76,17.76,17.76,10.75,10.75,10.75,10.75,10.50,10.75,,15.27,,,,,,15.27,17.76,17.71,17.76,10.74,10.75,10.63,10.74,10.50,10.80,,9407800,1822450,1175650,644150,,15.27,17.76,17.76,17.76,10.76,10.74,10.75,10.80,10.50,10.53
2026/04/25,39,28622900,22254200,16612050,15.29,17.76,17.76,17.76,10.27,10.27,10.27,10.27,10.00,10.27,,15.13,,,,,,15.13,17.76,17.71,17.77,10.27,10.27,10.20,10.23,10.00,10.32,,9554750,1823150,1175700,643600,,15.13,17.77,17.77,17.77,10.27,10.27,10.27,10.32,10.00,10.14
2026/04/25,40,28702950,22002000,16334050,14.86,17.50,17.50,17.50,10.27,10.04,10.04,10.04,8.82,10.04,,14.72,,,,,,14.72,17.50,17.46,17.50,10.28,10.04,10.00,10.04,8.82,10.10,,9557750,1807050,1174150,639750,,14.72,17.50,17.50,17.50,10.32,10.04,10.04,10.09,8.82,9.96
2026/04/25,41,28392000,22296050,16218600,15.00,16.94,16.94,16.94,14.82,10.75,10.75,10.75,8.82,10.75,,14.87,,,,,,14.87,16.94,16.94,16.94,14.84,10.75,10.63,10.75,8.82,10.80,,9302750,1578800,1168700,634750,,14.87,16.94,16.94,16.94,14.87,10.75,10.75,10.81,8.82,10.54
2026/04/25,42,28393600,21804250,15783150,14.72,16.34,16.34,16.34,14.82,9.03,9.03,9.03,8.65,9.03,,14.66,,,,,,14.66,16.34,16.34,16.36,14.81,9.03,9.03,9.03,8.65,9.09,,9318000,1574650,1163150,630550,,14.66,16.34,16.36,16.34,14.74,9.04,9.03,9.09,8.65,9.03
2026/04/25,43,28096100,21740750,15558950,14.66,16.50,16.50,16.50,14.72,8.84,8.84,8.84,8.65,8.84,,14.63,,,,,,14.63,16.48,16.49,16.52,14.69,8.84,8.84,8.84,8.65,8.90,,9314800,1549650,1156100,625000,,14.63,16.50,16.50,16.52,14.65,8.86,8.84,8.90,8.65,8.84
2026/04/25,44,28088800,21640600,15604300,14.49,16.00,16.00,16.00,14.66,12.00,12.00,12.00,8.62,12.00,,14.45,,,,,,14.45,15.92,15.99,16.00,14.67,12.00,11.99,11.98,8.62,12.01,,9324300,1596100,1650400,1121000,,14.45,15.99,16.01,16.00,14.64,11.99,12.00,12.05,8.62,11.96
2026/04/25,45,28080500,21828250,17382800,16.43,16.69,16.69,45.00,15.50,13.56,13.56,13.56,8.61,13.56,,16.56,,,,,,16.56,16.69,16.69,44.31,15.46,13.56,13.50,13.32,8.61,13.53,,9189100,1584600,1646650,1125200,,16.56,16.69,16.69,44.16,15.69,13.51,13.55,13.62,8.61,13.36
2026/04/25,46,28013700,21096050,17068250,15.93,16.00,16.00,35.00,15.00,9.99,9.99,9.99,8.63,9.99,,15.90,,,,,,15.90,15.99,16.00,34.85,14.98,9.99,9.97,9.90,8.63,10.05,,9106250,1576050,1542450,1123400,,15.90,16.00,16.00,34.87,15.15,9.99,9.99,10.05,8.63,9.94
2026/04/25,47,27621350,20501050,16778550,15.70,15.73,15.73,30.00,15.00,9.99,9.99,9.99,8.63,9.99,,15.64,,,,,,15.64,15.72,15.73,29.90,14.98,9.99,9.97,9.89,8.63,10.05,,9006150,1574400,1436150,1121700,,15.64,15.73,15.73,29.91,15.02,9.99,9.99,10.04,8.63,9.95
2026/04/25,48,27398100,19046750,15747950,14.83,15.68,15.68,23.19,14.89,8.40,8.40,8.40,8.40,8.40,,14.79,,,,,,14.79,15.67,15.68,23.15,14.85,8.40,8.41,8.40,8.40,8.47,,8833050,1585100,711600,499800,,14.79,15.68,15.68,23.16,14.91,8.44,8.40,8.45,8.41,8.40
2026/04/26,1,24110750,18471800,15457800,14.64,13.00,13.00,16.65,14.84,8.61,8.61,8.61,8.61,8.61,,14.64,,,,,,14.64,13.00,13.00,16.64,14.84,8.61,8.61,8.61,8.61,8.61,,6346700,1006850,529000,429000,,14.64,13.00,13.00,16.65,14.83,8.61,8.61,8.61,8.61,8.61
2026/04/26,2,24468350,18655300,15177150,14.57,10.88,10.88,15.79,15.79,9.19,9.19,9.19,8.62,9.19,,14.56,,,,,,14.56,10.88,10.80,15.79,15.79,9.19,9.19,9.19,8.62,9.19,,7302100,1151400,1047800,824300,,14.56,10.78,10.88,15.79,15.78,9.19,9.19,9.19,8.62,9.19
2026/04/26,3,24490050,18568050,14929800,14.27,10.63,10.63,15.79,15.79,8.65,8.65,8.65,8.63,8.65,,14.26,,,,,,14.26,10.63,10.55,15.79,15.79,8.65,8.65,8.65,8.63,8.65,,7689450,1164800,1173300,824800,,14.26,10.54,10.63,15.79,15.78,8.65,8.65,8.65,8.63,8.65
2026/04/26,4,24601200,18451550,14773000,14.07,11.15,11.15,15.59,15.59,8.61,8.61,8.61,8.61,8.61,,14.07,,,,,,14.07,11.15,11.15,15.58,15.59,8.61,8.61,8.61,8.61,8.61,,7792800,1172550,1292100,825600,,14.07,11.15,11.15,15.58,15.58,8.61,8.61,8.61,8.61,8.61
2026/04/26,5,24679550,18365750,15072600,14.10,11.93,11.93,16.69,16.69,8.62,8.62,8.62,8.62,8.62,,14.10,,,,,,14.10,11.97,11.93,16.69,16.69,8.62,8.62,8.62,8.62,8.62,,8115900,1174650,1308150,828150,,14.10,11.93,11.94,16.69,16.69,8.62,8.62,8.62,8.62,8.62
2026/04/26,6,24924500,18293200,14892600,14.18,13.01,13.01,18.61,17.00,8.61,8.61,8.61,8.61,8.61,,14.18,,,,,,14.18,13.05,13.01,18.61,17.00,8.61,8.61,8.61,8.61,8.61,,8450300,1173600,923150,433650,,14.18,13.01,13.02,18.61,17.00,8.61,8.61,8.61,8.61,8.61
2026/04/26,7,25355850,18745400,15195100,14.26,15.32,15.32,21.99,19.00,8.65,8.65,8.65,8.65,8.65,,14.28,,,,,,14.28,15.32,15.32,21.98,19.00,8.65,8.65,8.65,8.65,8.65,,8665450,1175300,927750,433250,,14.28,15.32,15.32,21.97,19.01,8.65,8.65,8.65,8.65,8.65
2026/04/26,8,25489400,19258000,15567100,14.86,15.55,15.55,22.64,19.80,9.03,9.03,9.03,9.03,9.03,,14.82,,,,,,14.82,15.55,15.55,22.61,19.79,9.03,9.03,9.03,9.03,9.03,,8793200,1175050,927100,432600,,14.82,15.55,15.55,22.58,19.80,9.03,9.03,9.03,9.03,9.03
2026/04/26,9,25633450,19513750,15729900,15.02,15.28,15.28,22.78,19.93,9.67,9.67,9.67,9.67,9.67,,15.00,,,,,,15.00,15.28,15.28,22.75,19.91,9.67,9.65,9.67,9.67,9.67,,8899800,1194300,917100,324600,,15.00,15.28,15.28,22.70,19.93,9.67,9.67,9.67,9.67,9.63
2026/04/26,10,26161500,19714050,15888100,14.86,15.70,15.82,22.64,17.12,9.69,9.69,9.69,9.69,9.69,,14.84,,,,,,14.84,15.64,15.81,22.60,17.12,9.69,9.67,9.69,9.69,9.69,,9148700,1172850,917850,325350,,14.84,15.66,15.82,22.57,17.16,9.69,9.69,9.69,9.69,9.66
2026/04/26,11,25620450,18626550,14946750,14.47,15.70,15.70,21.99,16.94,9.05,9.05,9.05,9.05,9.05,,14.44,,,,,,14.44,15.70,15.70,21.96,16.95,9.05,9.05,9.05,9.05,9.05,,9202950,1174600,819950,416450,,14.44,15.70,15.70,21.96,16.96,9.05,9.05,9.05,9.05,9.05
2026/04/26,12,26665000,17896000,14566400,13.77,12.63,12.63,15.70,15.25,8.63,8.63,8.63,8.63,8.63,,13.77,,,,,,13.77,12.75,12.63,15.70,15.25,8.63,8.63,8.63,8.63,8.63,,9513600,1280200,822350,542350,,13.77,12.63,12.65,15.70,15.25,8.63,8.63,8.63,8.63,8.63
2026/04/26,13,26794150,17484150,14332300,10.21,8.53,8.53,14.47,14.47,8.61,8.61,8.61,8.61,8.61,,10.21,,,,,,10.21,8.55,8.51,14.47,14.47,8.61,8.61,8.61,8.61,8.61,,9706500,1077450,841050,717050,,10.21,8.49,8.53,14.47,14.46,8.61,8.61,8.61,8.60,8.61
2026/04/26,14,28466950,16849000,14850950,8.40,1.01,1.01,10.50,10.50,8.40,8.40,8.40,8.40,8.40,,8.40,,,,,,8.40,1.04,1.01,10.50,10.49,8.40,8.40,8.39,8.40,8.39,,10186150,1039400,926050,825550,,8.40,1.03,1.01,10.48,10.47,8.42,8.40,8.40,8.40,8.40
2026/04/26,15,29504700,18182500,15739650,8.45,0.01,0.01,17.42,8.48,8.10,8.10,8.10,8.10,8.10,,8.43,,,,,,8.43,0.01,0.01,17.38,8.48,8.10,8.10,8.10,8.10,8.13,,10525100,1036950,1494650,1394650,,8.43,0.01,0.01,17.42,8.54,8.10,8.10,8.10,8.10,8.12
2026/04/26,16,31132500,18280000,16730650,6.60,0.01,0.01,13.67,8.09,8.09,8.09,8.09,8.09,8.09,,6.57,,,,,,6.57,0.05,0.01,13.67,8.09,8.09,8.09,8.15,8.09,8.14,,10837100,1075650,2071700,2071700,,6.57,0.03,0.01,13.67,8.09,8.10,8.09,8.09,8.09,8.14
2026/04/26,17,32234450,18354300,17240650,3.00,0.01,0.01,14.57,6.89,6.89,6.89,6.89,6.89,6.89,,3.02,,,,,,3.02,0.01,0.01,14.57,6.89,6.89,6.89,6.88,6.87,6.89,,11105900,876450,2829300,2829300,,3.02,0.01,0.01,14.57,6.88,6.89,6.89,6.89,6.89,6.89
2026/04/26,18,33534600,18218550,17662750,0.50,0.01,0.01,2.50,2.50,2.50,2.50,2.50,2.50,2.50,,0.63,,,,,,0.63,0.01,0.01,2.52,2.50,2.50,2.50,3.03,2.49,2.50,,11119250,919150,2883000,2883000,,0.63,0.01,0.01,2.53,2.58,2.50,2.56,2.65,2.59,2.64
2026/04/26,19,34304900,18339100,18070850,0.01,0.01,0.01,1.00,1.00,1.00,1.00,1.00,1.00,1.00,,0.18,,,,,,0.18,0.01,0.01,1.08,1.03,1.00,1.00,1.85,1.00,1.00,,10996450,913500,2908250,2908250,,0.18,0.01,0.01,1.05,1.22,1.08,1.09,1.36,1.13,1.26
2026/04/26,20,35032500,18681700,18414500,0.01,0.01,0.01,1.00,1.00,1.00,1.00,1.00,1.00,1.00,,0.14,,,,,,0.14,0.01,0.01,1.06,1.03,1.00,1.00,1.54,1.00,1.00,,11060050,941450,3133200,3133200,,0.14,0.01,0.01,1.05,1.16,1.04,1.07,1.17,1.13,1.16
2026/04/26,21,35604350,18869200,18606350,0.01,0.01,0.01,1.00,1.00,1.00,1.00,1.00,1.00,1.00,,0.07,,,,,,0.07,0.01,0.01,1.06,1.03,1.00,1.00,1.00,1.00,1.00,,11304400,956150,3496350,3496350,,0.07,0.01,0.01,1.02,1.07,1.02,1.03,1.03,1.04,1.03
2026/04/26,22,36027050,18723450,18561400,0.01,0.01,0.01,0.24,0.50,0.50,0.50,0.50,0.50,0.50,,0.08,,,,,,0.08,0.01,0.01,0.34,0.56,0.50,0.50,0.62,0.50,0.50,,11488050,992200,3511550,3511550,,0.08,0.01,0.01,0.27,0.63,0.53,0.56,0.57,0.63,0.56
2026/04/26,23,36223500,18798000,18580850,0.01,0.01,0.01,0.50,0.81,0.81,0.81,0.81,0.81,0.81,,0.11,,,,,,0.11,0.01,0.01,0.64,0.85,0.81,0.81,0.94,0.81,0.81,,11518250,970950,3526550,3526550,,0.11,0.01,0.01,0.58,0.92,0.84,0.87,0.88,0.94,0.87
2026/04/26,24,36180050,18914250,18678050,0.01,0.01,0.01,0.38,1.00,1.00,1.00,1.00,1.00,1.00,,0.10,,,,,,0.10,0.01,0.01,0.53,1.03,1.00,1.00,1.11,1.00,1.00,,11551900,945950,3577250,3577250,,0.10,0.01,0.01,0.45,1.11,1.03,1.06,1.06,1.11,1.06
2026/04/26,25,35946550,18726900,18439500,0.01,0.01,0.01,0.50,1.00,1.00,1.00,1.00,1.00,1.00,,0.12,,,,,,0.12,0.01,0.01,0.66,1.03,1.00,1.00,1.21,1.00,1.00,,11640400,966850,3564200,3564200,,0.12,0.01,0.01,0.58,1.17,1.06,1.08,1.09,1.15,1.08
2026/04/26,26,35627300,18639100,18220000,0.01,0.01,0.01,1.50,1.50,1.50,2.50,2.50,2.50,2.50,,0.16,,,,,,0.16,0.01,0.01,1.62,1.51,1.50,2.50,2.82,2.50,2.50,,11713850,965300,3635800,3635800,,0.16,0.01,0.01,1.54,1.68,1.56,2.57,2.73,2.55,2.60
2026/04/26,27,34968600,18576150,17845300,0.04,0.01,0.01,4.29,4.29,4.29,4.29,4.29,4.29,4.29,,0.10,,,,,,0.10,0.01,0.01,4.31,4.29,4.29,4.29,4.29,4.30,4.29,,11699450,975650,3380550,3380550,,0.10,0.01,0.01,4.29,4.29,4.29,4.29,4.30,4.40,4.29
2026/04/26,28,34194550,18874350,17768700,2.50,0.01,0.01,9.66,8.48,8.48,8.48,8.48,8.42,8.25,,2.58,,,,,,2.58,0.01,0.01,9.66,8.47,8.48,8.47,8.48,8.20,8.25,,11774950,951650,3042450,3042450,,2.58,0.01,0.01,9.66,8.42,8.48,8.48,8.48,8.42,8.25
2026/04/26,29,34103650,17609300,17117950,0.04,0.01,0.01,0.13,2.90,2.90,2.90,2.90,2.90,2.90,,0.13,,,,,,0.13,0.01,0.01,0.18,2.89,2.90,2.99,3.00,2.90,2.90,,11807750,931850,2399900,2399900,,0.13,0.01,0.01,0.19,2.94,2.91,2.93,2.93,2.94,3.00
2026/04/26,30,32698800,17291800,16451800,2.05,0.01,0.01,6.89,6.89,6.89,6.89,6.89,6.89,6.89,,2.21,,,,,,2.21,0.01,0.01,6.92,6.89,6.89,6.89,6.85,6.89,6.88,,11796000,936500,1921850,1921850,,2.21,0.01,0.01,6.89,6.88,7.01,6.89,6.91,6.95,6.89
2026/04/26,31,31675050,17248650,15901850,6.00,0.01,0.01,8.48,8.48,8.09,8.09,8.09,8.09,8.09,,6.05,,,,,,6.05,0.06,0.01,8.50,8.48,8.09,8.09,8.29,8.09,8.08,,11515750,971700,1269850,1269850,,6.05,0.03,0.02,8.51,8.47,8.41,8.09,8.10,8.09,8.09
2026/04/26,32,30374200,17960450,15655950,8.53,0.01,0.01,14.84,10.22,8.44,8.44,8.44,8.44,8.44,,8.56,,,,,,8.56,0.02,0.01,14.77,10.22,8.45,8.44,8.64,8.44,8.43,,11054200,971400,1111250,1111250,,8.56,0.01,0.01,14.82,10.23,8.62,8.44,8.45,8.55,8.44
2026/04/26,33,29070000,19085250,16184800,9.23,3.00,3.00,21.99,10.00,8.10,8.10,8.10,8.10,8.10,,9.31,,,,,,9.31,3.10,3.00,21.84,10.00,8.10,8.10,8.36,8.15,8.13,,10399400,1393050,1099950,999950,,9.31,3.03,3.01,21.89,10.09,8.50,8.10,8.11,8.16,8.14
2026/04/26,34,27815200,20497600,16692300,14.11,7.27,7.27,22.92,10.59,8.61,8.61,8.61,8.61,8.61,,14.13,,,,,,14.13,7.31,7.27,22.77,10.60,8.61,8.61,8.77,8.61,8.61,,10278900,1979800,1052850,850600,,14.13,7.27,7.28,22.81,10.73,8.61,8.61,8.62,8.61,8.66
2026/04/26,35,27001800,21480500,17099050,16.28,8.44,8.44,22.00,19.50,9.11,9.11,9.11,8.82,9.11,,16.31,,,,,,16.31,8.43,8.43,22.00,19.44,9.11,9.11,9.15,8.82,9.11,,10146900,2833150,1166700,764450,,16.31,8.42,8.44,22.02,19.31,9.15,9.11,9.11,8.82,9.11
2026/04/26,36,27172650,22820250,18009000,20.00,15.56,15.56,23.33,23.33,12.55,12.55,12.55,12.55,12.55,,19.85,,,,,,19.85,15.56,15.56,23.27,23.25,13.01,12.54,12.49,12.46,12.55,,10211300,2900350,1167450,765200,,19.85,15.56,15.56,23.30,22.93,12.55,12.64,12.59,12.59,12.50
2026/04/26,37,27612550,23105900,18481650,21.78,11.00,16.34,23.33,17.27,12.00,12.00,12.00,12.00,12.00,,21.46,,,,,,21.46,10.97,16.34,23.33,17.27,12.00,11.98,11.40,11.94,12.00,,10522000,3245350,1171750,645700,,21.46,10.97,16.34,23.33,17.30,11.94,12.00,12.00,12.00,11.67
2026/04/26,38,28526550,23351000,18675800,17.70,15.57,16.32,23.33,13.62,13.62,13.62,13.62,13.62,13.62,,17.52,,,,,,17.52,15.57,16.32,23.31,13.61,13.62,13.51,12.80,13.50,13.57,,10484300,3184050,1172800,643200,,17.52,15.57,16.32,23.32,13.64,13.36,13.62,13.63,13.61,13.08
2026/04/26,39,28431800,23816300,18643250,18.86,15.58,15.58,25.00,25.00,12.55,12.55,12.55,12.55,12.55,,18.66,,,,,,18.66,15.58,15.58,24.99,24.97,12.55,12.48,11.98,12.50,12.55,,10855150,3399150,1173400,641250,,18.66,15.58,15.58,25.00,24.92,12.43,12.55,12.55,12.55,12.18
2026/04/26,40,28632400,23467650,18626050,17.27,15.58,15.58,23.19,14.98,13.77,13.77,13.77,13.77,13.77,,17.12,,,,,,17.12,15.58,15.58,23.17,15.03,13.77,13.64,12.91,13.57,13.77,,10691100,3207100,1071450,639300,,17.12,15.58,15.58,23.18,15.12,13.41,13.77,13.77,13.77,13.22
2026/04/26,41,28481700,23084100,18298300,17.00,15.61,15.61,22.78,14.98,13.77,13.77,13.77,13.77,13.77,,16.94,,,,,,16.94,15.61,15.61,22.86,15.04,13.77,13.72,12.90,13.69,13.77,,10609450,3114450,1067650,633500,,16.94,15.61,15.61,22.91,15.15,13.74,13.76,13.77,13.76,13.27
2026/04/26,42,28752350,23464600,18820150,17.27,15.61,15.61,41.00,14.92,9.03,9.03,9.03,9.03,9.03,,17.56,,,,,,17.56,15.61,15.61,40.81,14.99,9.03,9.03,9.10,9.03,9.03,,10922000,3481850,962250,628700,,17.56,15.61,15.61,40.79,15.41,9.18,9.03,9.03,9.03,9.02
2026/04/26,43,28495800,22927400,18413100,16.36,13.97,13.97,41.00,14.92,8.63,8.63,8.63,8.63,8.63,,16.85,,,,,,16.85,13.97,13.97,40.81,15.01,8.63,8.63,8.74,8.63,8.63,,10969400,3525850,956200,623650,,16.85,13.97,13.97,40.78,15.57,8.78,8.63,8.63,8.63,8.63
2026/04/26,44,28163300,21897800,17562250,15.78,13.90,13.90,22.09,14.81,8.84,8.84,8.84,8.84,8.84,,15.82,,,,,,15.82,13.90,13.90,22.07,14.89,8.84,8.84,8.91,8.84,8.84,,10723150,3339250,1451150,1120550,,15.82,13.90,13.90,22.08,14.99,8.92,8.84,8.84,8.84,8.84
2026/04/26,45,29055300,20663800,17140500,14.84,13.90,13.90,15.00,14.84,8.61,8.61,8.61,8.61,8.61,,14.86,,,,,,14.86,13.91,13.90,15.05,14.92,8.61,8.61,8.72,8.61,8.61,,10744200,3345900,1452200,1173200,,14.86,13.90,13.90,15.05,15.00,8.74,8.61,8.61,8.61,8.61
2026/04/26,46,28408600,19932000,16642250,14.84,11.00,11.00,14.72,14.72,9.03,9.03,9.03,9.03,9.03,,14.73,,,,,,14.73,11.05,11.00,14.78,14.80,9.03,9.07,9.03,9.03,9.03,,10204050,2902650,1347800,1171750,,14.73,11.01,11.01,14.76,14.93,9.19,9.03,9.03,9.04,9.02
2026/04/26,47,27944750,19488350,16327100,14.78,14.68,14.68,14.68,14.68,8.61,8.61,8.61,8.61,8.61,,14.79,,,,,,14.79,14.68,14.68,14.71,14.77,8.61,8.71,8.61,8.61,8.61,,9922950,2864200,1341250,1170350,,14.79,14.72,14.70,14.70,14.83,8.75,8.69,8.63,8.61,8.61
2026/04/26,48,27395000,18020600,15296800,14.17,14.21,14.21,14.21,14.21,7.75,7.75,7.75,7.75,7.75,,14.17,,,,,,14.17,14.22,14.20,14.24,14.27,7.92,7.81,7.84,7.75,7.75,,9415650,2684700,617100,549100,,14.17,14.39,14.22,14.24,14.27,7.75,7.76,7.78,7.96,7.75
2026/04/27,1,23795400,18463500,14953100,14.61,11.00,14.88,14.88,14.88,8.44,8.44,8.44,8.44,8.44,,14.61,,,,,,14.61,11.00,14.88,14.89,14.88,8.44,8.44,8.44,8.44,8.44,,7062400,2073800,437200,383700,,14.61,11.01,14.88,14.88,14.89,8.44,8.44,8.44,8.44,8.44
2026/04/27,2,23889650,18477150,14936350,14.37,14.73,14.73,14.73,14.73,8.61,8.61,8.61,8.61,8.61,,14.38,,,,,,14.38,14.73,14.73,14.76,14.74,8.61,8.61,8.61,8.61,8.61,,7600750,2190700,831900,778400,,14.38,14.75,14.73,14.74,14.81,8.61,8.61,8.61,8.61,8.61
2026/04/27,3,24122350,18395650,14879600,14.21,14.72,14.72,14.72,14.72,8.61,8.61,8.61,8.61,8.61,,14.21,,,,,,14.21,14.72,14.72,14.73,14.72,8.61,8.61,8.61,8.61,8.61,,8013250,2277600,831850,778350,,14.21,14.74,14.73,14.72,14.74,8.61,8.61,8.61,8.61,8.61
2026/04/27,4,24247450,18293750,14879900,14.21,14.72,14.72,14.72,14.72,8.43,8.43,8.43,8.43,8.43,,14.21,,,,,,14.21,14.72,14.72,14.73,14.72,8.43,8.43,8.43,8.43,8.43,,8177000,2335450,831900,778400,,14.21,14.74,14.72,14.72,14.74,8.43,8.43,8.43,8.43,8.43
2026/04/27,5,24481150,18311750,14809400,14.21,14.53,14.53,14.53,14.53,8.40,8.40,8.40,8.40,8.40,,14.22,,,,,,14.22,14.55,14.53,14.55,14.57,8.40,8.40,8.40,8.41,8.40,,8285400,2357750,806100,704100,,14.22,14.55,14.54,14.55,14.63,8.40,8.40,8.40,8.40,8.40
2026/04/27,6,24556900,18582950,15185250,14.27,14.80,14.80,14.80,14.80,8.25,8.25,8.25,8.25,8.25,,14.29,,,,,,14.29,14.83,14.80,14.82,14.85,8.25,8.25,8.25,8.26,8.25,,8312600,2342950,437150,335150,,14.29,14.83,14.81,14.83,14.86,8.25,8.25,8.25,8.25,8.25
2026/04/27,7,24897350,19314600,15681500,14.68,15.00,15.00,15.00,15.00,8.61,8.61,8.61,8.61,8.61,,14.69,,,,,,14.69,15.00,15.00,15.03,15.01,8.61,8.61,8.61,8.62,8.61,,8354650,2414150,443450,346450,,14.69,15.02,15.03,15.01,15.05,8.62,8.61,8.61,8.61,8.61
2026/04/27,8,24990350,19685950,15983250,14.84,15.18,15.18,15.18,15.18,8.61,8.61,8.61,8.61,8.61,,14.85,,,,,,14.85,15.20,15.18,15.20,15.19,8.61,8.61,8.61,8.62,8.61,,8455900,2476500,452050,355050,,14.85,15.20,15.19,15.19,15.25,8.62,8.61,8.61,8.61,8.61
2026/04/27,9,25447200,20203200,16448450,14.78,15.00,15.00,15.00,15.00,8.65,8.65,8.65,8.65,8.65,,14.79,,,,,,14.79,15.00,15.00,15.02,15.01,8.65,8.65,8.65,8.66,8.65,,8481300,2598750,488650,391650,,14.79,15.02,15.00,15.02,15.03,8.66,8.65,8.65,8.65,8.65
2026/04/27,10,25680200,20476350,16426750,15.00,15.93,15.93,15.93,15.93,8.61,8.61,8.61,8.61,8.61,,15.01,,,,,,15.01,15.94,15.93,15.95,15.94,8.61,8.61,8.61,8.62,8.61,,8691350,2626200,530750,433750,,15.01,15.94,15.94,15.93,15.99,8.62,8.61,8.61,8.61,8.61
2026/04/27,11,25897550,20971150,16712100,15.06,15.89,15.89,15.89,15.89,8.65,8.65,8.65,8.65,8.65,,15.07,,,,,,15.07,15.89,15.89,15.92,15.91,8.65,8.65,8.65,8.65,8.65,,8608650,2715400,575600,478600,,15.07,15.92,15.92,15.90,15.95,8.65,8.65,8.65,8.65,8.65
2026/04/27,12,26152450,20817100,16674100,15.05,16.11,16.11,16.11,16.11,8.61,8.61,8.61,8.61,8.61,,15.06,,,,,,15.06,16.11,16.11,16.14,16.12,8.61,8.61,8.61,8.62,8.65,,8910050,2785100,637450,535450,,15.06,16.27,16.14,16.11,16.13,8.62,8.61,8.61,8.61,8.64
2026/04/27,13,26515850,21236850,17151800,15.55,18.00,18.00,18.00,18.00,8.63,8.63,8.63,8.63,8.63,,15.55,,,,,,15.55,17.95,17.99,18.00,18.00,8.63,8.62,8.63,8.63,8.63,,9205150,2863250,718950,594450,,15.55,17.99,18.00,18.00,17.99,8.63,8.63,8.63,8.63,8.62
2026/04/27,14,26281950,21802500,17497400,16.28,19.00,19.00,20.33,20.33,8.61,8.61,8.61,8.61,8.61,,16.31,,,,,,16.31,19.00,18.98,20.35,20.35,8.61,8.61,8.61,8.61,8.61,,9281400,2880250,927350,779850,,16.31,18.96,19.00,20.34,20.42,8.61,8.61,8.61,8.61,8.61
2026/04/27,15,27169800,22799150,18245400,17.14,15.26,15.26,22.78,22.78,8.61,8.61,8.61,8.61,8.61,,17.18,,,,,,17.18,15.21,15.26,22.82,22.78,8.61,8.61,8.61,8.61,8.61,,9700100,2950450,1689450,1353150,,17.18,15.26,15.25,22.79,22.90,8.61,8.61,8.61,8.61,8.61
2026/04/27,16,28490000,24170400,19286250,17.48,15.56,15.56,26.98,26.98,9.87,9.87,9.87,9.87,5.38,,17.53,,,,,,17.53,15.44,15.55,26.99,26.91,9.87,9.87,9.89,9.84,5.38,,10028100,2871400,2318400,1791850,,17.53,15.56,15.54,26.98,26.90,9.87,9.87,9.87,9.87,5.38
2026/04/27,17,30224750,26108850,20429050,18.69,15.59,15.59,26.93,26.93,15.96,15.96,8.62,8.62,0.01,,18.78,,,,,,18.78,15.49,15.60,26.96,27.01,15.96,15.88,8.61,8.62,0.01,,10382350,3004000,2748300,1829050,,18.78,15.59,15.58,26.96,27.05,15.53,15.96,8.62,8.61,0.01
2026/04/27,18,31446250,26543750,20285650,14.88,15.59,17.88,20.50,20.50,20.50,20.50,10.18,8.45,0.01,,14.99,,,,,,14.99,15.59,17.88,20.53,20.60,20.50,20.41,10.18,8.42,0.01,,10462100,2960950,3134850,1989550,,14.99,15.59,17.88,20.53,20.62,20.00,20.57,10.18,8.44,0.01
2026/04/27,19,32534650,27287450,21179000,14.69,15.55,19.61,22.78,22.78,22.78,22.78,8.99,6.91,0.01,,14.80,,,,,,14.80,15.55,19.62,22.79,22.81,22.78,22.69,8.99,6.88,0.01,,10327750,2810700,3420400,2149150,,14.80,15.55,19.62,22.79,22.79,22.28,22.81,8.99,6.90,0.01
2026/04/27,20,33699700,27812850,22217400,14.90,11.00,18.53,50.00,27.12,14.32,14.32,6.17,2.50,0.01,,15.59,,,,,,15.59,11.00,18.50,49.64,27.16,14.32,14.32,6.17,2.49,0.01,,10333300,2840800,3546150,2208150,,15.59,11.00,18.51,49.17,27.21,14.32,14.32,6.17,2.50,0.01
2026/04/27,21,33762950,26821900,21750050,14.21,11.00,16.32,35.83,26.94,15.96,15.96,4.50,0.01,0.01,,14.55,,,,,,14.55,11.34,16.53,35.79,26.90,15.96,15.93,4.51,0.01,0.01,,10089450,2664050,3527200,2212750,,14.55,11.01,16.46,35.78,26.89,15.80,15.95,4.50,0.01,0.01
2026/04/27,22,34326400,26702050,22071500,10.98,11.00,16.11,30.00,17.55,14.27,14.27,9.85,0.02,0.01,,11.29,,,,,,11.29,11.33,16.46,30.04,17.53,14.27,14.24,9.84,0.02,0.01,,10035750,2691350,3677900,2364000,,11.29,11.00,16.34,30.05,17.52,14.13,14.26,9.85,0.02,0.01
2026/04/27,23,34858800,27010650,22010800,9.92,14.78,14.78,28.36,16.18,13.77,13.77,13.77,0.01,0.01,,10.19,,,,,,10.19,14.86,14.92,28.27,16.08,13.77,13.67,13.62,0.01,0.01,,10050750,2624850,4152400,2466750,,10.19,14.76,14.89,28.24,15.89,13.61,13.76,13.69,0.01,0.01
2026/04/27,24,35368050,27037550,21858050,8.45,14.80,14.80,24.58,14.96,9.91,9.91,9.91,0.01,0.01,,8.69,,,,,,8.69,14.87,14.89,24.62,14.81,9.91,9.91,9.79,0.01,0.01,,10108400,2605800,4541150,2476900,,8.69,14.78,14.87,24.63,14.63,9.95,9.91,9.92,0.01,0.01
2026/04/27,25,35837750,25472350,20774400,7.49,10.05,10.05,17.96,8.39,4.50,4.50,4.50,0.01,0.01,,7.59,,,,,,7.59,9.99,10.04,17.90,8.37,4.50,4.49,4.57,0.01,0.01,,10230350,2556150,4466200,2472450,,7.59,9.97,10.06,17.88,8.35,4.53,4.49,4.53,0.01,0.01
2026/04/27,26,35998200,24466200,20448200,4.50,9.81,9.81,16.23,8.39,2.90,2.40,2.40,0.01,0.01,,4.67,,,,,,4.67,9.76,9.80,16.18,8.35,2.90,2.43,2.64,0.01,0.01,,10257100,2549350,4016050,2414400,,4.67,9.72,9.82,16.16,8.33,2.91,2.51,2.47,0.01,0.01
2026/04/27,27,35696950,25271750,21112850,8.40,14.77,14.77,20.00,9.74,9.74,9.74,9.74,0.01,0.01,,8.51,,,,,,8.51,14.68,14.78,19.93,9.71,9.74,9.72,9.65,0.01,0.01,,10399800,2555650,3722600,2502500,,8.51,14.71,14.78,19.90,9.62,9.74,9.74,9.74,0.01,0.01
2026/04/27,28,35485200,25625050,21245500,9.00,15.25,15.25,20.00,11.36,11.36,11.36,11.36,0.02,0.01,,9.12,,,,,,9.12,15.18,15.26,19.94,11.36,11.36,11.33,11.35,0.02,0.01,,10498450,2556150,3863950,2504450,,9.12,15.23,15.28,19.91,11.29,11.36,11.36,11.39,0.02,0.01
2026/04/27,29,34898250,25431250,21046450,8.62,14.21,14.21,20.00,12.00,12.00,12.00,12.00,1.00,0.01,,8.72,,,,,,8.72,14.16,14.20,19.96,11.95,11.99,11.99,11.93,0.99,0.01,,10479300,2591250,3581000,2364800,,8.72,14.16,14.24,19.93,11.91,12.00,12.00,11.99,1.00,0.01
2026/04/27,30,34198150,24829100,20706200,8.84,15.59,16.32,22.50,14.67,4.50,4.50,4.50,0.02,0.01,,8.92,,,,,,8.92,15.43,16.26,22.35,14.60,4.50,4.48,4.55,0.02,0.01,,10533850,2606250,2939950,1844250,,8.92,15.53,16.31,22.27,14.61,4.50,4.49,4.52,0.02,0.01
2026/04/27,31,33481550,24430350,20358300,9.91,20.00,20.00,22.78,14.73,2.90,2.90,2.90,1.00,0.01,,9.96,,,,,,9.96,19.72,19.91,22.68,14.65,2.91,2.89,2.96,0.99,0.01,,10580400,2583500,2275550,1347400,,9.96,19.77,20.00,22.61,14.65,2.92,2.90,2.92,1.00,0.01
2026/04/27,32,32253500,24105700,19506000,8.61,14.96,14.96,14.96,14.96,8.38,8.38,8.38,6.00,0.01,,8.77,,,,,,8.77,15.13,14.85,14.97,14.96,8.38,8.38,8.38,5.99,0.01,,10450900,2576650,1649650,1043150,,8.77,15.02,15.03,14.90,14.98,8.38,8.38,8.38,6.00,0.01
2026/04/27,33,31721300,24389700,19584050,13.77,15.59,15.59,15.59,14.71,8.39,8.39,8.39,6.91,2.04,,13.77,,,,,,13.77,15.59,15.57,15.58,14.70,8.39,8.40,8.46,6.90,2.04,,10416700,2781150,1038000,753900,,13.77,15.64,15.59,15.56,14.70,8.56,8.39,8.40,6.91,2.04
2026/04/27,34,30380100,24112550,19261450,15.23,15.66,16.97,16.97,16.97,14.27,14.27,14.27,8.45,8.84,,15.24,,,,,,15.24,15.58,16.94,16.94,16.97,14.28,14.27,14.27,8.44,8.84,,10410150,2693100,795200,673800,,15.24,15.61,16.97,16.94,16.89,14.26,14.27,14.28,8.45,8.84
2026/04/27,35,29420250,24444650,18978700,15.67,16.08,16.08,16.08,16.08,14.32,14.32,14.32,8.62,10.20,,15.65,,,,,,15.65,16.02,16.09,16.06,16.10,14.32,14.31,14.28,8.41,10.20,,10931000,2850050,792750,666650,,15.65,16.05,16.11,16.07,16.02,14.25,14.32,14.32,8.56,10.21
2026/04/27,36,29677850,25529150,19307950,16.35,17.74,17.74,17.74,17.74,15.84,15.84,15.84,13.57,14.26,,16.34,,,,,,16.34,17.74,17.70,17.72,17.82,15.84,15.80,15.77,12.95,14.17,,11255100,3040850,785600,658700,,16.34,17.74,17.84,17.72,17.70,15.84,15.84,15.77,13.37,14.19
2026/04/27,37,29375100,25830600,19478750,17.66,22.50,22.50,22.50,22.50,14.86,14.86,14.86,11.03,14.86,,17.71,,,,,,17.71,22.49,22.41,22.49,22.51,14.86,14.83,14.77,11.01,14.82,,11491200,3456750,789800,654950,,17.71,22.50,22.53,22.46,22.47,14.86,14.86,14.86,11.02,14.76
2026/04/27,38,29137350,26427850,19396500,18.67,21.00,21.00,21.00,21.00,16.35,16.35,16.35,13.14,16.35,,18.67,,,,,,18.67,20.97,20.95,20.99,21.02,16.35,16.33,16.16,13.11,16.25,,11452200,3407100,790700,652450,,18.67,21.00,21.05,20.98,20.94,16.35,16.35,16.35,13.13,16.20
2026/04/27,39,29467100,25930800,19421150,17.54,20.00,20.00,20.00,18.80,15.29,15.29,15.29,13.14,15.29,,17.54,,,,,,17.54,19.97,19.95,19.98,18.89,15.29,15.27,15.13,13.12,15.18,,11703400,3507400,790050,651000,,17.54,20.00,20.06,19.97,18.78,15.29,15.29,15.29,13.14,15.13
2026/04/27,40,29576600,25314300,19025650,16.36,16.86,16.86,16.86,16.86,14.67,14.67,14.67,8.82,14.67,,16.34,,,,,,16.34,16.84,16.85,16.85,16.92,14.67,14.62,14.64,8.83,14.66,,11758650,3568100,787000,647950,,16.34,16.87,16.87,16.87,16.88,14.67,14.66,14.67,8.82,14.58
2026/04/27,41,29266400,24389150,18555000,15.54,15.78,15.78,15.78,15.78,14.26,14.26,14.26,8.82,14.26,,15.52,,,,,,15.52,15.81,15.77,15.78,15.81,14.26,14.20,14.25,8.82,14.24,,11832000,3646850,781400,641800,,15.52,15.78,15.81,15.78,15.79,14.26,14.25,14.26,8.82,14.15
2026/04/27,42,29149700,24107400,18184450,15.69,16.34,16.34,16.34,16.34,14.19,14.19,14.19,8.65,14.19,,15.66,,,,,,15.66,16.36,16.32,16.33,16.35,14.19,14.12,14.18,8.56,14.18,,11689150,3572450,776500,637000,,15.66,16.34,16.35,16.33,16.32,14.19,14.18,14.19,8.61,14.07
2026/04/27,43,28841400,23730450,18117500,15.00,15.48,15.48,15.48,15.48,13.91,13.91,13.91,8.82,13.91,,15.00,,,,,,15.00,15.60,15.48,15.48,15.49,13.91,13.87,13.91,8.82,13.91,,11643450,3532550,769900,632400,,15.00,15.48,15.48,15.49,15.48,13.91,13.90,13.91,8.82,13.85
2026/04/27,44,28617850,23749750,18096100,15.04,15.24,15.24,15.24,15.24,14.26,14.26,14.26,13.34,14.26,,15.02,,,,,,15.02,15.29,15.24,15.24,15.25,14.26,14.19,14.26,13.33,14.24,,11460200,3356350,1354550,1005050,,15.02,15.24,15.24,15.25,15.22,14.26,14.25,14.26,13.34,14.14
2026/04/27,45,28570150,23829900,18231850,15.56,15.56,15.56,15.56,15.56,14.32,14.32,14.32,13.34,14.32,,15.53,,,,,,15.53,15.55,15.55,15.56,15.56,14.32,14.26,14.27,13.33,14.32,,11262350,3163850,1344450,1002350,,15.53,15.56,15.56,15.56,15.54,14.32,14.31,14.32,13.34,14.21
2026/04/27,46,28430600,23374750,18617850,16.47,20.00,20.00,20.00,20.00,14.19,14.19,14.19,10.00,14.19,,16.44,,,,,,16.44,19.69,19.93,19.93,19.97,14.19,14.11,14.15,9.99,14.15,,11182650,3161150,1338900,999850,,16.44,20.00,20.00,19.94,19.80,14.19,14.18,14.19,10.00,14.04
2026/04/27,47,27576950,23149900,18154400,16.65,19.00,19.00,19.00,19.00,14.32,14.32,14.32,11.23,14.32,,16.61,,,,,,16.61,18.94,18.95,18.94,18.99,14.32,14.21,14.29,11.22,14.28,,10742050,2959000,1333350,999700,,16.61,19.00,19.00,18.96,18.85,14.32,14.31,14.32,11.23,14.13
2026/04/27,48,26984250,21578350,17515050,15.05,17.27,17.27,17.27,17.27,10.08,10.08,10.08,10.08,10.08,,14.95,,,,,,14.95,17.10,17.24,17.23,17.25,10.08,10.04,10.08,10.05,10.08,,10122950,2993500,618350,501400,,14.95,17.27,17.27,17.24,17.16,10.08,10.08,10.08,10.08,10.02
2026/04/28,1,24528750,20373500,16744400,15.08,15.16,15.16,15.16,15.16,14.32,14.32,14.32,8.65,14.32,,15.07,,,,,,15.07,15.15,15.16,15.16,15.16,14.32,14.31,14.32,8.63,14.32,,7566800,2610400,452700,356700,,15.07,15.16,15.16,15.16,15.12,14.32,14.32,14.31,8.65,14.32
2026/04/28,2,24888700,20450750,16391950,15.08,15.28,15.28,15.28,15.28,14.32,14.32,14.32,8.61,14.32,,15.07,,,,,,15.07,15.27,15.28,15.28,15.28,14.32,14.31,14.32,8.60,14.32,,9115600,3035100,918950,753950,,15.07,15.28,15.28,15.28,15.22,14.32,14.32,14.31,8.61,14.32
2026/04/28,3,25032800,20215000,16321100,14.97,15.32,15.32,15.32,15.32,14.27,14.27,14.27,8.61,14.27,,14.96,,,,,,14.96,15.29,15.32,15.32,15.32,14.27,14.26,14.27,8.59,14.27,,9488150,3047550,919100,754100,,14.96,15.32,15.32,15.32,15.28,14.27,14.27,14.26,8.61,14.27
2026/04/28,4,25255600,20050750,16391350,14.72,15.16,15.16,15.16,15.16,13.77,13.77,13.77,8.61,13.77,,14.71,,,,,,14.71,15.11,15.16,15.16,15.16,13.77,13.76,13.77,8.59,13.77,,9432200,2908950,918300,753300,,14.71,15.16,15.16,15.16,15.11,13.77,13.77,13.76,8.61,13.77
2026/04/28,5,25373950,20306350,16267850,14.84,15.16,15.16,15.16,15.16,14.33,14.33,14.33,14.33,14.33,,14.75,,,,,,14.75,15.16,15.16,15.16,15.16,14.33,14.16,14.32,12.09,14.33,,9391350,2473150,918300,753300,,14.75,15.16,15.16,15.16,15.16,14.33,14.33,14.32,13.29,14.33
2026/04/28,6,25468100,20242750,16201450,15.04,15.53,15.53,15.53,15.53,14.19,14.19,14.19,14.19,14.19,,15.03,,,,,,15.03,15.53,15.53,15.54,15.54,14.19,14.13,14.17,14.19,14.19,,9430950,2376350,451750,355750,,15.03,15.55,15.54,15.53,15.56,14.17,14.19,14.18,14.06,14.19
2026/04/28,7,25754800,20705050,16428150,15.32,15.82,15.82,15.82,15.89,14.27,14.27,14.27,14.27,14.27,,15.30,,,,,,15.30,15.82,15.82,15.82,15.89,14.27,14.21,14.25,14.25,14.27,,9578400,2376750,440100,344100,,15.30,15.82,15.82,15.82,15.89,14.27,14.27,14.26,14.12,14.27
2026/04/28,8,25758550,21324950,16699050,16.00,16.84,16.84,16.84,16.84,15.96,15.96,15.96,15.96,15.96,,15.95,,,,,,15.95,16.84,16.84,16.86,16.85,15.94,15.64,15.87,15.96,15.96,,9796400,2345350,449100,353100,,15.95,16.84,16.87,16.85,16.84,15.96,15.96,15.95,15.20,15.96
2026/04/28,9,25726350,21639750,17088550,16.43,17.83,17.83,17.83,17.83,14.32,14.32,14.32,8.45,14.32,,16.43,,,,,,16.43,17.83,17.83,17.83,17.83,14.32,14.30,14.32,10.19,14.32,,9863350,2933750,584650,388650,,16.43,17.83,17.84,17.83,17.82,14.32,14.32,14.32,9.01,14.36
2026/04/28,10,25537650,21651300,16938900,16.65,18.37,18.37,18.37,18.37,15.84,15.84,15.84,8.46,15.84,,16.65,,,,,,16.65,18.37,18.37,18.37,18.37,15.83,15.84,15.84,8.45,15.84,,9727650,2911650,624800,428800,,16.65,18.35,18.37,18.37,18.37,15.84,15.84,15.83,8.46,15.84
2026/04/28,11,25761650,22133500,17195100,16.81,18.77,18.77,18.77,18.77,14.88,14.88,14.88,8.46,14.88,,16.81,,,,,,16.81,18.77,18.76,18.77,18.76,14.88,14.88,14.88,8.45,14.88,,9784750,2913200,769400,474400,,16.81,18.76,18.77,18.77,18.74,14.88,14.88,14.87,8.46,14.88
2026/04/28,12,26186150,21929000,17117850,15.78,16.43,16.43,16.43,16.43,14.27,14.27,14.27,8.17,14.27,,15.78,,,,,,15.78,16.42,16.43,16.41,16.42,14.27,14.25,14.27,10.45,14.27,,9912100,2890400,931600,537600,,15.78,16.43,16.44,16.43,16.43,14.27,14.29,14.27,8.77,14.27
2026/04/28,13,27089750,21563800,17260650,14.84,14.99,14.99,15.07,15.07,14.27,14.27,14.27,14.27,14.27,,14.78,,,,,,14.78,14.99,14.99,15.07,15.07,14.26,14.10,14.18,13.33,14.27,,10102500,2307300,892200,598700,,14.78,14.99,14.99,15.07,15.07,14.27,14.27,14.26,13.54,14.27
2026/04/28,14,28389800,21061600,17825100,12.00,9.72,9.72,14.42,14.42,9.62,9.62,9.62,9.62,9.62,,12.00,,,,,,12.00,9.73,9.72,14.42,14.43,9.62,9.62,9.62,9.62,9.62,,10347600,2339650,1068100,929600,,12.00,9.72,9.72,14.43,14.42,9.62,9.62,9.61,9.61,9.62
2026/04/28,15,29812650,21518850,18733500,9.62,8.59,8.59,10.66,10.66,9.62,9.62,9.62,8.62,9.62,,9.63,,,,,,9.63,8.60,8.59,10.67,10.66,9.62,9.62,9.62,8.61,9.62,,10908650,2380500,1831250,1638250,,9.63,8.59,8.59,10.67,10.69,9.62,9.62,9.62,8.62,9.62
2026/04/28,16,31533450,21853550,19596800,8.40,8.00,8.00,8.00,8.61,8.61,8.61,8.61,8.61,8.61,,8.43,,,,,,8.43,8.00,8.00,8.07,8.64,8.61,8.61,8.63,8.61,8.63,,11372700,2472000,2464500,2309500,,8.43,8.00,8.00,8.02,8.74,8.63,8.65,8.64,8.64,8.61
2026/04/28,17,33411600,23047550,21051750,8.62,7.01,7.01,7.01,9.69,9.69,9.69,9.69,8.45,8.84,,8.65,,,,,,8.65,7.06,7.02,7.15,9.69,9.69,9.68,9.67,8.44,8.82,,11464550,2214400,2681250,2464250,,8.65,7.02,7.08,7.08,9.69,9.69,9.71,9.67,8.45,8.83
2026/04/28,18,35032650,23539150,21775450,7.98,4.50,4.50,4.50,8.25,8.25,8.25,8.25,6.91,8.25,,8.00,,,,,,8.00,4.95,4.51,4.69,8.26,8.25,8.25,8.24,6.90,8.25,,11746300,2228650,2893450,2638050,,8.00,4.51,4.60,4.63,8.29,8.26,8.29,8.25,6.91,8.25
2026/04/28,19,36174900,25632200,23007200,8.61,7.04,7.04,13.77,13.77,13.77,13.77,6.91,6.91,6.91,,8.64,,,,,,8.64,7.17,7.04,13.76,13.77,13.77,13.77,6.92,6.91,6.91,,11736350,2220300,3226450,2907550,,8.64,7.04,7.07,13.77,13.76,13.77,13.76,6.91,6.91,6.91
2026/04/28,20,37423500,26258150,23871150,8.10,5.39,5.39,14.21,10.41,10.41,10.41,2.63,2.63,2.63,,8.13,,,,,,8.13,5.85,5.39,14.17,10.43,10.41,10.41,3.13,2.63,2.63,,12080850,2247400,3340450,2921550,,8.13,5.39,5.48,14.20,10.55,10.42,10.43,2.89,2.64,2.66
2026/04/28,21,37455600,25350900,23551750,7.03,4.50,4.50,8.82,8.82,8.82,8.82,3.00,0.02,0.50,,7.05,,,,,,7.05,5.15,4.50,8.84,8.82,8.82,8.82,3.33,0.02,0.50,,12098250,2299900,3574500,3120600,,7.05,4.51,4.62,8.83,8.81,8.82,8.85,3.20,0.02,0.50
2026/04/28,22,37798700,25355800,23826550,6.92,4.00,4.00,7.98,7.98,7.98,7.98,7.98,0.01,0.01,,6.93,,,,,,6.93,4.65,4.00,7.98,7.98,7.98,7.97,7.94,0.01,0.01,,12092200,2346950,3763900,3310000,,6.93,4.02,4.13,7.98,7.95,7.98,7.98,7.97,0.01,0.01
2026/04/28,23,37940900,26316600,24023000,7.98,7.03,7.03,9.53,9.53,9.53,9.53,9.53,0.01,0.01,,7.99,,,,,,7.99,7.15,7.03,9.54,9.52,9.53,9.52,9.52,0.01,0.01,,12164600,2337050,4507750,3568850,,7.99,7.03,7.06,9.53,9.53,9.53,9.53,9.53,0.01,0.01
2026/04/28,24,37923850,26751600,23943850,8.10,7.03,7.03,10.17,10.17,10.17,10.17,10.17,0.01,0.01,,8.11,,,,,,8.11,7.14,7.03,10.17,10.16,10.17,10.15,10.14,0.01,0.02,,11963050,2317200,4894400,3505500,,8.11,7.03,7.06,10.17,10.12,10.17,10.17,10.17,0.01,0.01
2026/04/28,25,37834550,25960050,23479150,7.00,6.99,6.99,7.98,7.98,7.98,7.98,7.98,0.01,0.01,,7.01,,,,,,7.01,7.09,6.99,7.98,7.98,7.98,7.97,7.95,0.01,0.01,,11977150,2323100,4927450,3403550,,7.01,6.99,7.02,7.98,7.96,7.98,7.98,7.98,0.01,0.01
2026/04/28,26,37517450,24930600,22903800,4.50,5.82,5.82,5.82,5.82,5.82,5.82,5.82,0.01,0.01,,4.54,,,,,,4.54,6.03,5.82,5.85,5.83,5.82,5.82,5.84,0.01,0.01,,12063300,2319950,4528650,3346250,,4.54,5.82,5.86,5.85,5.86,5.82,5.84,5.83,0.01,0.01
2026/04/28,27,36504400,24712950,22467200,7.98,7.05,7.05,7.05,10.17,10.17,10.17,10.17,0.01,0.01,,7.97,,,,,,7.97,7.09,7.06,7.07,10.13,10.03,10.15,9.97,0.01,0.01,,12063700,2280750,4024450,3209050,,7.97,7.05,7.12,7.06,10.03,10.16,10.14,10.13,0.01,0.01
2026/04/28,28,35708400,24939850,22038700,8.62,8.82,8.82,10.24,10.24,10.24,10.24,10.24,0.02,0.50,,8.63,,,,,,8.63,8.80,8.80,10.22,10.22,10.13,10.22,10.08,0.02,0.50,,12005050,2244400,3534300,2684650,,8.63,8.82,8.81,10.23,10.10,10.24,10.18,10.24,0.02,0.50
2026/04/28,29,34705350,24891250,21451350,8.45,11.00,11.00,14.19,14.19,14.19,14.19,14.19,2.00,1.01,,8.56,,,,,,8.56,11.00,11.00,14.18,14.18,14.42,14.17,14.13,2.00,1.01,,11894150,2316250,2948500,2073300,,8.56,11.00,11.00,14.21,14.12,14.19,14.18,14.16,2.00,1.01
2026/04/28,30,33582900,25040800,20661400,10.66,14.84,14.84,14.84,14.84,14.84,14.84,14.84,6.91,8.10,,10.75,,,,,,10.75,14.81,14.84,14.82,14.81,14.91,14.81,14.81,6.91,8.10,,11724350,2321850,2434350,1630700,,10.75,14.84,14.84,14.84,14.69,14.84,14.82,14.82,6.91,8.10
2026/04/28,31,32876200,24657900,20357450,14.07,14.99,14.99,14.99,14.99,14.88,14.88,14.88,6.91,8.40,,14.07,,,,,,14.07,14.97,14.98,14.98,14.98,14.91,14.83,14.77,6.91,8.40,,11611600,2403500,1889600,1168400,,14.07,14.99,14.99,14.99,14.87,14.88,14.86,14.81,6.91,8.40
2026/04/28,32,31505100,25358750,20295250,15.11,16.68,16.68,16.68,16.68,16.43,16.43,16.43,8.62,9.03,,15.10,,,,,,15.10,16.66,16.61,16.67,16.67,16.44,16.41,16.34,8.62,8.90,,11346000,2439850,1518150,875250,,15.10,16.68,16.68,16.67,16.57,16.43,16.43,16.35,8.62,8.96
2026/04/28,33,30747200,25438200,20335950,15.68,18.80,18.80,22.00,14.83,14.83,14.83,14.83,8.62,14.83,,15.69,,,,,,15.69,18.79,18.79,21.96,14.84,14.83,14.83,14.83,8.62,14.78,,11107000,2677300,1279950,704850,,15.69,18.80,18.80,21.98,14.85,14.83,14.83,14.88,8.62,14.84
2026/04/28,34,29979650,25333650,20334600,18.26,23.00,23.00,30.00,16.43,16.43,16.43,16.43,13.34,16.43,,18.28,,,,,,18.28,22.96,22.99,29.95,16.48,16.43,16.43,16.42,13.32,16.42,,11131700,2696800,1136400,659500,,18.28,23.00,22.99,29.96,16.57,16.43,16.44,16.62,13.33,16.46
2026/04/28,35,29599500,25352000,20099850,19.04,23.66,23.66,30.00,17.22,17.22,17.22,17.22,14.00,17.22,,19.03,,,,,,19.03,23.56,23.64,29.98,17.22,17.22,17.21,17.18,13.98,17.18,,11222200,2820600,1105650,654250,,19.03,23.66,23.64,29.99,17.28,17.22,17.22,17.22,13.99,17.16
2026/04/28,36,29653750,26484800,20400400,20.00,23.66,23.66,45.00,26.00,16.28,16.28,15.70,15.36,15.70,,20.24,,,,,,20.24,23.57,23.65,44.79,25.86,16.28,16.28,15.66,15.33,15.69,,11805100,3449400,978150,650250,,20.24,23.65,23.64,44.74,25.91,16.28,16.29,15.70,15.36,15.67
2026/04/28,37,29982050,26516900,20381050,19.76,23.66,23.66,50.00,26.00,20.00,20.00,14.89,14.89,14.89,,20.13,,,,,,20.13,23.64,23.66,49.65,25.94,19.99,20.00,14.86,14.88,14.88,,11721350,3494050,888100,648600,,20.13,23.66,23.66,49.56,25.83,20.00,20.00,14.87,14.89,14.89
2026/04/28,38,29829550,26782050,20454200,22.50,23.66,23.66,64.28,27.11,20.00,20.00,15.29,8.61,15.29,,23.04,,,,,,23.04,23.64,23.66,63.33,27.04,19.99,20.00,15.27,8.46,15.29,,11491550,3493000,787250,647350,,23.04,23.66,23.66,63.09,26.95,20.00,20.00,15.29,8.56,15.28
2026/04/28,39,30006650,26332300,20407700,20.00,23.66,23.66,50.00,20.80,16.43,16.43,15.29,6.94,15.29,,20.39,,,,,,20.39,23.63,23.67,49.61,20.77,16.43,16.43,15.25,6.89,15.27,,11647800,3585800,787700,645450,,20.39,23.66,23.66,49.53,21.07,16.43,16.43,15.29,6.92,15.27
2026/04/28,40,29496550,25591200,19845850,19.66,23.66,23.66,30.00,18.92,17.00,17.00,17.00,8.65,15.29,,19.69,,,,,,19.69,23.36,23.66,29.96,18.91,17.01,17.00,17.00,8.56,15.28,,11394850,3291100,783700,641900,,19.69,23.66,23.66,29.85,19.02,17.00,17.00,17.00,8.62,15.28
2026/04/28,41,29193150,25171700,19493950,19.04,23.66,23.66,30.00,18.50,17.70,17.70,17.70,8.48,14.26,,19.07,,,,,,19.07,23.43,23.66,29.95,18.50,17.70,17.70,17.69,8.64,14.23,,11468000,3528950,735250,636750,,19.07,23.67,23.66,29.89,18.61,17.70,17.70,17.70,8.53,14.24
2026/04/28,42,28832700,24665850,19172600,18.50,23.66,23.66,26.00,26.00,16.43,16.43,16.43,8.52,14.26,,18.52,,,,,,18.52,23.54,23.58,25.95,25.91,16.43,16.43,16.43,8.52,14.24,,11566450,3695850,731650,633150,,18.52,23.64,23.65,25.98,25.59,16.43,16.43,16.44,8.52,14.25
2026/04/28,43,28660350,24378950,19059400,18.69,22.53,22.53,30.00,26.93,15.70,15.70,15.70,8.47,14.26,,18.74,,,,,,18.74,22.46,22.48,29.88,26.62,15.70,15.70,15.70,8.44,14.24,,11603450,3867500,726350,628100,,18.74,22.52,22.53,29.91,26.19,15.70,15.70,15.70,8.46,14.25
2026/04/28,44,28556900,24272100,18686250,17.70,18.91,18.91,25.69,25.69,16.00,16.00,16.00,8.49,14.26,,17.71,,,,,,17.71,18.90,18.90,25.57,25.62,16.00,16.00,16.00,8.46,14.14,,11580050,3822700,1312550,929800,,17.71,18.90,18.91,25.67,25.14,16.00,16.00,16.00,8.48,14.20
2026/04/28,45,28278450,23978200,18766500,18.58,23.66,23.66,27.16,27.16,15.84,15.84,15.84,8.53,14.14,,18.61,,,,,,18.61,23.43,23.58,27.08,27.04,15.84,15.84,15.84,8.47,14.02,,11187650,3553750,1309550,926300,,18.61,23.64,23.67,27.10,26.69,15.84,15.84,15.84,8.51,14.07
2026/04/28,46,28193850,23394550,18459800,17.04,23.66,23.66,25.69,25.69,14.27,14.27,14.27,8.48,14.14,,17.07,,,,,,17.07,23.41,23.46,25.60,25.59,14.27,14.27,14.27,8.42,14.03,,11251750,3761100,1308050,924800,,17.07,23.64,23.65,25.66,25.15,14.27,14.27,14.27,8.46,14.08
2026/04/28,47,27665550,22895950,18123150,16.43,22.00,22.00,22.00,22.00,14.19,14.19,14.19,8.50,14.14,,16.44,,,,,,16.44,21.92,21.77,21.97,21.95,14.19,14.19,14.19,8.47,14.14,,10983300,3780500,1304800,923300,,16.44,21.99,21.98,21.99,21.77,14.19,14.19,14.19,8.49,14.14
2026/04/28,48,27240900,20950250,17079800,15.15,16.83,16.83,16.83,16.83,9.03,9.03,9.03,8.48,9.03,,15.15,,,,,,15.15,16.69,16.82,16.82,16.83,9.03,9.08,9.03,8.45,9.03,,10482450,3665050,592200,495700,,15.15,16.82,16.83,16.82,16.77,9.03,9.03,9.05,8.47,9.11
2026/04/29,1,22962750,19690150,16252550,15.59,19.63,16.83,16.83,16.83,9.74,9.74,9.74,8.48,9.74,,15.52,,,,,,15.52,19.65,16.82,16.82,16.83,9.74,9.72,9.74,8.41,9.74,,5820350,1387250,452800,355800,,15.52,19.41,16.83,16.83,16.81,9.74,9.74,9.74,8.46,9.71
2026/04/29,2,23722000,19297800,15702000,15.45,20.00,16.83,16.83,16.83,13.77,13.77,13.77,13.77,13.77,,15.40,,,,,,15.40,20.09,16.74,16.83,16.83,13.75,13.58,13.76,13.67,13.77,,7963200,1580500,918400,752400,,15.40,19.58,16.83,16.83,16.81,13.77,13.77,13.77,13.65,13.45
2026/04/29,3,24045450,19226350,15159650,15.59,18.11,17.31,17.31,17.31,13.77,13.77,13.77,13.77,13.77,,15.50,,,,,,15.50,18.15,17.22,17.31,17.30,13.75,13.57,13.50,13.23,13.76,,8886250,1580750,917500,751000,,15.50,17.86,17.31,17.31,17.30,13.77,13.77,13.77,13.21,13.54
2026/04/29,4,24148450,18962350,15034750,14.84,16.48,16.48,16.48,16.48,13.73,13.73,13.73,13.73,13.73,,14.75,,,,,,14.75,16.48,16.40,16.48,16.48,13.71,13.50,13.35,13.40,13.72,,8935100,1579750,917300,750800,,14.75,16.35,16.48,16.48,16.48,13.73,13.73,13.73,13.15,13.47
2026/04/29,5,24233650,19081700,15090550,15.00,17.00,17.00,17.00,17.00,13.77,13.77,13.77,13.77,13.77,,14.91,,,,,,14.91,16.99,16.98,17.00,16.99,13.77,13.50,13.64,13.76,13.77,,8870400,1551150,920100,753600,,14.91,16.60,17.00,16.99,17.00,13.76,13.77,13.77,13.29,13.54
2026/04/29,6,24361200,19095000,15141600,15.46,23.24,18.17,18.17,18.17,13.03,13.03,13.03,13.03,13.03,,15.39,,,,,,15.39,23.14,18.12,18.17,18.15,13.03,12.90,12.83,13.03,13.03,,8723300,1532150,497250,399750,,15.39,22.55,18.17,18.16,18.16,13.03,13.03,13.03,12.69,12.93
2026/04/29,7,24492600,19596700,15367300,16.00,19.79,19.79,19.79,19.79,14.27,14.27,14.27,14.27,14.27,,15.94,,,,,,15.94,19.74,19.73,19.78,19.75,14.27,14.18,14.01,14.15,14.27,,8768700,1532000,563400,465900,,15.94,19.36,19.79,19.78,19.78,14.27,14.27,14.27,13.88,14.21
2026/04/29,8,24536650,19932600,15468200,16.43,20.07,20.07,20.07,20.07,14.63,14.63,14.63,14.63,14.63,,16.37,,,,,,16.37,20.11,19.96,20.05,20.05,14.63,14.51,14.38,14.40,14.63,,8834600,1545500,646250,548750,,16.37,19.56,20.08,20.07,20.06,14.63,14.63,14.63,14.06,14.63
2026/04/29,9,24524200,20082700,15648850,16.48,23.00,20.07,20.07,20.07,13.77,13.77,13.77,8.38,13.77,,16.53,,,,,,16.53,23.00,19.96,20.05,20.20,13.77,13.77,13.77,8.92,13.78,,8951200,2108500,768200,570700,,16.53,22.25,20.13,20.08,20.19,13.77,13.78,13.77,8.55,13.77
2026/04/29,10,24760300,20374700,15849700,16.43,27.18,19.82,19.82,19.82,13.77,13.77,13.77,8.43,13.77,,16.46,,,,,,16.46,27.08,19.77,19.82,19.83,13.77,13.77,13.77,8.41,13.77,,8925450,2112150,953900,656400,,16.46,26.23,19.82,19.82,19.85,13.77,13.77,13.77,8.43,13.77
2026/04/29,11,24301750,19656750,15103450,16.02,17.74,17.71,17.71,17.71,12.00,12.00,12.00,8.43,12.00,,16.01,,,,,,16.01,17.71,17.70,17.71,17.70,12.00,12.00,12.00,8.41,12.00,,9018100,2110850,1117650,720150,,16.01,17.62,17.71,17.71,17.70,12.00,12.00,12.00,8.42,12.00
2026/04/29,12,24589250,19490950,14868350,15.07,16.70,16.70,16.70,16.70,9.03,9.03,9.03,8.35,9.03,,15.03,,,,,,15.03,16.69,16.70,16.70,16.70,9.03,9.03,9.29,8.95,9.03,,9125950,2093650,1277950,781450,,15.03,16.67,16.70,16.70,16.70,9.05,9.06,9.20,8.44,9.16
2026/04/29,13,25254550,18641450,14098050,14.16,14.98,14.98,14.98,14.98,9.03,9.03,9.03,9.03,9.03,,14.07,,,,,,14.07,14.98,14.98,14.98,14.98,9.03,8.97,9.01,9.03,9.03,,9347650,1556650,1344650,723650,,14.07,14.97,14.98,14.98,14.98,9.08,9.03,9.03,8.88,9.03
2026/04/29,14,25443000,18457000,14437850,14.05,13.00,13.00,14.80,14.80,9.03,9.03,9.03,9.03,9.03,,14.03,,,,,,14.03,13.00,13.00,14.80,14.80,9.03,9.03,9.23,9.03,9.03,,9539600,1558650,1566450,927450,,14.03,13.00,13.00,14.80,14.79,9.07,9.03,9.04,9.03,9.11
2026/04/29,15,26283350,18878400,15179350,13.59,11.00,11.00,14.18,14.18,9.56,9.56,9.56,9.56,9.56,,13.58,,,,,,13.58,11.00,11.00,14.18,14.17,9.56,9.56,9.56,9.56,9.56,,9677750,1551500,2289100,1711100,,13.58,11.00,11.00,14.18,14.15,9.56,9.56,9.56,9.56,9.56
2026/04/29,16,27380200,19672950,16125450,12.09,8.63,8.63,14.07,13.77,13.77,13.77,13.77,13.44,9.03,,12.11,,,,,,12.11,8.64,8.62,14.07,13.77,13.77,13.76,13.75,13.43,9.03,,9923700,1541050,3000850,2397150,,12.11,8.62,8.63,14.07,13.76,13.76,13.77,13.78,13.44,9.03
2026/04/29,17,28519950,20193100,16844800,10.32,9.44,9.44,14.07,12.95,12.95,12.95,12.95,11.23,9.03,,10.32,,,,,,10.32,9.44,9.44,14.07,12.91,12.93,12.93,12.84,11.01,9.03,,10208700,1554050,3245550,2576050,,10.32,9.44,9.44,14.07,12.85,12.95,12.88,12.94,11.23,9.03
2026/04/29,18,29883300,21167650,17714350,10.00,8.54,8.54,14.07,10.54,10.54,10.54,10.54,8.65,8.84,,10.00,,,,,,10.00,8.55,8.54,14.07,10.54,10.54,10.54,10.46,8.63,8.84,,10582150,1622300,3965300,2915400,,10.00,8.54,8.54,14.07,10.48,10.54,10.54,10.54,8.65,8.84
2026/04/29,19,30918900,21871800,18571700,9.07,8.35,8.35,14.07,10.19,10.19,10.19,10.19,8.58,8.61,,9.08,,,,,,9.08,8.36,8.35,14.06,10.19,10.19,10.19,10.11,8.58,8.61,,10759500,1756100,4458550,3223650,,9.08,8.35,8.36,14.07,10.15,10.19,10.19,10.19,8.58,8.61
2026/04/29,20,31509050,22090950,18825150,8.65,8.26,8.26,14.07,8.95,8.95,8.95,8.95,8.48,8.61,,8.67,,,,,,8.67,8.28,8.26,14.07,8.96,8.95,8.95,8.98,8.48,8.61,,11003500,1762100,4815600,3488200,,8.67,8.26,8.27,14.07,8.97,8.95,8.96,8.96,8.48,8.61
2026/04/29,21,32019400,21832550,18940950,8.48,7.87,7.87,10.00,8.95,8.95,8.95,8.95,8.38,8.61,,8.49,,,,,,8.49,7.87,7.88,10.00,8.95,8.94,8.95,8.94,8.38,8.61,,11071750,1600850,4834450,3564700,,8.49,7.87,7.87,10.01,8.95,8.95,8.95,8.96,8.38,8.61
2026/04/29,22,32394900,21782850,19086250,8.27,5.00,5.00,8.63,8.63,8.63,8.63,8.63,2.90,8.61,,8.30,,,,,,8.30,5.00,5.01,8.70,8.63,8.63,8.63,8.62,3.01,8.61,,11087600,1623600,4835900,3569000,,8.30,5.00,5.00,8.65,8.69,8.63,8.69,8.69,2.93,8.61
2026/04/29,23,32613750,22188900,19252500,8.09,7.01,7.01,8.63,8.63,8.63,8.63,8.63,2.00,8.61,,8.12,,,,,,8.12,7.01,7.02,8.70,8.64,8.63,8.63,8.63,2.05,8.61,,11155750,1626100,5234600,3567700,,8.12,7.02,7.01,8.65,8.75,8.64,8.69,8.69,2.01,8.61
2026/04/29,24,32675500,22725700,19257800,8.13,7.49,7.49,8.91,8.91,8.91,8.91,8.91,0.04,8.61,,8.16,,,,,,8.16,7.49,7.53,8.99,8.91,8.91,8.91,8.90,0.10,8.61,,11219100,1609750,5639100,3672200,,8.16,7.50,7.51,9.00,8.91,8.91,8.91,8.94,0.06,8.61
2026/04/29,25,32628000,22607200,19253800,8.10,3.01,3.01,8.88,8.88,8.88,8.88,8.88,0.02,8.61,,8.13,,,,,,8.13,3.25,3.21,8.94,8.88,8.88,8.88,8.89,0.05,8.60,,11310200,1780000,5623100,3756200,,8.13,3.05,3.15,8.94,8.90,8.88,8.90,8.92,0.03,8.61
2026/04/29,26,32535150,22164150,19106000,8.25,3.01,3.01,10.00,10.00,10.00,10.00,10.00,0.02,8.40,,8.27,,,,,,8.27,3.29,3.20,10.02,10.00,10.00,10.00,9.98,0.08,8.39,,11450700,1785800,5225300,3708400,,8.27,3.04,3.16,10.02,9.99,10.00,10.00,10.02,0.04,8.40
2026/04/29,27,33521750,21411450,18665200,8.10,3.55,3.55,10.21,10.21,10.21,10.21,10.21,3.00,8.61,,8.14,,,,,,8.14,3.89,3.76,10.23,10.21,10.21,10.21,10.20,2.89,8.59,,11566550,1706950,4819800,3716400,,8.14,3.60,3.71,10.23,10.22,10.21,10.22,10.23,2.98,8.60
2026/04/29,28,33233700,21507100,18535150,8.25,3.01,3.01,10.00,10.00,10.00,10.00,10.00,8.38,8.61,,8.29,,,,,,8.29,3.40,3.21,10.03,9.99,10.00,10.01,10.00,8.38,8.59,,11727000,1783500,4878900,3538900,,8.29,3.05,3.18,10.03,10.01,10.00,10.00,10.06,8.37,8.60
2026/04/29,29,32455250,21130400,17538100,8.61,7.08,7.08,11.32,11.32,11.32,11.32,11.32,8.48,8.61,,8.67,,,,,,8.67,7.12,7.11,11.33,11.32,11.32,11.31,11.28,8.48,8.58,,11990850,1576300,3890200,2879700,,8.67,7.08,7.10,11.33,11.29,11.31,11.32,11.32,8.48,8.59
2026/04/29,30,31188100,20513900,16784400,8.61,7.12,7.12,12.88,10.32,9.67,9.67,9.67,8.58,8.61,,8.68,,,,,,8.68,7.15,7.13,12.92,10.32,9.67,9.66,9.63,8.46,8.59,,11799400,1601700,2990950,2257950,,8.68,7.12,7.13,12.95,10.29,9.70,9.67,9.66,8.55,8.60
2026/04/29,31,30778950,19754300,16191650,8.48,7.12,7.12,10.27,10.27,8.61,8.61,8.61,8.61,8.61,,8.54,,,,,,8.54,7.22,7.13,10.34,10.28,8.61,8.61,8.62,8.58,8.61,,11892450,1644950,2034050,1722550,,8.54,7.12,7.14,10.29,10.45,8.63,8.61,8.61,8.60,8.62
2026/04/29,32,29974750,19834700,15906950,9.76,8.91,8.91,14.07,14.07,9.50,9.50,9.50,9.50,9.50,,9.84,,,,,,9.84,8.96,8.91,14.10,14.08,9.50,9.49,9.49,9.39,9.50,,11887400,1719550,1479800,1338050,,9.84,8.90,8.92,14.11,14.10,9.50,9.50,9.49,9.47,9.49
2026/04/29,33,29192200,20821050,16599900,14.02,8.88,8.88,14.84,14.84,9.81,9.81,9.81,9.81,9.81,,13.93,,,,,,13.93,8.90,8.87,14.84,14.83,9.81,9.80,9.81,9.69,9.81,,11855150,2137900,1292900,1236150,,13.93,8.85,8.89,14.84,14.82,9.81,9.81,9.81,9.75,9.80
2026/04/29,34,28744800,21557200,16835400,15.32,13.40,13.40,16.43,14.19,14.19,14.19,14.19,14.19,14.19,,15.29,,,,,,15.29,13.40,13.41,16.41,14.19,14.19,14.15,14.19,14.19,14.18,,11791950,2220450,982300,871050,,15.29,13.40,13.40,16.42,14.26,14.06,14.19,14.19,14.14,14.20
2026/04/29,35,28938500,22126050,17279100,16.43,15.24,15.24,20.00,20.00,15.29,15.29,15.29,15.29,15.29,,16.41,,,,,,16.41,15.24,15.25,19.97,19.96,15.29,15.25,15.29,15.22,15.28,,11723050,2357900,901800,751800,,16.41,15.24,15.25,19.98,19.86,15.15,15.29,15.29,15.23,15.29
2026/04/29,36,29115300,22873500,17829450,17.36,16.34,16.34,25.25,25.25,14.76,14.76,14.76,14.76,14.76,,17.36,,,,,,17.36,16.33,16.30,25.22,25.22,14.76,14.74,14.75,14.76,14.76,,11999100,2655000,844650,715050,,17.36,16.24,16.34,25.22,25.17,14.73,14.76,14.76,14.72,14.76
2026/04/29,37,29132200,23443800,18165450,19.66,18.43,18.43,39.90,25.96,15.29,15.29,15.29,15.29,15.29,,19.85,,,,,,19.85,18.43,18.40,39.57,26.03,15.29,15.27,15.29,15.29,15.29,,12146000,2921800,874200,739350,,19.85,18.38,18.43,39.46,26.19,15.26,15.29,15.28,15.25,15.29
2026/04/29,38,28986000,24499400,18338800,21.50,18.44,18.44,40.00,26.15,15.84,15.84,15.84,15.84,15.84,,21.66,,,,,,21.66,18.41,18.42,39.62,26.23,15.84,15.80,15.84,15.82,15.84,,12114200,2946150,876250,738150,,21.66,18.36,18.44,39.49,26.37,15.71,15.84,15.83,15.80,15.84
2026/04/29,39,28991600,24543450,18267050,21.50,18.44,18.44,39.90,26.05,15.96,15.96,15.96,15.96,15.96,,21.63,,,,,,21.63,18.38,18.40,39.56,26.11,15.96,15.94,15.89,15.91,15.95,,12194600,3019250,874700,735700,,21.63,18.29,18.44,39.40,26.20,15.77,15.96,15.96,15.92,15.96
2026/04/29,40,28915300,23904900,18123850,19.65,18.43,18.43,30.00,25.88,15.50,15.50,15.50,15.50,15.50,,19.72,,,,,,19.72,18.46,18.37,29.94,25.74,15.50,15.47,15.45,15.47,15.49,,12192550,2969850,831900,733400,,19.72,18.33,18.43,29.92,25.69,15.34,15.50,15.50,15.47,15.50
2026/04/29,41,28454650,23500050,17617100,19.50,18.43,18.43,26.09,26.09,16.07,16.07,16.07,16.07,16.07,,19.54,,,,,,19.54,18.43,18.36,26.05,26.06,16.07,16.04,16.07,16.06,16.07,,11944000,2737000,829550,730050,,19.54,18.30,18.43,26.04,26.05,15.97,16.07,16.07,16.04,16.07
2026/04/29,42,28200000,23108650,17301700,18.50,18.44,18.44,25.25,25.25,16.07,16.07,16.07,16.07,16.07,,18.54,,,,,,18.54,18.42,18.34,25.17,25.09,16.07,16.05,16.06,16.06,16.07,,11644300,2546850,825950,726450,,18.54,18.23,18.44,25.20,24.74,16.02,16.07,16.07,16.04,16.07
2026/04/29,43,27801900,22632750,16869500,18.44,18.44,18.44,25.25,19.50,16.35,16.35,16.35,16.35,16.35,,18.44,,,,,,18.44,18.36,18.36,25.21,19.34,16.35,16.30,16.34,16.19,16.34,,11521700,2425750,821300,722050,,18.44,18.20,18.44,25.21,19.21,16.15,16.35,16.35,16.32,16.35
2026/04/29,44,27543700,22691900,16559650,17.94,18.50,18.50,25.25,17.67,16.43,16.43,16.43,16.43,16.43,,17.93,,,,,,17.93,18.41,18.42,25.20,17.57,16.43,16.36,16.38,16.27,16.41,,11358500,2313300,1386250,913000,,17.93,18.25,18.50,25.20,17.49,16.16,16.43,16.43,16.40,16.42
2026/04/29,45,28067400,21853200,16731950,17.00,18.44,18.44,18.44,16.60,16.28,16.28,16.28,16.28,16.28,,16.96,,,,,,16.96,18.37,18.35,18.42,16.59,16.28,16.20,16.23,16.12,16.26,,11302800,2308100,1318200,844950,,16.96,18.41,18.44,18.42,16.51,16.10,16.28,16.28,16.19,16.27
2026/04/29,46,27574450,21353850,16461200,16.35,16.65,16.65,16.65,16.59,15.50,15.50,15.50,15.50,15.50,,16.31,,,,,,16.31,16.55,16.61,16.64,16.58,15.50,15.44,15.46,15.42,15.50,,11143700,2304350,1315800,842550,,16.31,16.61,16.65,16.64,16.42,15.41,15.50,15.50,15.49,15.50
2026/04/29,47,27107650,20902500,16024450,16.28,16.50,16.50,16.50,16.50,15.29,15.29,15.29,15.29,15.29,,16.25,,,,,,16.25,16.41,16.44,16.49,16.49,15.29,15.27,15.28,15.21,15.29,,10935050,2282300,1314050,842550,,16.25,16.49,16.50,16.49,16.41,15.23,15.29,15.29,15.29,15.29
2026/04/29,48,26619950,19456150,15420500,15.00,15.69,15.69,15.69,15.69,12.00,12.00,12.00,12.00,12.00,,14.94,,,,,,14.94,15.55,15.66,15.68,15.68,12.33,11.97,11.99,11.99,12.00,,10458200,2269300,600400,502900,,14.94,15.64,15.69,15.68,15.55,12.00,11.99,12.01,12.00,11.91
2026/04/30,1,24077350,17628850,14521300,14.18,14.94,14.94,14.94,14.78,8.61,8.61,8.61,8.61,8.61,,14.18,,,,,,14.18,14.93,14.94,14.94,14.78,8.61,8.61,8.60,8.61,8.61,,6895650,1452650,509300,411800,,14.18,14.94,14.95,14.94,14.78,8.61,8.61,8.61,8.59,8.61
2026/04/30,2,24908950,17644750,14405000,13.99,15.46,15.46,15.46,14.72,9.03,9.03,9.03,9.03,9.03,,13.99,,,,,,13.99,15.42,15.46,15.46,14.72,9.03,9.03,9.03,9.03,9.03,,8950000,1547500,1117000,919500,,13.99,15.46,15.46,15.46,14.72,9.03,9.03,9.03,9.03,9.03
2026/04/30,3,25284500,17810400,14298450,13.88,14.99,14.99,14.99,14.99,9.03,9.03,9.03,9.03,9.03,,13.88,,,,,,13.88,14.98,14.99,14.99,14.99,9.03,9.03,9.03,9.03,9.03,,9758050,1587100,1259150,961650,,13.88,14.99,14.99,14.99,14.99,9.03,9.03,9.03,9.03,9.03
2026/04/30,4,25352050,17945900,14278300,13.77,15.01,15.01,15.01,15.01,9.44,9.44,9.44,9.44,9.44,,13.69,,,,,,13.69,15.00,15.01,15.01,15.01,9.44,9.35,9.28,9.31,9.44,,9862200,1626500,1420300,1022800,,13.69,15.01,15.01,15.01,15.00,9.44,9.44,9.44,9.04,9.44
2026/04/30,5,25502550,19295250,14897750,14.32,15.64,15.64,15.64,15.64,8.61,8.61,8.61,8.20,8.61,,14.29,,,,,,14.29,15.61,15.64,15.64,15.64,8.61,8.61,8.61,8.67,8.61,,9877400,2241600,1581550,1084050,,14.29,15.64,15.64,15.64,15.62,8.76,8.61,8.61,8.20,8.70
2026/04/30,6,25809200,19409350,14923300,14.73,16.02,16.02,16.02,16.02,8.50,8.50,8.50,8.29,8.50,,14.73,,,,,,14.73,15.99,16.02,16.02,16.02,8.50,8.50,8.50,8.29,8.50,,9844050,2274000,1143600,646100,,14.73,16.02,16.02,16.02,16.01,8.50,8.50,8.50,8.29,8.50
2026/04/30,7,25610750,20021800,15335800,15.07,16.50,16.50,16.50,16.50,9.00,9.00,9.00,8.39,9.00,,15.07,,,,,,15.07,16.45,16.50,16.50,16.50,9.00,9.00,9.00,8.40,9.00,,9828850,2310850,1124250,621750,,15.07,16.50,16.51,16.49,16.47,9.00,9.00,9.00,8.39,9.00
2026/04/30,8,25701450,20424750,15730900,15.42,16.64,16.64,16.64,16.64,10.21,10.21,10.21,8.46,10.21,,15.42,,,,,,15.42,16.62,16.61,16.64,16.64,10.21,10.21,10.21,8.47,10.21,,9863050,2351050,1123800,621300,,15.42,16.64,16.66,16.62,16.62,10.21,10.21,10.21,8.46,10.21
2026/04/30,9,26061800,20273850,15787000,15.31,16.75,16.75,16.75,16.75,9.83,9.83,9.83,8.65,9.83,,15.27,,,,,,15.27,16.58,16.73,16.75,16.75,9.83,9.82,9.83,8.66,9.83,,9908500,2408950,1116600,613600,,15.27,16.75,16.77,16.71,16.75,9.83,9.83,9.83,8.65,9.82
2026/04/30,10,26522050,20610650,15826850,15.36,16.45,16.45,16.45,16.45,11.00,11.00,11.00,8.82,11.00,,15.35,,,,,,15.35,16.24,16.45,16.45,16.45,11.00,11.00,11.00,8.83,11.00,,9986350,2446950,1117650,614650,,15.35,16.45,16.46,16.41,16.45,11.00,11.00,11.00,8.82,11.00
2026/04/30,11,25995800,20083850,15193000,15.42,16.47,16.47,16.47,16.47,10.99,10.99,10.99,8.82,10.99,,15.41,,,,,,15.41,16.47,16.47,16.47,16.45,10.99,10.99,10.99,8.83,10.99,,10157650,2506250,1120950,619450,,15.41,16.50,16.48,16.47,16.40,10.99,10.99,10.99,8.82,10.99
2026/04/30,12,26068800,18773200,14898600,14.84,15.89,15.89,15.89,15.89,9.00,9.00,9.00,8.62,9.00,,14.84,,,,,,14.84,15.89,15.89,15.89,15.86,9.00,9.00,9.00,8.62,9.00,,10293400,2571500,1134750,621250,,14.84,15.89,15.90,15.89,15.83,9.00,9.00,9.00,8.62,9.00
2026/04/30,13,26415100,19712450,14909400,14.61,15.27,15.27,15.45,15.45,9.03,9.03,9.03,8.51,9.03,,14.61,,,,,,14.61,15.24,15.27,15.45,15.43,9.03,9.03,9.03,8.51,9.03,,10504700,2679800,1129650,590650,,14.61,15.27,15.26,15.46,15.39,9.03,9.03,9.03,8.51,9.03
2026/04/30,14,26796650,19777050,15147750,14.18,11.00,11.00,15.30,15.30,8.88,8.88,8.88,8.43,8.88,,14.18,,,,,,14.18,11.00,11.00,15.31,15.25,8.88,8.88,8.88,8.43,8.88,,10800400,2761250,1340250,870250,,14.18,11.00,11.00,15.32,15.19,8.88,8.88,8.88,8.43,8.88
2026/04/30,15,27510650,20613200,15724650,14.27,7.82,7.82,15.70,15.70,8.84,8.84,8.84,8.19,8.84,,14.26,,,,,,14.26,7.86,7.82,15.70,15.63,8.84,8.84,8.84,8.19,8.84,,10930150,2834100,2037050,1261050,,14.26,7.82,7.83,15.72,15.56,8.84,8.84,8.84,8.19,8.84
2026/04/30,16,28407850,21889850,16715800,14.73,7.01,7.01,16.09,16.09,9.89,9.89,9.89,8.19,9.89,,14.69,,,,,,14.69,7.10,7.01,16.08,16.00,9.89,9.88,9.89,8.19,9.89,,11138700,2855650,2620750,1448500,,14.69,7.02,7.03,16.09,15.93,9.89,9.87,9.89,8.19,9.89
2026/04/30,17,29083750,23076500,17711800,14.86,7.02,7.02,17.08,17.08,13.77,13.77,13.77,8.27,13.00,,14.80,,,,,,14.80,7.38,7.02,17.08,17.08,13.77,13.75,13.77,8.27,13.00,,11456350,2923350,2715900,1534650,,14.80,7.03,7.11,17.08,16.94,13.77,13.77,13.78,8.27,13.00
2026/04/30,18,29468650,24102050,18511200,15.31,4.43,4.43,19.67,19.67,14.32,14.32,14.32,8.32,13.01,,15.29,,,,,,15.29,5.20,4.43,19.67,19.58,14.32,14.31,14.32,8.32,13.01,,11659100,2939900,2745300,1571650,,15.29,4.46,4.61,19.69,19.46,14.32,14.32,14.43,8.32,13.01
2026/04/30,19,30168200,24788600,19236950,15.65,1.01,1.01,19.67,17.50,17.50,17.50,17.50,8.32,16.00,,15.57,,,,,,15.57,1.35,1.01,19.68,17.47,17.49,17.39,17.46,8.32,15.98,,11663550,2884300,2669000,1581600,,15.57,1.17,1.05,19.68,17.34,17.50,17.55,17.60,8.32,15.99
2026/04/30,20,30505200,24772900,19473350,15.12,0.01,0.01,18.27,17.48,17.48,17.48,17.48,8.28,16.00,,15.03,,,,,,15.03,0.26,0.01,18.28,17.44,17.47,17.41,17.44,8.28,15.99,,11731850,2935150,2757250,1586850,,15.03,0.08,0.05,18.29,17.33,17.48,17.51,17.53,8.28,16.00
2026/04/30,21,30814650,24736750,19506150,14.86,0.01,0.01,17.78,17.78,17.78,17.78,17.78,8.23,14.00,,14.80,,,,,,14.80,0.12,0.01,17.81,17.77,17.78,17.78,17.75,8.23,13.98,,11770450,2860650,3118800,1587400,,14.80,0.04,0.03,17.80,17.76,17.78,17.83,17.79,8.23,14.03
2026/04/30,22,31242900,24670600,19257000,14.27,0.01,0.01,16.52,16.52,16.52,16.52,16.52,8.25,12.00,,14.20,,,,,,14.20,0.07,0.01,16.54,16.52,16.52,16.51,16.49,8.26,12.00,,11920950,2927900,3479700,1588300,,14.20,0.02,0.02,16.55,16.48,16.51,16.53,16.55,8.25,12.10
2026/04/30,23,31553200,25329300,19273100,14.16,0.01,0.01,16.52,16.48,16.48,16.48,16.48,8.22,12.00,,14.07,,,,,,14.07,0.04,0.01,16.55,16.47,16.48,16.48,16.47,8.26,11.97,,12106400,2934950,4162450,1586050,,14.07,0.01,0.01,16.55,16.45,16.48,16.48,16.57,8.23,12.10
2026/04/30,24,31693150,26058200,19546250,14.19,0.01,0.01,17.78,15.57,15.57,15.57,15.57,8.21,12.00,,14.06,,,,,,14.06,0.04,0.01,17.78,15.54,15.58,15.53,15.54,8.69,11.99,,12169900,2962500,4680250,1585300,,14.06,0.01,0.02,17.79,15.47,15.57,15.57,15.59,8.39,12.06
2026/04/30,25,31413250,25414950,18508700,14.07,0.01,0.01,17.29,15.42,14.32,14.32,14.32,14.32,9.55,,13.98,,,,,,13.98,0.01,0.01,17.31,15.38,14.32,14.22,14.28,14.27,9.55,,12195850,2440800,4677150,1581200,,13.98,0.01,0.01,17.31,15.32,14.32,14.32,14.32,14.10,9.63
2026/04/30,26,31363900,24804650,18331600,13.77,0.01,0.01,16.40,15.83,14.32,14.32,14.32,14.32,9.69,,13.71,,,,,,13.71,0.02,0.01,16.46,15.79,14.32,14.29,14.32,14.30,9.69,,12125250,2454400,4228850,1582900,,13.71,0.01,0.01,16.48,15.74,14.32,14.32,14.32,14.28,9.78
2026/04/30,27,30996350,25468700,19116900,14.32,0.01,0.01,17.71,17.55,17.55,17.55,17.55,17.55,12.00,,14.28,,,,,,14.28,0.11,0.01,17.74,17.54,17.54,17.48,17.51,17.29,11.96,,12104150,2474900,3834750,1579350,,14.28,0.03,0.03,17.75,17.45,17.54,17.54,17.56,17.54,12.02
2026/04/30,28,30658800,25362450,19153050,14.84,1.00,1.00,17.78,17.78,17.78,17.78,17.78,17.78,16.62,,14.82,,,,,,14.82,1.30,1.00,17.78,17.78,17.77,17.73,17.74,17.75,16.54,,11969600,2449650,3638850,1581700,,14.82,1.08,1.05,17.79,17.75,17.77,17.77,17.78,17.66,16.56
2026/04/30,29,30223200,24896000,19372450,15.00,3.00,3.00,17.78,17.78,17.78,17.78,17.78,8.17,17.78,,14.97,,,,,,14.97,3.79,3.00,17.79,17.80,17.77,17.78,17.75,8.56,17.67,,11792450,3034300,3066900,1571400,,14.97,3.15,3.14,17.80,17.78,17.77,17.77,17.77,8.32,17.72
2026/04/30,30,29658650,24423050,19133400,15.73,6.95,6.95,19.70,19.70,18.67,18.67,18.67,8.17,17.00,,15.76,,,,,,15.76,7.31,6.95,19.70,19.80,18.65,18.66,18.66,8.12,16.88,,11673250,3012650,2438950,1537450,,15.76,6.96,7.03,19.76,19.70,18.66,18.67,18.66,8.15,16.93
2026/04/30,31,29181900,24017100,18727550,15.57,7.01,7.01,20.00,20.00,16.43,16.43,16.43,8.17,16.43,,15.67,,,,,,15.67,7.14,7.01,20.05,20.04,16.42,16.43,16.43,8.17,16.42,,11578900,3045650,1872650,1326650,,15.67,7.02,7.04,20.09,19.99,16.43,16.43,16.43,8.17,16.43
2026/04/30,32,29249750,23211750,18553500,15.78,7.91,7.91,22.00,18.66,16.67,16.67,16.67,8.21,16.67,,15.91,,,,,,15.91,7.94,7.92,22.02,18.73,16.67,16.66,16.64,8.21,16.66,,11700100,3158000,1443450,1042350,,15.91,7.92,7.92,22.07,18.71,16.67,16.65,16.67,8.21,16.66
2026/04/30,33,29248200,23295600,18812350,15.58,7.11,7.11,26.31,18.66,14.32,14.32,14.32,8.40,14.32,,15.83,,,,,,15.83,7.11,7.12,26.31,18.86,14.32,14.32,14.32,8.38,14.32,,11686950,3488500,1299450,897200,,15.83,7.11,7.11,26.36,18.82,14.32,14.32,14.32,8.39,14.32
2026/04/30,34,28452300,23502150,18552900,17.00,10.96,10.96,40.00,19.70,15.18,15.18,15.18,8.40,15.18,,17.32,,,,,,17.32,11.02,10.97,39.73,19.94,15.18,15.17,15.18,8.41,15.18,,11490400,3556850,1179800,676650,,17.32,10.99,10.97,39.58,20.27,15.18,15.17,15.16,8.40,15.18
2026/04/30,35,28733200,23590150,18689850,16.80,15.00,15.00,30.00,16.76,14.73,14.73,14.73,8.40,14.73,,16.88,,,,,,16.88,15.00,15.02,29.95,16.86,14.73,14.73,14.73,8.41,14.73,,11624550,3932000,1172150,656200,,16.88,15.00,15.01,29.97,17.21,14.73,14.73,14.73,8.40,14.73
2026/04/30,36,28853050,24042600,19016650,17.36,25.00,25.00,25.00,16.00,14.27,14.27,14.27,8.24,14.27,,17.48,,,,,,17.48,24.90,24.94,25.02,16.07,14.27,14.26,14.27,8.25,14.27,,11706900,3925900,1172600,650250,,17.48,24.78,25.00,25.04,16.29,14.27,14.27,14.27,8.24,14.27
2026/04/30,37,28589450,24366500,19054350,18.20,26.31,26.31,26.31,15.00,15.00,15.00,15.00,8.31,15.00,,18.37,,,,,,18.37,26.25,26.31,26.31,15.03,15.00,15.00,15.00,8.32,15.00,,11736750,4021700,1177550,648250,,18.37,26.31,26.33,26.32,15.14,15.00,15.01,15.00,8.31,15.00
2026/04/30,38,28436150,24543000,19168200,19.20,27.20,27.20,27.20,15.00,15.00,15.00,15.00,8.33,15.00,,19.36,,,,,,19.36,27.16,27.19,27.21,15.09,15.00,15.00,15.03,8.34,15.00,,11683850,3958600,1180550,648100,,19.36,27.20,27.22,27.22,15.09,15.00,15.02,15.15,8.33,15.13
2026/04/30,39,28516450,24859300,19135650,18.29,24.90,24.90,24.90,15.84,15.84,15.84,15.84,8.30,15.84,,18.43,,,,,,18.43,24.83,24.88,24.91,15.89,15.84,15.84,15.86,8.31,15.84,,11705250,3993700,1180050,644500,,18.43,24.90,24.93,24.91,15.90,15.84,15.85,15.95,8.30,15.91
2026/04/30,40,28513850,24291900,18617750,17.13,24.90,24.90,24.90,16.80,14.32,14.32,14.32,8.22,14.32,,17.32,,,,,,17.32,24.86,24.87,24.92,16.78,14.64,14.32,14.32,8.23,14.32,,11711250,4027800,1176600,641050,,17.32,24.90,24.91,24.92,16.93,14.32,14.32,14.33,8.22,14.39
2026/04/30,41,28366950,24125650,18418500,16.69,22.00,22.00,22.00,16.14,14.27,14.27,14.27,8.23,14.27,,16.77,,,,,,16.77,21.99,22.00,22.02,16.15,14.34,14.26,14.27,8.24,14.26,,11538400,3931900,1172450,635900,,16.77,22.00,22.07,21.99,16.31,14.27,14.27,14.28,8.23,14.27
2026/04/30,42,28028000,23809500,18250350,16.88,24.90,24.90,24.90,15.87,14.26,14.26,14.26,8.23,14.26,,17.00,,,,,,17.00,24.84,24.87,24.90,15.87,14.60,14.23,14.25,8.24,14.24,,11472350,3938350,1168600,632900,,17.00,24.90,24.91,24.90,16.09,14.26,14.25,14.27,8.23,14.27
2026/04/30,43,27503650,23153550,17776100,16.65,20.25,20.25,20.25,15.81,14.19,14.19,14.19,8.52,14.19,,16.69,,,,,,16.69,20.26,20.26,20.27,15.81,14.52,14.18,14.19,8.53,14.18,,11251600,3738900,1162050,626300,,16.69,20.25,20.30,20.26,15.95,14.19,14.18,14.20,8.52,14.25
2026/04/30,44,27371750,22957900,17395700,16.43,17.62,17.62,17.62,14.98,14.74,14.74,14.74,13.44,14.74,,16.46,,,,,,16.46,17.63,17.63,17.67,14.98,15.13,14.73,14.74,13.44,14.74,,11053300,3325200,1711800,1072550,,16.46,17.66,17.69,17.64,15.11,14.74,14.74,14.74,13.44,14.81
2026/04/30,45,27937950,22187450,17602600,16.13,17.00,17.00,17.00,15.07,14.27,14.27,14.27,13.14,14.27,,16.14,,,,,,16.14,17.02,16.99,17.04,15.08,14.62,14.26,14.27,13.14,14.26,,11002450,3297150,1617150,1077900,,16.14,17.00,17.07,17.00,15.16,14.27,14.27,14.28,13.14,14.32
2026/04/30,46,27537750,21456400,17221950,15.26,16.14,16.14,16.14,15.00,13.77,13.77,13.77,13.44,13.77,,15.29,,,,,,15.29,16.19,16.14,16.17,15.03,14.37,13.77,13.77,13.44,13.77,,10885850,3322650,1515750,1076500,,15.29,16.14,16.14,16.18,15.11,13.77,13.78,13.79,13.44,13.90
2026/04/30,47,26801550,20795100,16688250,15.15,16.05,16.05,16.05,14.95,13.91,13.91,13.91,13.73,13.91,,15.17,,,,,,15.17,16.05,16.05,16.07,14.98,14.49,13.90,13.91,13.73,13.91,,10431650,3135450,1413500,1075500,,15.17,16.05,16.07,16.06,15.05,13.91,13.92,13.92,13.73,14.02
2026/04/30,48,25668750,19508650,15514050,14.61,15.78,15.78,15.78,15.57,8.40,8.40,8.40,8.40,8.40,,14.61,,,,,,14.61,15.78,15.78,15.79,15.58,8.40,8.40,8.40,8.40,8.37,,9379500,2770350,602000,505000,,14.61,15.79,15.80,15.78,15.58,8.40,8.40,8.40,8.37,8.40
2026/05/01,1,23338650,18285400,14977100,14.62,16.22,16.22,16.22,14.79,8.91,8.91,8.91,8.91,8.91,,14.64,,,,,,14.64,16.22,16.22,16.23,14.86,8.91,8.91,8.91,8.91,8.91,,6459200,1513950,523500,410800,,14.64,16.27,16.24,16.25,14.81,8.91,8.91,8.91,8.90,8.91
2026/05/01,2,23486550,18678100,14799650,14.19,15.80,15.80,15.80,14.90,9.12,9.12,9.12,9.12,9.12,,14.20,,,,,,14.20,15.80,15.80,15.80,14.92,9.12,9.12,9.12,9.11,9.12,,6963550,1640200,993100,881950,,14.20,15.80,15.81,15.80,14.93,9.12,9.12,9.12,9.12,9.12
2026/05/01,3,23556800,18409750,14499900,14.08,15.65,15.65,15.65,14.89,9.07,9.07,9.07,9.07,9.07,,14.07,,,,,,14.07,15.63,15.65,15.65,14.90,9.07,9.07,9.07,9.05,9.07,,6972200,1686350,1138200,929150,,14.07,15.65,15.65,15.65,14.89,9.07,9.07,9.07,9.06,9.07
2026/05/01,4,23573250,18282650,14635550,14.03,15.06,15.06,15.06,14.82,9.01,9.01,9.01,9.01,9.01,,14.02,,,,,,14.02,15.06,15.06,15.06,14.83,9.19,9.01,9.01,9.01,8.99,,7622400,2257900,1198100,990250,,14.02,15.06,15.07,15.06,14.82,9.01,9.01,9.02,9.05,9.01
2026/05/01,5,23549950,18714000,15360650,14.44,14.80,14.80,14.80,14.80,9.13,9.13,9.13,9.13,9.13,,14.46,,,,,,14.46,14.79,14.81,14.81,14.83,10.47,9.13,9.13,9.13,9.10,,8056300,2622300,1264150,1057200,,14.46,14.82,14.84,14.82,14.83,9.13,9.13,9.35,9.13,9.15
2026/05/01,6,23343000,18762600,15368600,15.03,15.39,15.39,15.39,14.97,9.13,9.13,9.13,9.13,9.13,,15.03,,,,,,15.03,15.33,15.39,15.39,14.99,9.13,9.13,9.13,9.12,9.10,,7867800,2538900,862100,655750,,15.03,15.39,15.41,15.39,14.96,9.13,9.13,9.13,9.11,9.13
2026/05/01,7,23530400,19271950,15706600,15.18,15.66,15.66,15.66,15.00,9.78,9.78,9.78,9.78,9.78,,15.18,,,,,,15.18,15.66,15.66,15.66,15.01,9.78,9.78,9.78,9.77,9.75,,7920950,2539500,844600,638300,,15.18,15.66,15.68,15.66,15.01,9.78,9.78,9.78,9.76,9.78
2026/05/01,8,23607850,19642450,15893700,15.57,15.72,15.72,15.72,15.31,11.77,11.77,11.77,11.77,11.77,,15.55,,,,,,15.55,15.72,15.73,15.73,15.32,11.76,11.76,11.76,11.77,11.77,,7959000,2534400,843900,637850,,15.55,15.72,15.75,15.72,15.31,11.77,11.76,11.77,11.76,11.77
2026/05/01,9,23829350,20012800,16230150,15.66,15.74,15.74,15.74,15.66,11.78,11.78,11.78,11.78,11.78,,15.66,,,,,,15.66,15.71,15.74,15.74,15.67,11.78,11.78,11.78,11.78,11.78,,7952650,2592250,823750,617200,,15.66,15.74,15.79,15.73,15.64,11.78,11.78,11.78,11.78,11.78
2026/05/01,10,23963350,20237350,16234350,15.68,15.86,15.86,15.86,15.07,11.77,11.77,11.77,11.77,11.77,,15.67,,,,,,15.67,15.81,15.87,15.87,15.09,11.77,11.77,11.77,11.79,11.77,,7984000,2618650,825950,618200,,15.67,15.86,15.90,15.85,15.09,11.77,11.77,11.77,11.77,11.77
2026/05/01,11,23471950,19556200,15621850,15.39,15.89,15.89,15.89,15.07,11.79,11.79,11.79,11.79,11.79,,15.37,,,,,,15.37,15.85,15.89,15.89,15.09,11.79,11.79,11.79,11.79,11.79,,8056350,2676100,829100,614800,,15.37,15.89,15.91,15.88,15.08,11.79,11.79,11.79,11.79,11.78
2026/05/01,12,23375900,19461400,15628000,15.34,15.69,15.69,15.69,15.05,11.77,11.77,11.77,11.77,11.77,,15.33,,,,,,15.33,15.68,15.69,15.69,15.06,11.77,11.77,11.77,11.77,11.77,,7998450,2617350,800000,583650,,15.33,15.70,15.71,15.69,15.06,11.77,11.77,11.77,11.77,11.77
2026/05/01,13,23474750,19437750,15890450,15.34,15.60,15.60,15.60,15.05,9.78,9.78,9.78,9.78,9.78,,15.34,,,,,,15.34,15.60,15.61,15.61,15.05,9.78,9.78,9.78,9.78,9.78,,8093650,2712200,823450,598100,,15.34,15.60,15.63,15.60,15.05,9.78,9.78,9.78,9.78,9.78
2026/05/01,14,23829000,19917650,16367050,15.65,15.65,15.65,15.65,15.34,9.31,9.31,9.31,9.31,9.31,,15.65,,,,,,15.65,15.65,15.67,15.66,15.35,9.31,9.31,9.31,9.31,9.29,,8280200,3016200,1027600,804000,,15.65,15.66,15.65,15.66,15.36,9.31,9.31,9.31,9.29,9.31
2026/05/01,15,24951450,20738850,16835850,15.68,15.99,15.99,15.99,15.74,13.80,13.80,13.80,13.80,8.75,,15.69,,,,,,15.69,15.99,16.00,16.01,15.75,13.80,13.80,13.78,13.80,8.75,,8497600,3089900,1653250,1429750,,15.69,15.99,15.99,16.00,15.79,13.79,13.80,13.80,13.80,8.75
2026/05/01,16,25844900,21922750,17120900,15.83,15.68,16.93,16.93,15.74,14.19,14.19,14.19,14.19,0.01,,15.83,,,,,,15.83,15.65,16.90,16.94,15.74,14.19,14.19,14.15,14.19,0.01,,8759200,3120350,2410800,1770500,,15.83,15.68,16.98,16.91,15.74,14.15,14.19,14.18,14.19,0.01
2026/05/01,17,27127100,23031050,18093550,15.96,15.60,19.79,19.79,15.96,12.32,12.32,12.32,12.32,0.01,,16.00,,,,,,16.00,15.55,19.73,19.80,15.99,12.31,12.31,12.31,12.32,0.01,,9018850,3216300,2608500,1748050,,16.00,15.57,19.84,19.79,16.11,12.32,12.32,12.32,12.29,0.01
2026/05/01,18,27780200,24133000,18828800,16.71,15.60,25.50,25.50,15.95,13.80,13.80,13.80,13.80,0.01,,16.74,,,,,,16.74,15.55,25.19,25.43,16.02,13.79,13.79,13.80,13.76,0.01,,9388300,3271000,2854300,1860050,,16.74,15.57,25.47,25.43,16.29,13.80,13.80,13.80,13.76,0.01
2026/05/01,19,28476450,25066500,19428550,16.73,15.57,30.27,30.27,16.29,16.29,16.29,9.00,9.00,0.01,,16.82,,,,,,16.82,15.52,30.02,30.21,16.33,16.30,16.28,9.02,8.99,0.01,,9423950,3254250,3000900,1869650,,16.82,15.54,30.26,30.13,16.29,16.29,16.36,9.01,9.00,0.01
2026/05/01,20,29525800,24965950,19713300,15.85,11.00,26.36,26.36,15.83,15.83,15.83,7.51,7.51,0.01,,15.88,,,,,,15.88,10.96,26.13,26.33,15.81,15.84,15.83,7.91,7.48,0.01,,9543450,3268450,3010650,1886900,,15.88,10.97,26.35,26.26,15.82,15.83,15.83,7.55,7.74,0.01
2026/05/01,21,30220400,24861600,19484950,15.00,9.72,25.00,25.00,15.06,15.06,15.06,5.75,5.75,0.01,,15.10,,,,,,15.10,9.61,24.83,24.99,15.04,15.09,15.04,5.68,5.73,0.01,,9573750,3016950,3262100,1890850,,15.10,9.65,24.98,24.96,15.03,15.06,15.04,5.74,5.71,0.01
2026/05/01,22,30872150,25241500,19768150,14.72,11.00,26.36,26.36,14.84,14.84,14.84,3.00,3.00,0.01,,14.75,,,,,,14.75,10.94,26.12,26.34,14.81,14.83,14.80,3.04,3.00,0.01,,9585400,3064200,3413050,1926300,,14.75,10.96,26.33,26.29,14.75,14.84,14.82,3.03,2.99,0.01
2026/05/01,23,31022850,26332950,19681400,14.66,11.00,22.50,26.00,14.67,14.67,14.67,4.00,2.05,0.01,,14.67,,,,,,14.67,11.02,22.40,25.96,14.63,14.66,14.63,4.11,2.04,0.01,,9450550,3014350,4493600,2110350,,14.67,11.00,22.48,25.91,14.57,14.67,14.64,4.06,2.05,0.01
2026/05/01,24,31386500,26906450,19790000,13.80,15.54,22.00,22.00,13.77,13.77,13.77,7.47,1.00,0.01,,13.83,,,,,,13.83,15.50,21.93,21.99,13.74,13.77,13.74,7.47,1.00,0.01,,9357850,2980950,5380750,2294000,,13.83,15.51,21.99,21.98,13.70,13.77,13.74,7.47,1.00,0.01
2026/05/01,25,32026150,25867750,19258600,9.56,9.72,16.98,16.98,9.94,7.12,7.12,4.86,0.02,0.01,,9.67,,,,,,9.67,9.63,16.96,17.01,9.90,7.12,7.12,4.90,0.02,0.01,,9373550,2918500,5428000,2291500,,9.67,9.66,17.00,17.00,9.83,7.13,7.14,4.89,0.02,0.01
2026/05/01,26,32266100,24518050,19395850,8.13,9.72,16.14,16.14,9.94,7.00,7.00,6.00,0.01,0.01,,8.27,,,,,,8.27,9.67,16.13,16.18,9.87,7.00,7.00,6.02,0.01,0.01,,9304300,2874400,4836050,2234050,,8.27,9.69,16.15,16.19,9.84,7.00,7.01,6.01,0.01,0.01
2026/05/01,27,32023550,24807650,19431700,9.31,15.53,16.31,16.31,9.94,7.12,7.12,7.12,0.02,0.01,,9.43,,,,,,9.43,15.53,16.31,16.35,9.87,7.12,7.12,7.12,0.02,0.01,,9234950,2872050,4599000,2217650,,9.43,15.53,16.37,16.33,9.82,7.12,7.12,7.13,0.02,0.01
2026/05/01,28,31847250,24498200,19384650,9.31,16.27,16.27,16.27,9.94,7.12,7.12,7.12,1.00,0.01,,9.43,,,,,,9.43,16.27,16.28,16.32,9.85,7.12,7.12,7.12,1.00,0.01,,9469400,2941050,4203700,2076700,,9.43,16.27,16.32,16.31,9.81,7.12,7.12,7.12,1.00,0.01
2026/05/01,29,31666500,24007950,19420850,9.23,15.84,15.84,15.84,10.13,9.23,9.23,9.23,2.50,0.01,,9.35,,,,,,9.35,15.84,15.86,15.89,10.11,9.23,9.21,9.19,2.50,0.01,,9592650,3092950,3629050,2091700,,9.35,15.85,15.91,15.88,10.05,9.23,9.23,9.21,2.50,0.01
2026/05/01,30,31138300,23282050,18854200,9.31,16.01,16.01,16.01,10.26,9.27,7.12,7.12,7.12,0.01,,9.41,,,,,,9.41,16.01,16.04,16.05,10.17,9.27,7.12,7.10,7.12,0.01,,9641200,2879450,2966900,1755700,,9.41,16.02,16.08,16.03,10.11,9.27,7.12,7.12,7.12,0.01
2026/05/01,31,30548350,22748150,18660700,9.94,16.00,16.00,16.00,14.62,7.12,7.12,7.12,7.12,0.01,,10.01,,,,,,10.01,16.00,15.99,16.02,14.48,7.12,7.12,7.11,7.12,0.01,,9786750,2914350,2282650,1325950,,10.01,16.00,16.03,16.01,14.41,7.12,7.12,7.12,7.11,0.01
2026/05/01,32,29752950,22746200,18357100,14.19,16.39,16.39,16.39,14.89,8.11,8.11,8.11,8.11,0.01,,14.16,,,,,,14.16,16.39,16.38,16.40,14.78,8.11,8.11,8.13,8.11,0.01,,9938150,2915900,1757400,898750,,14.16,16.41,16.40,16.39,14.74,8.11,8.11,8.14,8.09,0.01
2026/05/01,33,29606050,22886700,18501550,14.19,16.40,16.40,16.40,14.77,8.11,8.11,8.11,8.11,0.01,,14.16,,,,,,14.16,16.32,16.37,16.40,14.74,8.11,8.11,8.11,8.11,0.01,,10171000,3099850,1319550,708800,,14.16,16.40,16.40,16.39,14.75,8.11,8.11,8.11,8.10,0.01
2026/05/01,34,28269900,22148450,18089900,15.55,17.15,17.15,17.15,16.20,9.00,9.00,9.00,9.00,0.01,,15.55,,,,,,15.55,17.15,17.18,17.17,16.18,9.00,9.00,8.99,9.00,0.01,,9782450,2964200,1082700,669400,,15.55,17.22,17.17,17.16,16.20,9.00,9.00,9.00,9.00,0.01
2026/05/01,35,27675450,22961900,18163600,16.19,18.05,18.05,18.05,15.35,10.00,10.00,10.00,10.00,9.07,,16.18,,,,,,16.18,18.05,18.08,18.06,15.28,10.00,9.99,9.97,9.99,9.06,,9679600,2938200,977450,656300,,16.18,18.06,18.06,18.07,15.27,10.00,10.00,10.00,9.99,9.07
2026/05/01,36,27661950,23601800,18864700,17.33,24.62,24.62,24.62,14.96,9.78,9.78,9.78,9.78,9.78,,17.31,,,,,,17.31,24.59,24.49,24.57,14.95,9.78,9.77,9.76,9.43,9.77,,9957600,3094600,875200,650400,,17.31,24.44,24.62,24.55,14.93,9.78,9.78,9.78,9.78,9.78
2026/05/01,37,27831550,23741250,18502650,18.00,24.62,24.62,24.62,15.64,14.19,14.19,14.19,14.19,14.19,,18.02,,,,,,18.02,24.62,24.54,24.59,15.63,14.18,13.90,13.91,13.97,14.14,,9984300,3206750,778100,649150,,18.02,24.58,24.67,24.55,15.58,13.77,14.17,14.19,14.19,13.77
2026/05/01,38,27428500,24392600,18734000,20.00,26.36,26.36,26.36,15.64,15.20,15.20,15.20,15.20,15.20,,19.97,,,,,,19.97,26.33,26.25,26.36,15.65,15.19,14.91,15.00,15.15,15.06,,10026400,3248600,781700,648350,,19.97,26.30,26.43,26.32,15.72,14.78,15.19,15.19,15.20,14.76
2026/05/01,39,27137100,24017050,18432950,22.00,24.62,24.62,24.62,16.52,15.96,15.96,15.96,15.96,15.96,,21.90,,,,,,21.90,24.58,24.47,24.62,16.62,15.95,15.71,15.92,15.91,15.91,,9881750,2995100,779250,644700,,21.90,24.60,24.72,24.56,16.64,15.68,15.95,15.95,15.96,15.71
2026/05/01,40,27099550,23724200,18246500,20.60,24.62,24.62,24.62,16.52,15.20,15.20,15.20,15.20,15.20,,20.54,,,,,,20.54,24.59,24.47,24.61,16.53,15.19,14.96,15.13,15.16,15.16,,9975500,2992350,775800,641250,,20.54,24.60,24.67,24.57,16.55,14.94,15.19,15.19,15.20,14.89
2026/05/01,41,27281150,22910050,17579200,18.14,21.02,21.02,21.02,15.27,15.20,15.20,15.20,15.20,15.20,,18.05,,,,,,18.05,21.00,20.98,21.01,15.29,15.19,15.03,15.10,15.17,15.13,,10245950,2983150,772700,636100,,18.05,21.02,21.02,21.02,15.37,14.99,15.18,15.19,15.20,14.97
2026/05/01,42,27255900,22544250,17460500,17.84,18.05,18.05,18.05,15.27,15.20,15.20,15.20,15.20,15.20,,17.72,,,,,,17.72,18.06,18.04,18.05,15.29,15.19,14.97,15.14,15.12,15.14,,10332850,2976050,769250,632850,,17.72,18.06,18.05,18.05,15.39,14.84,15.18,15.20,15.20,14.84
2026/05/01,43,27417800,21986050,17110750,17.11,17.02,17.02,17.02,15.00,14.96,14.96,14.96,14.96,14.96,,17.02,,,,,,17.02,17.03,17.02,17.02,15.01,14.95,14.77,14.90,14.70,14.94,,10530350,3030300,760200,627850,,17.02,17.03,17.03,17.02,15.09,14.70,14.95,14.96,14.96,14.59
2026/05/01,44,27030650,21898150,16905000,16.32,16.27,16.27,16.27,14.98,14.96,14.96,14.96,14.96,14.96,,16.22,,,,,,16.22,16.25,16.27,16.27,14.90,14.95,14.78,14.85,14.77,14.85,,10310500,2972650,1299100,905150,,16.22,16.30,16.27,16.28,14.88,14.96,14.95,14.95,14.96,14.49
2026/05/01,45,26921550,21531600,16737900,17.00,18.43,18.43,18.43,16.08,14.96,14.96,14.96,14.96,14.96,,16.93,,,,,,16.93,18.43,18.38,18.48,16.02,14.95,14.73,14.90,14.66,14.84,,10284400,2920400,1296450,910900,,16.93,18.43,18.53,18.44,16.06,14.95,14.95,14.77,14.96,14.47
2026/05/01,46,27139100,20965800,16430100,16.10,17.00,17.00,17.00,15.68,14.19,14.19,14.19,14.19,14.19,,16.04,,,,,,16.04,16.90,17.00,17.03,15.63,14.18,14.03,14.07,14.13,14.11,,10365800,2990050,1292100,909500,,16.04,17.00,17.07,17.01,15.62,14.17,14.18,14.10,14.19,13.79
2026/05/01,47,26814800,20738800,16343800,15.96,16.72,16.72,16.72,16.08,13.20,13.20,13.20,13.20,13.20,,15.90,,,,,,15.90,16.60,16.71,16.74,16.08,13.20,13.09,13.16,13.00,13.20,,10118900,2964750,1285550,906600,,15.90,16.71,16.79,16.72,16.06,13.19,13.20,13.07,13.20,12.96
2026/05/01,48,26242550,19282850,15618900,15.20,15.75,15.75,15.75,15.66,8.89,8.89,8.89,8.89,8.89,,15.20,,,,,,15.20,15.69,15.74,15.77,15.66,8.89,8.89,8.89,8.89,8.89,,9445450,2874600,617350,505050,,15.20,15.79,15.79,15.75,15.63,8.89,8.89,8.90,8.88,8.89
2026/05/02,1,23112150,17925000,14597700,15.79,21.32,21.32,21.32,15.85,7.89,7.89,7.89,7.89,7.89,,15.84,,,,,,15.84,21.23,21.23,21.29,15.87,7.89,7.89,7.89,7.89,7.89,,7659300,1472650,949750,842700,,15.84,21.31,21.32,21.27,16.09,7.89,7.89,7.89,7.89,7.89
2026/05/02,2,23587650,18535650,14648000,16.07,21.32,21.32,21.32,16.09,8.99,8.99,8.99,8.99,8.99,,16.08,,,,,,16.08,21.25,21.13,21.27,16.10,9.55,8.99,8.99,8.99,8.99,,8556150,1478950,1481150,1376700,,16.08,21.32,21.32,21.26,16.13,8.99,8.99,9.00,9.09,9.09
2026/05/02,3,23967050,18243600,14334650,15.79,18.50,18.50,18.50,15.94,8.98,8.98,8.98,8.98,8.98,,15.79,,,,,,15.79,18.50,18.47,18.49,15.95,9.37,8.97,8.97,8.98,8.97,,8887100,1475550,1546250,1444050,,15.79,18.50,18.50,18.49,16.00,8.98,8.98,8.98,9.07,9.00
2026/05/02,4,23895900,18327450,14209150,15.79,17.47,17.47,17.47,16.09,8.99,8.99,8.99,8.99,8.99,,15.78,,,,,,15.78,17.47,17.45,17.48,16.16,8.99,8.97,8.93,8.99,8.94,,8814650,1342250,1776700,1576100,,15.78,17.47,17.47,17.51,16.11,8.99,8.99,8.98,8.99,8.90
2026/05/02,5,23724100,18837600,14395150,15.89,18.50,18.50,18.50,15.89,9.15,9.15,9.15,9.15,9.15,,15.92,,,,,,15.92,18.50,18.45,18.49,16.09,9.15,9.15,9.15,9.16,9.15,,8544050,1357300,2087450,1788050,,15.92,18.50,18.51,18.47,16.02,9.15,9.15,9.15,9.15,9.16
2026/05/02,6,23561500,18728800,14152250,15.84,18.50,18.50,18.50,15.84,9.09,9.09,9.09,9.09,9.09,,15.92,,,,,,15.92,18.50,18.44,18.49,16.33,9.09,9.09,9.09,9.03,9.09,,8239000,1200850,1913900,1615300,,15.92,18.50,18.59,18.46,16.08,9.09,9.09,9.08,9.08,9.09
2026/05/02,7,23964450,19513450,14726400,16.51,18.50,18.50,18.50,15.87,14.09,14.09,14.09,14.09,14.09,,16.57,,,,,,16.57,18.50,18.42,18.48,16.39,14.08,14.08,14.07,14.09,14.09,,8293400,1167350,1942250,1644050,,16.57,18.50,18.56,18.50,16.01,14.09,14.09,14.08,14.09,14.07
2026/05/02,8,24098600,19655600,14846050,16.55,17.60,17.60,17.60,16.05,14.18,14.18,14.18,14.18,14.18,,16.60,,,,,,16.60,17.60,17.56,17.59,16.49,14.18,14.17,14.16,14.13,14.16,,8289150,1116950,1941500,1643700,,16.60,17.60,17.69,17.66,16.10,14.18,14.18,14.17,14.18,14.14
2026/05/02,9,24242250,19681100,14812600,16.47,17.25,17.25,17.25,16.06,14.50,14.50,14.50,14.50,14.50,,16.51,,,,,,16.51,17.25,17.25,17.25,16.43,14.49,14.49,14.48,14.38,14.47,,8332050,1068700,1933750,1635600,,16.51,17.25,17.37,17.30,16.10,14.50,14.50,14.50,14.50,14.43
2026/05/02,10,24301900,19855450,14879200,16.50,17.96,17.96,17.96,16.13,14.19,14.19,14.19,14.19,14.19,,16.55,,,,,,16.55,17.96,17.81,17.96,16.55,14.18,14.18,14.17,14.08,14.17,,8331550,1017750,1934450,1635800,,16.55,17.96,17.96,18.02,16.37,14.19,14.19,14.19,14.19,14.11
2026/05/02,11,23822550,19394250,14518200,17.59,17.60,17.60,18.00,18.00,16.00,16.00,16.00,16.00,16.00,,17.56,,,,,,17.56,17.60,17.57,17.99,17.93,15.96,15.98,15.92,15.94,15.95,,8410850,980800,1887700,1599700,,17.56,17.59,17.60,17.93,17.99,15.91,16.00,16.00,16.00,15.91
2026/05/02,12,24180650,18968150,14503900,16.51,14.55,14.55,17.00,17.00,15.50,15.50,15.50,15.50,15.50,,16.46,,,,,,16.46,14.53,14.54,17.00,16.87,15.49,15.49,15.45,15.34,15.41,,8538150,973950,1867700,1579700,,16.46,14.54,14.55,16.97,16.77,15.50,15.50,15.49,15.51,15.41
2026/05/02,13,25653500,18013600,14897150,14.19,14.48,14.48,15.20,14.18,14.18,14.18,14.18,9.13,14.18,,14.13,,,,,,14.13,14.22,14.26,15.18,14.16,14.18,14.16,14.02,9.07,14.12,,8995100,798600,2041000,1855000,,14.13,14.42,14.48,15.17,13.91,14.13,14.15,14.17,9.12,14.05
2026/05/02,14,27305300,17216850,15516300,8.85,8.85,8.85,8.85,8.85,8.85,8.85,8.85,8.85,8.85,,8.85,,,,,,8.85,8.85,8.75,8.86,8.86,8.85,8.85,8.85,8.85,8.85,,9437250,784400,2203200,2101200,,8.85,8.83,8.85,8.85,8.79,8.85,8.85,8.85,8.86,8.89
2026/05/02,15,29507100,17005350,16631100,1.00,1.02,1.02,1.02,1.02,1.02,1.02,1.02,1.02,0.01,,1.05,,,,,,1.05,1.05,1.02,1.03,1.02,1.02,1.21,1.02,1.02,0.01,,9514700,794650,2760150,2658150,,1.05,1.14,1.07,1.03,1.12,1.08,1.07,1.07,1.13,0.01
2026/05/02,16,32294900,17668450,17460600,0.01,2.00,2.00,2.00,0.01,0.01,0.01,0.01,0.01,0.01,,0.04,,,,,,0.04,1.93,1.96,1.97,0.09,0.01,0.03,0.03,0.01,0.01,,9972500,805400,2837450,2837450,,0.04,2.01,2.00,2.00,0.07,0.08,0.06,0.04,0.05,0.01
2026/05/02,17,34088700,17607100,17607100,0.01,0.01,0.01,0.01,0.01,0.01,0.01,0.01,0.01,0.01,,0.02,,,,,,0.02,0.04,0.02,0.01,0.03,0.01,0.02,0.01,0.01,0.01,,10331650,818600,2874500,2874500,,0.02,0.03,0.02,0.01,0.02,0.01,0.02,0.01,0.04,0.01
2026/05/02,18,36441850,18209400,18209400,0.01,0.01,0.01,0.01,0.01,0.01,0.01,0.01,0.01,0.01,,0.03,,,,,,0.03,0.01,0.01,0.07,0.01,0.01,0.01,0.01,0.01,0.01,,10976550,892050,3274050,3274050,,0.03,0.01,0.01,0.09,0.01,0.01,0.01,0.01,0.01,0.01
2026/05/02,19,38125350,18939550,18939550,0.01,0.01,0.01,0.01,0.01,0.01,0.01,0.01,0.01,0.01,,0.01,,,,,,0.01,0.01,0.01,0.01,0.01,0.01,0.01,0.01,0.01,0.01,,11259700,899950,3836850,3836850,,0.01,0.01,0.01,0.01,0.01,0.01,0.01,0.01,0.01,0.01
2026/05/02,20,39425200,19250900,19250900,0.01,0.01,0.01,0.01,0.01,0.01,0.01,0.01,0.01,0.01,,0.01,,,,,,0.01,0.01,0.01,0.01,0.01,0.01,0.01,0.01,0.01,0.01,,11380150,914650,4093900,4093900,,0.01,0.01,0.01,0.01,0.01,0.01,0.01,0.01,0.01,0.01
2026/05/02,21,40479200,19511600,19511600,0.01,0.01,0.01,0.01,0.01,0.01,0.01,0.01,0.01,0.01,,0.01,,,,,,0.01,0.01,0.01,0.02,0.01,0.01,0.01,0.01,0.01,0.01,,11618750,963950,4035200,4035200,,0.01,0.01,0.01,0.02,0.01,0.01,0.01,0.01,0.01,0.01
2026/05/02,22,41367800,19087950,19087950,0.01,0.01,0.01,0.01,0.01,0.01,0.01,0.01,0.01,0.01,,0.01,,,,,,0.01,0.01,0.01,0.01,0.01,0.01,0.01,0.01,0.01,0.01,,11693800,967950,3921550,3921550,,0.01,0.01,0.01,0.01,0.01,0.01,0.01,0.01,0.01,0.01
2026/05/02,23,41769250,19225150,19225150,0.01,0.01,0.01,0.01,0.01,0.01,0.01,0.01,0.01,0.01,,0.01,,,,,,0.01,0.01,0.01,0.01,0.01,0.01,0.01,0.01,0.01,0.01,,11723400,963200,3822450,3822450,,0.01,0.01,0.01,0.01,0.01,0.01,0.01,0.01,0.01,0.01
2026/05/02,24,41885200,19460550,19460550,0.01,0.01,0.01,0.01,0.01,0.01,0.01,0.01,0.01,0.01,,0.01,,,,,,0.01,0.01,0.01,0.02,0.01,0.01,0.01,0.01,0.01,0.01,,11781350,981250,3821800,3821800,,0.01,0.01,0.01,0.02,0.01,0.01,0.01,0.01,0.01,0.01
2026/05/02,25,41773900,19291000,19291000,0.01,0.01,0.01,0.01,0.01,0.01,0.01,0.01,0.01,0.01,,0.01,,,,,,0.01,0.01,0.01,0.01,0.01,0.01,0.01,0.01,0.01,0.01,,11784800,935850,3854400,3854400,,0.01,0.01,0.01,0.01,0.01,0.01,0.01,0.01,0.01,0.01
2026/05/02,26,41391300,19036050,19036050,0.01,0.01,0.01,0.01,0.01,0.01,0.01,0.01,0.01,0.01,,0.01,,,,,,0.01,0.01,0.01,0.01,0.01,0.01,0.01,0.01,0.01,0.01,,11694400,944900,3948500,3948500,,0.01,0.01,0.01,0.01,0.01,0.01,0.01,0.01,0.01,0.01
2026/05/02,27,40742250,19304850,19215500,0.01,0.01,0.01,0.10,0.01,0.01,0.01,0.01,0.01,0.01,,0.01,,,,,,0.01,0.01,0.01,0.10,0.01,0.01,0.01,0.01,0.01,0.01,,11856300,970600,4057600,4057600,,0.01,0.01,0.01,0.11,0.01,0.01,0.01,0.01,0.01,0.01
2026/05/02,28,39824100,18816300,18748700,0.01,0.01,0.01,0.10,0.01,0.01,0.01,0.01,0.01,0.01,,0.01,,,,,,0.01,0.01,0.01,0.11,0.01,0.01,0.01,0.01,0.01,0.01,,11896800,968850,3837200,3837200,,0.01,0.01,0.01,0.11,0.01,0.01,0.01,0.01,0.01,0.01
2026/05/02,29,38490700,18026000,18026000,0.01,0.01,0.01,0.01,0.01,0.01,0.01,0.01,0.01,0.01,,0.01,,,,,,0.01,0.01,0.01,0.02,0.01,0.01,0.01,0.01,0.01,0.01,,11900050,969650,3310850,3310850,,0.01,0.01,0.01,0.02,0.01,0.01,0.01,0.01,0.01,0.01
2026/05/02,30,37241000,17891450,17587000,0.01,0.01,0.01,10.00,0.01,0.01,0.01,0.01,0.01,0.01,,0.04,,,,,,0.04,0.01,0.01,9.90,0.01,0.01,0.01,0.01,0.01,0.01,,11831050,944600,2844450,2844450,,0.04,0.01,0.01,9.99,0.01,0.01,0.01,0.01,0.01,0.01
2026/05/02,31,35499850,17376850,16875500,0.01,0.01,0.01,15.12,0.01,0.01,0.01,0.01,0.01,0.01,,0.04,,,,,,0.04,0.01,0.01,14.75,0.01,0.01,0.05,0.01,0.01,0.01,,11354150,915950,2045150,2045150,,0.04,0.01,0.01,15.10,0.02,0.03,0.03,0.03,0.05,0.01
2026/05/02,32,33955850,16057850,16057850,0.01,0.01,0.01,0.01,0.01,0.01,0.01,0.01,0.01,0.01,,0.12,,,,,,0.12,0.02,0.03,0.08,0.01,0.01,0.37,0.01,0.01,0.01,,11077200,860800,1640750,1640750,,0.12,0.05,0.12,0.06,0.15,0.49,0.16,0.17,0.12,0.01
2026/05/02,33,33538900,16657900,16477500,0.01,1.58,1.58,1.58,0.01,0.01,0.01,0.01,0.01,0.01,,0.12,,,,,,0.12,1.59,1.48,1.61,0.01,0.01,0.32,0.01,0.01,0.01,,10790100,815200,1817500,1817500,,0.12,1.70,1.62,1.60,0.14,0.47,0.13,0.14,0.26,0.01
2026/05/02,34,31118100,17288300,15824900,1.63,3.00,3.00,3.00,0.01,0.01,0.01,0.01,0.01,0.01,,1.67,,,,,,1.67,2.99,2.86,3.00,0.02,0.01,0.37,0.01,0.09,0.01,,10731850,820000,1489900,1389900,,1.67,3.04,3.03,3.01,0.46,0.18,0.14,0.17,0.16,0.02
2026/05/02,35,29186650,17843950,15275200,8.09,9.44,8.52,8.52,7.00,6.50,6.50,6.50,6.50,6.50,,8.09,,,,,,8.09,9.45,8.54,8.54,7.00,6.50,6.50,6.50,6.50,6.50,,10692450,918150,1386900,1286900,,8.09,9.44,8.55,8.53,7.07,6.50,6.50,6.50,6.50,6.50
2026/05/02,36,28123700,19281950,15047150,10.77,14.55,15.17,15.17,10.83,8.98,8.98,8.98,8.98,8.98,,10.80,,,,,,10.80,14.42,15.11,15.17,10.83,8.98,8.98,8.98,8.98,8.98,,10675900,940150,1385150,1199650,,10.80,14.39,15.17,15.17,10.95,8.98,8.98,8.98,8.97,8.98
2026/05/02,37,28273350,19929100,15007150,14.96,15.65,15.65,15.65,13.79,13.79,13.79,13.79,13.79,13.79,,14.87,,,,,,14.87,15.37,15.57,15.64,13.78,13.78,13.64,13.78,13.78,13.78,,10686100,1052100,1286550,1098550,,14.87,15.61,15.65,15.64,13.77,13.80,13.79,13.79,13.80,13.39
2026/05/02,38,28288450,20560250,15070000,15.65,16.27,16.27,16.27,14.96,14.96,14.96,14.96,14.96,14.96,,15.51,,,,,,15.51,16.20,16.15,16.23,14.94,14.96,14.62,14.79,14.95,14.95,,10503600,1015200,1186700,1098700,,15.51,16.23,16.27,16.24,14.93,14.96,14.96,14.95,14.97,14.10
2026/05/02,39,28180250,20431100,14868800,15.24,15.79,15.79,15.79,14.96,14.96,14.96,14.96,14.96,14.96,,15.14,,,,,,15.14,15.78,15.66,15.77,14.94,14.96,14.66,14.78,14.95,14.95,,10574850,999650,1188050,1098050,,15.14,15.76,15.79,15.76,14.93,14.97,14.96,14.95,14.96,14.29
2026/05/02,40,28092800,20002400,14917500,15.74,15.79,15.79,15.79,15.79,14.96,14.96,14.96,14.96,14.96,,15.61,,,,,,15.61,15.69,15.67,15.78,15.78,14.96,14.64,14.74,14.94,14.95,,10757400,995350,1185750,1065450,,15.61,15.74,15.79,15.76,15.74,14.96,14.96,14.96,14.95,14.25
2026/05/02,41,28128400,20433050,14938400,15.41,15.79,15.79,15.79,15.58,14.96,14.96,14.96,14.96,14.96,,15.32,,,,,,15.32,15.67,15.71,15.78,15.56,14.96,14.71,14.87,14.94,14.93,,10820300,991800,1183200,1061900,,15.32,15.73,15.79,15.77,15.53,14.96,14.96,14.95,14.96,14.42
2026/05/02,42,28189050,19755500,14872450,15.14,15.41,15.41,15.41,15.41,14.96,14.96,14.96,14.96,14.96,,15.02,,,,,,15.02,15.32,15.36,15.40,15.40,14.96,14.53,14.73,14.94,14.94,,10814400,994200,1179300,1058000,,15.02,15.35,15.41,15.40,15.36,14.96,14.96,14.86,14.96,14.05
2026/05/02,43,27869800,19504850,14597100,14.96,15.19,15.19,15.19,15.19,14.18,14.18,14.18,14.18,14.18,,14.84,,,,,,14.84,15.08,15.15,15.17,15.18,14.18,13.86,14.14,14.16,14.17,,10788250,1011850,1175200,1053400,,14.84,15.13,15.19,15.18,15.11,14.18,14.18,14.18,14.18,13.46
2026/05/02,44,27756250,19399350,14524950,14.96,15.16,15.16,15.16,15.16,14.96,14.96,14.96,14.96,14.96,,14.82,,,,,,14.82,15.10,15.14,15.17,15.15,14.95,14.46,14.82,14.67,14.83,,10762900,1033450,1601900,1217650,,14.82,15.11,15.21,15.15,15.10,14.96,14.96,14.68,14.96,13.86
2026/05/02,45,27908850,19339200,14168000,15.09,15.19,15.19,15.19,15.19,14.96,14.96,14.96,14.96,14.96,,14.92,,,,,,14.92,14.99,15.11,15.18,15.19,14.96,14.41,14.74,14.94,14.81,,10923900,1046800,1603650,1217550,,14.92,15.13,15.19,15.18,15.10,14.96,14.96,14.70,14.96,13.81
2026/05/02,46,26962350,19176550,14858450,16.29,19.42,19.42,23.00,18.05,13.79,13.79,13.79,13.79,13.79,,16.15,,,,,,16.15,18.69,18.96,22.89,17.95,13.79,13.63,13.67,13.78,13.70,,10727000,1048650,1600000,1216300,,16.15,19.27,19.42,22.75,17.75,13.79,13.79,13.75,13.79,13.35
2026/05/02,47,26593600,19068300,14659100,16.61,19.69,19.69,26.39,19.00,13.79,13.79,13.79,13.79,13.79,,16.49,,,,,,16.49,18.95,19.04,26.16,18.91,13.79,13.59,13.75,13.78,13.79,,10718750,1059050,1576400,1195650,,16.49,19.52,19.67,25.88,18.64,13.79,13.79,13.77,13.79,13.33
2026/05/02,48,26003800,17838600,13921900,15.78,20.00,20.00,21.32,17.50,8.99,8.99,8.99,8.99,8.99,,15.74,,,,,,15.74,19.60,19.52,21.12,17.40,8.99,8.98,8.99,8.94,8.99,,10143250,1070950,833450,718800,,15.74,19.85,19.99,21.10,17.02,8.99,8.99,8.99,8.97,8.99
2026/05/03,1,23170200,16890300,13836900,14.71,16.57,16.57,16.57,14.83,9.09,9.09,9.09,9.09,9.09,,14.66,,,,,,14.66,16.54,16.52,16.56,14.65,9.09,9.09,9.09,9.08,9.06,,7108800,937150,872350,759850,,14.66,16.44,16.57,16.54,14.54,9.09,9.09,9.09,9.07,9.09
2026/05/03,2,23816600,16947450,13694300,14.18,15.79,15.79,15.79,11.50,11.00,11.00,11.00,11.00,11.00,,14.11,,,,,,14.11,15.52,15.70,15.74,11.46,11.00,10.97,10.99,10.84,11.00,,8293450,1103800,1372750,1262800,,14.11,15.73,15.70,15.72,11.39,10.92,11.00,11.00,11.00,11.00
2026/05/03,3,24138000,16868750,13610350,13.52,15.24,15.24,15.24,11.38,9.15,9.15,9.15,9.15,9.15,,13.47,,,,,,13.47,15.08,15.16,15.21,11.35,9.15,9.15,9.15,9.14,9.15,,8727050,1145700,1470300,1262450,,13.47,15.22,15.23,15.16,11.25,9.15,9.15,9.15,9.15,9.15
2026/05/03,4,24263000,16995050,13583800,12.49,15.17,15.17,15.17,11.03,9.15,9.15,9.15,9.15,9.15,,12.44,,,,,,12.44,15.11,15.15,15.12,10.96,9.15,9.15,9.14,9.14,9.15,,8900600,1119350,1568950,1262600,,12.44,15.15,15.16,15.08,10.89,9.15,9.15,9.15,9.15,9.15
2026/05/03,5,24364750,17436900,13973500,14.09,15.24,15.24,15.24,13.99,9.15,9.15,9.15,9.15,9.15,,14.03,,,,,,14.03,15.09,15.21,15.23,13.86,9.15,9.16,9.15,9.14,9.13,,8740550,1261100,1668350,1263300,,14.03,15.22,15.23,15.17,13.79,9.15,9.16,9.17,9.22,9.16
2026/05/03,6,24663550,17518900,13821500,14.59,15.78,15.78,15.78,15.78,9.13,9.13,9.13,9.13,9.13,,14.57,,,,,,14.57,15.47,15.77,15.75,15.75,9.13,9.13,9.13,9.11,9.13,,8755900,1223900,1436750,932450,,14.57,15.74,15.76,15.73,15.68,9.13,9.13,9.13,9.12,9.13
2026/05/03,7,24900250,18121300,14326900,15.13,15.79,15.79,15.79,15.79,12.50,12.50,12.50,12.50,12.50,,15.04,,,,,,15.04,15.09,15.78,15.78,15.74,12.50,12.47,12.47,12.46,12.49,,8706000,1148300,1435850,931950,,15.04,15.76,15.79,15.78,15.53,12.44,12.50,12.50,12.50,12.41
2026/05/03,8,24991800,18343650,14254150,15.39,15.87,15.87,15.87,15.87,14.09,14.09,14.09,14.09,14.09,,15.27,,,,,,15.27,15.27,15.86,15.87,15.81,14.09,13.90,13.91,13.84,14.07,,8749200,1060800,1435200,931850,,15.27,15.84,15.87,15.87,15.63,13.77,14.09,14.09,14.09,13.60
2026/05/03,9,25053900,18509150,14309700,15.65,16.57,16.57,16.57,16.57,14.18,14.18,14.18,14.18,14.18,,15.55,,,,,,15.55,16.07,16.53,16.55,16.48,14.18,14.06,14.15,13.94,14.16,,8816400,996650,1428800,925300,,15.55,16.50,16.57,16.57,16.30,14.07,14.18,14.18,14.18,13.85
2026/05/03,10,25066700,18758500,14266900,15.75,16.89,16.89,16.89,16.89,14.19,14.19,14.19,14.19,14.19,,15.64,,,,,,15.64,16.60,16.85,16.88,16.79,14.19,13.98,14.17,13.95,14.17,,8872500,995200,1429500,935500,,15.64,16.83,16.89,16.89,16.64,13.71,14.19,14.19,14.19,13.79
2026/05/03,11,24635050,17637250,13563900,15.20,16.00,16.00,16.00,16.00,14.09,14.09,14.09,14.09,14.09,,15.08,,,,,,15.08,15.55,15.99,16.00,15.98,14.09,13.77,14.07,13.85,14.05,,8963800,998600,1416250,925250,,15.08,15.93,16.00,16.00,15.75,13.74,14.09,14.09,14.09,13.59
2026/05/03,12,25330350,16665600,13552400,13.79,14.99,14.99,14.99,14.99,10.03,10.03,10.03,10.03,10.03,,13.69,,,,,,13.69,14.50,14.98,14.97,14.99,10.03,10.02,10.03,9.98,10.04,,9191600,1070650,1231050,740050,,13.69,14.96,14.99,14.99,14.68,10.03,10.03,10.04,10.05,10.04
2026/05/03,13,25997400,15792150,13622300,10.30,10.81,10.81,10.81,10.81,9.76,9.76,9.76,9.76,9.76,,10.28,,,,,,10.28,10.80,10.71,10.80,10.81,9.76,9.74,9.76,9.61,9.76,,9306050,891800,1301150,790150,,10.28,10.81,10.81,10.81,10.69,9.76,9.76,9.76,9.76,9.74
2026/05/03,14,26329450,16268050,13750750,9.76,9.76,9.76,9.76,9.76,9.09,9.09,9.09,9.09,9.09,,9.75,,,,,,9.75,9.75,9.75,9.75,9.76,9.09,9.09,9.09,9.07,9.09,,9777200,848450,1473500,836500,,9.75,9.76,9.76,9.76,9.70,9.09,9.09,9.10,9.10,9.09
2026/05/03,15,27086150,16584350,14244450,8.54,8.87,8.87,8.87,8.87,8.87,8.87,8.87,8.87,8.87,,8.55,,,,,,8.55,8.87,8.83,8.88,8.88,8.87,8.86,8.87,8.87,8.87,,9953350,883900,2065950,1347500,,8.55,8.90,8.90,8.87,8.81,8.88,8.87,8.87,8.87,8.88
2026/05/03,16,27967050,18596500,15166950,9.76,10.30,10.30,10.30,9.76,8.98,8.98,8.98,8.98,8.98,,9.74,,,,,,9.74,10.30,10.30,10.30,9.75,8.98,8.96,8.88,8.91,8.98,,10328650,888000,2440200,1435850,,9.74,10.28,10.30,10.29,9.63,8.98,8.98,8.98,8.98,8.98
2026/05/03,17,28320050,18526450,15208700,9.09,10.32,10.32,10.32,9.76,8.85,8.85,8.85,8.85,8.85,,9.09,,,,,,9.09,10.30,10.32,10.32,9.72,8.85,8.83,8.81,8.85,8.85,,10342550,789600,2997500,1569900,,9.09,10.30,10.33,10.32,9.65,8.85,8.85,8.85,8.85,8.85
2026/05/03,18,28845100,18678650,15590000,8.61,10.30,10.30,10.30,5.55,5.55,5.55,5.55,5.55,5.55,,8.58,,,,,,8.58,10.28,10.29,10.30,5.61,5.55,5.55,5.59,5.55,5.55,,10226100,778000,3129250,1585200,,8.58,10.28,10.30,10.30,5.57,5.80,5.55,5.55,5.55,5.55
2026/05/03,19,28919150,20033200,16183800,8.98,5.00,8.57,10.31,8.00,8.00,8.00,8.00,8.00,8.00,,8.97,,,,,,8.97,5.00,8.56,10.31,8.00,8.00,7.98,7.92,7.99,8.00,,9888150,788250,4110900,1900400,,8.97,5.04,8.58,10.31,7.95,8.00,8.00,8.00,8.00,8.00
2026/05/03,20,29538850,20726900,16663850,8.87,8.58,8.58,10.30,8.30,8.30,8.30,8.30,8.30,8.30,,8.87,,,,,,8.87,8.58,8.57,10.30,8.31,8.30,8.27,8.22,8.30,8.30,,10003650,770850,4674350,2154050,,8.87,8.57,8.63,10.31,8.23,8.31,8.30,8.31,8.30,8.30
2026/05/03,21,29856400,20948500,17018900,8.67,7.30,7.30,10.26,8.37,8.37,8.37,8.37,8.37,8.37,,8.67,,,,,,8.67,7.29,7.34,10.23,8.38,8.37,8.36,8.24,8.39,8.37,,10010050,778550,4982150,2260600,,8.67,7.30,7.44,10.25,8.30,8.40,8.37,8.37,8.37,8.37
2026/05/03,22,30783600,20888350,17203850,7.44,6.37,6.37,8.49,6.78,6.78,6.78,6.78,6.78,6.78,,7.47,,,,,,7.47,6.34,6.37,8.52,6.89,6.78,6.77,6.75,6.83,6.78,,10600400,767700,4980050,2360300,,7.47,6.35,6.63,8.49,6.76,7.06,6.78,6.78,6.78,6.78
2026/05/03,23,30704650,20980850,17247150,8.52,7.76,7.76,10.30,8.49,8.49,8.49,8.49,8.49,8.49,,8.53,,,,,,8.53,7.75,7.79,10.25,8.49,8.49,8.48,8.42,8.49,8.50,,10751400,778800,4892850,2472850,,8.53,7.75,7.89,10.29,8.46,8.51,8.49,8.49,8.50,8.49
2026/05/03,24,30845000,20740250,17239300,8.34,7.65,7.65,10.30,8.39,8.39,8.39,8.39,8.39,8.39,,8.36,,,,,,8.36,7.64,7.68,10.25,8.41,8.39,8.39,8.39,8.40,8.40,,10878400,775150,4529400,2360200,,8.36,7.64,7.80,10.30,8.40,8.43,8.39,8.39,8.40,8.39
2026/05/03,25,30366350,21011500,16921950,8.87,7.35,7.35,12.32,7.33,7.33,7.33,7.33,7.33,7.33,,8.87,,,,,,8.87,7.34,7.39,12.30,7.42,7.33,7.33,7.30,7.36,7.49,,10818300,776850,4323550,2408150,,8.87,7.34,7.36,12.29,7.35,7.82,7.34,7.34,7.34,7.34
2026/05/03,26,30129800,20532150,16612050,8.85,7.37,7.37,12.32,8.19,8.19,8.19,8.19,8.19,8.19,,8.93,,,,,,8.93,7.37,7.40,12.32,8.68,8.19,8.19,8.14,8.22,8.26,,10893050,770600,4024900,2206750,,8.93,7.37,7.38,12.31,8.32,8.76,8.26,8.42,8.40,8.21
2026/05/03,27,29704950,20685950,16595100,9.76,8.90,8.90,12.32,9.09,9.09,9.09,9.09,9.09,9.09,,9.83,,,,,,9.83,8.89,8.91,12.32,9.55,9.09,9.09,9.09,9.04,9.10,,10873500,773050,3787250,2165800,,9.83,8.89,8.90,12.31,9.24,9.61,9.30,9.12,9.09,9.10
2026/05/03,28,29070700,20254250,16258300,10.10,9.52,9.52,14.75,9.15,9.15,9.15,9.15,9.15,9.15,,10.14,,,,,,10.14,9.51,9.55,14.73,9.46,9.15,9.15,9.15,9.12,9.15,,10783100,767900,3328200,2068550,,10.14,9.51,9.53,14.69,9.28,9.23,9.15,9.16,9.17,9.16
2026/05/03,29,28615800,19836600,16220300,10.30,12.63,12.63,14.13,9.76,9.33,9.33,9.33,9.33,9.33,,10.33,,,,,,10.33,12.61,12.60,14.11,9.96,9.33,9.33,9.32,9.32,9.33,,10691850,890050,2781750,1890300,,10.33,12.62,12.63,14.04,9.82,9.32,9.32,9.33,9.32,9.33
2026/05/03,30,28024850,19590250,15467700,11.08,14.45,15.20,15.20,10.81,9.09,9.09,9.09,9.09,9.09,,11.11,,,,,,11.11,14.37,15.11,15.19,11.07,9.09,9.09,9.09,9.10,9.09,,10736150,884200,2335950,1544150,,11.11,14.38,15.20,15.15,10.80,9.11,9.11,9.19,9.09,9.09
2026/05/03,31,27982800,18823550,14551000,11.09,14.54,16.72,16.72,11.21,8.49,8.49,8.49,8.49,8.49,,11.13,,,,,,11.13,14.49,16.66,16.63,11.14,8.49,8.48,8.49,8.50,8.49,,10784400,883050,1349700,645150,,11.13,14.51,16.71,16.57,11.07,8.52,8.50,8.55,8.50,8.49
2026/05/03,32,27517750,17306500,13877300,9.76,14.58,14.58,14.58,14.58,8.52,8.52,8.52,8.52,8.52,,9.82,,,,,,9.82,14.49,14.53,14.58,14.54,8.52,8.52,8.52,8.52,8.52,,10854250,915650,1051000,473500,,9.82,14.56,14.58,14.57,14.53,8.52,8.52,8.53,8.52,8.52
2026/05/03,33,27938900,18381800,14265400,9.37,10.86,10.86,10.86,10.86,8.52,8.52,8.52,8.52,8.52,,9.48,,,,,,9.48,10.86,10.86,10.99,10.89,8.52,8.52,8.52,8.53,8.52,,10658700,917750,943350,490950,,9.48,10.88,10.97,10.96,10.94,8.54,8.52,8.52,8.52,8.52
2026/05/03,34,26974300,18879400,14262550,10.95,14.51,14.51,14.51,14.51,8.98,8.98,8.98,8.98,8.98,,11.03,,,,,,11.03,14.50,14.50,14.52,14.52,8.98,8.98,8.98,8.98,8.98,,10603350,865600,886100,515300,,11.03,14.49,14.51,14.52,14.52,8.98,8.98,8.98,8.98,8.97
2026/05/03,35,26903300,19613250,14090700,14.19,15.75,15.75,15.75,15.75,9.33,9.33,9.33,9.33,9.33,,14.16,,,,,,14.16,15.73,15.68,15.73,15.73,9.33,9.33,9.33,9.32,9.33,,10542700,842500,969000,650750,,14.16,15.70,15.74,15.75,15.63,9.33,9.33,9.33,9.32,9.33
2026/05/03,36,27326250,20122150,14267200,15.14,16.68,16.68,16.68,16.68,13.79,13.79,13.79,13.79,13.79,,15.02,,,,,,15.02,16.65,16.60,16.67,16.65,13.77,13.51,13.78,13.77,13.77,,10671500,837750,797000,668450,,15.02,16.60,16.67,16.67,16.61,13.54,13.78,13.67,13.80,13.30
2026/05/03,37,27594950,20451750,14427250,15.41,18.00,18.00,18.00,17.28,13.52,13.52,13.52,13.52,13.52,,15.33,,,,,,15.33,17.99,17.94,17.99,17.22,13.52,13.45,13.51,13.52,13.51,,11060400,1130300,799300,668000,,15.33,17.90,17.99,17.98,17.23,13.50,13.52,13.40,13.52,13.42
2026/05/03,38,27496050,20844650,14521600,15.75,18.69,18.69,18.69,18.41,13.79,13.79,13.79,13.79,13.79,,15.65,,,,,,15.65,18.64,18.58,18.65,18.33,13.79,13.71,13.76,13.74,13.77,,11036300,1124850,799200,667850,,15.65,18.54,18.69,18.63,18.29,13.63,13.79,13.66,13.79,13.71
2026/05/03,39,27802100,20956150,14571350,15.59,18.53,18.53,18.53,17.98,13.79,13.79,13.79,13.79,13.79,,15.49,,,,,,15.49,18.35,18.38,18.51,17.88,13.79,13.70,13.76,13.74,13.76,,11379900,1155050,797750,665900,,15.49,18.40,18.53,18.47,17.83,13.63,13.79,13.65,13.79,13.69
2026/05/03,40,28053300,20575650,14481400,15.25,17.26,17.26,17.26,17.26,13.52,13.52,13.52,13.52,13.52,,15.17,,,,,,15.17,17.02,17.08,17.23,17.21,13.52,13.46,13.48,13.47,13.50,,11459150,1169400,795100,663250,,15.17,17.14,17.26,17.24,17.04,13.40,13.52,13.42,13.53,13.45
2026/05/03,41,27698100,20088800,14324050,15.02,16.08,16.08,16.08,16.08,13.52,13.52,13.52,13.52,13.52,,14.94,,,,,,14.94,16.00,16.04,16.06,16.07,13.52,13.45,13.48,13.47,13.49,,11032950,987000,789600,657750,,14.94,16.00,16.08,16.07,16.01,13.25,13.52,13.42,13.52,13.47
2026/05/03,42,27447300,19291050,14234200,14.96,15.75,15.75,15.75,15.75,10.75,10.75,10.75,10.75,10.75,,14.85,,,,,,14.85,15.66,15.75,15.75,15.75,10.75,10.68,10.75,10.75,10.75,,10786550,1028200,784950,653100,,14.85,15.69,15.75,15.75,15.73,10.71,10.75,10.75,10.75,10.59
2026/05/03,43,27242900,19185700,14033350,14.83,15.79,15.79,15.79,15.79,9.50,9.50,9.50,9.50,9.50,,14.74,,,,,,14.74,15.71,15.79,15.78,15.79,9.50,9.48,9.50,9.46,9.50,,10751950,990950,780450,648650,,14.74,15.73,15.79,15.78,15.77,9.45,9.50,9.50,9.49,9.48
2026/05/03,44,27170000,19333750,14259700,14.19,15.41,15.41,15.41,15.41,13.52,13.52,13.52,13.52,13.52,,14.15,,,,,,14.15,15.28,15.41,15.40,15.41,13.52,13.43,13.45,13.46,13.49,,10712900,1045950,1271650,1139850,,14.15,15.38,15.41,15.40,15.37,13.20,13.52,13.51,13.52,13.38
2026/05/03,45,28004850,18675750,14387000,13.01,14.90,14.90,14.90,14.90,13.01,13.01,13.01,13.01,13.01,,13.00,,,,,,13.00,14.81,14.87,14.89,14.90,13.01,12.92,12.95,12.94,12.98,,10979650,1059000,1269400,1144600,,13.00,14.85,14.90,14.90,14.87,12.81,13.01,12.90,13.01,12.89
2026/05/03,46,27500050,18482250,14750650,15.27,18.69,18.69,18.69,15.95,11.99,11.99,11.99,11.24,11.99,,15.21,,,,,,15.21,18.65,18.61,18.68,15.86,11.99,11.97,11.98,11.24,11.98,,11079250,1053350,1266800,1144050,,15.21,18.54,18.69,18.67,15.86,11.90,11.99,11.92,11.24,11.99
2026/05/03,47,26919650,18428650,14735250,15.16,18.69,18.69,18.69,16.31,11.99,11.99,11.99,11.99,11.99,,15.13,,,,,,15.13,18.69,18.61,18.68,16.23,11.99,11.98,11.99,11.99,11.99,,10747500,1213650,1260700,1140650,,15.13,18.59,18.69,18.67,16.22,11.85,11.99,11.99,11.99,11.99
2026/05/03,48,26107850,17198750,13668550,14.96,17.48,17.48,17.48,15.89,8.47,8.47,8.47,8.47,8.47,,14.88,,,,,,14.88,17.45,17.45,17.47,15.84,8.47,8.47,8.47,8.47,8.45,,9965800,1194750,612850,494050,,14.88,17.40,17.47,17.47,15.67,8.47,8.47,8.47,8.47,8.47
2026/05/04,1,23347650,16732750,13688350,15.00,16.00,16.00,16.00,15.68,8.87,8.87,8.87,8.87,8.87,,14.96,,,,,,14.96,15.65,15.85,15.96,15.58,8.87,8.87,8.87,8.87,8.86,,7762750,909200,857150,763650,,14.96,15.92,16.00,15.88,15.47,8.87,8.87,8.87,8.87,8.87
2026/05/04,2,24044800,16516650,13516800,13.47,15.27,15.27,15.27,15.27,8.87,8.87,8.87,8.87,8.87,,13.45,,,,,,13.45,14.92,15.20,15.23,15.14,8.87,8.87,8.87,8.87,8.87,,8878100,999400,1038150,944650,,13.45,15.23,15.27,15.19,15.00,8.87,8.87,8.87,8.87,8.87
2026/05/04,3,24526300,16607250,13764850,11.63,15.07,15.07,15.07,15.00,8.87,8.87,8.87,8.87,8.87,,11.66,,,,,,11.66,14.81,14.99,15.06,14.96,8.87,8.87,8.87,8.87,8.87,,9397850,1116700,1467500,1274000,,11.66,15.04,15.07,15.00,14.97,8.87,8.87,8.87,8.87,8.87
2026/05/04,4,24824450,16634250,13742250,11.16,14.90,14.90,14.90,14.90,8.87,8.87,8.87,8.87,8.87,,11.20,,,,,,11.20,14.62,14.82,14.90,14.83,8.87,8.87,8.87,8.87,8.87,,9616450,1130050,1566100,1272600,,11.20,14.89,14.90,14.81,14.85,8.87,8.87,8.87,8.87,8.87
2026/05/04,5,25423450,17146700,13676250,12.00,15.79,15.79,15.79,15.79,8.87,8.87,8.87,8.87,8.87,,12.02,,,,,,12.02,15.23,15.78,15.78,15.76,8.87,8.87,8.87,8.87,8.87,,9696700,1165950,1665700,1261450,,12.02,15.77,15.79,15.66,15.79,8.87,8.87,8.87,8.87,8.87
2026/05/04,6,25706100,17814600,13870950,13.80,15.79,15.79,15.79,15.79,9.09,9.09,9.09,9.09,9.09,,13.76,,,,,,13.76,15.25,15.78,15.78,15.76,9.09,9.09,9.09,9.09,9.09,,9763750,1138550,1766150,1262750,,13.76,15.76,15.79,15.67,15.79,9.08,9.09,9.09,9.09,9.08
2026/05/04,7,25876350,18008650,14083650,14.50,15.93,15.93,15.93,15.93,8.99,8.99,8.99,8.99,8.99,,14.43,,,,,,14.43,15.34,15.91,15.90,15.84,8.99,8.99,8.99,8.99,8.99,,9740500,1096600,1431150,930150,,14.43,15.90,15.93,15.75,15.88,8.99,8.99,8.99,8.99,8.98
2026/05/04,8,26101850,18116650,14190050,14.66,15.93,15.93,15.93,15.93,9.13,9.13,9.13,9.13,9.13,,14.60,,,,,,14.60,15.40,15.91,15.90,15.87,9.13,9.12,9.13,9.13,9.13,,9793800,1032800,1430450,930050,,14.60,15.90,15.93,15.78,15.88,9.13,9.13,9.13,9.13,9.11
2026/05/04,9,26248900,18180650,14419200,14.64,15.81,15.81,15.81,15.81,9.15,9.15,9.15,9.15,9.15,,14.58,,,,,,14.58,15.45,15.79,15.77,15.76,9.15,9.15,9.15,9.15,9.15,,9875650,1154250,1422450,923300,,14.58,15.71,15.81,15.69,15.76,9.15,9.15,9.15,9.15,9.14
2026/05/04,10,26191300,18098200,14370950,14.64,15.95,15.95,15.95,15.95,9.15,9.15,9.15,9.15,9.15,,14.58,,,,,,14.58,15.41,15.93,15.93,15.86,9.15,9.14,9.15,9.15,9.15,,10025150,1231950,1423200,933200,,14.58,15.90,15.95,15.79,15.90,9.15,9.15,9.15,9.15,9.14
2026/05/04,11,25707550,17575200,13560500,14.19,15.81,15.81,15.81,15.81,9.13,9.13,9.13,9.13,9.13,,14.14,,,,,,14.14,15.39,15.70,15.79,15.79,9.13,9.12,9.13,9.13,9.13,,10134450,1269150,1425250,936750,,14.14,15.78,15.81,15.70,15.73,9.13,9.13,9.13,9.13,9.12
2026/05/04,12,25906950,16623100,13254250,11.21,15.06,15.06,15.06,15.06,8.87,8.87,8.87,8.87,8.87,,11.23,,,,,,11.23,14.69,14.95,15.04,15.04,8.87,8.87,8.87,8.88,8.87,,10085900,1133100,1401850,913350,,11.23,15.03,15.06,14.99,14.92,8.87,8.87,8.87,8.87,8.87
2026/05/04,13,26275100,16628950,13684500,12.04,14.67,14.67,14.67,14.67,9.15,9.15,9.15,9.15,9.15,,12.03,,,,,,12.03,14.42,14.61,14.65,14.62,9.15,9.15,9.15,9.11,9.15,,9968350,818400,1396900,975900,,12.03,14.65,14.67,14.64,14.46,9.14,9.15,9.15,9.14,9.15
2026/05/04,14,26967450,15827950,13703950,8.00,10.32,10.32,10.32,10.32,5.60,5.60,5.60,5.60,5.60,,8.07,,,,,,8.07,10.36,10.30,10.37,10.32,5.60,5.60,5.60,5.60,5.60,,10435900,866550,1480150,1034150,,8.07,10.34,10.39,10.34,10.36,5.60,5.60,5.60,5.60,5.60
2026/05/04,15,28499200,16526900,14666100,5.00,8.00,8.00,8.00,8.00,5.00,5.00,5.00,5.00,0.01,,5.09,,,,,,5.09,8.00,8.00,8.06,8.01,5.00,5.01,5.06,5.00,0.01,,10428050,879400,2162400,1652400,,5.09,8.01,8.06,8.04,8.00,5.00,5.02,5.02,5.01,0.01
2026/05/04,16,30351700,19018850,16023700,8.87,15.40,15.40,15.40,10.94,3.00,3.00,3.00,3.00,0.01,,8.82,,,,,,8.82,15.25,15.40,15.39,10.73,3.00,3.03,3.30,3.00,0.01,,10718700,830300,2500650,1986450,,8.82,15.37,15.40,15.38,10.68,3.07,3.07,3.10,3.01,0.01
2026/05/04,17,31590150,19420450,16599550,5.00,14.54,15.40,15.40,10.90,0.83,0.83,0.83,0.83,0.01,,5.02,,,,,,5.02,14.45,15.39,15.39,10.65,0.83,0.96,0.83,0.83,0.01,,10705650,861900,2936150,2379150,,5.02,14.51,15.40,15.37,10.62,0.91,0.91,0.92,0.91,0.01
2026/05/04,18,32945450,19873650,17591200,3.31,14.38,14.38,14.38,10.81,1.01,1.01,1.01,1.01,0.01,,3.35,,,,,,3.35,14.37,14.37,14.37,10.61,1.01,1.01,1.01,1.01,0.01,,10887550,859550,3489200,2932200,,3.35,14.34,14.38,14.37,10.58,1.00,1.01,1.02,1.02,0.01
2026/05/04,19,33722950,20435150,18325250,2.16,11.26,11.26,11.26,3.77,2.05,2.05,2.05,1.00,0.01,,2.20,,,,,,2.20,11.26,11.26,11.25,3.86,2.05,2.05,2.05,1.00,0.01,,10778400,895250,3869250,3399750,,2.20,11.25,11.25,11.26,3.87,2.03,2.06,2.05,1.00,0.01
2026/05/04,20,35118700,20052550,18818100,0.01,9.09,9.09,9.09,3.77,0.02,0.02,0.02,0.01,0.01,,0.07,,,,,,0.07,9.09,9.09,9.07,3.89,0.02,0.02,0.02,0.01,0.01,,10860150,940650,3785800,3437300,,0.07,9.07,9.08,9.09,3.84,0.02,0.02,0.02,0.01,0.01
2026/05/04,21,36058450,19816450,19074550,0.01,7.41,7.41,7.41,0.01,0.01,0.01,0.01,0.01,0.01,,0.04,,,,,,0.04,7.41,7.41,7.39,0.02,0.01,0.01,0.01,0.01,0.01,,11079700,988550,3781050,3560200,,0.04,7.40,7.41,7.38,0.02,0.01,0.01,0.01,0.01,0.01
2026/05/04,22,36886600,19797500,19143550,0.01,6.00,6.00,6.00,0.01,0.01,0.01,0.01,0.01,0.01,,0.05,,,,,,0.05,6.00,6.00,5.99,0.01,0.01,0.01,0.01,0.01,0.01,,11192200,1026150,3702500,3502500,,0.05,5.99,6.00,5.98,0.01,0.01,0.01,0.01,0.01,0.01
2026/05/04,23,37490800,19821750,19285300,0.01,5.01,5.01,5.01,0.01,0.01,0.01,0.01,0.01,0.01,,0.07,,,,,,0.07,5.03,5.01,5.02,0.01,0.01,0.01,0.01,0.01,0.01,,11268100,1047450,3624250,3524250,,0.07,5.03,5.03,5.02,0.01,0.01,0.01,0.01,0.01,0.01
2026/05/04,24,37873450,19721550,19336400,0.01,4.62,4.62,4.62,0.01,0.01,0.01,0.01,0.01,0.01,,0.07,,,,,,0.07,4.68,4.62,4.63,0.01,0.01,0.01,0.01,0.01,0.01,,11310100,1046450,3524900,3524900,,0.07,4.65,4.64,4.63,0.01,0.01,0.01,0.01,0.01,0.01
2026/05/04,25,38025450,19676500,19338350,0.01,3.00,3.00,3.00,0.01,0.01,0.01,0.01,0.01,0.01,,0.09,,,,,,0.09,3.10,3.00,3.06,0.01,0.01,0.01,0.01,0.01,0.01,,11426250,1068550,3534400,3534400,,0.09,3.04,3.08,3.05,0.01,0.01,0.01,0.01,0.01,0.01
2026/05/04,26,38155150,19664950,19444300,0.01,2.00,2.00,2.00,0.01,0.01,0.01,0.01,0.01,0.01,,0.11,,,,,,0.11,2.10,2.00,2.13,0.01,0.01,0.01,0.01,0.01,0.01,,11541900,1079700,3654350,3654350,,0.11,2.17,2.14,2.08,0.01,0.01,0.01,0.01,0.01,0.01
2026/05/04,27,37987450,19587900,19401250,0.01,1.15,1.15,1.15,0.01,0.01,0.01,0.01,0.01,0.01,,0.11,,,,,,0.11,1.38,1.15,1.30,0.03,0.01,0.01,0.01,0.01,0.01,,11567400,1066450,3723900,3723900,,0.11,1.38,1.31,1.26,0.01,0.02,0.02,0.01,0.01,0.01
2026/05/04,28,37402150,19159000,18838850,0.01,2.00,2.00,2.00,0.01,0.01,0.01,0.01,0.01,0.01,,0.10,,,,,,0.10,2.20,2.00,2.10,0.06,0.01,0.01,0.01,0.01,0.01,,11679700,1053650,3363300,3263300,,0.10,2.17,2.11,2.07,0.07,0.01,0.01,0.01,0.01,0.01
2026/05/04,29,36511850,19632800,18575500,0.01,7.45,7.45,10.00,0.04,0.01,0.01,0.01,0.01,0.01,,0.08,,,,,,0.08,7.43,7.40,10.00,0.21,0.01,0.01,0.01,0.01,0.01,,11890750,1030250,2971300,2771300,,0.08,7.42,7.44,10.01,0.23,0.01,0.01,0.01,0.01,0.01
2026/05/04,30,35651400,19977650,18296950,0.02,9.35,9.35,11.26,3.55,0.01,0.01,0.01,0.01,0.01,,0.07,,,,,,0.07,9.35,9.32,11.27,3.56,0.01,0.01,0.01,0.01,0.01,,11944650,998400,3185750,2885750,,0.07,9.33,9.34,11.27,3.56,0.01,0.01,0.01,0.01,0.01
2026/05/04,31,35435050,19345550,17375950,0.10,9.41,9.41,15.19,3.77,0.01,0.01,0.01,0.01,0.01,,0.27,,,,,,0.27,9.40,9.39,15.17,3.85,0.01,0.14,0.01,0.01,0.01,,11936000,964900,2579800,2279800,,0.27,9.39,9.40,15.15,3.86,0.09,0.11,0.09,0.06,0.01
2026/05/04,32,34400400,17137950,16008600,0.01,6.46,6.46,6.46,3.77,0.01,0.01,0.01,0.01,0.01,,0.17,,,,,,0.17,6.46,6.46,6.46,3.89,0.01,0.36,0.01,0.01,0.01,,11698850,913600,1921200,1621200,,0.17,6.45,6.48,6.45,3.90,0.27,0.26,0.18,0.22,0.01
2026/05/04,33,33199950,17206450,15841200,0.01,3.77,3.77,3.77,3.77,0.01,0.01,0.01,0.01,0.01,,0.27,,,,,,0.27,3.77,3.78,3.89,3.93,0.02,0.43,0.04,0.01,0.01,,11079500,857900,1597900,1297900,,0.27,3.82,3.93,3.82,3.93,0.57,0.21,0.36,0.29,0.01
2026/05/04,34,31196000,17455200,15270300,1.63,9.44,7.84,7.84,3.77,0.02,0.01,0.01,0.01,0.01,,1.82,,,,,,1.82,9.44,7.84,7.89,3.87,0.03,0.48,0.03,0.02,0.01,,10739750,779950,1114050,814050,,1.82,9.44,7.94,7.84,3.82,0.53,0.27,0.34,0.29,0.01
2026/05/04,35,29390800,18487500,15125850,8.00,10.81,10.81,10.81,10.81,0.01,0.01,0.01,0.01,0.01,,7.86,,,,,,7.86,10.81,10.81,10.84,10.94,0.01,0.42,0.02,0.02,0.02,,10330900,844050,684100,484100,,7.86,10.83,10.85,10.87,10.89,0.16,0.19,0.30,0.32,0.15
2026/05/04,36,28328800,19250700,15134900,10.00,14.61,14.88,14.88,14.88,5.00,5.00,5.00,5.00,5.00,,10.08,,,,,,10.08,14.60,14.88,14.88,14.95,5.00,5.00,5.03,5.00,5.00,,10184200,1041200,683450,483450,,10.08,14.61,14.88,14.91,14.91,5.00,5.00,5.01,5.00,5.00
2026/05/04,37,28339800,19708200,14963400,12.06,14.62,15.15,15.15,15.15,8.87,8.87,8.87,8.87,8.87,,12.16,,,,,,12.16,14.50,15.14,15.17,15.16,8.87,8.87,8.87,8.88,8.87,,10146400,1384000,586450,394950,,12.16,14.64,15.20,15.13,15.14,8.87,8.87,8.87,8.87,8.87
2026/05/04,38,28401100,20489850,15391500,14.07,15.50,15.50,15.50,15.50,9.05,9.05,9.05,9.05,9.05,,14.06,,,,,,14.06,15.17,15.48,15.41,15.49,9.05,9.05,9.05,9.05,9.05,,10241950,1419700,486500,394000,,14.06,15.49,15.51,15.33,15.44,9.05,9.05,9.05,9.05,9.05
2026/05/04,39,28359850,20346950,15573200,14.18,15.65,15.65,15.65,15.65,9.33,9.33,9.33,9.33,9.33,,14.12,,,,,,14.12,15.18,15.63,15.56,15.63,9.33,9.31,9.33,9.33,9.33,,10295100,1436800,484900,391400,,14.12,15.65,15.65,15.50,15.46,9.33,9.33,9.33,9.33,9.28
2026/05/04,40,28227650,20312300,15476900,14.13,15.48,15.48,15.48,15.48,9.09,9.09,9.09,9.09,9.09,,14.07,,,,,,14.07,14.98,15.47,15.40,15.45,9.09,9.07,9.09,9.09,9.09,,10217650,1413500,482600,389100,,14.07,15.48,15.49,15.33,15.29,9.09,9.09,9.09,9.09,9.04
2026/05/04,41,28047300,20027100,15419900,13.50,15.08,15.08,15.08,15.08,9.09,9.09,9.09,9.09,9.09,,13.44,,,,,,13.44,14.64,15.04,15.03,15.03,9.09,9.07,9.13,9.09,9.09,,10362100,1549950,477500,384000,,13.44,15.07,15.08,15.02,14.82,9.10,9.09,9.10,9.09,9.03
2026/05/04,42,28182650,19538750,15452750,11.82,14.21,14.21,14.21,14.21,8.99,8.99,8.99,8.99,8.99,,11.84,,,,,,11.84,14.12,14.21,14.20,14.19,8.99,8.98,9.02,8.99,8.99,,10445600,1643350,473050,379550,,11.84,14.21,14.23,14.21,14.10,8.99,8.99,8.99,8.99,8.98
2026/05/04,43,27954800,19145250,15214850,10.88,14.13,14.13,14.13,14.13,8.87,8.87,8.87,8.87,8.87,,10.90,,,,,,10.90,13.95,14.11,14.11,14.11,8.87,8.84,8.90,8.88,8.87,,10500300,1662000,468800,375300,,10.90,14.15,14.16,14.11,13.96,8.87,8.87,8.87,8.87,8.81
2026/05/04,44,28290400,19063550,15424100,10.80,10.94,10.94,10.94,10.94,9.33,9.33,9.33,9.33,9.33,,10.79,,,,,,10.79,11.15,10.95,10.99,10.99,9.33,9.29,9.33,9.30,9.33,,10691550,1693000,1009300,915800,,10.79,11.00,10.98,11.02,11.01,9.33,9.33,9.33,9.33,9.22
2026/05/04,45,29145450,18211300,15191600,10.82,10.10,10.10,10.90,10.90,9.76,9.76,9.76,9.76,9.76,,10.80,,,,,,10.80,10.32,10.11,10.94,10.93,9.76,9.67,9.76,9.73,9.76,,10746250,1697700,1006100,959600,,10.80,10.15,10.13,10.96,10.98,9.76,9.76,9.76,9.76,9.57
2026/05/04,46,27844150,18604000,14881600,14.96,14.61,14.61,16.25,16.25,11.99,11.99,11.99,11.99,11.99,,14.78,,,,,,14.78,14.36,14.56,16.04,16.18,11.98,11.86,11.94,11.97,11.98,,10612650,1473650,1002450,955950,,14.78,14.60,14.62,15.94,15.92,11.99,11.99,11.99,11.98,11.69
2026/05/04,47,27276300,18579750,14758300,14.86,14.63,14.63,16.63,16.63,12.00,12.00,12.00,12.00,12.00,,14.68,,,,,,14.68,14.48,14.62,16.37,16.51,12.00,11.88,11.98,11.98,11.97,,10302950,1570650,997200,949700,,14.68,14.61,14.64,16.22,16.33,11.97,12.00,12.00,12.00,11.72
2026/05/04,48,26047200,17455400,14043850,13.79,14.63,14.63,15.79,15.79,8.87,8.87,8.87,8.87,8.87,,13.71,,,,,,13.71,14.33,14.47,15.59,15.72,8.87,8.86,8.88,8.87,8.87,,9785400,1587800,448800,401300,,13.71,14.62,14.65,15.46,15.44,8.88,8.87,8.87,8.88,8.81
2026/05/05,1,24326500,16765550,14492750,11.21,14.61,14.84,14.84,14.84,8.87,8.87,8.87,8.87,8.87,,11.22,,,,,,11.22,14.55,14.83,14.84,14.84,8.87,8.86,8.90,8.86,8.87,,8261650,1092050,738950,738950,,11.22,14.55,14.84,14.84,14.84,8.87,8.87,8.87,8.87,8.86
2026/05/05,2,24621850,17118550,14600050,13.50,14.43,14.43,14.72,14.72,11.24,11.24,11.24,11.24,11.24,,13.47,,,,,,13.47,14.43,14.42,14.72,14.76,11.24,11.16,11.23,11.22,11.24,,9044150,1076600,1192100,1192100,,13.47,14.41,14.43,14.74,14.72,11.24,11.24,11.24,11.23,11.04
2026/05/05,3,25241100,16462100,14617400,10.00,10.93,10.93,10.93,10.93,9.76,9.76,9.76,9.76,9.76,,10.00,,,,,,10.00,10.93,10.93,10.93,10.95,9.76,9.75,9.76,9.75,9.76,,9274650,1118250,1189600,1189600,,10.00,10.92,10.95,10.93,10.93,9.76,9.76,9.76,9.76,9.73
2026/05/05,4,25099850,16448400,14382050,10.00,10.35,10.35,10.90,10.90,9.76,9.76,9.76,9.76,9.76,,10.03,,,,,,10.03,10.35,10.35,10.90,11.08,9.76,9.75,9.76,9.75,9.76,,9483800,1104400,1186800,1186800,,10.03,10.35,10.35,10.95,11.08,9.75,9.76,9.76,9.76,9.73
2026/05/05,5,25594450,16756650,14801700,10.81,11.16,11.16,11.16,11.16,10.75,10.75,10.75,10.75,10.75,,10.82,,,,,,10.82,11.16,11.16,11.16,11.28,10.75,10.70,10.74,10.73,10.75,,9477050,1154750,1200700,1200700,,10.82,11.16,11.17,11.17,11.28,10.71,10.75,10.75,10.75,10.64
2026/05/05,6,25860250,16606750,14638250,9.12,11.34,11.34,11.34,11.34,8.98,8.98,8.98,8.98,8.98,,9.16,,,,,,9.16,11.34,11.34,11.34,11.45,8.98,8.98,8.98,8.98,8.98,,9394600,1129950,882750,882750,,9.16,11.34,11.41,11.35,11.37,8.98,8.98,8.98,8.98,8.98
2026/05/05,7,26720650,17581150,15197200,13.52,14.82,14.82,14.82,14.82,11.24,11.24,11.24,11.24,11.24,,13.49,,,,,,13.49,14.76,14.81,14.81,14.87,11.24,11.17,11.23,11.23,11.24,,9573000,1082750,916900,916900,,13.49,14.82,14.86,14.81,14.79,11.22,11.24,11.24,11.23,11.08
2026/05/05,8,26623200,17765050,15126650,14.09,14.98,14.98,14.98,14.98,13.52,13.52,13.52,13.52,13.52,,14.03,,,,,,14.03,14.95,14.97,14.97,15.04,13.52,13.31,13.33,13.42,13.48,,9634450,1049100,1039050,991050,,14.03,15.01,15.03,14.97,14.95,12.99,13.48,13.52,13.51,13.19
2026/05/05,9,26538750,17878850,15047700,14.50,15.19,15.19,15.19,15.19,13.00,13.00,13.00,13.00,13.00,,14.43,,,,,,14.43,14.93,15.19,15.19,15.21,13.00,12.85,12.87,12.92,12.96,,9766800,1230950,1031200,936700,,14.43,15.21,15.22,15.16,15.17,12.58,13.00,13.01,12.99,12.72
2026/05/05,10,26334600,17960650,14930100,14.59,15.22,15.22,15.22,15.22,12.50,12.50,12.50,12.50,12.50,,14.51,,,,,,14.51,15.10,15.22,15.22,15.21,12.50,12.36,12.49,12.49,12.49,,9855400,1307650,1031300,937800,,14.51,15.27,15.23,15.21,15.18,12.25,12.50,12.50,12.49,12.26
2026/05/05,11,25824350,17373800,14380650,14.19,14.65,15.19,15.19,15.19,13.16,13.16,13.16,13.16,13.16,,14.14,,,,,,14.14,14.65,15.13,15.19,15.20,13.16,12.97,13.14,13.09,13.13,,9881750,1331800,1133500,940000,,14.14,14.65,15.22,15.16,15.17,12.89,13.16,13.16,13.15,12.86
2026/05/05,12,26412350,15946850,14051900,8.91,8.99,8.99,8.99,8.99,8.99,8.99,8.99,8.99,8.99,,8.96,,,,,,8.96,8.99,9.01,9.04,9.06,8.99,9.03,9.00,9.00,9.05,,10017450,1242300,1140000,1040000,,8.96,9.00,9.06,9.00,9.01,8.99,9.00,8.99,9.00,9.22
2026/05/05,13,26654150,16083050,14367850,9.37,9.37,9.37,9.37,9.37,9.37,9.37,9.37,9.37,9.37,,9.38,,,,,,9.38,9.37,9.38,9.38,9.42,9.37,9.37,9.37,9.38,9.37,,10257350,737850,1091850,991850,,9.38,9.38,9.38,9.39,9.40,9.37,9.38,9.39,9.38,9.38
2026/05/05,14,29564450,14974300,14874300,0.01,0.01,0.01,0.01,0.01,0.01,0.01,0.01,0.01,0.01,,0.19,,,,,,0.19,0.08,0.02,0.16,0.09,0.01,0.58,0.01,0.01,0.03,,10823700,772300,1115650,1015650,,0.19,0.18,0.13,0.13,0.35,0.34,0.25,0.21,0.27,0.16
2026/05/05,15,32059350,14885750,14885750,0.01,0.01,0.01,0.01,0.01,0.01,0.01,0.01,0.01,0.01,,0.02,,,,,,0.02,0.02,0.01,0.04,0.01,0.01,0.01,0.01,0.01,0.01,,10562150,824150,1673600,1673600,,0.02,0.06,0.03,0.02,0.02,0.01,0.02,0.02,0.06,0.01
2026/05/05,16,34363200,15957850,15957850,0.01,0.01,0.01,0.01,0.01,0.01,0.01,0.01,0.01,0.01,,0.02,,,,,,0.02,0.01,0.01,0.02,0.01,0.01,0.01,0.01,0.01,0.01,,11137700,890450,1987000,1987000,,0.02,0.05,0.02,0.01,0.01,0.01,0.01,0.01,0.01,0.01
2026/05/05,17,36650050,15959200,15959200,0.01,0.01,0.01,0.01,0.01,0.01,0.01,0.01,0.01,0.01,,0.01,,,,,,0.01,0.01,0.01,0.01,0.01,0.01,0.01,0.01,0.01,0.01,,11522600,1035900,2147250,2147250,,0.01,0.01,0.01,0.01,0.01,0.01,0.01,0.02,0.01,0.01
2026/05/05,18,38321700,16510250,16510250,0.01,0.01,0.01,0.01,0.01,0.01,0.01,0.01,0.01,0.01,,0.01,,,,,,0.01,0.01,0.01,0.01,0.01,0.01,0.01,0.01,0.01,0.01,,11507600,1087600,2145450,2145450,,0.01,0.01,0.01,0.01,0.01,0.01,0.01,0.01,0.01,0.01
2026/05/05,19,39897600,17290850,17290850,0.01,0.01,0.01,0.01,0.01,0.01,0.01,0.01,0.01,0.01,,0.01,,,,,,0.01,0.01,0.01,0.01,0.01,0.01,0.01,0.01,0.01,0.01,,11794850,1154650,2671550,2671550,,0.01,0.01,0.01,0.01,0.01,0.01,0.01,0.01,0.01,0.01
2026/05/05,20,41274400,17467350,17467350,0.01,0.01,0.01,0.01,0.01,0.01,0.01,0.01,0.01,0.01,,0.01,,,,,,0.01,0.01,0.01,0.01,0.01,0.01,0.01,0.01,0.01,0.01,,11817700,1193050,2991200,2991200,,0.01,0.01,0.01,0.01,0.01,0.01,0.01,0.01,0.01,0.01
2026/05/05,21,42725000,17866300,17866300,0.01,0.01,0.01,0.01,0.01,0.01,0.01,0.01,0.01,0.01,,0.01,,,,,,0.01,0.01,0.01,0.01,0.01,0.01,0.01,0.01,0.01,0.01,,12078700,1218000,3057450,3057450,,0.01,0.01,0.01,0.01,0.01,0.01,0.01,0.01,0.01,0.01
2026/05/05,22,43406750,17747350,17747350,0.01,0.01,0.01,0.01,0.01,0.01,0.01,0.01,0.01,0.01,,0.01,,,,,,0.01,0.01,0.01,0.01,0.01,0.01,0.01,0.01,0.01,0.01,,12158550,1224350,2906850,2906850,,0.01,0.01,0.01,0.01,0.01,0.01,0.01,0.01,0.01,0.01
2026/05/05,23,43588200,17858750,17858750,0.01,0.01,0.01,0.01,0.01,0.01,0.01,0.01,0.01,0.01,,0.01,,,,,,0.01,0.01,0.01,0.01,0.01,0.01,0.01,0.01,0.01,0.01,,12249400,1236000,2983950,2983950,,0.01,0.01,0.01,0.01,0.01,0.01,0.01,0.01,0.01,0.01
2026/05/05,24,43678100,17774450,17774450,0.01,0.01,0.01,0.01,0.01,0.01,0.01,0.01,0.01,0.01,,0.01,,,,,,0.01,0.01,0.01,0.01,0.01,0.01,0.01,0.01,0.01,0.01,,12333350,1229600,2902100,2902100,,0.01,0.01,0.01,0.01,0.01,0.01,0.01,0.01,0.01,0.01
2026/05/05,25,43833900,17682900,17682900,0.01,0.01,0.01,0.01,0.01,0.01,0.01,0.01,0.01,0.01,,0.01,,,,,,0.01,0.01,0.01,0.01,0.01,0.01,0.01,0.01,0.01,0.01,,12386900,1236000,2768050,2768050,,0.01,0.01,0.01,0.01,0.01,0.01,0.01,0.01,0.01,0.01
2026/05/05,26,43777750,17504550,17504550,0.01,0.01,0.01,0.01,0.01,0.01,0.01,0.01,0.01,0.01,,0.01,,,,,,0.01,0.01,0.01,0.01,0.01,0.01,0.01,0.01,0.01,0.01,,12338700,1243700,2775500,2775500,,0.01,0.01,0.01,0.01,0.01,0.01,0.01,0.01,0.01,0.01
2026/05/05,27,43238600,17449650,17449650,0.01,0.01,0.01,0.01,0.01,0.01,0.01,0.01,0.01,0.01,,0.01,,,,,,0.01,0.01,0.01,0.01,0.01,0.01,0.01,0.01,0.01,0.01,,12372800,1240450,2878800,2878800,,0.01,0.01,0.01,0.01,0.01,0.01,0.01,0.01,0.01,0.01
2026/05/05,28,42303300,17489900,17489900,0.01,0.01,0.01,0.01,0.01,0.01,0.01,0.01,0.01,0.01,,0.01,,,,,,0.01,0.01,0.01,0.01,0.01,0.01,0.01,0.01,0.01,0.01,,12389850,1220300,2884900,2884900,,0.01,0.01,0.01,0.01,0.01,0.01,0.01,0.01,0.01,0.01
2026/05/05,29,41113100,17080450,17080450,0.01,0.01,0.01,0.01,0.01,0.01,0.01,0.01,0.01,0.01,,0.01,,,,,,0.01,0.01,0.01,0.01,0.01,0.01,0.01,0.01,0.01,0.01,,12359050,1208150,2325150,2325150,,0.01,0.01,0.01,0.01,0.01,0.01,0.01,0.01,0.01,0.01
2026/05/05,30,39539400,16708200,16708200,0.01,0.01,0.01,0.01,0.01,0.01,0.01,0.01,0.01,0.01,,0.01,,,,,,0.01,0.01,0.01,0.01,0.01,0.01,0.01,0.01,0.01,0.01,,12270300,1175000,1991350,1991350,,0.01,0.01,0.01,0.01,0.01,0.01,0.01,0.01,0.01,0.01
2026/05/05,31,38280100,16098500,16098500,0.01,0.01,0.01,0.01,0.01,0.01,0.01,0.01,0.01,0.01,,0.01,,,,,,0.01,0.01,0.01,0.01,0.01,0.01,0.01,0.01,0.01,0.01,,12043950,1134450,1262100,1262100,,0.01,0.01,0.01,0.01,0.01,0.01,0.01,0.01,0.01,0.01
2026/05/05,32,36973050,15185600,15185600,0.01,0.01,0.01,0.01,0.01,0.01,0.01,0.01,0.01,0.01,,0.01,,,,,,0.01,0.01,0.01,0.02,0.01,0.01,0.01,0.01,0.01,0.01,,11960450,1069100,1112800,1112800,,0.01,0.01,0.01,0.01,0.01,0.01,0.02,0.02,0.01,0.01
2026/05/05,33,36620200,16344950,16344950,0.01,0.01,0.01,0.01,0.01,0.01,0.01,0.01,0.01,0.01,,0.14,,,,,,0.14,0.27,0.02,0.01,0.01,0.02,0.51,0.01,0.01,0.01,,11354650,993450,1002250,1002250,,0.14,0.22,0.15,0.08,0.22,0.25,0.17,0.17,0.18,0.01
2026/05/05,34,33063950,16652250,16070650,0.01,3.33,3.33,3.33,3.33,0.01,0.01,0.01,0.01,0.01,,0.16,,,,,,0.16,3.34,3.33,3.34,3.27,0.01,0.38,0.01,0.01,0.01,,11266050,909550,838250,838250,,0.16,3.34,3.34,3.30,3.39,0.38,0.20,0.24,0.21,0.01
2026/05/05,35,30342900,18595950,16399400,7.93,9.77,9.77,9.77,9.77,0.02,0.02,0.02,0.02,0.02,,7.78,,,,,,7.78,9.77,9.79,9.78,9.77,0.02,0.29,0.04,0.02,0.05,,10992000,930650,893650,793650,,7.78,9.77,9.78,9.77,9.80,0.11,0.20,0.18,0.23,0.12
2026/05/05,36,29302800,19435650,16253550,10.81,12.00,12.00,12.00,12.00,8.98,8.98,8.98,8.98,8.98,,10.82,,,,,,10.82,12.00,11.98,12.00,12.03,8.98,8.97,8.98,8.98,8.98,,10635750,866700,892100,792100,,10.82,12.00,12.03,11.99,12.00,8.98,8.98,8.98,8.98,8.95
2026/05/05,37,28013800,20101950,16110300,13.00,14.59,14.59,14.59,12.09,9.11,9.11,9.11,9.11,9.11,,12.98,,,,,,12.98,14.58,14.54,14.62,12.14,9.11,9.11,9.24,9.11,9.13,,10377050,1340950,893500,709500,,12.98,14.58,14.61,14.58,12.13,9.12,9.11,9.11,9.11,9.19
2026/05/05,38,28474650,20865950,16313100,14.59,14.72,14.72,14.72,14.00,14.00,14.00,14.00,14.00,14.00,,14.52,,,,,,14.52,14.72,14.71,14.72,14.01,14.00,13.87,13.93,13.83,13.92,,10343750,1306850,896000,712000,,14.52,14.72,14.72,14.66,14.00,13.69,14.00,14.07,14.05,13.64
2026/05/05,39,28400050,20694100,16264700,14.59,14.59,14.59,14.59,14.09,14.09,14.09,14.09,14.09,14.09,,14.48,,,,,,14.48,14.31,14.57,14.58,14.08,14.09,13.85,13.96,13.85,14.00,,10444400,1360200,797000,711500,,14.48,14.60,14.59,14.54,14.08,13.36,14.09,14.10,14.04,13.58
2026/05/05,40,28336200,20565100,16196550,14.23,14.59,14.59,14.59,13.79,13.79,13.79,13.79,13.79,13.79,,14.17,,,,,,14.17,14.38,14.57,14.56,13.89,13.79,13.66,13.68,13.66,13.72,,10503550,1362550,794650,708150,,14.17,14.61,14.61,14.49,13.80,13.60,13.79,13.85,13.83,13.48
2026/05/05,41,28358150,20004150,15958300,14.00,14.59,14.59,14.59,13.52,13.52,13.52,13.52,13.52,13.52,,13.94,,,,,,13.94,14.55,14.57,14.57,13.52,13.52,13.40,13.43,13.25,13.44,,10762700,1520950,790700,790700,,13.94,14.60,14.59,14.53,13.49,13.40,13.52,13.53,13.59,13.18
2026/05/05,42,28478750,19442050,15900050,12.32,13.95,13.95,13.95,11.47,11.47,11.47,11.47,11.47,11.47,,12.30,,,,,,12.30,13.92,13.88,13.94,11.52,11.47,11.39,11.46,11.46,11.46,,10821950,1566150,785900,785900,,12.30,13.95,13.95,13.93,11.48,11.37,11.47,11.51,11.50,11.29
2026/05/05,43,28297750,19073800,15732200,11.23,12.50,12.50,12.50,10.88,10.88,10.88,10.88,10.88,10.88,,11.25,,,,,,11.25,12.51,12.51,12.51,11.12,10.88,10.80,10.86,10.84,10.88,,10795350,1584150,781050,781050,,11.25,12.55,12.52,12.56,11.02,10.82,10.88,10.86,10.88,10.71
2026/05/05,44,28355000,19011750,15828150,10.81,10.88,10.88,10.88,10.88,9.04,9.04,9.04,9.04,9.04,,10.80,,,,,,10.80,10.88,10.89,10.92,10.91,9.04,9.03,9.05,9.03,9.03,,11025900,1914550,1182100,1182100,,10.80,10.94,10.89,10.94,10.89,9.04,9.04,9.02,9.04,9.04
2026/05/05,45,28918250,18295750,15408850,9.08,7.32,9.13,9.13,9.13,9.13,9.13,9.13,9.13,9.13,,9.11,,,,,,9.11,7.56,9.14,9.18,9.20,9.13,9.13,9.13,9.09,9.13,,11221250,1704750,1179950,1090950,,9.11,7.36,9.15,9.18,9.20,9.13,9.15,9.15,9.13,9.14
2026/05/05,46,28001700,18120150,15295200,14.59,15.79,15.79,15.79,15.79,9.13,9.13,9.13,9.13,9.13,,14.56,,,,,,14.56,15.34,15.78,15.78,15.76,9.13,9.13,9.13,9.09,9.13,,11283050,1739450,1175650,1086650,,14.56,15.78,15.79,15.71,15.75,9.13,9.13,9.12,9.13,9.13
2026/05/05,47,27487900,18090650,15234950,14.85,15.77,15.77,15.77,15.77,11.57,11.57,11.57,11.57,11.57,,14.79,,,,,,14.79,15.25,15.76,15.76,15.74,11.57,11.51,11.53,11.50,11.57,,10935800,1752750,1174650,1082650,,14.79,15.76,15.77,15.67,15.73,11.54,11.57,11.55,11.57,11.42
2026/05/05,48,26628150,17014450,14550050,14.09,15.19,15.19,15.19,15.19,8.87,8.87,8.87,8.87,8.87,,14.06,,,,,,14.06,14.94,15.18,15.18,15.16,8.87,8.86,8.89,8.85,8.87,,10052450,1409600,612250,520250,,14.06,15.18,15.19,15.15,15.15,8.87,8.87,8.86,8.87,8.86
2026/05/06,1,21734150,16880850,13626400,14.69,15.30,15.30,15.30,15.30,9.00,9.00,9.00,9.00,9.00,,14.69,,,,,,14.69,15.30,15.31,15.30,15.31,9.00,9.00,8.99,9.00,9.00,,6540950,1121450,855150,765650,,14.69,15.30,15.30,15.31,15.30,9.00,9.00,9.00,8.99,9.00
2026/05/06,2,22614450,16835850,14024150,14.62,15.08,15.08,15.08,15.08,10.75,10.75,10.75,10.75,10.75,,14.60,,,,,,14.60,15.08,15.09,15.08,15.11,10.75,10.73,10.74,10.73,10.75,,7371050,1265150,1376750,1287250,,14.60,15.11,15.09,15.09,15.08,10.68,10.75,10.74,10.74,10.74
2026/05/06,3,23059750,16432450,13938450,13.50,14.60,14.60,14.60,14.50,9.13,9.13,9.13,9.13,9.13,,13.51,,,,,,13.51,14.60,14.63,14.60,14.54,9.13,9.13,9.13,9.12,9.13,,7638900,1311250,1483650,1291650,,13.51,14.60,14.64,14.61,14.50,9.13,9.13,9.13,9.13,9.13
2026/05/06,4,23332050,16509500,14016150,12.00,14.60,14.62,14.62,11.33,9.13,9.13,9.13,9.13,9.13,,12.00,,,,,,12.00,14.60,14.62,14.62,11.37,9.13,9.13,9.13,9.12,9.13,,7800900,1355350,1583850,1291850,,12.00,14.60,14.62,14.62,11.38,9.13,9.13,9.13,9.13,9.13
2026/05/06,5,23482750,17140600,14355200,13.50,14.62,14.62,14.62,12.12,12.12,12.12,12.12,12.12,12.12,,13.47,,,,,,13.47,14.62,14.62,14.62,12.06,12.12,12.11,12.11,11.98,12.12,,7675600,1354350,1684400,1292400,,13.47,14.62,14.62,14.62,12.10,11.97,12.12,12.12,12.10,12.06
2026/05/06,6,23531350,17488100,14428700,14.10,14.91,14.91,14.91,14.84,9.13,9.13,9.13,9.13,9.13,,14.10,,,,,,14.10,14.91,14.93,14.91,14.86,9.13,9.13,9.13,9.12,9.13,,7806000,1279050,1452650,960650,,14.10,14.91,14.93,14.92,14.84,9.13,9.13,9.13,9.13,9.13
2026/05/06,7,24099950,17575150,14794500,14.18,14.93,14.93,14.93,11.05,10.00,10.00,10.00,10.00,10.00,,14.09,,,,,,14.09,14.93,14.92,14.93,11.11,10.00,9.98,10.00,9.95,10.00,,7852400,1193150,1554450,961950,,14.09,14.93,14.93,14.91,11.10,9.99,10.00,10.00,9.99,9.95
2026/05/06,8,25027650,17654750,15000750,14.18,14.91,14.91,14.91,14.00,9.13,9.13,9.13,9.13,9.13,,14.18,,,,,,14.18,14.91,14.91,14.91,14.02,9.13,9.13,9.13,9.13,9.13,,8244800,1450750,1555050,962550,,14.18,14.91,14.91,14.92,14.00,9.13,9.13,9.13,9.13,9.13
2026/05/06,9,25075600,17751450,15075550,14.50,15.00,15.00,15.00,15.00,9.13,9.13,9.13,9.13,9.13,,14.49,,,,,,14.49,15.00,15.00,15.00,15.01,9.13,9.13,9.13,9.12,9.13,,8310000,1522100,1548900,956400,,14.49,15.00,15.01,15.00,15.00,9.13,9.13,9.13,9.13,9.13
2026/05/06,10,24957350,17919150,14951700,14.50,15.00,15.00,15.00,15.00,9.76,9.76,9.76,9.76,9.76,,14.42,,,,,,14.42,15.00,15.00,15.00,15.03,9.76,9.74,9.76,9.75,9.76,,8366100,1530550,1571050,957550,,14.42,15.00,15.03,15.00,15.00,9.73,9.76,9.76,9.76,9.73
2026/05/06,11,24534800,17184750,14234150,14.00,14.60,14.77,14.77,14.77,13.52,13.52,13.52,13.52,13.52,,13.96,,,,,,13.96,14.60,14.77,14.76,14.77,13.52,13.36,13.50,13.51,13.52,,8476150,1570400,1598300,981800,,13.96,14.60,14.75,14.77,14.77,13.52,13.52,13.52,13.49,13.23
2026/05/06,12,24777400,16894000,13793100,11.63,12.02,12.02,12.02,12.02,9.07,9.07,9.07,9.07,9.07,,11.63,,,,,,11.63,12.02,12.02,12.02,12.03,9.07,9.07,9.13,9.15,9.13,,8603000,1337650,1507350,1042850,,11.63,12.02,12.03,12.02,12.02,9.07,9.07,9.07,9.07,9.16
2026/05/06,13,25829400,16516750,14105200,9.89,9.44,9.44,9.89,9.89,9.06,9.06,9.06,9.06,9.06,,9.89,,,,,,9.89,9.44,9.44,9.89,9.91,9.06,9.04,9.06,9.06,9.06,,8970450,837400,1339250,1024250,,9.89,9.44,9.44,9.90,9.92,9.06,9.06,9.06,9.06,9.03
2026/05/06,14,27523700,16025950,14895950,5.95,5.00,5.11,5.11,5.11,5.11,5.11,5.11,5.11,5.11,,6.00,,,,,,6.00,5.00,5.11,5.32,5.12,5.11,5.11,5.11,5.11,5.11,,9593600,920900,1536900,1325400,,6.00,5.02,5.19,5.14,5.21,5.11,5.17,5.23,5.16,5.39
2026/05/06,15,30421100,16370750,16055400,0.02,0.01,0.01,0.01,2.90,2.90,2.90,2.90,2.90,0.01,,0.32,,,,,,0.32,0.31,0.01,0.69,2.88,2.90,2.94,2.90,2.90,0.01,,10209900,880750,2265700,2160700,,0.32,0.20,0.39,0.19,3.24,3.32,3.03,3.16,2.87,0.01
2026/05/06,16,31762900,18314450,17539750,2.00,0.01,0.01,9.89,9.89,5.00,5.00,5.00,5.00,0.01,,2.01,,,,,,2.01,0.07,0.01,9.89,9.90,5.00,5.00,4.86,4.99,0.01,,10649100,876800,2634750,2634750,,2.01,0.02,0.02,9.89,9.90,5.00,5.00,5.00,4.85,0.01
2026/05/06,17,33416600,18403850,18035350,0.02,0.02,1.00,2.00,2.00,2.00,2.00,2.00,2.00,0.01,,0.18,,,,,,0.18,0.02,1.00,2.10,2.22,2.00,2.12,1.96,1.95,0.01,,10944700,865600,2893050,2893050,,0.18,0.02,1.00,2.07,2.53,2.04,2.10,2.07,2.00,0.01
2026/05/06,18,34875150,18910050,18604150,0.01,0.01,0.01,1.02,1.02,1.01,1.01,1.01,1.01,0.01,,0.19,,,,,,0.19,0.01,0.01,1.19,1.40,1.01,1.11,0.99,0.98,0.01,,11174000,878500,3032200,3018800,,0.19,0.01,0.01,1.25,1.64,1.08,1.07,1.05,1.05,0.01
2026/05/06,19,35970500,19390250,18935250,0.01,0.01,0.01,2.50,2.50,2.00,2.00,2.00,2.00,0.01,,0.10,,,,,,0.10,0.01,0.01,2.57,2.61,2.00,2.03,1.96,1.89,0.01,,11474100,919850,3288850,3261950,,0.10,0.01,0.01,2.59,2.70,2.00,2.03,2.02,1.95,0.01
2026/05/06,20,37010350,19972600,19419900,0.01,0.01,0.01,3.00,3.00,2.50,2.50,2.50,2.50,0.01,,0.07,,,,,,0.07,0.01,0.01,3.07,3.01,2.52,2.49,2.45,2.34,0.01,,11849850,955600,3610250,3583350,,0.07,0.01,0.01,3.04,3.15,2.44,2.50,2.51,2.40,0.01
2026/05/06,21,37887350,20245850,19261900,0.01,0.01,0.01,9.89,9.89,2.90,2.90,2.90,2.90,0.01,,0.14,,,,,,0.14,0.01,0.01,9.92,10.00,2.91,2.89,2.82,2.80,0.01,,12039950,1003300,3816150,3789250,,0.14,0.01,0.01,9.95,9.99,2.84,2.90,2.90,2.81,0.01
2026/05/06,22,38373850,20294050,19453950,0.01,0.01,0.01,9.89,9.89,2.90,2.90,2.90,2.90,0.01,,0.13,,,,,,0.13,0.01,0.01,9.92,9.95,2.90,2.89,2.81,2.73,0.01,,12070650,1006500,3914400,3887500,,0.13,0.01,0.01,9.91,10.04,2.85,2.90,2.90,2.79,0.01
2026/05/06,23,38722400,20278550,19563800,0.01,0.01,0.01,8.40,8.40,2.90,2.90,2.90,2.90,0.01,,0.18,,,,,,0.18,0.01,0.01,8.48,8.52,2.90,2.90,2.81,2.77,0.01,,12137450,1011550,3954750,3927850,,0.18,0.01,0.01,8.46,8.67,2.85,2.90,2.90,2.80,0.01
2026/05/06,24,38853150,20529300,19489850,0.01,0.01,0.01,9.89,9.89,2.90,2.90,2.90,2.90,0.01,,0.17,,,,,,0.17,0.01,0.01,9.94,9.99,2.90,2.90,2.84,2.73,0.01,,12232700,1013950,3937550,3910650,,0.17,0.01,0.01,9.94,10.06,2.87,2.90,2.90,2.80,0.01
2026/05/06,25,38620750,20582150,19502550,0.01,0.01,0.01,9.89,9.89,2.90,2.90,2.50,2.50,0.01,,0.16,,,,,,0.16,0.01,0.01,9.93,10.04,2.92,2.90,2.44,2.37,0.01,,12273450,1155100,3873500,3846600,,0.16,0.01,0.01,9.90,10.18,2.87,2.91,2.50,2.42,0.01
2026/05/06,26,38580200,20559450,19274400,0.01,0.01,0.01,9.99,9.99,2.90,2.90,2.90,2.90,0.01,,0.17,,,,,,0.17,0.01,0.01,10.02,10.33,2.92,2.90,2.83,2.76,0.01,,12553250,1165450,3888850,3861950,,0.17,0.01,0.01,10.01,10.46,2.87,2.91,2.90,2.81,0.01
2026/05/06,27,38165600,21227450,19600250,0.02,0.01,0.01,9.99,9.99,3.00,3.00,3.00,3.00,0.01,,0.16,,,,,,0.16,0.01,0.01,10.03,10.11,3.01,3.00,2.94,2.86,0.01,,12754250,1172300,3877550,3847100,,0.16,0.01,0.01,10.01,10.23,3.01,3.00,3.01,2.90,0.01
2026/05/06,28,37388900,21196700,19080800,1.00,0.01,0.01,10.54,10.54,2.00,2.00,2.00,2.00,0.01,,1.15,,,,,,1.15,0.01,0.01,10.57,10.61,2.04,2.04,1.96,2.01,0.01,,12815400,1152650,3504550,3472650,,1.15,0.01,0.01,10.55,10.72,2.00,2.02,2.05,2.00,0.01
2026/05/06,29,36146200,20640400,18441450,2.00,0.01,1.01,14.71,14.71,0.02,0.02,0.02,0.02,0.01,,2.15,,,,,,2.15,0.01,1.11,14.71,14.77,0.04,0.24,0.02,0.03,0.01,,12739700,1122750,2928000,2909600,,2.15,0.01,1.05,14.72,14.77,0.23,0.19,0.14,0.12,0.01
2026/05/06,30,34712000,20951100,18011500,8.20,0.01,7.34,15.79,15.79,0.02,0.02,0.02,0.02,0.01,,8.16,,,,,,8.16,0.01,7.35,15.77,15.77,0.04,0.26,0.02,0.02,0.01,,12452400,1088450,2855950,2746450,,8.16,0.01,7.34,15.78,15.74,0.18,0.23,0.16,0.13,0.01
2026/05/06,31,33494650,20229350,17069250,8.85,2.00,7.35,17.13,15.43,0.02,0.01,0.01,0.01,0.01,,8.80,,,,,,8.80,1.99,7.37,17.06,15.44,0.04,0.39,0.01,0.01,0.01,,12135750,1059850,1952200,1831700,,8.80,2.00,7.36,16.99,15.44,0.33,0.28,0.29,0.15,0.01
2026/05/06,32,32167200,18681950,16366450,7.38,3.00,9.46,15.10,15.10,0.02,0.01,0.01,0.01,0.01,,7.30,,,,,,7.30,3.00,9.46,15.10,15.14,0.04,0.37,0.37,0.01,0.01,,12184800,1014000,1650950,1406550,,7.30,3.00,9.46,15.13,15.09,0.23,0.39,0.30,0.19,0.01
2026/05/06,33,30934900,18979250,16079700,5.00,10.01,10.01,10.01,10.01,0.02,0.01,0.01,0.01,0.01,,5.05,,,,,,5.05,10.02,9.98,10.02,10.29,0.05,0.26,0.02,0.01,0.01,,11635550,1008450,1480750,1121550,,5.05,10.26,10.08,10.04,10.19,0.18,0.20,0.21,0.16,0.01
2026/05/06,34,29701750,19653550,15686850,9.00,14.47,14.47,14.47,14.47,2.90,2.90,2.90,2.90,0.01,,9.06,,,,,,9.06,14.48,14.47,14.46,14.61,2.92,2.94,2.90,2.90,0.01,,11381200,990800,1397400,932650,,9.06,14.59,14.50,14.51,14.46,2.92,2.93,2.93,2.93,0.01
2026/05/06,35,28638550,20485500,15547550,12.79,15.24,15.24,15.24,15.24,8.00,8.00,8.00,8.00,0.01,,12.80,,,,,,12.80,15.19,15.23,15.22,15.26,8.00,8.00,8.00,8.00,0.02,,11115000,1076000,1540800,952500,,12.80,15.27,15.24,15.25,15.17,8.00,8.00,8.00,7.99,0.02
2026/05/06,36,27903400,21464400,15710650,14.96,17.05,17.05,17.05,17.05,8.99,8.99,8.99,8.99,8.98,,14.96,,,,,,14.96,16.82,16.91,17.04,17.03,9.00,8.98,8.99,8.99,8.98,,10939300,1079050,1455400,973550,,14.96,17.05,17.08,17.05,16.82,8.99,8.99,8.99,8.99,8.97
2026/05/06,37,28011450,21319700,15946500,15.20,17.69,17.69,17.69,17.69,12.00,12.00,12.00,12.00,12.00,,15.19,,,,,,15.19,17.49,17.63,17.68,17.74,12.00,11.94,12.00,12.00,12.01,,10727900,1221150,1338700,969150,,15.19,17.77,17.72,17.70,17.56,11.98,12.00,12.00,12.00,11.89
2026/05/06,38,27992700,21653650,16297450,15.79,19.22,19.22,19.22,19.22,9.13,9.13,9.13,9.13,9.13,,15.79,,,,,,15.79,19.07,19.08,19.19,19.23,9.13,9.12,9.13,9.13,9.13,,11278000,1831450,1171150,923250,,15.79,19.20,19.25,19.22,19.02,9.13,9.13,9.13,9.13,9.12
2026/05/06,39,27648550,21447750,16257850,15.81,20.00,20.00,20.00,20.00,10.78,10.78,10.78,10.78,10.78,,15.68,,,,,,15.68,19.99,19.81,19.97,20.00,10.78,10.66,10.78,10.78,10.78,,11125700,1811400,951850,822050,,15.68,20.02,20.02,19.95,19.85,10.72,10.78,10.78,10.78,10.55
2026/05/06,40,27854450,20930600,15831750,15.79,17.22,17.22,17.22,17.22,9.13,9.13,9.13,9.13,9.13,,15.77,,,,,,15.77,17.20,17.14,17.22,17.28,9.13,9.12,9.13,9.13,9.13,,11402800,1839300,883650,756000,,15.77,17.28,17.26,17.23,17.17,9.13,9.13,9.13,9.13,9.12
2026/05/06,41,28109250,21407700,15825900,15.47,16.17,16.17,16.17,16.17,9.76,9.76,9.76,9.76,9.76,,15.39,,,,,,15.39,16.16,16.14,16.17,16.19,9.76,9.73,9.76,9.76,9.76,,11690450,1927550,877100,748600,,15.39,16.19,16.21,16.17,16.11,9.74,9.76,9.76,9.76,9.69
2026/05/06,42,28186150,21278050,15678000,15.19,15.83,15.83,15.83,15.83,9.01,9.01,9.01,9.01,9.01,,15.19,,,,,,15.19,15.83,15.82,15.83,15.90,9.01,9.01,9.01,9.01,9.01,,11771600,1988750,871700,743800,,15.19,15.90,15.89,15.83,15.81,9.01,9.01,9.01,9.01,9.01
2026/05/06,43,28066450,20774950,15356550,15.04,15.81,15.81,15.81,15.81,9.02,9.02,9.02,9.02,9.02,,15.04,,,,,,15.04,15.83,15.80,15.81,15.84,9.02,9.02,9.02,9.02,9.02,,11829550,2056550,865250,737550,,15.04,15.82,15.85,15.81,15.80,9.02,9.02,9.02,9.02,9.02
2026/05/06,44,28232950,20547550,15599000,14.91,15.77,15.77,15.77,15.77,9.50,9.50,9.50,9.50,9.50,,14.86,,,,,,14.86,15.76,15.77,15.77,15.82,9.50,9.49,9.50,9.50,9.50,,11893900,2206850,1356900,1230750,,14.86,15.78,15.81,15.78,15.78,9.50,9.50,9.50,9.50,9.49
2026/05/06,45,28282500,18931150,15089800,14.47,15.20,15.20,15.20,15.20,8.98,8.98,8.98,8.98,8.98,,14.47,,,,,,14.47,15.19,15.19,15.19,15.25,8.98,8.98,8.98,8.98,8.98,,11997300,2500700,1135500,1017100,,14.47,15.20,15.24,15.21,15.17,8.98,8.98,8.98,8.98,8.98
2026/05/06,46,27333850,18876550,15237100,15.79,18.00,18.00,18.00,18.00,14.09,14.09,14.09,14.09,14.09,,15.72,,,,,,15.72,17.68,17.91,17.99,18.01,14.07,13.77,14.03,14.01,14.03,,11644700,1962500,1055400,939600,,15.72,18.07,18.03,18.00,17.80,14.09,14.09,14.01,14.09,13.57
2026/05/06,47,27027450,18919250,15038850,15.75,17.49,17.49,17.49,17.49,14.18,14.18,14.18,14.18,14.18,,15.67,,,,,,15.67,17.19,17.47,17.48,17.49,14.18,13.90,14.08,14.07,14.13,,11397350,1997950,1014250,901400,,15.67,17.50,17.50,17.49,17.36,14.18,14.18,14.06,14.18,13.73
2026/05/06,48,26360800,17826900,14589950,15.15,16.58,16.58,16.58,16.58,8.96,8.96,8.96,8.96,8.96,,15.15,,,,,,15.15,16.56,16.56,16.58,16.59,8.96,8.96,8.96,8.96,8.96,,10619350,1936250,496800,386650,,15.15,16.58,16.60,16.58,16.55,8.96,8.96,8.96,8.96,8.96
2026/05/07,1,21777350,17979150,14685400,15.28,15.91,15.91,15.91,15.91,13.00,13.00,13.00,13.00,13.00,,15.22,,,,,,15.22,15.91,15.91,15.91,15.91,13.00,12.83,12.99,12.97,12.98,,6617750,1650400,847800,755300,,15.22,15.91,15.91,15.91,15.91,13.00,13.00,13.00,13.00,12.64
2026/05/07,2,22411550,17441800,14495350,15.04,15.28,15.28,15.28,15.28,13.52,13.52,13.52,13.52,13.52,,15.02,,,,,,15.02,15.28,15.28,15.28,15.28,13.51,13.50,13.44,13.41,13.47,,7942450,2039000,1035900,943400,,15.02,15.28,15.28,15.28,15.28,13.52,13.52,13.51,13.52,13.38
2026/05/07,3,22765650,17551400,14458800,14.48,15.15,15.15,15.15,15.15,13.79,13.79,13.79,13.79,13.79,,14.46,,,,,,14.46,15.15,15.15,15.15,15.15,13.79,13.77,13.62,13.68,13.74,,8403150,2194600,1368750,1144750,,14.46,15.15,15.15,15.15,15.15,13.76,13.79,13.78,13.79,13.62
2026/05/07,4,22897950,17515000,14443250,14.19,15.04,15.04,15.04,15.04,13.60,13.60,13.60,13.60,13.60,,14.17,,,,,,14.17,15.04,15.04,15.04,15.04,13.60,13.58,13.46,13.49,13.54,,8437350,2136200,1367900,1143900,,14.17,15.04,15.04,15.04,15.04,13.59,13.60,13.59,13.60,13.43
2026/05/07,5,22949450,17692800,14429250,14.60,15.17,15.17,15.17,15.17,13.52,13.52,13.52,13.52,13.52,,14.58,,,,,,14.58,15.17,15.17,15.17,15.17,13.52,13.50,13.40,13.40,13.47,,8277350,1931300,1264750,1056250,,14.58,15.17,15.17,15.17,15.17,13.50,13.52,13.52,13.52,13.37
2026/05/07,6,22780200,18233050,14426650,15.15,15.63,15.63,15.63,15.63,14.09,14.09,14.09,14.09,14.09,,15.13,,,,,,15.13,15.63,15.63,15.63,15.63,14.09,14.07,13.96,13.96,14.04,,8174450,1851450,1435750,1104700,,15.13,15.63,15.63,15.63,15.63,14.07,14.09,14.09,14.09,13.93
2026/05/07,7,23037950,18454000,14601400,15.17,15.79,15.79,15.79,15.79,13.79,13.79,13.79,13.79,13.79,,15.16,,,,,,15.16,15.79,15.79,15.79,15.79,13.79,13.75,13.79,13.75,13.77,,8145350,1836100,1240850,943450,,15.16,15.79,15.79,15.79,15.79,13.78,13.79,13.79,13.79,13.68
2026/05/07,8,23215550,18834150,14762100,15.20,16.49,16.49,16.49,16.49,12.40,12.40,12.40,12.40,12.40,,15.13,,,,,,15.13,16.49,16.49,16.49,16.49,12.40,12.21,12.40,12.38,12.38,,8143700,1831800,1291350,894200,,15.13,16.49,16.49,16.49,16.49,12.25,12.40,12.40,12.40,12.09
2026/05/07,9,23214700,19310200,14850000,15.63,16.64,16.64,16.64,16.64,13.52,13.52,13.52,13.52,13.52,,15.57,,,,,,15.57,16.64,16.64,16.64,16.64,13.52,13.34,13.48,13.51,13.51,,8241200,1968400,1483100,986750,,15.57,16.64,16.64,16.64,16.64,13.27,13.52,13.52,13.52,13.25
2026/05/07,10,23372300,19757650,14984350,15.82,17.45,17.45,17.45,17.45,13.52,13.52,13.52,13.52,13.52,,15.75,,,,,,15.75,17.45,17.45,17.45,17.45,13.52,13.30,13.52,13.52,13.51,,8321750,2046650,1526950,1029650,,15.75,17.45,17.45,17.45,17.45,13.47,13.52,13.52,13.52,13.10
2026/05/07,11,23430050,19834400,14846300,15.79,17.18,17.18,17.18,17.18,13.52,13.52,13.52,13.52,13.52,,15.72,,,,,,15.72,17.18,17.18,17.18,17.18,13.52,13.30,13.52,13.51,13.51,,8357750,2035300,1572750,1086250,,15.72,17.18,17.18,17.18,17.18,13.48,13.52,13.52,13.52,13.11
2026/05/07,12,23960350,19195850,14883550,15.16,15.79,15.79,15.79,15.79,12.41,12.41,12.41,12.41,12.41,,15.07,,,,,,15.07,15.79,15.79,15.79,15.79,12.41,12.20,12.40,12.42,12.40,,8620350,2032200,1529950,1122450,,15.07,15.79,15.79,15.79,15.79,12.36,12.41,12.41,12.42,12.02
2026/05/07,13,24900750,18997050,15285900,14.09,14.52,15.08,15.08,15.08,13.60,13.60,13.60,13.60,13.60,,14.07,,,,,,14.07,14.52,15.08,15.14,15.09,13.60,13.28,13.59,13.60,13.59,,8840150,1672200,1496400,1164900,,14.07,14.52,15.13,15.10,15.17,13.60,13.56,13.57,13.47,13.13
2026/05/07,14,25908500,19067650,16170150,10.62,13.08,13.08,13.08,13.08,9.33,9.33,9.33,9.33,9.33,,10.70,,,,,,10.70,13.08,13.08,13.17,13.11,9.33,9.33,9.33,9.33,9.33,,8999100,1732400,1377450,1231450,,10.70,13.08,13.10,13.15,13.27,9.33,9.33,9.33,9.33,9.33
2026/05/07,15,28014150,19558200,17244400,8.98,8.53,8.53,10.50,10.50,8.87,8.87,8.87,8.87,8.87,,9.14,,,,,,9.14,8.53,8.54,10.79,10.56,8.87,8.87,8.86,8.87,8.87,,9549150,1725400,2082950,2044750,,9.14,8.53,8.53,10.56,11.38,8.87,8.87,8.87,8.85,8.87
2026/05/07,16,30150650,21232900,18304100,9.01,8.22,8.22,14.91,14.91,3.74,3.74,3.74,3.74,3.00,,9.05,,,,,,9.05,8.22,8.22,14.94,14.93,3.74,3.74,3.74,3.74,3.00,,10122650,1726700,2384800,2355300,,9.05,8.22,8.22,14.92,14.99,3.74,3.73,3.74,3.73,3.00
2026/05/07,17,32181600,22912950,19738350,9.71,8.00,8.00,15.09,15.09,15.09,15.09,0.01,0.01,0.01,,9.75,,,,,,9.75,8.00,8.01,15.11,15.11,15.09,15.10,0.01,0.01,0.01,,10653400,1816650,2749450,2729950,,9.75,8.00,8.00,15.11,15.14,15.10,15.11,0.01,0.01,0.01
2026/05/07,18,33738000,24590800,20862400,9.71,7.27,7.27,15.46,15.46,15.46,15.46,0.02,0.02,0.01,,9.74,,,,,,9.74,7.27,7.28,15.47,15.45,15.46,15.43,0.02,0.02,0.01,,10758900,1764000,3561200,3138300,,9.74,7.28,7.27,15.47,15.45,15.31,15.48,0.02,0.02,0.01
2026/05/07,19,34963100,25625600,21767600,9.27,3.07,3.07,15.20,15.20,15.20,15.20,0.50,0.50,0.01,,9.32,,,,,,9.32,3.29,3.08,15.22,15.18,15.20,15.13,0.50,0.50,0.01,,10904600,1798600,4206050,3374150,,9.32,3.10,3.11,15.22,15.18,14.88,15.21,0.50,0.50,0.01
2026/05/07,20,36547050,25581450,22565000,7.35,1.15,1.15,15.54,10.92,10.92,10.92,0.01,0.01,0.01,,7.35,,,,,,7.35,1.45,1.15,15.55,10.91,10.92,10.90,0.01,0.01,0.01,,11233250,1810400,4252700,3422950,,7.35,1.27,1.18,15.56,10.89,10.92,10.92,0.01,0.01,0.01
2026/05/07,21,37398300,24669650,22545800,4.82,0.04,0.04,10.81,10.81,10.81,10.81,0.01,0.01,0.01,,4.91,,,,,,4.91,0.21,0.06,10.90,10.81,10.81,10.77,0.01,0.01,0.01,,11426200,1754550,4221150,3394250,,4.91,0.14,0.06,10.94,10.77,10.81,10.81,0.01,0.01,0.01
2026/05/07,22,37673250,25347250,22407400,5.64,0.02,0.02,14.60,11.08,11.08,11.08,0.01,0.01,0.01,,5.68,,,,,,5.68,0.19,0.04,14.63,11.07,11.08,11.04,0.01,0.01,0.01,,11486850,1757500,4110450,3283550,,5.68,0.12,0.04,14.65,11.02,11.08,11.08,0.01,0.01,0.01
2026/05/07,23,37888000,25124550,22448850,3.86,0.03,0.03,10.32,10.32,10.32,10.32,0.01,0.01,0.01,,4.00,,,,,,4.00,0.27,0.04,10.45,10.33,10.35,10.32,0.01,0.01,0.01,,11465700,1760450,4095750,3268850,,4.00,0.13,0.06,10.48,10.40,10.30,10.33,0.01,0.01,0.01
2026/05/07,24,37981700,25183000,22480150,3.55,1.00,1.00,10.50,10.50,10.50,10.50,0.01,0.01,0.01,,3.73,,,,,,3.73,1.23,1.02,10.64,10.50,10.53,10.50,0.01,0.01,0.01,,11440950,1750400,4064150,3237250,,3.73,1.13,1.03,10.68,10.56,10.48,10.53,0.01,0.01,0.01
2026/05/07,25,38054400,24100500,22112200,1.00,0.10,0.10,10.27,9.71,9.71,9.71,0.01,0.01,0.01,,1.19,,,,,,1.19,0.30,0.10,10.37,9.69,9.70,9.68,0.01,0.01,0.01,,11593600,1756600,4086000,3143600,,1.19,0.20,0.12,10.43,9.63,9.71,9.72,0.01,0.01,0.01
2026/05/07,26,38123500,24692400,21989000,2.90,2.50,2.50,10.50,9.71,9.71,9.71,0.01,0.01,0.01,,3.07,,,,,,3.07,2.73,2.50,10.65,9.66,9.70,9.68,0.01,0.01,0.01,,11822450,1755050,4164000,3102550,,3.07,2.59,2.53,10.73,9.60,9.71,9.71,0.01,0.01,0.01
2026/05/07,27,37618000,26019400,22097800,8.87,5.00,5.00,15.14,11.99,11.99,11.99,0.01,0.01,0.01,,8.93,,,,,,8.93,5.02,5.00,15.18,11.92,11.97,11.95,0.01,0.01,0.01,,11879650,1757400,4333000,3255600,,8.93,5.00,5.00,15.20,11.89,11.94,11.98,0.01,0.01,0.01
2026/05/07,28,37054950,25593400,21885750,8.99,7.36,7.36,14.61,13.79,13.79,13.79,0.01,0.01,0.01,,9.08,,,,,,9.08,7.34,7.36,14.67,13.71,13.77,13.75,0.01,0.01,0.01,,11989800,1774550,4041600,3369200,,9.08,7.36,7.36,14.70,13.69,13.74,13.75,0.01,0.01,0.01
2026/05/07,29,36242450,25476600,21667350,7.92,7.45,7.45,15.79,15.79,15.79,15.79,0.01,0.01,0.01,,8.00,,,,,,8.00,7.45,7.45,15.80,15.77,15.80,15.79,0.01,0.01,0.01,,12142350,1860850,3625950,3378050,,8.00,7.45,7.45,15.81,15.76,15.79,15.80,0.01,0.01,0.01
2026/05/07,30,35362150,25409700,21406050,9.15,9.66,9.66,17.38,15.88,15.88,15.88,1.00,0.01,0.01,,9.20,,,,,,9.20,9.65,9.66,17.38,15.86,15.87,15.84,1.00,0.01,0.01,,12179100,1849900,3446450,3192950,,9.20,9.66,9.66,17.38,15.80,15.88,15.88,1.00,0.01,0.01
2026/05/07,31,34252050,25020300,20692850,10.94,11.87,11.87,35.83,15.82,15.82,15.82,0.01,0.01,0.01,,11.31,,,,,,11.31,11.87,11.87,35.67,15.82,15.82,15.81,0.01,0.01,0.01,,12188200,1844300,2647650,2331650,,11.31,11.87,11.87,35.58,15.81,15.82,15.82,0.01,0.01,0.01
2026/05/07,32,32934800,23272650,19562250,11.46,17.06,17.06,17.06,14.29,14.29,14.29,0.04,0.04,0.04,,11.54,,,,,,11.54,17.06,17.06,17.08,14.30,14.29,14.29,0.04,0.04,0.04,,12163950,1895400,1640000,1377000,,11.54,17.06,17.07,17.08,14.28,14.29,14.30,0.04,0.04,0.04
2026/05/07,33,31672200,23328950,19157000,10.31,15.24,15.24,15.24,11.02,11.02,11.02,8.15,8.15,8.15,,10.58,,,,,,10.58,15.25,15.24,15.45,11.04,11.02,11.03,8.31,8.15,8.32,,11657950,1952300,1069550,904750,,10.58,15.25,15.34,15.48,11.03,11.07,11.03,8.20,8.35,8.21
2026/05/07,34,30812000,23506350,18781350,14.54,16.13,16.13,16.13,15.00,15.00,15.00,9.15,9.15,9.15,,14.61,,,,,,14.61,16.14,16.13,16.20,15.02,15.00,14.99,9.21,9.15,9.30,,11671250,1891050,1050900,861200,,14.61,16.15,16.21,16.18,15.02,14.98,15.00,9.21,9.17,9.22
2026/05/07,35,29980100,23292050,18026750,15.55,17.30,17.30,17.30,17.30,15.82,15.82,12.38,12.38,12.38,,15.59,,,,,,15.59,17.35,17.30,17.40,17.33,15.82,15.82,12.14,12.37,12.37,,11697400,1911500,891450,695900,,15.59,17.31,17.37,17.40,17.38,15.82,15.82,12.38,12.37,12.23
2026/05/07,36,29099400,24530650,17828400,17.15,19.50,19.50,19.50,19.16,19.16,19.16,14.96,14.96,14.96,,17.10,,,,,,17.10,19.55,19.50,19.52,19.11,19.15,19.09,14.20,14.72,14.85,,11387700,1795850,894050,673000,,17.10,19.52,19.53,19.52,19.16,18.56,19.16,14.96,14.88,14.50
2026/05/07,37,29067650,24760200,18109500,18.40,28.63,28.63,28.63,20.00,16.11,16.11,16.11,8.99,16.11,,18.37,,,,,,18.37,28.44,28.54,28.58,20.02,16.10,15.88,15.38,8.99,16.05,,11218600,1898850,920850,669950,,18.37,28.63,28.63,28.52,20.03,15.34,16.11,16.11,8.99,15.59
2026/05/07,38,28606500,25327600,17840850,19.26,28.64,30.00,30.00,18.99,18.40,18.40,18.40,8.87,18.40,,19.30,,,,,,19.30,28.42,29.85,29.93,19.01,18.39,18.04,17.36,8.87,18.23,,11027200,1793850,925150,668750,,19.30,28.64,29.99,29.79,19.02,17.12,18.40,18.40,8.87,17.67
2026/05/07,39,28876200,24906500,17598750,18.59,28.64,28.64,28.64,18.97,17.45,17.45,17.45,8.86,17.45,,18.63,,,,,,18.63,28.14,28.58,28.59,18.97,17.44,17.15,16.59,8.86,17.31,,11321550,1826850,898050,661100,,18.63,28.64,28.63,28.51,18.98,16.41,17.45,17.45,8.86,16.83
2026/05/07,40,29082850,24272850,17290850,17.38,28.63,19.50,19.50,19.19,16.29,16.29,16.29,8.87,16.29,,17.31,,,,,,17.31,27.66,19.50,19.51,19.19,16.29,16.01,15.87,8.76,16.23,,11487650,1905000,865200,658750,,17.31,28.63,19.60,19.51,19.18,15.67,16.29,16.29,8.84,15.76
2026/05/07,41,28817550,23306800,16811100,16.29,20.00,19.21,19.21,19.21,15.74,15.74,15.74,8.99,15.74,,16.22,,,,,,16.22,20.00,19.21,19.22,19.22,15.75,15.52,15.19,8.94,15.73,,11652200,1982650,878400,659400,,16.22,20.00,19.23,19.21,19.21,15.36,15.74,15.74,8.98,15.19
2026/05/07,42,28860800,22634900,16286200,15.79,18.00,18.00,18.00,18.00,15.30,15.30,15.30,15.30,15.30,,15.76,,,,,,15.76,18.07,18.00,18.03,18.01,15.30,15.20,14.58,15.26,15.26,,11910600,2009050,864300,655800,,15.76,18.00,18.06,18.01,18.01,15.01,15.30,15.30,15.22,14.82
2026/05/07,43,28776600,22254950,16467450,15.99,18.50,18.50,18.50,18.50,15.68,15.68,15.68,15.68,15.68,,15.95,,,,,,15.95,18.52,18.50,18.52,18.51,15.68,15.47,15.11,15.64,15.64,,12024400,2064150,858700,649450,,15.95,18.50,18.56,18.50,18.50,15.20,15.68,15.68,15.54,15.20
2026/05/07,44,28635850,21795450,16133500,15.79,17.05,17.05,17.05,17.05,15.99,15.99,15.99,15.99,15.99,,15.75,,,,,,15.75,17.17,17.05,17.06,17.07,15.99,15.70,15.73,15.93,15.93,,11749700,1779250,1256650,728650,,15.75,17.05,17.09,17.07,17.05,15.42,15.99,15.99,15.88,15.55
2026/05/07,45,28514500,21292850,16024450,15.79,16.64,16.64,16.64,16.64,16.17,16.17,16.17,16.17,16.17,,15.76,,,,,,15.76,16.89,16.64,16.67,16.65,16.17,15.87,15.80,16.02,16.10,,11809850,1911200,1275600,720050,,15.76,16.64,16.69,16.67,16.65,15.59,16.17,16.17,16.06,15.76
2026/05/07,46,27671700,21148700,16458750,16.47,20.00,20.00,20.00,19.87,15.82,15.82,15.82,15.82,15.82,,16.40,,,,,,16.40,20.00,20.00,20.00,19.87,15.82,15.42,15.56,15.69,15.76,,11573450,1997900,1291450,717400,,16.40,20.00,20.00,20.00,19.86,15.19,15.82,15.82,15.68,15.36
2026/05/07,47,26992850,20900300,16210500,16.72,22.00,22.00,22.00,22.00,15.74,15.74,15.74,15.74,15.74,,16.61,,,,,,16.61,21.97,21.98,21.98,21.97,15.74,15.13,15.47,15.60,15.68,,11272750,2103150,1284900,716350,,16.61,22.00,22.00,22.00,21.92,14.91,15.74,15.34,15.52,15.31
2026/05/07,48,26555850,19738450,15612650,15.79,17.80,17.80,17.80,17.80,14.96,14.96,14.96,14.96,14.96,,15.67,,,,,,15.67,17.80,17.80,17.80,17.79,14.96,14.40,14.71,14.95,14.91,,10827500,2089200,748750,546250,,15.67,17.80,17.80,17.80,17.78,14.22,14.96,14.95,14.77,14.35
2026/05/08,1,22291900,19789200,15354500,16.57,19.12,19.12,19.12,15.78,15.50,15.50,15.50,8.92,15.50,,16.54,,,,,,16.54,19.12,19.12,19.12,15.76,15.50,15.45,15.39,8.99,15.42,,6705100,1864100,867850,386100,,16.54,19.12,19.12,19.12,15.76,15.14,15.50,15.44,8.94,15.50
2026/05/08,2,23181850,19529450,14862150,15.95,17.49,17.49,17.49,15.95,14.19,14.19,14.19,7.07,14.19,,15.90,,,,,,15.90,17.49,17.49,17.49,15.89,14.19,14.05,14.14,7.07,14.16,,8064550,2137900,1002800,381150,,15.90,17.49,17.49,17.49,15.85,14.19,14.19,13.91,7.07,14.16
2026/05/08,3,23810600,19678900,14840250,15.79,16.57,16.57,16.57,16.00,14.09,14.09,14.09,7.07,14.09,,15.76,,,,,,15.76,16.57,16.57,16.58,15.97,14.09,14.01,14.07,7.07,14.06,,9162300,2646650,1323500,499350,,15.76,16.56,16.60,16.57,15.89,14.09,14.09,14.09,7.07,13.97
2026/05/08,4,23782900,19798850,14766400,16.00,16.77,16.77,16.77,16.64,14.18,14.18,14.18,7.07,14.18,,15.93,,,,,,15.93,16.77,16.77,16.77,16.56,14.17,14.02,14.12,7.07,14.14,,9393900,2627750,1446100,505700,,15.93,16.76,16.77,16.77,16.53,13.97,14.18,14.06,7.07,14.01
2026/05/08,5,23745850,20080050,14791200,16.30,17.21,17.21,17.21,17.21,14.18,14.18,14.18,7.06,14.18,,16.23,,,,,,16.23,17.18,17.20,17.18,17.19,14.18,14.01,14.13,7.06,14.15,,9345000,2590100,1556550,509650,,16.23,17.16,17.21,17.21,17.12,13.97,14.18,14.04,7.06,14.04
2026/05/08,6,24002500,20481850,15115100,16.57,18.25,18.25,18.25,18.25,13.79,13.79,13.79,7.50,13.79,,16.54,,,,,,16.54,18.23,18.23,18.24,18.24,13.79,13.75,13.61,7.50,13.75,,9645200,2739450,1649400,508100,,16.54,18.14,18.25,18.25,18.23,13.60,13.79,13.79,7.50,13.68
2026/05/08,7,23745900,20581550,15160650,17.53,19.43,19.43,19.43,19.43,14.18,14.18,14.18,8.93,14.18,,17.54,,,,,,17.54,19.42,19.37,19.40,19.41,14.18,14.19,14.17,8.93,14.18,,9334650,2518350,1420650,393500,,17.54,19.24,19.43,19.43,19.35,14.16,14.18,14.20,8.93,14.18
2026/05/08,8,23815550,21005950,15242750,17.57,20.23,20.23,20.23,20.23,14.19,14.19,14.19,8.94,14.19,,17.57,,,,,,17.57,20.18,20.17,20.22,20.20,14.19,14.19,14.19,8.94,14.19,,9196700,2438400,1461100,403150,,17.57,19.93,20.23,20.23,20.17,14.16,14.19,14.21,8.94,14.19
2026/05/08,9,23821000,21084750,15253100,17.52,20.04,20.04,20.04,20.04,14.18,14.18,14.18,8.94,14.18,,17.55,,,,,,17.55,20.02,20.02,20.04,20.04,14.18,14.19,14.18,8.94,14.18,,9136300,2429850,1486450,438750,,17.55,19.93,20.05,20.04,20.03,14.17,14.18,14.21,8.94,14.18
2026/05/08,10,23760900,21366100,15413300,18.00,20.90,20.90,20.90,20.18,14.19,14.19,14.19,8.91,14.19,,17.99,,,,,,17.99,20.87,20.86,20.89,20.21,14.19,14.19,14.02,8.91,14.16,,8966450,2421400,1526300,478900,,17.99,20.59,20.93,20.90,20.18,13.96,14.19,14.19,8.91,14.13
2026/05/08,11,23957700,21535000,15619350,18.00,20.65,20.65,20.65,20.65,14.96,14.96,14.96,8.90,14.96,,17.99,,,,,,17.99,20.61,20.56,20.63,20.63,14.96,14.95,14.91,8.90,14.95,,9039750,2449150,1521550,514600,,17.99,20.25,20.65,20.65,20.59,14.86,14.96,14.96,8.90,14.95
2026/05/08,12,24291200,21198600,15419250,16.67,18.00,18.00,18.00,18.00,15.00,15.00,15.00,8.92,15.00,,16.67,,,,,,16.67,18.00,18.00,17.99,18.00,15.00,14.97,14.95,8.92,14.97,,9230200,2478050,1613650,583500,,16.67,17.86,18.00,18.00,17.99,14.85,15.00,15.00,8.92,14.97
2026/05/08,13,25365400,20366900,15657550,15.22,16.30,16.30,16.30,16.30,11.77,11.77,11.77,8.91,11.77,,15.21,,,,,,15.21,16.29,16.30,16.30,16.30,11.77,11.77,11.64,8.91,11.77,,9647650,2458000,1666900,645400,,15.21,16.29,16.30,16.30,16.30,11.66,11.77,11.77,8.91,11.73
2026/05/08,14,26203150,20372850,15821400,14.94,15.79,15.79,15.79,15.65,9.13,9.13,9.13,9.13,9.13,,14.93,,,,,,14.93,15.79,15.79,15.84,15.63,9.13,9.13,9.15,9.11,9.13,,10134300,2504750,1506250,519750,,14.93,15.81,15.86,15.80,15.44,9.15,9.13,9.13,9.13,9.13
2026/05/08,15,27105800,20750100,16297550,13.06,15.22,15.22,15.22,15.04,8.87,8.87,8.87,8.87,8.87,,13.08,,,,,,13.08,15.22,15.21,15.26,14.94,8.87,8.87,8.90,8.87,8.88,,10491300,2550250,1923100,529200,,13.08,15.25,15.26,15.26,14.79,8.88,8.87,8.87,8.89,8.87
2026/05/08,16,28199300,21433450,16985250,11.21,15.17,15.17,15.17,14.82,8.87,8.87,8.87,8.87,8.87,,11.26,,,,,,11.26,15.13,15.17,15.20,14.78,8.87,8.88,8.87,8.87,8.89,,10767250,2549850,2114250,567050,,11.26,15.13,15.17,15.22,14.70,8.87,8.87,8.88,8.87,8.87
2026/05/08,17,29402550,23173950,18003050,14.61,15.79,15.79,15.79,15.79,14.18,14.18,8.87,8.87,8.87,,14.61,,,,,,14.61,15.78,15.78,15.82,15.78,14.18,14.14,8.89,8.87,8.88,,11067050,2495550,2348650,701750,,14.61,15.81,15.79,15.83,15.70,14.18,14.18,8.87,8.89,8.87
2026/05/08,18,30008300,24461250,18426400,15.22,16.57,16.57,16.57,16.57,15.82,15.82,8.87,8.87,8.87,,15.21,,,,,,15.21,16.46,16.53,16.55,16.56,15.82,15.78,8.93,8.87,8.88,,11015450,2491450,2473000,727050,,15.21,16.43,16.57,16.55,16.52,15.65,15.82,8.87,8.92,8.88
2026/05/08,19,30636550,25347900,18966050,15.56,16.57,16.57,16.57,16.57,16.57,16.57,8.15,8.15,8.15,,15.56,,,,,,15.56,16.43,16.56,16.57,16.56,16.57,16.56,8.28,8.16,8.16,,11316100,2526150,2596150,730200,,15.56,16.45,16.58,16.57,16.54,16.54,16.56,8.20,8.15,8.19
2026/05/08,20,31407850,25685450,19650600,15.00,16.57,16.57,16.57,16.57,16.57,16.57,7.59,7.59,7.59,,14.99,,,,,,14.99,16.49,16.56,16.56,16.56,16.57,16.53,7.66,7.60,7.60,,11484600,2574750,2643150,774850,,14.99,16.48,16.57,16.55,16.50,16.57,16.56,7.65,7.59,7.60
2026/05/08,21,31986550,25905450,19634450,14.57,16.08,16.08,16.08,16.08,16.08,16.08,5.86,5.86,5.86,,14.60,,,,,,14.60,15.91,16.06,16.12,16.07,16.08,16.08,5.86,5.87,5.87,,11615000,2631050,2879950,842200,,14.60,15.98,16.07,16.12,16.08,16.08,16.07,5.87,5.86,5.86
2026/05/08,22,32559050,25977200,19848000,13.69,15.82,15.82,15.82,15.82,15.82,15.82,2.50,2.50,1.00,,13.72,,,,,,13.72,15.79,15.80,15.84,15.81,15.82,15.80,2.50,2.50,1.02,,11742600,2750150,2953500,892750,,13.72,15.84,15.82,15.84,15.78,15.82,15.82,2.50,2.50,1.00
2026/05/08,23,32929300,26806200,20398700,13.79,15.82,15.82,15.82,15.82,15.82,15.82,10.50,10.50,0.01,,13.81,,,,,,13.81,15.75,15.81,15.83,15.78,15.81,15.79,10.49,10.50,0.02,,11871850,2836650,3577400,1364400,,13.81,15.76,15.81,15.85,15.72,15.82,15.81,10.50,10.50,0.02
2026/05/08,24,33154800,26950950,20574800,11.00,15.95,15.95,15.95,15.95,14.19,14.19,10.50,10.50,0.01,,11.09,,,,,,11.09,15.85,15.95,15.95,15.94,14.19,14.18,10.50,10.53,0.01,,11952550,2892050,3902650,1563650,,11.09,15.86,15.94,15.95,15.92,14.17,14.20,10.50,10.50,0.01
2026/05/08,25,33646950,26516100,20587050,9.94,15.04,15.04,15.04,15.00,13.79,13.79,7.07,7.07,0.01,,10.00,,,,,,10.00,15.03,15.03,15.05,14.95,13.79,13.73,7.07,7.10,0.01,,12371000,3043650,4429500,1552400,,10.00,15.02,15.04,15.06,14.88,13.65,13.79,7.08,7.07,0.01
2026/05/08,26,33779800,26974450,20278200,9.94,15.35,15.35,15.35,15.35,13.79,13.79,7.07,7.07,0.01,,10.02,,,,,,10.02,15.33,15.34,15.36,15.33,13.79,13.74,7.07,7.07,0.01,,12666800,3121950,4929950,1695500,,10.02,15.32,15.35,15.36,15.26,13.73,13.79,7.07,7.07,0.01
2026/05/08,27,33141900,28344850,20442650,15.00,18.05,18.05,18.05,18.05,18.05,18.05,7.07,7.07,0.01,,15.02,,,,,,15.02,18.01,18.03,18.06,18.03,18.04,18.02,7.08,7.11,0.01,,12647250,3217950,4879500,1696000,,15.02,18.05,18.05,18.05,18.00,18.05,18.03,7.08,7.07,0.01
2026/05/08,28,32826150,27967750,20606200,16.17,26.39,26.39,26.39,26.39,18.63,18.63,3.31,3.31,0.01,,16.28,,,,,,16.28,26.29,26.10,26.36,26.35,18.63,18.64,3.31,3.31,0.01,,12957700,3391600,4131500,1678300,,16.28,26.06,26.32,26.38,26.26,18.63,18.64,3.31,3.31,0.01
2026/05/08,29,32728200,26390000,20462700,15.79,26.39,26.39,26.39,26.39,18.62,18.62,0.50,0.50,0.01,,15.93,,,,,,15.93,26.31,26.30,26.36,26.32,18.62,18.60,0.50,0.50,0.01,,13003050,3655550,3197100,1427150,,15.93,26.40,26.37,26.38,26.20,18.62,18.60,0.50,0.50,0.01
2026/05/08,30,32176250,26087850,19992150,16.71,28.23,28.23,28.23,28.23,18.00,18.00,0.01,0.01,0.01,,16.86,,,,,,16.86,28.20,28.16,28.20,28.18,18.00,17.96,0.01,0.01,0.02,,12872350,3591350,2913300,1290250,,16.86,28.27,28.21,28.20,28.12,17.99,17.95,0.01,0.02,0.01
2026/05/08,31,31854000,25510150,19778750,17.60,30.00,30.00,30.00,28.40,15.82,15.82,0.01,0.01,0.01,,17.68,,,,,,17.68,29.89,29.92,29.96,28.33,15.82,15.83,0.01,0.01,0.01,,12754800,3466550,2261500,951950,,17.68,29.89,29.98,29.95,28.29,15.82,15.84,0.01,0.01,0.01
2026/05/08,32,31058800,25170400,19559350,19.67,28.24,32.40,32.40,32.38,14.19,14.19,0.50,0.50,0.50,,19.93,,,,,,19.93,27.99,31.96,32.24,32.02,14.19,14.22,0.50,0.54,0.51,,12553600,3487250,1345250,699100,,19.93,28.26,32.38,32.06,31.82,14.19,14.22,0.52,0.51,0.50
2026/05/08,33,30497450,24779250,19331000,17.50,30.00,30.00,30.00,30.00,9.19,9.19,3.01,3.01,3.01,,17.68,,,,,,17.68,29.91,29.95,29.99,29.89,9.19,9.21,3.02,3.02,3.02,,12034000,3293500,1201150,688100,,17.68,30.00,30.00,29.97,29.83,9.20,9.21,3.02,3.02,3.01
2026/05/08,34,29933150,24465300,19322800,18.34,28.40,28.40,28.40,27.17,13.52,13.52,6.99,6.99,6.99,,18.49,,,,,,18.49,28.23,28.39,28.41,27.16,13.52,13.53,6.99,7.00,7.06,,11565550,3380150,1201000,685450,,18.49,28.43,28.41,28.39,27.15,13.52,13.53,7.06,7.02,6.99
2026/05/08,35,29369150,24423700,19345750,19.44,28.23,28.23,28.23,26.97,13.79,13.79,8.87,7.00,8.87,,19.48,,,,,,19.48,28.19,28.23,28.23,26.94,13.79,13.78,8.90,7.00,8.89,,11178200,3471050,1191300,673750,,19.48,28.24,28.23,28.22,26.93,13.76,13.79,8.88,7.00,8.90
2026/05/08,36,29047600,24649500,19304150,19.93,28.24,28.40,28.40,27.08,14.09,14.09,13.00,7.08,13.00,,19.94,,,,,,19.94,28.18,28.38,28.39,27.05,14.09,14.09,12.55,7.08,13.01,,10933350,3421500,1188450,669550,,19.94,28.24,28.40,28.38,27.02,14.09,14.09,13.01,7.08,12.74
2026/05/08,37,29221450,24744550,19205750,19.50,26.96,26.96,26.96,26.96,14.96,14.96,14.96,7.06,14.96,,19.59,,,,,,19.59,26.96,26.96,26.99,26.95,14.96,14.75,14.25,7.06,14.87,,11070400,3591100,1190550,667750,,19.59,26.98,27.03,26.98,26.92,14.89,14.96,14.96,7.06,14.22
2026/05/08,38,28973000,24788700,19082400,20.01,27.02,27.02,27.02,27.02,15.68,15.68,15.68,7.08,15.68,,20.15,,,,,,20.15,27.02,27.02,27.07,27.01,15.68,15.46,15.03,7.08,15.53,,11352950,3662150,1189000,666250,,20.15,27.06,27.11,27.04,26.98,15.57,15.68,15.68,7.08,14.89
2026/05/08,39,28885200,24282100,18946300,19.40,27.15,27.15,27.15,27.15,15.68,15.68,15.68,7.06,15.68,,19.60,,,,,,19.60,27.13,27.12,27.17,27.16,15.68,15.38,14.99,7.06,15.57,,11327000,3640900,1187300,664050,,19.60,27.30,27.25,27.15,27.00,15.63,15.68,15.68,7.06,14.74
2026/05/08,40,28916350,23715900,18596200,18.00,20.50,20.50,20.50,20.50,14.96,14.96,14.96,7.07,14.96,,17.90,,,,,,17.90,20.71,20.50,20.51,20.56,14.97,14.70,14.45,7.07,14.87,,11338150,3668200,1181000,660050,,17.90,20.50,20.56,20.51,20.55,14.94,14.96,14.96,7.07,14.15
2026/05/08,41,28899350,23561700,18236750,17.27,20.07,20.07,20.07,20.07,14.18,14.18,14.18,7.07,14.18,,17.26,,,,,,17.26,20.27,20.07,20.11,20.15,14.18,14.05,13.87,7.07,14.05,,11314950,3597550,1175300,654300,,17.26,20.07,20.20,20.09,20.14,14.16,14.18,14.18,7.07,13.70
2026/05/08,42,28700300,23039900,17735750,16.67,18.42,18.42,18.42,18.42,14.96,14.96,14.96,7.07,14.96,,16.62,,,,,,16.62,18.60,18.43,18.45,18.50,14.97,14.72,14.39,7.07,14.81,,10978100,3359450,1171400,650400,,16.62,18.42,18.57,18.42,18.45,14.94,14.96,14.96,7.07,14.14
2026/05/08,43,28525450,22550500,17546550,16.50,17.32,17.32,17.32,17.32,14.19,14.19,14.19,7.07,14.19,,16.44,,,,,,16.44,17.46,17.34,17.36,17.38,14.19,14.07,13.75,7.07,14.17,,10906700,3310350,1165450,644700,,16.44,17.32,17.44,17.34,17.34,14.19,14.19,14.19,7.07,13.69
2026/05/08,44,28250500,22701500,17521700,16.45,17.06,17.06,17.06,17.06,14.96,14.96,14.96,7.08,14.96,,16.37,,,,,,16.37,17.13,17.07,17.10,17.10,14.96,14.75,14.25,7.08,14.93,,10929450,3306250,1595000,807000,,16.37,17.06,17.19,17.06,17.06,14.96,14.96,14.96,7.08,14.18
2026/05/08,45,28860150,22291700,18130350,16.33,16.33,16.33,16.33,16.33,15.68,15.68,15.68,7.07,15.68,,16.34,,,,,,16.34,16.33,16.34,16.37,16.81,15.68,15.38,15.11,7.07,15.64,,11034150,3413250,1492700,811150,,16.34,16.47,16.65,16.52,16.33,15.68,15.68,15.68,7.07,14.83
2026/05/08,46,28511900,22009800,17581350,16.45,17.33,17.33,17.33,17.33,14.21,14.21,14.21,7.07,14.21,,16.44,,,,,,16.44,17.33,17.33,17.36,17.60,14.21,14.06,13.89,7.07,14.18,,11146150,3381950,1374000,792450,,16.44,17.67,17.50,17.40,17.39,14.21,14.21,14.21,7.07,13.75
2026/05/08,47,27821900,21531550,17341100,15.95,16.88,16.88,16.88,16.88,14.96,14.96,14.96,7.07,14.96,,15.92,,,,,,15.92,16.88,16.89,16.92,17.05,14.96,14.62,14.35,7.07,14.93,,10484250,3170450,1201400,719850,,15.92,16.96,17.02,16.91,17.01,14.93,14.96,14.96,7.07,14.08
2026/05/08,48,27329250,20300000,17261650,15.68,15.79,15.79,15.79,15.79,13.52,13.52,13.52,7.00,13.52,,15.67,,,,,,15.67,15.79,15.79,15.83,15.99,13.52,13.45,13.32,7.00,13.49,,9984600,3217000,542950,430450,,15.67,15.87,15.94,15.83,15.94,13.50,13.52,13.52,7.00,13.30
2026/05/09,1,24610400,20285500,16472250,15.98,16.67,16.67,16.67,16.67,15.00,15.00,15.00,8.91,15.00,,16.01,,,,,,16.01,16.67,16.67,16.68,16.81,15.00,14.99,14.97,8.91,14.98,,6963900,1593700,1169450,1060900,,16.01,16.67,16.78,16.68,16.73,14.92,15.00,15.00,8.91,14.98
2026/05/09,2,24864800,19390000,15883550,15.00,16.59,16.59,16.59,16.59,9.13,9.13,9.13,9.13,9.13,,15.06,,,,,,15.06,16.59,16.59,16.61,16.78,9.13,9.13,9.18,9.13,9.13,,8568300,1626150,1386550,1280500,,15.06,16.59,16.62,16.66,16.74,9.15,9.13,9.14,9.14,9.13
2026/05/09,3,25006700,18966800,15615400,15.50,16.78,16.78,16.78,16.78,9.13,9.13,9.13,9.13,9.13,,15.55,,,,,,15.55,16.78,16.78,16.78,17.03,9.13,9.13,9.17,9.13,9.13,,9033000,1604150,1422700,1320750,,15.55,16.78,16.80,16.86,16.97,9.15,9.13,9.13,9.14,9.13
2026/05/09,4,25038550,18672250,15437400,15.19,16.67,16.67,16.67,16.67,9.32,9.32,9.32,9.32,9.32,,15.23,,,,,,15.23,16.67,16.67,16.67,16.86,9.32,9.32,9.33,9.32,9.32,,9012400,1512300,1462800,1362500,,15.23,16.68,16.74,16.72,16.77,9.33,9.32,9.32,9.32,9.32
2026/05/09,5,24910500,18629550,15237400,15.00,16.67,16.67,16.67,16.67,9.76,9.76,9.76,9.76,9.76,,15.03,,,,,,15.03,16.81,16.67,16.67,16.79,9.76,9.77,9.77,9.76,9.76,,8960300,1508400,1525600,1426350,,15.03,16.77,16.74,16.71,16.69,9.77,9.76,9.76,9.76,9.78
2026/05/09,6,24780650,18852600,15175550,15.68,16.67,16.67,16.67,16.67,13.60,13.60,13.60,13.60,13.60,,15.70,,,,,,15.70,16.67,16.67,16.67,16.79,13.60,13.57,13.56,13.60,13.60,,8879100,1374000,1586650,1488250,,15.70,16.67,16.75,16.71,16.69,13.50,13.60,13.60,13.57,13.60
2026/05/09,7,25454900,19667550,15544000,16.35,16.94,16.94,16.94,16.94,14.96,14.96,14.96,14.96,14.96,,16.36,,,,,,16.36,16.94,16.94,16.94,17.01,14.96,14.94,14.89,14.95,14.96,,8736900,1325400,1331450,1230250,,16.36,16.94,16.97,16.97,16.94,14.86,14.96,14.96,14.92,14.96
2026/05/09,8,25445900,20064600,15801100,16.67,18.05,18.05,18.05,18.05,15.50,15.50,15.50,15.50,15.50,,16.67,,,,,,16.67,18.04,18.01,18.04,18.08,15.50,15.46,15.46,15.43,15.45,,8739900,1300150,1330350,1229750,,16.67,18.07,18.10,18.02,18.04,15.46,15.50,15.50,15.36,15.50
2026/05/09,9,25385500,20090950,15933950,16.67,18.16,18.16,18.16,18.16,15.00,15.00,15.00,8.91,15.00,,16.65,,,,,,16.65,18.15,18.12,18.15,18.17,15.00,14.99,14.99,8.76,14.98,,8717100,1674550,1322300,1221400,,16.65,18.16,18.18,18.13,18.16,14.91,15.00,15.00,8.86,15.00
2026/05/09,10,25400700,20292850,16020150,16.67,18.50,18.50,18.50,18.50,15.50,15.50,15.50,8.92,15.50,,16.65,,,,,,16.65,18.49,18.44,18.49,18.49,15.50,15.47,15.32,8.92,15.46,,8802950,1649500,1323000,1221550,,16.65,18.50,18.51,18.45,18.50,15.09,15.50,15.50,8.92,15.48
2026/05/09,11,25031950,19066700,14828650,16.11,16.71,16.71,16.71,16.71,14.27,14.27,14.27,8.92,14.27,,16.07,,,,,,16.07,16.71,16.71,16.71,16.73,14.27,14.24,13.79,8.92,14.27,,8863950,1655100,1162450,1059550,,16.07,16.71,16.73,16.71,16.71,13.59,14.27,14.27,8.92,14.23
2026/05/09,12,25578150,18542350,14820500,15.08,15.91,15.91,15.91,15.91,14.26,14.26,14.26,8.91,14.26,,15.07,,,,,,15.07,15.90,15.91,15.92,15.93,14.26,14.22,14.19,10.30,14.25,,9028850,1673050,1227400,1123150,,15.07,15.91,15.94,15.92,15.87,14.23,14.26,14.26,9.34,14.18
2026/05/09,13,26432250,17404350,14850800,11.63,11.55,11.55,11.55,11.55,11.55,11.55,11.55,11.55,11.55,,11.62,,,,,,11.62,11.55,11.55,11.55,11.56,11.54,11.54,11.52,11.21,11.54,,9220150,817500,1256300,1203300,,11.62,11.56,11.55,11.55,11.54,11.55,11.55,11.55,11.46,11.52
2026/05/09,14,28661300,16912700,15488500,7.49,7.49,7.49,7.49,7.49,7.49,7.49,7.49,7.49,6.00,,7.49,,,,,,7.49,7.49,7.48,7.49,7.49,7.49,7.49,7.49,7.49,5.97,,9557550,791550,1900850,1900350,,7.49,7.49,7.49,7.49,7.49,7.49,7.49,7.49,7.48,5.99
2026/05/09,15,32057000,17155850,16965200,0.01,1.00,1.00,1.00,1.00,1.00,1.00,1.00,1.00,0.01,,0.06,,,,,,0.06,1.01,1.00,1.00,1.01,1.00,1.03,1.20,1.00,0.01,,10161500,803150,2472500,2472000,,0.06,0.98,1.00,1.00,1.04,1.06,1.04,1.05,1.09,0.01
2026/05/09,16,34075550,18381100,18137850,0.01,1.97,1.97,1.97,1.97,1.97,1.97,1.97,1.97,0.01,,0.12,,,,,,0.12,2.07,1.97,1.97,2.01,1.97,2.03,2.43,1.97,0.01,,10615250,813050,2984300,2983800,,0.12,2.02,2.00,1.98,2.04,2.09,2.06,2.06,2.04,0.02
2026/05/09,17,35206850,18842950,18733750,0.01,0.49,0.49,0.49,0.49,0.49,0.49,0.49,0.49,0.01,,0.04,,,,,,0.04,0.59,0.48,0.49,0.51,0.49,0.49,0.71,0.49,0.01,,10492750,827200,3950650,3950650,,0.04,0.54,0.51,0.50,0.50,0.51,0.52,0.51,0.50,0.01
2026/05/09,18,36611350,19259650,19259650,0.01,0.01,0.01,0.01,0.01,0.01,0.01,0.01,0.01,0.01,,0.02,,,,,,0.02,0.13,0.01,0.01,0.03,0.01,0.01,0.01,0.01,0.01,,10683200,850850,4435350,4435350,,0.02,0.10,0.02,0.01,0.01,0.02,0.02,0.02,0.04,0.01
2026/05/09,19,37990000,19757550,19757550,0.01,0.01,0.01,0.01,0.01,0.01,0.01,0.01,0.01,0.01,,0.02,,,,,,0.02,0.07,0.01,0.01,0.03,0.01,0.01,0.01,0.01,0.01,,10955800,831000,4712450,4712450,,0.02,0.01,0.02,0.01,0.01,0.01,0.02,0.02,0.01,0.01
2026/05/09,20,39146400,19418850,19418850,0.01,0.01,0.01,0.01,0.01,0.01,0.01,0.01,0.01,0.01,,0.01,,,,,,0.01,0.03,0.01,0.01,0.01,0.01,0.01,0.01,0.01,0.01,,11016350,845550,4569450,4569450,,0.01,0.01,0.01,0.01,0.01,0.01,0.01,0.01,0.01,0.01
2026/05/09,21,40217500,19861650,19861650,0.01,0.01,0.01,0.01,0.01,0.01,0.01,0.01,0.01,0.01,,0.01,,,,,,0.01,0.01,0.01,0.01,0.01,0.01,0.01,0.01,0.01,0.01,,11069550,861300,4625850,4625850,,0.01,0.01,0.01,0.01,0.01,0.01,0.01,0.01,0.01,0.01
2026/05/09,22,41008400,20123350,20123350,0.01,0.01,0.01,0.01,0.01,0.01,0.01,0.01,0.01,0.01,,0.01,,,,,,0.01,0.01,0.01,0.01,0.01,0.01,0.01,0.01,0.01,0.01,,11165150,872700,4510300,4510300,,0.01,0.01,0.01,0.01,0.01,0.01,0.01,0.01,0.01,0.01
2026/05/09,23,41618200,20260300,20260300,0.01,0.01,0.01,0.01,0.01,0.01,0.01,0.01,0.01,0.01,,0.01,,,,,,0.01,0.01,0.01,0.02,0.01,0.01,0.01,0.01,0.01,0.01,,11200800,866750,4450100,4450100,,0.01,0.03,0.02,0.01,0.01,0.01,0.01,0.01,0.01,0.01
2026/05/09,24,41943700,20208650,20208650,0.01,0.01,0.01,0.01,0.01,0.01,0.01,0.01,0.01,0.01,,0.01,,,,,,0.01,0.01,0.01,0.02,0.01,0.01,0.01,0.01,0.01,0.01,,11196000,902100,4367850,4367850,,0.01,0.01,0.02,0.02,0.01,0.01,0.01,0.01,0.01,0.01
2026/05/09,25,41954650,19966350,19966350,0.01,0.01,0.01,0.01,0.01,0.01,0.01,0.01,0.01,0.01,,0.01,,,,,,0.01,0.01,0.01,0.02,0.01,0.01,0.01,0.01,0.01,0.01,,11183500,905750,4205150,4205150,,0.01,0.01,0.01,0.02,0.01,0.01,0.01,0.01,0.01,0.01
2026/05/09,26,41796500,19939150,19939150,0.01,0.01,0.01,0.01,0.01,0.01,0.01,0.01,0.01,0.01,,0.01,,,,,,0.01,0.01,0.01,0.02,0.01,0.01,0.01,0.01,0.01,0.01,,11283000,919550,4162950,4162950,,0.01,0.01,0.01,0.02,0.01,0.01,0.01,0.01,0.01,0.01
2026/05/09,27,41186550,20264050,20264050,0.01,0.01,0.01,0.01,0.01,0.01,0.01,0.01,0.01,0.01,,0.01,,,,,,0.01,0.01,0.01,0.01,0.01,0.01,0.01,0.01,0.01,0.01,,11339050,899200,4266750,4266750,,0.01,0.01,0.01,0.01,0.01,0.01,0.01,0.01,0.01,0.01
2026/05/09,28,40395450,20430300,20365250,0.01,0.01,0.01,0.50,0.01,0.01,0.01,0.01,0.01,0.01,,0.01,,,,,,0.01,0.01,0.01,0.49,0.01,0.01,0.01,0.01,0.01,0.01,,11396200,888050,4229900,4229900,,0.01,0.01,0.01,0.49,0.01,0.01,0.01,0.01,0.01,0.01
2026/05/09,29,39457550,19654100,19480050,0.01,0.01,0.01,2.60,0.01,0.01,0.01,0.01,0.01,0.01,,0.02,,,,,,0.02,0.03,0.01,2.60,0.01,0.01,0.01,0.01,0.01,0.01,,11404450,892400,3668400,3668400,,0.02,0.01,0.01,2.61,0.01,0.01,0.01,0.01,0.01,0.01
2026/05/09,30,38359350,19845900,19583050,0.01,0.01,0.01,4.98,0.01,0.01,0.01,0.01,0.01,0.01,,0.05,,,,,,0.05,0.08,0.02,4.97,0.02,0.01,0.01,0.01,0.01,0.01,,11339250,871350,3723900,3723900,,0.05,0.05,0.02,4.97,0.01,0.01,0.02,0.01,0.01,0.01
2026/05/09,31,37288800,20094050,19413200,0.01,4.00,4.00,10.54,0.01,0.01,0.01,0.01,0.01,0.01,,0.06,,,,,,0.06,4.01,4.00,10.55,0.14,0.01,0.05,0.01,0.01,0.01,,11292150,871700,3528700,3528700,,0.06,4.00,4.00,10.55,0.09,0.09,0.11,0.01,0.01,0.01
2026/05/09,32,35826950,18106500,17973550,0.01,0.50,0.50,0.50,0.02,0.02,0.02,0.01,0.01,0.01,,0.13,,,,,,0.13,0.51,0.51,0.59,0.24,0.02,0.11,0.73,0.01,0.01,,11036650,817250,2875550,2875550,,0.13,0.62,0.56,0.56,0.23,0.18,0.21,0.30,0.06,0.01
2026/05/09,33,35221950,18843750,18383800,0.01,3.00,1.65,1.65,0.04,0.04,0.04,0.04,0.02,0.01,,0.23,,,,,,0.23,3.00,1.66,1.67,0.20,0.05,0.35,1.93,0.02,0.01,,10524450,830950,2869200,2768700,,0.23,3.06,1.87,1.71,0.43,1.11,0.20,0.35,0.02,0.01
2026/05/09,34,32177300,19055000,17856100,2.58,11.00,5.00,5.00,2.90,2.90,2.90,2.90,2.90,0.01,,2.69,,,,,,2.69,11.00,5.01,5.01,2.99,3.45,2.91,4.07,2.90,0.01,,10202800,1066650,2453700,2353200,,2.69,11.00,5.09,5.02,3.08,2.98,3.01,3.13,2.93,0.01
2026/05/09,35,30073650,19945800,17240850,9.15,10.89,10.89,10.89,10.89,10.89,10.89,10.89,8.92,0.01,,9.21,,,,,,9.21,10.89,10.89,10.92,10.91,11.13,10.89,10.89,8.92,0.01,,10413500,1068650,2429750,2329250,,9.21,10.90,10.95,10.89,10.93,10.89,10.90,10.91,8.92,0.01
2026/05/09,36,28321150,21183050,16452550,14.26,14.64,14.64,14.64,14.64,14.64,14.64,14.64,9.13,9.15,,14.29,,,,,,14.29,14.64,14.64,14.67,14.64,14.91,14.64,14.62,9.13,9.15,,10314900,1041100,1870300,1715800,,14.29,14.64,14.64,14.71,14.67,14.63,14.64,14.64,9.13,9.21
2026/05/09,37,27527850,21707300,15905150,15.53,15.94,15.94,15.94,15.94,15.94,15.94,15.94,9.13,15.94,,15.54,,,,,,15.54,15.79,15.85,15.98,15.93,15.94,15.90,15.89,9.13,15.95,,10218050,1406050,1435750,1222200,,15.54,16.20,15.94,15.94,15.83,15.79,15.94,15.94,9.13,15.94
2026/05/09,38,27526350,22509850,15889750,16.71,17.48,17.48,17.48,17.48,17.48,17.48,17.48,8.92,17.48,,16.64,,,,,,16.64,17.17,17.19,17.45,17.41,17.47,17.31,17.03,8.92,17.27,,10047350,1363550,1328250,1214700,,16.64,17.48,17.48,17.34,16.99,16.99,17.48,17.47,8.92,17.40
2026/05/09,39,27619950,22740500,15874400,16.90,17.56,17.56,17.56,17.56,17.56,17.56,17.56,8.92,17.56,,16.84,,,,,,16.84,17.23,16.98,17.51,17.50,17.55,17.49,17.40,8.92,17.49,,10284550,1356550,1339400,1219400,,16.84,17.56,17.56,17.41,17.26,17.18,17.56,17.56,8.92,17.41
2026/05/09,40,27872100,22455500,15844500,16.67,16.90,16.90,16.90,16.90,16.90,16.90,16.90,8.92,16.90,,16.55,,,,,,16.55,16.69,16.62,16.87,16.87,16.89,16.64,16.30,8.92,16.69,,10391550,1352700,1368050,1248050,,16.55,16.90,16.90,16.81,16.38,16.31,16.90,16.91,8.92,16.66
2026/05/09,41,27867450,21986300,15737300,16.40,16.67,16.67,16.67,16.67,16.67,16.67,16.67,8.92,16.67,,16.27,,,,,,16.27,16.44,16.36,16.65,16.54,16.65,16.33,16.29,8.92,16.62,,10372150,1317200,1364700,1243700,,16.27,16.67,16.67,16.60,16.14,15.86,16.67,16.67,8.92,16.41
2026/05/09,42,27767600,21573400,15657750,16.27,16.65,16.65,16.65,16.65,16.65,16.65,16.65,8.92,16.65,,16.17,,,,,,16.17,16.44,16.30,16.63,16.48,16.63,16.49,16.23,8.92,16.61,,10351400,1329500,1360000,1239000,,16.17,16.65,16.65,16.58,16.35,16.04,16.65,16.65,8.92,16.28
2026/05/09,43,27370700,20876150,15327200,16.10,16.40,16.40,16.40,16.40,16.40,16.40,16.40,8.92,16.40,,16.04,,,,,,16.04,16.27,16.27,16.39,16.37,16.39,16.26,15.95,8.92,16.37,,10346550,1352100,1354400,1233400,,16.04,16.40,16.40,16.39,16.27,16.30,16.40,16.40,8.92,15.94
2026/05/09,44,27290350,20788700,15078050,15.92,16.31,16.31,16.31,16.31,14.99,14.99,14.99,9.13,14.99,,15.86,,,,,,15.86,16.18,16.19,16.30,16.29,14.98,14.80,14.92,9.13,14.98,,10537050,1361100,1628000,1230000,,15.86,16.32,16.31,16.29,16.21,14.99,14.99,14.99,9.13,14.58
2026/05/09,45,27483000,20998900,15280850,16.67,17.47,17.47,17.47,17.47,15.00,15.00,15.00,15.00,15.00,,16.60,,,,,,16.60,17.23,17.04,17.44,17.42,15.00,14.91,14.96,14.91,14.97,,10639550,1347250,1631650,1236100,,16.60,17.47,17.47,17.37,17.29,15.00,15.00,15.00,15.00,14.77
2026/05/09,46,27037700,20097300,15572000,16.85,22.00,22.00,22.00,22.00,14.27,14.27,14.27,14.00,14.27,,16.81,,,,,,16.81,20.75,20.32,21.89,21.87,14.26,14.23,14.27,14.00,14.27,,10529650,1369800,1627900,1232850,,16.81,21.94,21.99,21.42,21.65,14.27,14.27,14.27,14.00,14.19
2026/05/09,47,26149050,20191050,15524100,17.47,21.77,21.77,21.77,21.77,14.96,14.96,14.96,14.96,14.96,,17.42,,,,,,17.42,20.32,20.26,21.67,21.67,14.96,14.94,14.96,14.87,14.96,,10442350,1362950,1631950,1229900,,17.42,21.75,21.75,21.34,21.25,14.96,14.96,14.96,14.96,14.89
2026/05/09,48,25883000,18654400,14835650,16.37,18.36,18.36,18.36,18.36,9.13,9.13,9.13,9.13,9.13,,16.34,,,,,,16.34,17.63,18.04,18.32,18.29,9.13,9.13,9.15,9.12,9.13,,10249800,1360650,811100,695550,,16.34,18.36,18.36,18.19,18.17,9.13,9.13,9.13,9.13,9.15
2026/05/10,1,23323850,18455600,14972550,16.02,17.33,17.33,17.33,16.00,14.17,14.17,14.17,14.17,14.17,,16.00,,,,,,16.00,17.33,17.30,17.33,15.98,14.17,14.15,14.12,14.17,14.14,,7190650,1193700,1173700,989650,,16.00,17.33,17.33,17.32,15.96,14.17,14.17,14.13,14.10,14.17
2026/05/10,2,24198600,18228300,14887750,15.17,16.67,16.67,16.67,16.67,13.60,13.60,13.60,13.60,13.60,,15.13,,,,,,15.13,16.67,16.67,16.67,16.62,13.60,13.53,13.54,13.60,13.57,,8504850,1361850,1356950,1172900,,15.13,16.67,16.67,16.67,16.60,13.60,13.60,13.57,13.52,13.48
2026/05/10,3,24614300,17832100,14710500,13.87,16.35,16.35,16.35,16.35,9.76,9.76,9.76,9.76,9.76,,13.87,,,,,,13.87,16.33,16.35,16.35,16.33,9.76,9.76,9.74,9.76,9.76,,8726000,1368500,1357550,1173500,,13.87,16.35,16.35,16.35,16.32,9.76,9.76,9.74,9.76,9.76
2026/05/10,4,24756850,17938800,14728850,14.00,16.32,16.32,16.32,16.32,9.76,9.76,9.76,9.76,9.76,,14.00,,,,,,14.00,16.25,16.32,16.32,16.32,9.76,9.76,9.74,9.76,9.75,,8882250,1346900,1458650,1174600,,14.00,16.32,16.32,16.32,16.30,9.76,9.76,9.74,9.76,9.76
2026/05/10,5,24700600,18245500,14674450,15.00,16.66,16.66,16.66,16.66,14.17,14.17,14.17,14.17,14.17,,14.98,,,,,,14.98,16.60,16.65,16.66,16.66,14.17,14.12,14.14,14.17,14.13,,8940050,1280900,1491050,1207000,,14.98,16.66,16.66,16.66,16.65,14.17,14.17,14.16,14.09,14.10
2026/05/10,6,25053850,18682600,14851000,15.60,16.67,16.67,16.67,16.67,14.27,14.27,14.27,9.32,14.27,,15.56,,,,,,15.56,16.57,16.66,16.67,16.67,14.27,14.21,14.14,9.32,14.19,,9203300,1220050,1547250,1263700,,15.56,16.67,16.67,16.67,16.64,14.27,14.27,14.26,9.32,14.01
2026/05/10,7,25688800,18699800,15073900,15.84,16.67,16.67,16.67,16.67,14.17,14.17,14.17,9.32,14.17,,15.81,,,,,,15.81,16.55,16.62,16.67,16.67,14.17,14.13,14.07,9.32,14.12,,9335000,1156400,1271300,1056450,,15.81,16.67,16.68,16.67,16.60,14.14,14.17,14.12,9.32,14.03
2026/05/10,8,25778250,19104550,15254200,16.11,16.76,16.76,16.76,16.76,14.27,14.27,14.27,14.27,14.27,,16.08,,,,,,16.08,16.74,16.71,16.76,16.76,14.27,14.22,14.18,14.27,14.23,,9342000,1151850,1306800,1092500,,16.08,16.76,16.76,16.74,16.76,14.27,14.27,14.22,14.23,14.16
2026/05/10,9,25893600,19269500,15522000,16.45,17.20,17.20,17.20,17.20,14.27,14.27,14.27,14.27,14.27,,16.40,,,,,,16.40,17.11,17.19,17.20,17.20,14.27,14.21,14.18,14.27,14.20,,9372150,1155800,1337700,1124150,,16.40,17.20,17.20,17.18,17.20,14.17,14.27,14.26,14.15,14.20
2026/05/10,10,25868000,19357800,15566800,16.45,17.20,17.20,17.20,17.20,14.96,14.96,14.96,14.96,14.96,,16.40,,,,,,16.40,17.12,17.14,17.20,17.20,14.96,14.89,14.81,14.96,14.82,,9325350,1161600,1381350,1167550,,16.40,17.20,17.20,17.18,17.20,14.95,14.96,14.91,14.81,14.80
2026/05/10,11,25381100,18351950,14635750,15.83,15.55,16.73,16.73,16.73,14.00,14.00,14.00,14.00,14.00,,15.78,,,,,,15.78,15.55,16.72,16.73,16.72,14.00,13.96,13.93,14.00,13.96,,9372950,1210800,1332150,1120750,,15.78,15.55,16.73,16.72,16.73,14.00,14.00,13.95,13.88,14.00
2026/05/10,12,26028800,17711200,14223450,13.66,15.55,15.55,15.55,15.55,13.60,13.60,13.60,13.60,13.60,,13.70,,,,,,13.70,15.53,15.56,15.58,15.55,13.60,13.57,13.55,13.60,13.64,,9489350,1093250,1305250,1193850,,13.70,15.55,15.55,15.60,15.55,13.44,13.61,13.59,13.60,13.60
2026/05/10,13,27133450,16935600,14499800,10.32,8.93,8.93,10.64,10.64,9.76,9.76,9.76,9.11,9.76,,10.31,,,,,,10.31,8.93,8.93,10.64,10.66,10.08,9.75,9.52,9.60,9.75,,10012250,800450,1176500,1174500,,10.31,8.92,8.93,10.68,10.44,9.76,9.76,9.74,9.13,9.85
2026/05/10,14,29278350,15857800,15143350,5.00,3.00,3.00,5.00,5.00,5.00,5.00,5.00,5.00,5.00,,4.98,,,,,,4.98,2.99,2.96,4.98,5.00,5.00,5.00,5.00,5.00,5.00,,10530150,769050,1569950,1567950,,4.98,2.99,3.00,5.00,4.89,5.00,5.00,5.00,5.00,5.00
2026/05/10,15,33098200,15641950,15639950,0.01,0.01,0.01,0.01,0.01,0.01,0.01,0.01,0.01,0.01,,0.06,,,,,,0.06,0.01,0.01,0.13,0.01,0.01,0.01,0.01,0.01,0.01,,11177050,776650,1892350,1890350,,0.06,0.12,0.03,0.02,0.07,0.10,0.12,0.13,0.10,0.01
2026/05/10,16,35556900,17091150,17086150,0.01,0.01,0.01,0.07,0.01,0.01,0.01,0.01,0.01,0.01,,0.04,,,,,,0.04,0.01,0.01,0.13,0.01,0.01,0.01,0.01,0.01,0.01,,11807100,863050,2245900,2245900,,0.04,0.01,0.01,0.17,0.01,0.01,0.01,0.01,0.01,0.01
2026/05/10,17,37474050,17759550,17759550,0.01,0.01,0.01,0.01,0.01,0.01,0.01,0.01,0.01,0.01,,0.04,,,,,,0.04,0.01,0.01,0.08,0.01,0.01,0.01,0.01,0.01,0.01,,12049800,941850,3117750,3117750,,0.04,0.01,0.01,0.11,0.01,0.01,0.01,0.01,0.01,0.01
2026/05/10,18,39327900,17985250,17985250,0.01,0.01,0.01,0.01,0.01,0.01,0.01,0.01,0.01,0.01,,0.02,,,,,,0.02,0.01,0.01,0.03,0.01,0.01,0.01,0.01,0.01,0.01,,12204550,1009100,3202600,3202600,,0.02,0.01,0.01,0.04,0.01,0.01,0.01,0.01,0.01,0.01
2026/05/10,19,40763500,17980150,17980150,0.01,0.01,0.01,0.01,0.01,0.01,0.01,0.01,0.01,0.01,,0.01,,,,,,0.01,0.01,0.01,0.01,0.01,0.01,0.01,0.01,0.01,0.01,,12127750,997900,3220000,3220000,,0.01,0.01,0.01,0.01,0.01,0.01,0.01,0.01,0.01,0.01
2026/05/10,20,42300800,17726350,17726350,0.01,0.01,0.01,0.01,0.01,0.01,0.01,0.01,0.01,0.01,,0.01,,,,,,0.01,0.01,0.01,0.01,0.01,0.01,0.01,0.01,0.01,0.01,,12305350,993200,3152350,3152350,,0.01,0.01,0.01,0.01,0.01,0.01,0.01,0.01,0.01,0.01
2026/05/10,21,43371450,17743000,17743000,0.01,0.01,0.01,0.01,0.01,0.01,0.01,0.01,0.01,0.01,,0.01,,,,,,0.01,0.01,0.01,0.01,0.01,0.01,0.01,0.01,0.01,0.01,,12553950,1007400,2962100,2962100,,0.01,0.01,0.01,0.01,0.01,0.01,0.01,0.01,0.01,0.01
2026/05/10,22,44206100,17540750,17540750,0.01,0.01,0.01,0.01,0.01,0.01,0.01,0.01,0.01,0.01,,0.01,,,,,,0.01,0.01,0.01,0.01,0.01,0.01,0.01,0.01,0.01,0.01,,12601950,1016750,2749500,2749500,,0.01,0.01,0.01,0.01,0.01,0.01,0.01,0.01,0.01,0.01
2026/05/10,23,44413650,17783300,17783300,0.01,0.01,0.01,0.01,0.01,0.01,0.01,0.01,0.01,0.01,,0.01,,,,,,0.01,0.01,0.01,0.01,0.01,0.01,0.01,0.01,0.01,0.01,,12575800,1009200,2879850,2879850,,0.01,0.01,0.01,0.01,0.01,0.01,0.01,0.01,0.01,0.01
2026/05/10,24,44238300,17777100,17777100,0.01,0.01,0.01,0.01,0.01,0.01,0.01,0.01,0.01,0.01,,0.01,,,,,,0.01,0.01,0.01,0.01,0.01,0.01,0.01,0.01,0.01,0.01,,12534150,1007200,2892800,2892800,,0.01,0.01,0.01,0.01,0.01,0.01,0.01,0.01,0.01,0.01
2026/05/10,25,44015800,18239450,18239450,0.01,0.01,0.01,0.01,0.01,0.01,0.01,0.01,0.01,0.01,,0.01,,,,,,0.01,0.01,0.01,0.01,0.01,0.01,0.01,0.01,0.01,0.01,,12400550,1021200,2861800,2861800,,0.01,0.01,0.01,0.01,0.01,0.01,0.01,0.01,0.01,0.01
2026/05/10,26,43923850,18136750,18136750,0.01,0.01,0.01,0.01,0.01,0.01,0.01,0.01,0.01,0.01,,0.01,,,,,,0.01,0.01,0.01,0.01,0.01,0.01,0.01,0.01,0.01,0.01,,12463400,1023500,2846250,2846250,,0.01,0.01,0.01,0.01,0.01,0.01,0.01,0.01,0.01,0.01
2026/05/10,27,43665750,18459550,18459550,0.01,0.01,0.01,0.01,0.01,0.01,0.01,0.01,0.01,0.01,,0.02,,,,,,0.02,0.01,0.01,0.02,0.01,0.01,0.01,0.01,0.01,0.01,,12709550,1045700,3025450,3025450,,0.02,0.01,0.01,0.03,0.01,0.01,0.01,0.01,0.01,0.01
2026/05/10,28,42866550,18534850,18487750,0.01,0.01,0.01,0.10,0.01,0.01,0.01,0.01,0.01,0.01,,0.03,,,,,,0.03,0.01,0.01,0.15,0.01,0.01,0.01,0.01,0.01,0.01,,12787150,1070400,2871200,2871200,,0.03,0.01,0.01,0.17,0.01,0.01,0.01,0.01,0.01,0.01
2026/05/10,29,41799850,18076200,17996150,0.01,0.01,0.01,0.11,0.01,0.01,0.01,0.01,0.01,0.01,,0.03,,,,,,0.03,0.01,0.01,0.16,0.01,0.01,0.01,0.01,0.01,0.01,,12786000,1081700,2728850,2728850,,0.03,0.01,0.01,0.18,0.01,0.01,0.01,0.01,0.01,0.01
2026/05/10,30,40093550,18289900,18065200,0.01,0.01,0.01,3.00,0.01,0.01,0.01,0.01,0.01,0.01,,0.01,,,,,,0.01,0.01,0.01,2.98,0.01,0.01,0.01,0.01,0.01,0.01,,12587150,1069200,2922650,2922650,,0.01,0.01,0.01,2.97,0.01,0.01,0.01,0.01,0.01,0.01
2026/05/10,31,38643950,18973150,18432000,0.01,0.01,0.01,9.56,0.01,0.01,0.01,0.01,0.01,0.01,,0.03,,,,,,0.03,0.01,0.01,9.57,0.01,0.01,0.01,0.01,0.01,0.01,,12630750,1080300,2888000,2888000,,0.03,0.01,0.01,9.57,0.01,0.01,0.01,0.01,0.01,0.01
2026/05/10,32,36467700,17552450,17552450,0.01,0.01,0.01,0.01,0.01,0.01,0.01,0.01,0.01,0.01,,0.02,,,,,,0.02,0.01,0.01,0.04,0.02,0.01,0.01,0.01,0.01,0.01,,12527950,1068100,2837900,2837900,,0.02,0.06,0.02,0.04,0.02,0.01,0.01,0.01,0.01,0.01
2026/05/10,33,34999450,18595800,18132600,0.01,1.58,1.58,1.58,1.58,0.01,0.01,0.01,0.01,0.01,,0.05,,,,,,0.05,1.58,1.58,1.61,1.55,0.19,0.01,0.01,0.01,0.01,,11858500,1111550,2775800,2674800,,0.05,1.70,1.62,1.59,1.55,0.11,0.01,0.02,0.01,0.01
2026/05/10,34,31857100,18986100,16926850,2.57,8.59,8.59,9.57,9.57,0.01,0.01,0.01,0.01,0.01,,2.65,,,,,,2.65,8.59,8.56,9.57,9.55,0.20,0.06,0.51,0.01,0.01,,11434950,1124550,2054900,1952900,,2.65,8.59,8.60,9.56,9.52,0.32,0.12,0.18,0.03,0.01
2026/05/10,35,30101550,20525500,16263400,10.64,15.47,15.47,15.47,15.47,8.24,8.24,8.24,7.05,8.24,,10.67,,,,,,10.67,15.42,15.33,15.43,15.42,8.24,8.23,8.24,7.05,8.24,,11443200,1145500,2030700,1928700,,10.67,15.47,15.47,15.45,15.19,8.24,8.24,8.22,7.05,8.24
2026/05/10,36,28696300,21275250,16180400,16.24,16.89,16.89,16.89,16.71,9.76,9.76,9.76,8.93,9.76,,16.15,,,,,,16.15,16.89,16.58,16.87,16.63,9.76,9.74,9.64,8.93,9.74,,11080900,1206350,1706700,1517450,,16.15,16.89,16.89,16.79,16.39,9.76,9.76,9.74,8.93,9.69
2026/05/10,37,28585000,22057650,16999750,16.67,19.69,19.69,19.69,17.00,13.87,13.87,13.87,9.13,13.87,,16.62,,,,,,16.62,19.68,19.41,19.65,16.95,13.87,13.78,13.87,9.13,13.87,,10774200,1653800,1461250,1244950,,16.62,19.69,19.69,19.55,16.81,13.87,13.86,13.80,9.13,13.81
2026/05/10,38,28099400,23300700,17061000,18.56,22.90,22.90,22.90,17.19,15.99,15.99,15.99,15.99,15.99,,18.47,,,,,,18.47,22.82,21.74,22.81,17.17,15.99,15.90,15.90,15.72,15.92,,10709450,1558400,1465750,1249450,,18.47,22.90,22.90,22.46,17.05,15.99,15.99,15.98,15.97,15.78
2026/05/10,39,28462500,22972150,17155050,17.50,20.00,20.00,20.00,17.19,16.11,16.11,16.11,9.11,16.11,,17.44,,,,,,17.44,19.94,19.78,19.96,17.16,16.11,16.02,16.00,9.11,16.04,,10706900,1560700,1467100,1248550,,17.44,20.00,20.00,19.90,17.07,16.11,16.11,16.10,9.11,15.92
2026/05/10,40,28675400,22690550,17053550,17.50,19.83,19.83,19.83,16.71,16.00,16.00,16.00,8.92,16.00,,17.38,,,,,,17.38,19.68,19.60,19.80,16.70,16.00,15.75,15.79,8.91,15.84,,10710500,1576600,1344600,1126050,,17.38,19.83,19.83,19.72,16.54,16.00,16.00,15.99,8.92,15.47
2026/05/10,41,28719200,21722750,16948200,17.16,19.50,19.50,19.50,16.71,15.92,15.92,15.92,7.07,15.92,,17.07,,,,,,17.07,19.48,19.42,19.49,16.68,15.92,15.66,15.83,7.07,15.89,,10756450,1626400,1251150,1032600,,17.07,19.50,19.50,19.47,16.53,15.92,15.92,15.91,7.07,15.49
2026/05/10,42,28709500,21561500,16657900,16.67,18.32,18.32,18.32,16.71,14.51,14.51,14.51,7.05,14.51,,16.58,,,,,,16.58,18.32,18.29,18.31,16.60,14.51,14.34,14.51,7.05,14.51,,10755700,1632050,1246350,1027800,,16.58,18.32,18.32,18.30,16.55,14.51,14.51,14.46,7.05,14.22
2026/05/10,43,28142050,21501400,15781550,16.67,17.50,17.50,17.50,17.50,15.68,15.68,15.68,8.92,15.68,,16.58,,,,,,16.58,17.49,17.49,17.49,17.48,15.68,15.39,15.67,8.92,15.67,,10762200,1630800,1257500,1040450,,16.58,17.50,17.50,17.49,17.45,15.68,15.67,15.63,8.92,15.10
2026/05/10,44,28089450,21697300,15470750,16.28,16.94,16.94,16.94,16.94,14.51,14.51,14.51,8.93,14.51,,16.19,,,,,,16.19,16.89,16.95,16.94,16.92,14.51,14.28,14.51,8.93,14.51,,11019900,1603500,1657300,1223250,,16.19,16.94,16.94,16.94,16.89,14.51,14.51,14.46,8.93,14.06
2026/05/10,45,28414900,19796550,14898600,15.72,16.28,16.28,16.28,16.28,14.27,14.27,14.27,9.32,14.27,,15.62,,,,,,15.62,16.07,16.08,16.27,16.26,14.27,13.98,14.26,9.32,14.27,,11385250,1611850,1436400,1107850,,15.62,16.28,16.28,16.28,16.02,14.27,14.26,14.19,9.32,13.95
2026/05/10,46,28536250,19355550,15456750,16.42,17.59,17.59,17.59,16.67,13.87,13.87,13.87,9.11,13.87,,16.34,,,,,,16.34,17.58,17.58,17.58,16.67,13.87,13.64,13.87,9.11,13.86,,11572950,1584450,1417650,1089600,,16.34,17.59,17.59,17.58,16.61,13.87,13.86,13.79,9.11,13.57
2026/05/10,47,28112400,19149000,15346800,16.54,17.50,17.50,17.50,16.73,13.87,13.87,13.87,13.00,13.87,,16.47,,,,,,16.47,17.50,17.49,17.50,16.71,13.87,13.74,13.87,12.94,13.87,,11283900,1541100,1350000,1017950,,16.47,17.50,17.50,17.50,16.68,13.87,13.84,13.83,13.00,13.71
2026/05/10,48,27366300,17707350,14507800,15.73,17.50,17.50,17.50,17.08,8.98,8.98,8.98,8.98,8.98,,15.69,,,,,,15.69,17.50,17.50,17.50,16.99,8.99,8.96,8.98,8.98,8.98,,10801100,1656650,639050,528500,,15.69,17.50,17.50,17.50,16.92,8.98,8.98,8.95,8.98,8.98
2026/05/11,1,23352250,18420050,14280350,16.09,18.83,18.83,18.83,18.83,8.98,8.98,8.98,8.92,8.98,,16.09,,,,,,16.09,18.82,18.68,18.80,18.80,8.98,8.98,8.98,8.92,8.98,,8104100,1178800,738100,627550,,16.09,18.83,18.83,18.83,18.65,8.98,8.98,8.98,8.92,8.98
2026/05/11,2,24182400,17987450,13698200,15.86,17.54,17.54,17.54,17.54,8.98,8.98,8.98,8.98,8.98,,15.85,,,,,,15.85,17.51,17.51,17.52,17.50,8.98,8.98,8.98,8.97,8.98,,9385300,1298700,760100,549550,,15.85,17.54,17.54,17.54,17.39,8.98,8.98,8.98,8.98,8.98
2026/05/11,3,24667400,17784150,13663100,14.27,17.25,17.25,17.25,17.25,9.13,9.13,9.13,9.13,9.13,,14.26,,,,,,14.26,17.24,17.23,17.23,17.18,9.13,9.13,9.13,9.12,9.13,,10076050,1397500,812000,500950,,14.26,17.25,17.25,17.25,17.06,9.13,9.13,9.13,9.13,9.13
2026/05/11,4,24935850,18015050,13908350,14.91,17.28,17.28,17.28,17.28,9.10,9.10,9.10,9.10,9.10,,14.88,,,,,,14.88,17.25,17.26,17.24,17.27,9.10,9.10,9.10,9.10,9.10,,10354750,1441900,871000,560900,,14.88,17.28,17.28,17.28,17.09,9.10,9.10,9.10,9.10,9.10
2026/05/11,5,25130850,18112700,13891550,13.59,16.67,16.67,16.67,16.67,8.98,8.98,8.98,8.98,8.98,,13.56,,,,,,13.56,16.66,16.66,16.59,16.64,8.98,8.97,8.98,8.98,9.02,,10247200,1646700,922850,613700,,13.56,16.67,16.67,16.67,16.32,8.98,8.98,8.98,8.99,8.98
2026/05/11,6,24884650,18767900,14356800,15.54,17.50,17.50,17.50,17.50,10.39,10.39,10.39,10.39,10.39,,15.47,,,,,,15.47,17.49,17.50,17.45,17.49,10.39,10.31,10.39,10.38,10.39,,10265900,1690500,1099200,790700,,15.47,17.50,17.50,17.50,17.31,10.39,10.39,10.39,10.23,10.39
2026/05/11,7,24900150,19104700,14611450,15.86,18.45,18.45,18.45,18.45,10.39,10.39,10.39,10.39,10.39,,15.80,,,,,,15.80,18.45,18.41,18.43,18.45,10.39,10.31,10.39,10.36,10.39,,10368500,1809250,821200,512300,,15.80,18.45,18.45,18.45,18.36,10.39,10.38,10.39,10.23,10.39
2026/05/11,8,25243800,19717550,15145300,16.11,19.11,19.11,19.11,19.11,13.01,13.01,13.01,13.01,13.01,,16.05,,,,,,16.05,19.11,19.07,19.10,19.11,13.01,12.83,13.01,12.97,13.01,,10422300,1841150,821050,512350,,16.05,19.10,19.11,19.11,19.06,13.01,12.96,13.01,12.72,12.98
2026/05/11,9,25310150,20075850,15368350,16.45,20.19,20.19,20.19,20.19,12.57,12.57,12.57,12.57,12.57,,16.37,,,,,,16.37,20.18,20.15,20.18,20.17,12.57,12.44,12.54,12.55,12.57,,10510500,1945100,821000,512650,,16.37,20.17,20.19,20.18,20.14,12.57,12.56,12.57,12.34,12.52
2026/05/11,10,25332850,20334200,15299750,16.47,19.85,19.85,19.85,19.85,12.57,12.57,12.57,12.57,12.57,,16.42,,,,,,16.42,19.85,19.82,19.85,19.84,12.57,12.42,12.57,12.54,12.57,,10582200,1975700,822750,513600,,16.42,19.84,19.85,19.85,19.82,12.57,12.56,12.57,12.30,12.54
2026/05/11,11,25642100,20484100,15467800,16.27,20.50,20.50,20.50,20.50,12.57,12.57,12.57,12.57,12.57,,16.16,,,,,,16.16,20.47,20.34,20.48,20.45,12.57,12.41,12.57,12.54,12.57,,10789550,2045500,659600,349550,,16.16,20.49,20.46,20.49,20.30,12.57,12.56,12.57,12.30,12.51
2026/05/11,12,26161100,19928300,15566650,15.60,17.31,17.31,17.31,17.31,12.54,12.54,12.54,12.54,12.54,,15.49,,,,,,15.49,17.17,17.29,17.25,17.29,12.54,12.43,12.54,12.52,12.54,,10961450,2162200,661650,351600,,15.49,17.31,17.31,17.31,17.04,12.54,12.54,12.54,12.35,12.52
2026/05/11,13,27606000,19802850,16299350,13.60,15.49,16.27,16.27,16.27,11.99,11.99,11.99,11.99,11.99,,13.56,,,,,,13.56,15.49,16.22,16.25,16.22,11.99,11.83,11.99,11.99,11.99,,11291200,2027250,994050,763500,,13.56,15.49,16.23,16.27,16.14,11.99,11.97,11.99,11.82,11.87
2026/05/11,14,28781400,19524200,16935200,11.00,14.00,14.00,14.00,14.00,8.92,8.92,8.92,8.92,8.92,,10.99,,,,,,10.99,13.93,13.96,13.98,13.94,9.06,8.90,8.92,8.92,8.84,,11629850,2083400,1072850,965300,,10.99,14.00,13.98,14.00,13.80,8.92,8.93,8.94,8.82,8.92
2026/05/11,15,31123100,19163500,17741700,7.07,8.13,8.13,11.14,11.14,3.50,3.50,3.50,3.50,3.50,,7.07,,,,,,7.07,8.13,8.13,11.11,11.13,3.50,3.52,3.50,3.50,3.50,,12104650,2067150,1104050,1102550,,7.07,8.13,8.13,11.14,11.02,3.50,3.50,3.51,3.51,3.51
2026/05/11,16,33807850,20954800,18991900,5.00,7.90,7.90,16.09,16.09,0.01,0.01,0.01,0.01,0.01,,5.06,,,,,,5.06,7.90,7.90,16.04,16.09,0.01,0.43,0.01,0.01,0.01,,12638000,2087050,1148800,1147300,,5.06,7.90,7.90,16.09,15.90,0.36,0.25,0.32,0.12,0.01
2026/05/11,17,36259250,22250750,20512900,3.80,7.01,7.01,11.44,11.44,11.44,11.44,0.01,0.01,0.01,,3.88,,,,,,3.88,7.00,7.01,11.43,11.42,11.44,11.36,0.01,0.01,0.01,,12759850,2154950,1663300,1662800,,3.88,7.01,7.01,11.44,11.29,11.44,11.43,0.01,0.01,0.01
2026/05/11,18,37785700,23314500,21481200,2.50,4.00,4.00,14.01,14.01,14.01,14.01,0.01,0.01,0.01,,2.62,,,,,,2.62,4.14,4.00,13.95,13.98,14.01,14.00,0.01,0.01,0.01,,12789050,2164400,1883900,1870500,,2.62,4.00,4.03,14.01,13.80,13.92,14.01,0.01,0.01,0.01
2026/05/11,19,39174200,23666300,22036100,1.00,1.00,1.00,13.10,13.10,13.10,13.10,0.01,0.01,0.01,,1.09,,,,,,1.09,1.15,1.00,13.07,13.02,13.09,13.04,0.01,0.01,0.01,,12842650,2162600,2046650,2019750,,1.09,1.05,1.02,13.10,12.84,13.10,13.09,0.01,0.01,0.01
2026/05/11,20,40258400,23681200,22479850,0.01,0.01,0.01,11.36,11.36,11.36,11.36,0.01,0.01,0.01,,0.12,,,,,,0.12,0.12,0.01,11.33,11.34,11.36,11.32,0.01,0.01,0.01,,12848800,2170350,2192550,2165650,,0.12,0.05,0.03,11.36,11.19,11.36,11.35,0.01,0.01,0.01
2026/05/11,21,40876500,24383150,23103850,0.02,0.01,0.01,11.44,11.44,11.44,11.44,0.01,0.01,0.01,,0.11,,,,,,0.11,0.08,0.01,11.41,11.36,11.44,11.40,0.01,0.01,0.01,,12782200,2123350,2780750,2753850,,0.11,0.03,0.02,11.44,11.22,11.44,11.42,0.01,0.01,0.01
2026/05/11,22,41240050,24634150,23675700,0.01,0.01,0.01,11.08,11.08,11.08,11.08,0.01,0.01,0.01,,0.10,,,,,,0.10,0.07,0.01,11.05,11.04,11.08,11.04,0.01,0.01,0.01,,12721500,2182350,3183400,3156500,,0.10,0.03,0.02,11.08,10.89,11.08,11.08,0.01,0.01,0.01
2026/05/11,23,41580100,25091350,23656350,0.01,0.01,0.01,11.44,11.44,11.44,11.44,0.01,0.01,0.01,,0.09,,,,,,0.09,0.05,0.01,11.42,11.42,11.43,11.33,0.01,0.01,0.01,,12645350,2172400,3249300,3106900,,0.09,0.01,0.02,11.44,11.20,11.44,11.44,0.01,0.01,0.01
2026/05/11,24,41695500,25139500,23623500,0.01,0.01,0.01,11.18,11.18,11.18,11.18,0.01,0.01,0.01,,0.10,,,,,,0.10,0.02,0.01,11.16,11.16,11.18,11.09,0.01,0.01,0.01,,12569050,2173100,3495800,3037900,,0.10,0.01,0.01,11.18,10.98,11.17,11.18,0.01,0.01,0.01
2026/05/11,25,41799900,24399300,23019950,0.01,0.01,0.01,5.66,5.66,5.66,5.66,0.01,0.01,0.01,,0.07,,,,,,0.07,0.04,0.01,5.67,5.61,5.66,5.61,0.01,0.01,0.01,,12589600,2162750,3693300,3021400,,0.07,0.01,0.02,5.67,5.55,5.66,5.67,0.01,0.01,0.01
2026/05/11,26,41646350,24369150,23066100,0.01,0.01,0.01,8.47,8.47,8.47,8.47,0.01,0.01,0.01,,0.10,,,,,,0.10,0.05,0.01,8.44,8.42,8.46,8.40,0.01,0.01,0.01,,12581000,2172450,3545450,2989050,,0.10,0.01,0.02,8.46,8.27,8.47,8.46,0.01,0.01,0.01
2026/05/11,27,40913250,25231350,23259050,1.37,0.01,0.01,11.63,11.63,11.63,11.63,0.01,0.01,0.01,,1.43,,,,,,1.43,0.11,0.01,11.62,11.45,11.62,11.46,0.01,0.01,0.01,,12497650,2048050,2854200,2627300,,1.43,0.06,0.02,11.63,11.19,11.63,11.63,0.01,0.01,0.01
2026/05/11,28,39847850,25172750,22897650,3.00,2.50,2.50,15.23,15.00,8.89,8.89,0.01,0.01,0.01,,3.08,,,,,,3.08,2.68,2.50,15.23,14.84,8.89,8.87,0.01,0.01,0.01,,12357400,2022650,1979350,1951950,,3.08,2.55,2.52,15.23,14.53,8.89,8.89,0.01,0.01,0.01
2026/05/11,29,38566600,25626000,22493450,5.00,7.25,7.25,16.10,16.10,8.62,8.62,0.01,0.01,0.01,,5.10,,,,,,5.10,7.25,7.25,16.04,15.98,8.62,8.62,0.01,0.01,0.01,,12353700,2163100,1783800,1769900,,5.10,7.25,7.25,16.10,15.77,8.62,8.63,0.01,0.01,0.01
2026/05/11,30,37244900,25903500,22004050,8.98,8.18,8.18,17.12,16.79,13.87,13.87,0.01,0.01,0.01,,9.03,,,,,,9.03,8.17,8.18,17.12,16.66,13.87,13.84,0.01,0.01,0.01,,12365650,2206950,1525150,1422150,,9.03,8.18,8.18,17.12,16.50,13.87,13.87,0.01,0.01,0.01
2026/05/11,31,36255150,25216050,21408850,9.76,10.57,10.57,20.00,16.67,14.17,14.17,0.01,0.01,0.01,,9.78,,,,,,9.78,10.56,10.56,19.99,16.62,14.17,14.16,0.01,0.01,0.01,,12168650,2339300,990150,873550,,9.78,10.57,10.57,19.99,16.53,14.18,14.18,0.01,0.01,0.01
2026/05/11,32,34565000,24896300,20694700,13.60,15.48,15.48,18.05,18.05,15.83,15.83,0.01,0.01,0.01,,13.57,,,,,,13.57,15.46,15.45,18.02,18.02,15.83,15.79,0.01,0.01,0.01,,12155950,2598500,1006550,708950,,13.57,15.48,15.46,18.02,17.92,15.84,15.83,0.01,0.01,0.01
2026/05/11,33,33348900,25506400,21058900,11.63,16.67,16.67,16.67,16.39,16.28,16.28,0.02,0.02,0.01,,11.69,,,,,,11.69,16.59,16.63,16.66,16.37,16.28,16.21,0.05,0.02,0.01,,11389100,2588450,1001150,703050,,11.69,16.67,16.66,16.64,16.27,16.28,16.28,0.03,0.05,0.01
2026/05/11,34,31231950,26259450,20025400,16.59,19.50,19.50,19.50,19.50,17.49,17.49,8.00,8.00,8.00,,16.59,,,,,,16.59,19.49,19.47,19.49,19.40,17.48,17.41,7.99,8.00,8.00,,11165050,2593200,993850,695750,,16.59,19.49,19.49,19.49,19.21,17.49,17.49,8.03,8.00,8.01
2026/05/11,35,29872700,26380600,19837900,17.49,19.50,19.50,19.50,19.50,16.28,16.28,12.57,9.13,12.57,,17.49,,,,,,17.49,19.49,19.45,19.47,19.43,16.28,16.27,12.56,9.13,12.55,,11043900,3089250,991750,681200,,17.49,19.49,19.50,19.49,19.28,16.28,16.28,12.58,9.13,12.55
2026/05/11,36,29121200,27141250,19909450,18.27,22.64,22.64,22.64,22.64,17.49,17.49,15.31,15.31,15.31,,18.28,,,,,,18.28,22.57,22.51,22.58,22.59,17.49,17.49,15.21,15.19,15.26,,10782350,3188700,983000,672450,,18.28,22.64,22.63,22.63,22.37,17.49,17.49,15.24,15.31,15.24
2026/05/11,37,28341350,26681000,19924100,21.50,27.20,27.20,27.20,27.20,16.66,16.66,16.66,8.93,16.66,,21.45,,,,,,21.45,27.08,27.02,27.07,26.92,16.65,16.52,16.60,8.60,16.57,,10487400,3479250,983700,667800,,21.45,27.17,27.10,27.02,26.78,16.29,16.66,16.66,8.82,16.52
2026/05/11,38,27861600,27600650,19563250,27.15,27.27,27.27,27.27,27.27,17.49,17.49,17.49,8.93,17.49,,26.87,,,,,,26.87,27.12,27.06,27.17,26.93,17.49,17.41,17.68,8.93,17.38,,10329050,3439900,980400,664500,,26.87,27.25,27.17,27.03,26.99,17.18,17.54,17.60,8.93,17.40
2026/05/11,39,27870050,27115800,19487850,22.64,27.03,27.03,27.03,27.03,17.49,17.49,17.49,8.91,17.49,,22.58,,,,,,22.58,26.89,26.85,26.91,26.71,17.50,17.41,17.72,8.91,17.40,,10496900,3453650,980200,662750,,22.58,26.99,27.00,26.84,26.53,17.19,17.54,17.59,8.91,17.43
2026/05/11,40,27798550,26627550,19432350,21.78,27.00,27.00,27.00,27.00,17.49,17.49,17.49,8.91,17.49,,21.71,,,,,,21.71,26.91,26.83,26.94,26.75,17.49,17.31,17.86,8.91,17.42,,10503450,3524250,976850,659400,,21.71,26.97,26.98,26.85,26.67,17.19,17.54,17.59,8.91,17.31
2026/05/11,41,27381950,26260500,18834100,21.00,22.64,22.64,22.64,22.64,17.49,17.49,17.49,7.07,17.49,,20.97,,,,,,20.97,22.61,22.62,22.62,22.61,17.49,17.45,17.43,7.07,17.48,,10407500,3383600,970750,653250,,20.97,22.64,22.63,22.63,22.57,17.49,17.49,17.49,7.07,17.37
2026/05/11,42,27350000,25485900,18617450,18.93,22.64,22.64,22.64,22.64,16.64,16.64,16.64,7.06,16.64,,18.93,,,,,,18.93,22.61,22.63,22.62,22.62,16.64,16.61,16.62,7.06,16.63,,10410800,3356750,965900,648400,,18.93,22.64,22.63,22.63,22.58,16.64,16.64,16.64,7.06,16.56
2026/05/11,43,27220600,24723250,18137450,17.49,19.33,19.33,19.33,19.33,16.45,16.45,16.45,7.07,16.45,,17.49,,,,,,17.49,19.32,19.33,19.33,19.32,16.45,16.41,16.45,7.07,16.44,,10323050,3315600,962350,643600,,17.49,19.33,19.34,19.33,19.29,16.45,16.45,16.45,7.07,16.36
2026/05/11,44,27296050,24891800,18243750,17.49,19.90,19.90,19.90,19.90,16.19,16.19,16.19,8.95,16.19,,17.48,,,,,,17.48,19.89,19.89,19.89,19.88,16.19,16.15,16.18,8.95,16.19,,10567100,3388750,1394050,724300,,17.48,19.90,19.89,19.89,19.85,16.19,16.19,16.19,8.95,16.09
2026/05/11,45,26829450,24074600,17945100,17.73,22.64,22.64,22.64,22.64,16.11,16.11,16.11,15.93,16.11,,17.78,,,,,,17.78,22.62,22.62,22.65,22.62,16.11,16.09,16.11,15.84,16.11,,10863600,3429050,1384300,721000,,17.78,22.64,22.68,22.66,22.55,16.11,16.11,16.11,15.90,16.08
2026/05/11,46,27099400,23476650,18429100,19.63,25.87,25.87,25.87,25.87,15.68,15.68,15.68,15.68,15.68,,19.62,,,,,,19.62,25.84,25.73,25.82,25.82,15.68,15.56,15.64,15.50,15.68,,11329600,3751400,1381300,718000,,19.62,25.86,25.87,25.82,25.70,15.68,15.68,15.68,15.46,15.62
2026/05/11,47,26507800,23126750,18123750,19.10,22.64,22.64,22.64,22.64,15.68,15.68,15.68,15.68,15.68,,19.05,,,,,,19.05,22.61,22.62,22.61,22.62,15.67,15.58,15.63,15.51,15.67,,11000250,3716100,1279250,717700,,19.05,22.64,22.64,22.63,22.54,15.68,15.68,15.68,15.45,15.66
2026/05/11,48,25739850,21721650,17362200,17.64,22.64,22.64,22.64,22.64,14.17,14.17,14.17,14.17,14.17,,17.58,,,,,,17.58,22.60,22.60,22.61,22.61,14.17,14.09,14.16,14.03,14.17,,10203600,3386100,621450,510900,,17.58,22.64,22.63,22.63,22.53,14.17,14.17,14.18,14.06,14.11
2026/05/12,1,23330150,21257550,16803350,16.67,19.24,19.24,19.24,19.24,14.17,14.17,14.17,14.17,14.17,,16.63,,,,,,16.63,19.24,19.22,19.24,19.22,14.17,14.14,14.17,13.55,14.16,,7706900,2396600,918900,535700,,16.63,19.24,19.24,19.24,19.20,14.17,14.17,14.17,13.93,14.17
2026/05/12,2,23928450,20856500,16085400,16.50,20.09,20.09,20.09,20.09,14.27,14.27,14.27,14.27,14.27,,16.48,,,,,,16.48,20.09,20.09,20.09,20.09,14.27,14.24,14.14,13.82,14.26,,9484950,2691800,890350,518650,,16.48,20.02,20.09,20.09,20.09,14.27,14.27,14.27,14.02,14.24
2026/05/12,3,24159250,20693200,15913900,16.27,19.35,19.35,19.35,19.35,14.17,14.17,14.17,14.17,14.17,,16.24,,,,,,16.24,19.35,19.33,19.35,19.35,14.17,14.14,14.07,13.74,14.16,,10022500,2822650,1096800,612600,,16.24,19.30,19.35,19.35,19.34,14.17,14.17,14.17,13.97,14.13
2026/05/12,4,24446000,20695300,15916350,16.23,19.74,19.74,19.74,19.74,14.17,14.17,14.17,14.17,14.17,,16.21,,,,,,16.21,19.74,19.74,19.73,19.73,14.17,14.15,14.04,14.11,14.13,,10281000,2745150,1124500,640300,,16.21,19.67,19.74,19.74,19.72,14.17,14.17,14.17,14.01,14.16
2026/05/12,5,24391850,20614350,15791600,16.22,19.43,19.43,19.43,19.43,14.26,14.26,14.26,14.26,14.26,,16.19,,,,,,16.19,19.43,19.42,19.42,19.42,14.26,14.22,14.21,13.85,14.22,,10170500,2615600,1199050,715350,,16.19,19.35,19.43,19.43,19.41,14.26,14.26,14.26,14.03,14.24
2026/05/12,6,24425900,21083650,15836100,16.62,20.13,20.13,20.13,20.13,14.27,14.27,14.27,14.27,14.27,,16.62,,,,,,16.62,20.13,20.12,20.12,20.14,14.27,14.23,14.20,14.02,14.19,,10090100,2487750,1361200,776500,,16.62,19.96,20.16,20.13,20.13,14.27,14.27,14.27,14.06,14.24
2026/05/12,7,24282600,21522250,15925750,16.67,20.18,20.18,20.18,20.18,15.07,15.07,15.07,15.07,15.07,,16.72,,,,,,16.72,20.18,20.18,20.18,20.29,15.06,15.02,14.77,15.06,15.02,,9823150,2418250,1115200,805500,,16.72,20.21,20.27,20.18,20.22,15.04,15.07,15.07,14.91,14.92
2026/05/12,8,24454300,22371850,16274350,17.40,23.66,23.66,23.66,23.66,15.83,15.83,15.83,15.83,15.83,,17.55,,,,,,17.55,23.66,23.65,23.65,23.84,15.82,15.66,15.53,15.83,15.70,,9743450,2377850,1215250,805550,,17.55,23.78,23.73,23.69,23.72,15.64,15.83,15.83,15.73,15.49
2026/05/12,9,24359400,22782150,16463000,18.00,21.03,21.03,21.03,21.03,15.50,15.50,15.50,9.13,15.50,,18.07,,,,,,18.07,21.04,21.02,21.02,21.44,15.49,15.26,15.26,9.13,15.42,,9410650,2556500,1314650,804950,,18.07,21.22,21.22,21.18,21.05,15.04,15.50,15.50,9.13,15.16
2026/05/12,10,24184250,23226000,16519100,19.60,28.98,28.98,28.98,28.98,16.38,16.38,16.38,8.93,16.38,,19.79,,,,,,19.79,28.97,28.95,28.97,29.06,16.37,16.29,16.11,8.89,16.22,,9150400,2420500,1315550,805850,,19.79,29.10,29.02,28.97,28.98,15.98,16.38,16.38,8.92,16.18
2026/05/12,11,24412650,23033200,16609250,18.50,15.73,26.74,26.74,26.74,16.12,16.12,16.12,8.95,16.12,,18.47,,,,,,18.47,15.73,26.74,26.73,26.69,16.11,15.93,15.85,8.95,15.89,,9139150,2371650,1151250,641050,,18.47,15.76,26.74,26.69,26.73,15.52,16.12,16.12,8.95,15.84
2026/05/12,12,25209650,22155550,16510750,16.55,18.00,18.00,18.63,18.63,14.27,14.27,14.27,9.09,14.27,,16.48,,,,,,16.48,18.00,17.99,18.62,18.63,14.27,14.09,14.19,9.09,14.25,,9416600,2526100,1052950,642750,,16.48,17.99,18.00,18.63,18.60,14.01,14.27,14.27,9.09,14.06
2026/05/12,13,26824700,21856300,16866700,15.58,15.58,16.67,16.67,16.67,13.60,13.60,13.60,10.01,13.60,,15.52,,,,,,15.52,15.58,16.67,16.67,16.67,13.60,13.51,13.34,10.01,13.52,,10219100,2091650,1377900,1083400,,15.52,15.62,16.68,16.67,16.66,13.46,13.56,13.60,10.01,13.37
2026/05/12,14,28034550,21062150,17223500,13.87,6.01,15.95,15.95,15.95,12.50,12.50,12.50,9.32,12.50,,13.84,,,,,,13.84,6.01,15.90,15.95,15.95,12.50,12.41,12.45,9.32,12.46,,10768850,2175550,1492800,1298300,,13.84,6.15,15.94,15.95,15.95,12.37,12.50,12.50,9.32,12.39
2026/05/12,15,29866200,20856800,18082850,9.15,13.01,13.01,14.26,14.26,8.98,8.98,8.98,8.98,8.98,,9.21,,,,,,9.21,13.01,13.01,14.31,14.28,8.98,8.98,8.98,8.98,8.98,,10995050,2107500,1519500,1513500,,9.21,13.01,13.01,14.30,14.40,8.98,8.98,8.98,8.98,8.98
2026/05/12,16,32016450,22009200,19171800,8.50,8.45,8.45,15.14,15.14,5.00,5.00,5.00,5.00,2.90,,8.56,,,,,,8.56,8.47,8.45,15.15,15.22,5.00,5.00,5.67,5.00,2.90,,11380300,2124300,1574500,1572500,,8.56,8.45,8.45,15.17,15.22,5.08,5.05,5.11,5.29,2.90
2026/05/12,17,33883800,23763850,20672550,9.13,3.00,8.69,15.35,15.35,8.15,8.15,8.15,8.00,0.01,,9.16,,,,,,9.16,3.01,8.65,15.36,15.40,8.15,8.15,8.25,8.00,0.01,,11543500,2108450,2020900,2014700,,9.16,3.00,8.69,15.37,15.39,8.15,8.16,8.19,8.00,0.01
2026/05/12,18,35366800,24993650,21613600,9.00,1.37,1.37,16.63,16.38,12.00,12.00,7.07,7.07,0.01,,9.02,,,,,,9.02,1.41,1.37,16.63,16.44,12.00,12.00,7.33,7.07,0.01,,11640500,2083700,2559350,2256150,,9.02,1.36,1.38,16.65,16.40,12.00,11.99,7.12,7.22,0.01
2026/05/12,19,36558350,25915500,22344000,9.00,0.50,0.50,16.32,16.32,12.00,12.00,7.07,7.07,0.01,,8.99,,,,,,8.99,0.58,0.50,16.32,16.33,12.00,11.99,7.08,7.07,0.01,,11729700,2086950,3051400,2484500,,8.99,0.50,0.52,16.33,16.32,12.00,11.98,7.07,7.07,0.01
2026/05/12,20,37653450,25909450,22723600,7.31,0.01,0.01,15.49,15.36,11.00,11.00,8.93,8.93,0.01,,7.33,,,,,,7.33,0.08,0.01,15.49,15.39,11.00,10.99,8.93,8.92,0.01,,12087000,2094150,3425450,2654650,,7.33,0.03,0.02,15.51,15.36,11.00,10.98,8.94,8.93,0.01
2026/05/12,21,38390600,26238850,23093000,7.31,0.01,0.01,16.12,11.55,11.50,11.50,7.84,2.90,0.01,,7.35,,,,,,7.35,0.02,0.01,16.12,11.71,11.50,11.50,7.83,2.91,0.01,,12143400,2183400,3463300,2643250,,7.35,0.01,0.01,16.13,11.73,11.50,11.50,7.83,2.90,0.01
2026/05/12,22,38703050,26433550,23377000,7.31,0.01,0.01,16.27,11.50,11.50,11.50,7.84,2.42,0.01,,7.34,,,,,,7.34,0.04,0.01,16.27,11.60,11.50,11.50,7.82,2.42,0.01,,12122400,2185350,3418500,2602000,,7.34,0.01,0.02,16.28,11.58,11.50,11.50,7.82,2.42,0.01
2026/05/12,23,38957900,26495200,23329200,7.31,0.01,0.01,15.73,11.50,11.50,11.50,11.50,2.05,0.01,,7.36,,,,,,7.36,0.06,0.01,15.75,11.57,11.50,11.50,11.47,2.07,0.01,,12135700,2170100,3657300,2710400,,7.36,0.02,0.02,15.75,11.56,11.52,11.53,11.49,2.06,0.01
2026/05/12,24,39010450,26652200,23237350,7.31,0.01,0.01,15.50,11.23,11.23,11.23,7.91,2.00,0.01,,7.38,,,,,,7.38,0.04,0.01,15.52,11.36,11.23,11.23,7.96,2.01,0.01,,12014000,2176350,3937550,2559850,,7.38,0.01,0.02,15.53,11.31,11.25,11.28,7.94,2.00,0.01
2026/05/12,25,39257300,25461500,22853150,2.50,0.01,0.01,15.26,6.77,6.77,6.77,6.77,0.02,0.01,,2.65,,,,,,2.65,0.02,0.01,15.29,6.82,6.77,6.77,6.90,0.03,0.01,,12134250,2197450,3862100,2646650,,2.65,0.01,0.01,15.29,6.80,6.79,6.82,6.83,0.02,0.01
2026/05/12,26,38849100,24871900,22811050,2.05,0.01,0.01,15.14,8.39,8.39,8.39,1.69,1.00,0.01,,2.24,,,,,,2.24,0.02,0.01,15.17,8.45,8.39,8.39,2.38,1.01,0.01,,12139900,2277850,3188350,2501450,,2.24,0.01,0.01,15.18,8.43,8.42,8.42,2.14,1.00,0.01
2026/05/12,27,37904000,25953350,22791250,8.47,2.50,2.50,16.71,11.55,11.55,11.55,2.90,2.90,0.01,,8.51,,,,,,8.51,2.48,2.49,16.71,11.57,11.55,11.55,3.31,2.90,0.01,,12127550,2322600,2318350,2088600,,8.51,2.47,2.50,16.71,11.55,11.56,11.58,3.10,2.98,0.01
2026/05/12,28,36848200,25687700,22090350,9.00,4.37,4.37,17.19,15.00,8.60,8.60,7.07,7.07,0.01,,9.02,,,,,,9.02,4.44,4.37,17.19,15.03,8.60,8.60,7.22,7.07,0.01,,12018850,2341000,1530600,1398700,,9.02,4.37,4.38,17.19,15.00,8.60,8.60,7.14,7.08,0.01
2026/05/12,29,35797450,25977600,21875950,9.33,7.72,7.72,20.00,16.55,9.00,9.00,5.00,5.00,0.01,,9.36,,,,,,9.36,7.73,7.72,19.99,16.58,9.00,9.00,5.19,5.00,0.01,,11987850,2489900,1224450,1105550,,9.36,7.72,7.72,19.98,16.57,9.00,9.00,5.09,5.01,0.01
2026/05/12,30,34459450,26176100,21615600,11.62,9.98,9.98,35.01,18.41,13.60,13.60,6.79,6.79,0.01,,11.76,,,,,,11.76,9.98,9.98,34.90,18.41,13.60,13.60,6.81,6.80,0.01,,11996650,2513000,1252250,1046750,,11.76,9.98,9.98,34.87,18.41,13.60,13.60,6.79,6.80,0.01
2026/05/12,31,33901400,26255450,21769600,15.72,11.00,11.00,36.00,27.00,14.17,14.17,7.90,7.90,0.01,,15.87,,,,,,15.87,11.01,11.00,35.84,27.00,14.18,14.17,7.85,7.90,0.01,,11970600,2625000,1070050,856050,,15.87,11.00,11.00,35.76,26.96,14.17,14.17,7.87,7.90,0.01
2026/05/12,32,32280800,25933150,20941200,16.67,15.40,15.40,27.01,27.01,15.83,15.83,14.49,9.13,1.01,,16.80,,,,,,16.80,15.40,15.40,26.99,27.06,15.82,15.80,14.41,9.13,1.00,,11696750,2639450,944100,728900,,16.80,15.40,15.40,27.04,26.95,15.82,15.82,14.43,9.13,1.01
2026/05/12,33,31391950,26656150,20283200,16.27,17.74,17.74,17.74,17.74,15.92,15.92,15.92,9.12,8.98,,16.28,,,,,,16.28,17.75,17.73,17.75,17.74,15.91,15.89,15.73,9.12,9.63,,11350550,3129800,917100,704400,,16.28,17.74,17.77,17.74,17.72,15.90,15.93,15.98,9.12,9.30
2026/05/12,34,30046900,26786100,20144050,18.47,21.22,21.22,21.22,21.22,16.38,16.38,16.38,16.38,9.33,,18.44,,,,,,18.44,21.19,21.19,21.21,21.21,16.38,16.33,16.29,16.28,9.36,,11430650,3272600,805900,696700,,18.44,21.22,21.21,21.21,21.19,16.35,16.36,16.34,16.37,9.51
2026/05/12,35,29731400,26796050,20177350,18.89,20.72,20.72,20.72,20.72,16.28,16.28,16.28,16.00,14.50,,18.88,,,,,,18.88,20.70,20.71,20.72,20.72,16.28,16.26,16.20,15.92,14.48,,11462650,3713800,787050,680500,,18.88,20.71,20.73,20.72,20.71,16.25,16.28,16.27,15.99,14.47
2026/05/12,36,28966800,27176800,19954550,20.72,23.55,23.55,26.90,26.90,16.99,16.99,16.99,16.99,16.99,,20.72,,,,,,20.72,23.55,23.54,26.88,26.87,16.99,16.95,16.94,16.93,16.91,,11403700,3672850,780300,673750,,20.72,23.55,23.55,26.89,26.83,16.93,16.99,16.99,16.98,16.87
2026/05/12,37,28643850,27385000,19873150,27.15,28.63,28.63,28.63,28.63,17.37,17.37,17.37,9.13,17.37,,26.98,,,,,,26.98,28.57,28.61,28.61,28.47,17.36,17.26,17.19,9.13,17.26,,11552850,3980150,781450,670750,,26.98,28.64,28.62,28.53,28.58,17.18,17.37,17.37,9.13,17.10
2026/05/12,38,28322600,27606550,19979450,29.50,28.98,28.98,30.00,30.00,19.40,19.40,19.40,7.08,19.40,,29.32,,,,,,29.32,28.98,28.96,29.95,29.78,19.39,19.36,19.23,7.09,19.29,,11356450,3972600,780600,669900,,29.32,28.94,28.98,29.85,29.89,19.19,19.40,19.40,7.08,19.28
2026/05/12,39,28138200,27205650,19627250,27.02,26.92,26.92,27.02,27.02,19.40,19.40,19.40,8.92,19.40,,26.88,,,,,,26.88,26.91,26.91,27.01,26.98,19.38,19.34,19.15,8.92,19.28,,11360200,3935250,781100,668200,,26.88,26.89,26.92,27.01,26.94,18.92,19.40,19.40,8.92,19.32
2026/05/12,40,28227850,26623950,19404350,26.01,27.23,27.23,27.23,27.23,17.37,17.37,17.37,8.94,17.37,,25.87,,,,,,25.87,27.21,27.21,27.22,27.20,17.37,17.29,17.14,8.94,17.27,,11411350,3874950,777600,664700,,25.87,27.23,27.23,27.22,27.15,17.12,17.37,17.37,8.94,17.14
2026/05/12,41,27784000,25923400,18653300,20.72,20.72,20.72,20.72,20.72,19.40,19.40,19.40,8.92,19.40,,20.66,,,,,,20.66,20.71,20.70,20.72,20.76,19.39,19.25,19.06,8.92,19.29,,11075100,3509700,771350,658250,,20.66,20.70,20.77,20.72,20.72,18.66,19.40,19.40,8.92,19.24
2026/05/12,42,27663200,25412950,18730450,20.72,22.00,22.00,22.00,22.00,17.45,17.45,17.45,8.91,17.45,,20.65,,,,,,20.65,21.99,21.98,22.00,22.00,17.45,17.35,17.28,8.87,17.35,,11081250,3463550,765450,652300,,20.65,21.98,22.00,21.99,22.00,17.16,17.45,17.45,8.90,17.26
2026/05/12,43,27788250,25015450,18051000,18.98,19.52,19.52,19.52,19.52,16.63,16.63,16.63,9.12,16.63,,18.95,,,,,,18.95,19.52,19.52,19.52,19.54,16.63,16.60,16.55,9.09,16.50,,11305350,3421600,760400,646050,,18.95,19.52,19.54,19.52,19.53,16.61,16.63,16.63,9.11,16.46
2026/05/12,44,27983300,24198800,18019950,18.05,19.25,19.25,19.25,19.25,16.28,16.28,16.28,16.28,16.28,,18.03,,,,,,18.03,19.25,19.25,19.28,19.27,16.28,16.19,16.19,16.13,16.19,,11576300,3401600,1187700,727300,,18.03,19.25,19.31,19.27,19.26,16.27,16.28,16.32,16.25,15.99
2026/05/12,45,27883950,23690850,17733400,19.24,20.15,20.15,20.15,20.15,16.45,16.45,16.45,16.45,16.45,,19.18,,,,,,19.18,20.15,20.13,20.17,20.19,16.45,16.28,16.20,16.23,16.37,,12229100,3602000,1184400,732450,,19.18,20.13,20.19,20.16,20.19,16.45,16.45,16.45,16.25,16.14
2026/05/12,46,28282550,23207050,18781150,20.04,21.51,21.51,21.51,21.51,15.83,15.83,15.83,15.83,15.83,,19.95,,,,,,19.95,21.53,21.49,21.51,21.53,15.83,15.65,15.64,15.83,15.75,,12399400,3877650,1181900,729950,,19.95,21.50,21.53,21.51,21.52,15.83,15.83,15.90,15.63,15.57
2026/05/12,47,27725400,22801400,18446200,20.00,20.95,20.95,20.95,20.95,15.75,15.75,15.75,15.75,15.75,,19.90,,,,,,19.90,20.94,20.91,20.94,20.94,15.75,15.59,15.56,15.85,15.69,,12037650,3837100,1181450,728250,,19.90,20.93,20.89,20.95,20.95,15.75,15.75,15.86,15.54,15.53
2026/05/12,48,26617300,22105350,17826600,18.43,20.72,20.72,20.72,20.72,13.87,13.87,13.87,13.87,13.87,,18.38,,,,,,18.38,20.71,20.68,20.70,20.70,13.87,13.78,13.86,14.48,13.87,,11245750,3723650,669500,562300,,18.38,20.70,20.66,20.71,20.71,13.87,13.87,14.17,13.74,13.81
2026/05/13,1,22783700,21734700,16994200,17.15,17.73,17.73,17.73,17.73,16.19,16.19,16.19,16.19,16.19,,17.11,,,,,,17.11,17.73,17.73,17.73,17.77,16.19,15.95,16.13,15.95,16.13,,5660600,2365150,908200,540850,,17.11,17.86,17.74,17.74,17.73,16.19,16.19,16.19,15.69,16.07
2026/05/13,2,23563850,21221350,16645950,16.74,17.67,17.67,17.67,17.67,13.60,13.60,13.60,13.60,13.60,,16.67,,,,,,16.67,17.67,17.67,17.67,17.70,13.60,13.44,13.28,13.59,13.47,,8249050,3212450,943600,576250,,16.67,17.81,17.67,17.67,17.67,13.60,13.60,13.60,12.87,13.60
2026/05/13,3,23909150,21133950,16236600,16.81,18.82,18.82,18.82,18.82,13.59,13.59,13.59,13.59,13.59,,16.71,,,,,,16.71,18.82,18.82,18.82,18.89,13.59,13.31,13.08,13.49,13.57,,9510650,3353200,984900,617550,,16.71,18.82,18.89,18.83,18.82,13.59,13.59,13.59,12.55,13.57
2026/05/13,4,23958050,21004550,16192900,16.74,18.92,18.92,18.92,18.92,13.59,13.59,13.59,13.59,13.59,,16.62,,,,,,16.62,18.92,18.92,18.92,18.93,13.59,13.26,13.20,13.59,13.56,,9644900,3301200,1027100,659750,,16.62,18.90,18.93,18.92,18.92,13.59,13.59,13.59,12.58,13.59
2026/05/13,5,23869500,21200750,16167650,17.03,18.93,18.93,18.93,18.93,14.17,14.17,14.17,14.17,13.59,,16.95,,,,,,16.95,18.93,18.93,18.93,18.93,14.17,13.99,14.08,14.17,13.59,,9531400,3228100,1085750,718300,,16.95,18.90,18.93,18.93,18.93,14.17,14.17,14.17,13.72,13.59
2026/05/13,6,23802550,21722050,16036300,17.23,18.91,18.91,18.91,18.91,16.38,16.38,16.38,16.38,16.00,,17.16,,,,,,17.16,18.91,18.91,18.91,19.06,16.38,15.71,16.30,16.15,15.94,,9557700,3127950,1143500,776600,,17.16,18.87,19.02,18.95,18.91,16.38,16.38,16.38,14.81,15.96
2026/05/13,7,23733750,21888250,16181200,18.49,20.02,20.02,20.02,20.02,16.64,16.64,16.64,16.64,16.64,,18.45,,,,,,18.45,20.03,20.02,20.02,20.29,16.64,16.42,15.85,16.39,16.56,,9490200,3075950,902200,797550,,18.45,20.22,20.05,20.14,20.11,16.64,16.64,16.64,15.62,16.50
2026/05/13,8,23918200,22720000,16752900,19.38,24.79,24.79,24.79,24.79,18.25,18.25,18.25,18.25,18.25,,19.29,,,,,,19.29,24.79,24.79,24.78,24.82,18.23,18.05,16.75,18.24,18.10,,9397000,3145850,1002150,797650,,19.29,24.67,24.79,24.79,24.84,18.25,18.25,18.25,16.82,18.06
2026/05/13,9,23928050,23044750,17010350,20.00,24.79,24.79,24.79,24.79,16.28,16.28,16.28,16.28,16.28,,20.05,,,,,,20.05,24.79,24.77,24.79,25.06,16.28,16.27,15.76,16.28,16.22,,9137600,3174700,1102750,797100,,20.05,24.78,24.83,24.89,24.93,16.28,16.28,16.28,15.95,16.19
2026/05/13,10,23920950,23223400,17213000,20.00,25.00,25.00,25.00,25.00,16.38,16.38,16.38,16.38,16.38,,19.99,,,,,,19.99,25.00,24.98,25.00,25.00,16.38,16.36,16.33,16.38,16.32,,8913150,3128600,1089200,782900,,19.99,24.98,24.99,25.00,25.00,16.38,16.38,16.38,16.34,16.32
2026/05/13,11,24063400,23102600,17041350,19.71,20.00,20.00,21.00,21.00,16.28,16.28,16.28,16.28,16.28,,19.65,,,,,,19.65,20.00,19.99,21.00,21.00,16.28,16.26,15.95,16.28,16.22,,8935500,3064050,902550,595700,,19.65,19.95,20.00,21.00,21.00,16.28,16.28,16.28,16.25,16.06
2026/05/13,12,24557700,22352350,16745600,17.37,18.84,18.84,18.84,18.84,15.79,15.79,15.79,15.79,15.79,,17.29,,,,,,17.29,18.84,18.83,18.84,18.84,15.79,15.64,15.21,15.78,15.77,,9265450,2991800,849600,642750,,17.29,18.84,18.84,18.84,18.83,15.79,15.79,15.79,15.34,15.56
2026/05/13,13,26156000,22196550,17103950,16.65,15.59,17.23,17.23,17.23,15.92,15.92,15.92,15.92,13.00,,16.56,,,,,,16.56,15.59,17.23,17.21,17.22,15.92,15.83,15.34,15.92,12.70,,9735650,2634000,1186350,1090850,,16.56,15.59,17.23,17.23,17.17,15.88,15.92,15.92,15.27,12.84
2026/05/13,14,27335900,21407050,17627600,14.50,11.69,11.69,16.67,16.67,15.92,15.92,15.92,15.92,10.09,,14.48,,,,,,14.48,11.69,11.69,16.65,16.66,15.90,15.69,15.81,15.89,10.09,,10309950,2724650,1397300,1349300,,14.48,11.69,11.69,16.66,16.63,15.92,15.92,15.92,15.25,10.09
2026/05/13,15,29521300,21358800,18394650,9.78,8.06,8.06,16.30,16.30,13.00,13.00,13.00,13.00,9.31,,9.85,,,,,,9.85,8.10,8.06,16.29,16.29,12.98,12.98,12.98,13.00,9.31,,10737200,2800050,1425800,1420300,,9.85,8.06,8.07,16.29,16.27,12.96,13.00,12.99,12.98,9.31
2026/05/13,16,31578200,23234600,19733600,10.09,7.17,7.17,17.18,16.61,8.93,8.93,8.93,8.93,0.50,,10.12,,,,,,10.12,7.29,7.17,17.17,16.51,8.93,8.93,8.92,8.93,0.50,,11020300,2831550,1457700,1428200,,10.12,7.17,7.19,17.16,16.48,8.93,8.93,8.93,8.92,0.50
2026/05/13,17,33140600,24888950,20831500,11.63,4.37,4.37,17.18,16.80,13.91,13.91,13.91,13.91,0.01,,11.65,,,,,,11.65,4.59,4.36,17.17,16.77,13.90,13.90,13.91,13.91,0.01,,11067100,2817400,1874600,1520400,,11.65,4.38,4.41,17.17,16.76,13.90,13.91,13.90,13.89,0.01
2026/05/13,18,34426950,26020550,21687800,11.00,3.00,3.00,17.18,16.97,14.27,14.27,11.50,11.50,0.01,,11.02,,,,,,11.02,3.17,3.00,17.17,16.93,14.28,14.26,11.50,11.50,0.01,,11052650,2750500,2246900,1543100,,11.02,3.03,3.03,17.17,16.92,14.25,14.27,11.50,11.50,0.01
2026/05/13,19,35500750,26648800,22627500,9.56,4.00,4.00,17.00,16.97,15.00,15.00,12.00,12.00,0.01,,9.60,,,,,,9.60,4.08,3.99,16.99,16.95,15.00,14.98,11.98,11.99,0.01,,11271000,2931400,2737950,1855650,,9.60,4.02,4.01,16.99,16.94,14.96,14.99,12.00,11.98,0.01
2026/05/13,20,36488550,26932100,23255700,9.02,5.01,5.01,16.67,16.50,14.50,14.50,7.04,7.04,0.01,,9.06,,,,,,9.06,5.17,5.00,16.66,16.49,14.50,14.49,7.10,7.04,0.01,,11366850,3057300,2865000,1982300,,9.06,5.01,5.03,16.67,16.49,14.48,14.49,7.08,7.04,0.01
2026/05/13,21,37444400,26743000,23447550,8.00,5.54,5.54,15.96,15.00,14.17,14.17,7.81,6.98,0.01,,8.04,,,,,,8.04,5.64,5.53,15.96,15.00,14.17,14.14,7.87,6.98,0.01,,11398350,3052850,3021750,2061600,,8.04,5.54,5.55,15.96,15.00,14.10,14.16,7.85,6.98,0.01
2026/05/13,22,37855600,26573450,23507600,7.08,7.31,7.31,15.50,14.61,13.87,13.87,3.00,3.00,0.01,,7.14,,,,,,7.14,7.43,7.29,15.51,14.61,13.86,13.85,3.45,3.00,0.01,,11337100,3057550,3078900,2066100,,7.14,7.31,7.32,15.51,14.60,13.82,13.85,3.26,3.02,0.01
2026/05/13,23,38258300,27730100,23824200,9.00,7.31,7.31,16.67,14.17,14.17,14.17,7.81,2.90,0.01,,9.04,,,,,,9.04,7.39,7.30,16.67,14.18,14.17,14.15,7.87,2.90,0.01,,11260650,3062850,3320750,2220800,,9.04,7.31,7.32,16.67,14.17,14.13,14.18,7.85,2.90,0.01
2026/05/13,24,38301350,27516550,23650700,8.91,7.31,7.31,16.21,13.87,13.87,13.87,7.81,2.05,0.01,,8.94,,,,,,8.94,7.36,7.29,16.21,13.88,13.87,13.86,7.86,2.05,0.01,,11393550,3069450,3607750,2221500,,8.94,7.31,7.31,16.21,13.87,13.82,13.89,7.84,2.05,0.01
2026/05/13,25,38544350,26107250,23403100,3.55,7.25,7.25,15.50,11.36,8.58,8.58,8.58,0.02,0.01,,3.67,,,,,,3.67,7.25,7.21,15.51,11.44,8.58,8.57,8.51,0.02,0.01,,11608600,3185100,3500200,2229800,,3.67,7.24,7.23,15.51,11.44,8.58,8.57,8.54,0.02,0.01
2026/05/13,26,38325450,26127050,23127800,5.26,7.19,7.19,15.88,12.42,10.68,10.68,10.68,0.02,0.01,,5.37,,,,,,5.37,7.31,7.16,15.88,12.50,10.68,10.66,10.54,0.02,0.01,,11809600,3211050,3163500,2147700,,5.37,7.19,7.20,15.88,12.48,10.67,10.66,10.59,0.02,0.01
2026/05/13,27,37407650,27323550,22819100,10.50,8.09,8.09,17.18,16.39,16.00,16.00,4.27,2.90,0.01,,10.55,,,,,,10.55,8.09,8.12,17.17,16.44,15.98,15.97,4.28,2.90,0.01,,11824150,3179150,2588050,1871050,,10.55,8.13,8.10,17.17,16.45,15.93,15.98,4.28,2.90,0.01
2026/05/13,28,36519850,27439850,22544200,13.01,8.58,8.58,18.05,16.93,14.27,14.27,8.09,6.93,0.01,,13.01,,,,,,13.01,8.57,8.53,18.05,16.94,14.27,14.26,8.06,6.92,0.01,,11786650,3176500,1684050,1278150,,13.01,8.56,8.56,18.04,16.93,14.25,14.27,8.07,6.93,0.01
2026/05/13,29,35497600,26737650,22332550,12.08,10.77,10.77,18.11,18.11,14.27,14.27,7.90,7.04,0.01,,12.11,,,,,,12.11,10.77,10.72,18.11,18.14,14.27,14.24,7.83,7.03,0.01,,11982350,3270450,1325150,973900,,12.11,10.77,10.74,18.13,18.11,14.17,14.27,7.85,7.04,0.01
2026/05/13,30,34358050,27069900,22136400,15.88,15.51,15.56,25.03,25.03,15.92,15.92,8.19,7.08,0.01,,15.90,,,,,,15.90,15.34,15.50,25.03,25.03,15.92,15.85,8.12,7.08,0.01,,11857950,3295550,1106850,736000,,15.90,15.50,15.50,25.03,25.03,15.72,15.89,8.15,7.08,0.01
2026/05/13,31,33975800,27092900,22225750,16.42,17.00,17.00,34.50,25.04,14.27,14.27,9.22,9.22,0.01,,16.64,,,,,,16.64,16.87,16.96,34.34,25.22,14.27,14.26,9.07,9.21,0.01,,12048150,3517750,1094650,728800,,16.64,17.00,16.96,34.26,25.18,14.23,14.27,9.15,9.20,0.01
2026/05/13,32,32783100,27148850,21929600,17.63,18.56,18.56,30.00,27.07,17.00,17.00,14.01,14.01,0.01,,17.88,,,,,,17.88,18.66,18.55,29.97,27.17,17.00,16.93,13.95,13.98,0.01,,11607900,3545600,982300,723600,,17.88,18.57,18.57,29.91,27.07,16.81,16.98,14.01,13.97,0.01
2026/05/13,33,32065100,26635400,20973500,16.67,19.42,19.42,19.42,19.42,19.00,19.00,17.75,17.75,6.00,,16.74,,,,,,16.74,19.58,19.42,19.45,19.47,19.00,18.93,17.69,17.66,6.00,,11215500,3420650,849650,709650,,16.74,19.45,19.44,19.48,19.44,18.62,18.99,17.75,17.73,6.00
2026/05/13,34,30864900,27265750,21205950,19.80,24.67,24.67,24.67,24.67,24.67,24.67,16.19,7.04,9.56,,19.90,,,,,,19.90,24.84,24.65,24.67,24.67,24.65,24.64,16.19,7.04,9.56,,11039300,3536800,814800,701000,,19.90,24.81,24.71,24.67,24.66,24.43,24.67,16.19,7.04,9.56
2026/05/13,35,30934900,26823300,20809100,18.80,20.32,20.32,20.32,20.32,16.38,16.38,16.38,6.87,10.59,,18.80,,,,,,18.80,20.39,20.32,20.33,20.35,16.38,16.36,16.29,6.87,10.52,,10971000,3653350,786700,683250,,18.80,20.37,20.34,20.34,20.31,16.21,16.37,16.38,6.87,10.55
2026/05/13,36,30296100,27294650,20985550,20.25,24.78,24.78,24.78,19.14,18.00,18.00,18.00,8.93,15.79,,20.25,,,,,,20.25,24.77,24.75,24.77,19.18,18.00,17.96,17.95,8.86,15.74,,10919750,3751900,780450,674850,,20.25,24.66,24.78,24.77,19.19,17.78,18.00,17.99,8.91,15.76
2026/05/13,37,29535100,27327350,21006250,23.50,24.78,24.78,24.78,19.52,17.39,17.39,17.39,6.97,17.39,,23.39,,,,,,23.39,24.83,24.77,24.79,19.57,17.38,17.31,17.10,6.76,17.24,,11054600,4269850,788950,671500,,23.39,24.83,24.78,24.78,19.59,17.10,17.39,17.37,6.89,17.17
2026/05/13,38,29110050,27752850,21061100,25.73,24.78,24.78,24.78,20.00,20.00,20.00,20.00,10.00,20.00,,25.62,,,,,,25.62,24.79,24.76,24.78,20.02,20.00,19.97,19.87,10.00,19.65,,11047150,4260400,787750,670350,,25.62,24.78,24.78,24.78,20.03,19.83,20.00,20.00,10.00,19.76
2026/05/13,39,29166800,27226200,20484650,24.50,24.78,24.78,24.78,19.71,18.40,18.40,18.40,9.32,18.40,,24.36,,,,,,24.36,24.77,24.75,24.77,19.90,18.40,18.25,18.26,9.32,18.27,,11263100,4297600,785850,668600,,24.36,24.79,24.78,24.76,19.87,18.27,18.40,18.40,9.32,18.05
2026/05/13,40,28884600,26862850,20025500,21.50,24.78,24.78,24.78,19.95,18.50,18.50,18.50,8.93,18.50,,21.41,,,,,,21.41,24.77,24.76,24.77,20.01,18.50,18.40,17.91,8.93,18.23,,10939350,3925400,780300,665050,,21.41,24.76,24.78,24.77,20.03,18.40,18.50,18.50,8.93,17.97
2026/05/13,41,28768250,26416100,19636100,20.02,22.50,22.50,22.50,20.19,16.65,16.65,16.65,16.65,16.65,,19.94,,,,,,19.94,22.50,22.48,22.50,20.36,16.64,16.53,16.16,16.49,16.55,,11073150,3756750,773850,658500,,19.94,22.50,22.56,22.49,20.27,16.63,16.65,16.65,16.60,16.17
2026/05/13,42,28346700,25898200,19019850,20.05,20.05,20.05,20.05,20.05,17.39,17.39,17.39,17.00,17.39,,19.99,,,,,,19.99,20.04,20.03,20.05,20.11,17.39,17.32,17.17,16.90,17.18,,10823450,3428450,766350,652550,,19.99,20.05,20.06,20.07,20.07,17.38,17.39,17.39,16.97,17.07
2026/05/13,43,28088000,25748150,18972850,21.12,23.00,23.00,23.00,23.00,17.00,17.00,17.00,17.00,17.00,,21.08,,,,,,21.08,23.00,23.00,23.00,23.06,17.00,16.96,16.81,16.82,16.84,,11145950,3519850,760000,646200,,21.08,23.00,23.01,23.04,23.00,16.97,17.00,17.00,16.96,16.76
2026/05/13,44,27975700,25033450,18482350,19.77,20.45,20.45,20.45,20.45,16.64,16.64,16.64,16.64,16.64,,19.70,,,,,,19.70,20.45,20.45,20.46,20.56,16.64,16.59,16.12,16.46,16.52,,11524600,3776500,1147800,642500,,19.70,20.46,20.56,20.46,20.45,16.61,16.64,16.64,16.53,16.27
2026/05/13,45,27588600,25015850,17921800,19.90,20.02,20.02,20.02,20.02,16.75,16.75,16.75,16.75,16.75,,19.81,,,,,,19.81,20.02,20.02,20.03,20.09,16.75,16.71,16.06,16.55,16.62,,12150300,4179350,1146500,647650,,19.81,20.03,20.06,20.04,20.08,16.73,16.75,16.75,16.49,16.43
2026/05/13,46,27252950,24516450,18173600,25.00,28.99,28.99,29.50,26.77,16.50,16.50,16.50,16.50,16.50,,24.95,,,,,,24.95,28.99,28.99,29.48,27.23,16.50,16.33,16.03,16.12,16.39,,11996950,4139000,1143950,645100,,24.95,28.99,28.99,29.49,26.94,16.49,16.50,16.50,16.20,16.10
2026/05/13,47,26905600,24353600,18106000,24.78,27.01,27.01,27.01,27.01,16.68,16.68,16.68,16.68,16.68,,24.67,,,,,,24.67,27.03,26.98,27.01,27.06,16.68,16.64,15.92,16.29,16.56,,11729700,4149600,1142200,643350,,24.67,27.01,27.00,27.03,27.01,16.67,16.68,16.68,16.39,16.30
2026/05/13,48,26374050,23041700,17890400,19.40,25.03,25.03,25.03,25.03,15.92,15.92,15.92,15.92,15.92,,19.37,,,,,,19.37,25.02,25.00,25.01,25.01,15.92,15.87,15.28,15.66,15.89,,11266300,4007950,628650,521300,,19.37,25.03,25.02,25.02,24.95,15.92,15.92,15.92,15.44,15.75
2026/05/14,1,23141250,21529200,17456050,17.99,19.75,19.75,19.75,19.75,14.96,14.96,14.96,0.01,14.96,,18.05,,,,,,18.05,19.75,19.75,19.75,20.11,14.96,14.91,14.86,0.02,14.96,,6774850,2828650,881450,369400,,18.05,19.84,20.07,19.81,19.75,14.80,14.96,14.96,0.01,14.93
2026/05/14,2,23540550,21447800,16599900,19.01,20.98,20.98,20.98,20.98,15.08,15.08,15.08,0.01,14.49,,19.41,,,,,,19.41,20.98,20.98,20.98,22.72,15.08,15.08,14.89,0.01,14.49,,8607250,3280550,884000,404950,,19.41,20.99,21.60,21.78,20.98,14.88,15.08,15.08,0.01,14.49
2026/05/14,3,23646000,21257200,16269700,19.09,20.90,20.90,20.90,20.90,14.27,14.27,14.27,0.01,13.59,,19.49,,,,,,19.49,20.90,20.90,20.90,22.69,14.27,14.26,14.12,0.01,13.59,,9104600,3377050,1023200,446150,,19.49,20.91,21.51,21.70,20.90,14.12,14.27,14.27,0.01,13.59
2026/05/14,4,23654600,21317600,16224400,18.13,20.00,20.00,20.00,20.00,15.49,15.49,15.49,0.01,13.59,,18.24,,,,,,18.24,20.00,20.00,20.00,20.49,15.49,15.45,15.44,0.01,13.59,,9122650,3371100,1191600,488400,,18.24,20.01,20.45,20.06,20.00,15.33,15.49,15.49,0.01,13.59
2026/05/14,5,23715750,21446000,16249500,18.50,20.92,20.92,20.92,20.92,15.92,15.92,15.92,0.01,11.77,,18.66,,,,,,18.66,20.92,20.92,20.92,21.50,15.92,15.92,15.82,0.01,11.77,,9038250,3319900,1233650,549000,,18.66,20.93,21.46,20.98,20.92,15.81,15.92,15.92,0.01,11.77
2026/05/14,6,23516000,22037450,16280400,19.37,20.84,20.84,20.84,20.84,16.38,16.38,16.38,0.01,13.59,,19.64,,,,,,19.64,20.84,20.84,20.84,22.00,16.38,16.38,16.23,0.01,13.59,,8883300,3265300,1337750,610200,,19.64,20.85,21.63,21.15,20.84,16.21,16.38,16.38,0.01,13.59
2026/05/14,7,23462500,22412850,16451250,20.00,20.89,20.89,20.89,20.89,17.39,17.39,17.39,0.01,13.59,,20.26,,,,,,20.26,20.89,20.89,20.89,22.16,17.39,17.38,16.88,0.01,13.59,,8836150,3339800,1279550,639200,,20.26,21.03,21.43,21.42,20.89,16.87,17.39,17.39,0.01,13.59
2026/05/14,8,23639150,23113200,16947500,24.50,26.91,26.91,26.91,26.91,20.00,20.00,20.00,6.80,15.79,,24.57,,,,,,24.57,26.91,26.89,26.91,27.09,20.00,19.98,19.94,6.80,15.78,,8928550,3314550,1279350,639350,,24.57,26.94,26.99,26.97,26.91,19.88,20.00,20.00,6.80,15.79
2026/05/14,9,23895700,23419650,17107150,24.05,27.00,27.00,27.00,27.00,20.00,20.00,20.00,20.00,20.00,,24.04,,,,,,24.04,27.00,26.96,26.99,27.10,19.98,19.96,19.41,19.77,19.98,,9175700,3288850,1280550,638850,,24.04,27.09,27.09,27.00,26.97,19.45,20.00,20.00,19.90,19.91
2026/05/14,10,23870250,23563400,17079000,24.50,27.01,27.01,27.01,27.01,24.50,24.50,24.50,24.50,24.50,,24.48,,,,,,24.48,27.01,26.97,27.00,27.12,24.45,24.25,24.01,24.12,24.26,,9357150,3244200,1281900,639550,,24.48,27.07,27.10,27.02,26.98,24.20,24.50,24.50,23.68,24.36
2026/05/14,11,24154850,23412150,17094550,22.50,22.00,22.00,24.05,24.05,24.05,24.05,24.05,24.05,24.05,,22.43,,,,,,22.43,21.98,21.98,24.03,24.04,23.99,23.77,23.58,23.52,23.83,,9520100,3358500,1179200,641650,,22.43,22.03,22.00,24.05,23.97,23.71,24.04,24.04,23.29,23.75
2026/05/14,12,24507950,22827800,16488600,17.92,18.29,18.29,18.29,18.29,18.14,18.14,18.14,18.14,18.14,,17.84,,,,,,17.84,18.29,18.29,18.29,18.28,18.12,17.76,17.87,17.90,18.11,,9636000,3219800,1105750,643200,,17.84,18.29,18.29,18.29,18.27,17.72,18.14,18.12,17.36,18.08
2026/05/14,13,25774850,22516050,17346850,16.67,15.60,15.60,17.00,17.00,17.00,17.00,17.00,17.00,11.77,,16.62,,,,,,16.62,15.60,15.59,16.98,16.98,17.00,16.90,16.66,16.73,11.77,,9773300,3150700,1310900,950400,,16.62,15.60,15.60,17.00,16.89,16.89,17.00,16.99,16.49,11.77
2026/05/14,14,27305500,21452050,17880500,13.01,12.28,12.28,15.90,15.90,14.17,14.17,14.17,14.17,9.78,,13.09,,,,,,13.09,12.24,12.27,16.01,15.89,14.17,14.17,14.15,13.90,9.78,,10122450,3160550,1483850,1177850,,13.09,12.28,12.27,16.00,16.00,14.04,14.17,14.17,14.15,9.78
2026/05/14,15,29094450,21457500,18809800,9.78,10.00,10.00,12.54,12.54,12.54,12.54,12.54,10.00,9.07,,9.98,,,,,,9.98,10.00,9.99,12.84,12.54,12.54,12.51,12.54,10.00,9.07,,10356500,3074550,1564800,1421300,,9.98,9.99,10.00,12.84,12.68,12.46,12.53,12.75,10.00,9.07
2026/05/14,16,31335150,23223600,20073500,9.32,8.27,8.27,16.19,15.50,8.72,8.72,8.72,7.07,0.01,,9.33,,,,,,9.33,8.30,8.27,16.19,15.43,8.72,8.72,8.72,7.07,0.01,,10653650,3047800,1597750,1552750,,9.33,8.27,8.28,16.19,15.40,8.72,8.72,8.72,7.07,0.01
2026/05/14,17,33384450,24604600,21304100,9.78,7.31,7.31,16.05,16.05,11.00,11.00,11.00,7.07,0.01,,9.81,,,,,,9.81,7.36,7.31,16.04,16.04,11.00,10.98,11.00,7.07,0.01,,10917650,2893800,2135400,1973200,,9.81,7.31,7.32,16.05,16.00,11.00,11.00,10.95,7.07,0.01
2026/05/14,18,34945600,25771700,22491100,9.08,7.31,7.31,15.98,15.00,15.00,15.00,6.97,6.97,0.01,,9.11,,,,,,9.11,7.32,7.31,15.97,15.02,15.00,14.99,6.92,6.97,0.01,,10966450,2912450,2400400,2071550,,9.11,7.31,7.31,15.98,14.99,15.00,14.99,6.94,6.97,0.01
2026/05/14,19,36046650,26434000,23098500,8.86,7.31,7.31,15.95,15.03,15.03,15.03,2.90,2.90,0.01,,8.91,,,,,,8.91,7.35,7.31,15.94,15.14,15.01,15.02,2.95,2.90,0.01,,10927300,2878100,2572900,2087350,,8.91,7.31,7.32,15.96,15.02,15.03,15.11,2.91,2.93,0.01
2026/05/14,20,37009250,26658200,23696900,7.08,3.65,3.65,15.75,13.87,13.87,13.87,2.50,2.00,0.01,,7.12,,,,,,7.12,4.33,3.65,15.75,13.95,13.87,13.87,2.55,2.00,0.01,,10885000,2903350,2873300,2282850,,7.12,3.67,3.78,15.77,13.87,13.87,13.89,2.53,2.00,0.01
2026/05/14,21,37757900,26711350,24129900,7.31,2.50,2.50,15.45,12.54,12.54,12.54,6.00,0.01,0.01,,7.35,,,,,,7.35,3.15,2.49,15.45,12.59,12.54,12.54,6.29,0.01,0.01,,10963550,3115100,3221950,2582100,,7.35,2.51,2.62,15.45,12.57,12.56,12.55,6.20,0.01,0.01
2026/05/14,22,38215600,27175000,24442700,7.36,2.00,2.00,15.60,12.54,12.54,12.54,12.54,0.01,0.01,,7.40,,,,,,7.40,2.33,2.00,15.60,12.67,12.54,12.54,12.49,0.01,0.01,,10939500,3118650,3415750,2775900,,7.40,2.03,2.06,15.60,12.57,12.55,12.67,12.50,0.01,0.01
2026/05/14,23,38468950,27603750,24554500,7.78,1.01,1.01,15.91,12.54,12.54,12.54,12.54,0.01,0.01,,7.81,,,,,,7.81,1.28,1.01,15.91,12.65,12.54,12.54,12.50,0.01,0.01,,10921000,3104650,3535300,2780550,,7.81,1.05,1.06,15.92,12.58,12.57,12.55,12.51,0.01,0.01
2026/05/14,24,38571500,27968300,24477700,8.50,1.00,1.00,15.96,12.54,12.54,12.54,12.54,0.01,0.01,,8.55,,,,,,8.55,1.24,1.00,15.96,12.71,12.54,12.54,12.60,0.01,0.01,,10994850,3143650,3822350,2752300,,8.55,1.04,1.04,15.98,12.59,12.57,12.55,12.58,0.01,0.01
2026/05/14,25,38808150,26943000,24076000,5.00,1.00,1.00,15.86,11.12,11.12,11.12,11.12,0.01,0.01,,5.05,,,,,,5.05,1.09,1.00,15.85,11.20,11.12,11.12,10.91,0.01,0.01,,11108250,3025150,3796500,2598700,,5.05,1.02,1.01,15.84,11.16,11.17,11.14,10.98,0.01,0.01
2026/05/14,26,38581050,26590100,23840950,3.55,1.01,1.01,15.63,11.36,11.36,11.36,11.36,0.01,0.01,,3.65,,,,,,3.65,1.20,1.01,15.62,11.45,11.36,11.36,11.32,0.01,0.01,,11164000,3032100,3652900,2667600,,3.65,1.03,1.04,15.62,11.44,11.41,11.37,11.33,0.01,0.01
2026/05/14,27,37705750,27497950,23672500,9.31,3.55,3.55,16.67,15.11,15.11,15.11,15.11,0.01,0.01,,9.38,,,,,,9.38,4.25,3.55,16.66,15.19,15.13,15.11,15.03,0.01,0.01,,11169600,3000700,3008000,2463100,,9.38,3.56,3.68,16.67,15.15,15.11,15.12,15.06,0.01,0.01
2026/05/14,28,37059150,27361200,23243500,10.57,6.73,6.73,17.08,16.15,15.00,15.00,15.00,0.01,0.01,,10.65,,,,,,10.65,7.13,6.73,17.07,16.31,15.00,15.00,14.98,0.01,0.01,,11212150,3035600,2077600,1900450,,10.65,6.73,6.81,17.09,16.29,15.00,15.00,14.99,0.01,0.01
2026/05/14,29,36479500,27482350,23248350,9.38,7.31,7.31,24.05,16.64,15.92,15.92,11.50,0.02,0.01,,9.55,,,,,,9.55,7.32,7.32,24.04,16.93,15.92,15.88,11.47,0.02,0.01,,11307800,3042700,1580050,1421800,,9.55,7.32,7.32,24.04,16.85,15.78,15.91,11.48,0.02,0.01
2026/05/14,30,35441500,27307150,22813100,11.99,7.94,7.94,24.05,17.91,16.38,16.38,11.50,2.50,0.01,,12.17,,,,,,12.17,7.94,7.95,24.04,18.31,16.38,16.35,11.39,2.50,0.01,,11138350,3056600,1366750,1157750,,12.17,7.94,7.94,24.05,18.08,16.28,16.38,11.43,2.50,0.01
2026/05/14,31,34541150,27215850,22543450,13.50,12.54,12.54,24.05,19.12,16.28,16.28,8.18,2.05,0.01,,13.64,,,,,,13.64,12.42,12.50,24.04,19.50,16.28,16.21,8.06,2.05,0.01,,11012500,3213500,1328850,1017250,,13.64,12.52,12.50,24.08,19.27,16.04,16.28,8.10,2.05,0.01
2026/05/14,32,33099350,26831950,21988850,15.77,15.46,15.46,24.05,24.05,24.05,24.05,7.89,2.00,0.01,,15.95,,,,,,15.95,15.46,15.46,24.05,24.19,24.06,24.05,7.83,2.00,0.01,,10704150,3429950,1226100,863450,,15.95,15.46,15.46,24.14,24.05,24.05,24.06,7.84,2.00,0.01
2026/05/14,33,31781700,27757750,21364200,16.27,17.00,17.00,17.93,17.93,17.00,17.00,11.31,0.01,2.90,,16.32,,,,,,16.32,17.00,17.00,17.94,18.08,17.00,16.97,11.31,0.01,2.90,,10168250,3596850,1136550,782800,,16.32,17.00,17.00,17.99,18.04,16.87,17.00,11.32,0.01,2.90
2026/05/14,34,30005850,27864000,21141600,18.00,21.73,21.73,24.05,24.05,24.05,24.05,17.00,0.01,9.56,,18.08,,,,,,18.08,21.72,21.72,24.04,24.06,24.06,24.05,17.01,0.01,9.55,,9925800,3680150,922000,693600,,18.08,21.72,21.73,24.07,24.04,24.00,24.06,17.00,0.01,9.56
2026/05/14,35,29073700,27697250,20754250,19.50,22.00,22.00,23.50,23.50,23.50,23.50,23.50,0.01,9.78,,19.58,,,,,,19.58,22.00,22.00,23.52,23.56,23.51,23.50,23.50,0.01,9.78,,9987850,3929000,793300,683650,,19.58,22.00,22.00,23.54,23.50,23.59,23.51,23.52,0.01,9.78
2026/05/14,36,28183750,28523950,20774150,28.30,28.99,28.99,31.19,31.19,28.41,28.41,28.41,0.01,18.00,,28.37,,,,,,28.37,28.98,28.94,31.18,31.50,28.38,28.39,28.32,0.01,17.59,,9962250,3881500,784650,675000,,28.37,28.99,29.00,31.23,31.27,28.30,28.41,28.75,0.01,17.77
2026/05/14,37,27410850,28604750,20423800,28.98,28.99,28.99,35.00,35.00,28.41,28.41,28.41,2.90,19.40,,28.98,,,,,,28.98,29.03,28.99,34.91,34.81,28.32,28.19,27.75,2.90,19.14,,9906100,3885250,794750,671250,,28.98,28.98,28.99,34.93,34.57,27.02,28.41,28.41,2.90,19.26
2026/05/14,38,27026900,29257750,20163600,31.25,30.01,30.01,35.32,35.32,28.41,28.41,28.41,6.78,28.41,,31.04,,,,,,31.04,30.00,30.01,35.25,35.12,28.30,27.73,27.67,6.78,27.48,,10024700,3860250,793700,670250,,31.04,29.99,30.01,35.27,34.86,25.87,28.41,28.41,6.78,27.67
2026/05/14,39,27243400,28525250,20131500,28.41,28.99,28.99,30.00,30.00,28.41,28.41,28.41,6.79,28.41,,28.30,,,,,,28.30,28.98,28.99,29.99,30.03,28.30,28.13,27.51,6.79,27.41,,10087800,3802250,791700,668650,,28.30,28.98,28.99,29.99,30.03,26.55,28.41,28.41,6.79,27.84
2026/05/14,40,27261350,27830550,20013850,28.41,28.98,28.41,28.41,28.41,28.41,28.41,28.41,5.00,24.50,,28.32,,,,,,28.32,28.96,28.36,28.40,28.39,28.38,28.38,28.33,5.00,23.73,,10190200,3791500,788250,665200,,28.32,28.93,28.41,28.40,28.34,28.14,28.41,28.41,5.00,24.09
2026/05/14,41,27164100,27416550,19804350,26.89,28.98,28.41,28.41,28.41,28.41,28.41,28.41,5.00,19.40,,26.87,,,,,,26.87,28.96,28.41,28.41,28.37,28.39,28.40,28.38,5.00,19.10,,10224500,3779850,781800,658650,,26.87,28.97,28.42,28.39,28.38,28.36,28.41,28.41,5.00,19.24
2026/05/14,42,26848650,26845700,19464950,27.10,28.41,28.41,28.41,28.41,28.41,28.41,28.41,3.00,19.40,,27.08,,,,,,27.08,28.41,28.41,28.40,28.37,28.39,28.40,28.39,3.00,19.16,,10214650,3794500,775900,652700,,27.08,28.41,28.42,28.38,28.37,28.36,28.41,28.41,3.00,19.27
2026/05/14,43,26981300,26039800,19229500,24.01,24.05,24.05,24.05,24.05,24.05,24.05,24.05,3.00,19.40,,23.98,,,,,,23.98,24.05,24.05,24.05,24.05,24.05,24.05,24.05,3.00,19.15,,10247900,3733000,769850,646600,,23.98,24.06,24.06,24.05,24.04,24.02,24.06,24.05,3.00,19.27
2026/05/14,44,27336800,25010550,18761050,19.10,19.13,19.13,19.13,19.13,19.13,19.13,19.13,0.02,19.13,,19.18,,,,,,19.18,19.13,19.16,19.39,19.14,19.14,19.13,19.13,0.02,18.84,,10306450,3739200,1157650,642750,,19.18,19.13,19.36,19.24,19.10,19.15,19.13,19.67,0.02,18.97
2026/05/14,45,26842100,25085500,18563600,19.78,22.50,22.50,23.00,23.00,18.50,18.50,18.50,0.02,18.50,,19.92,,,,,,19.92,22.49,22.48,23.27,23.08,18.49,18.49,18.45,0.02,18.22,,10519750,3930050,1146550,640000,,19.92,22.50,22.50,23.41,22.93,18.44,18.50,18.50,0.02,18.34
2026/05/14,46,26943900,24407300,18713800,20.00,21.25,21.25,24.05,24.05,17.00,17.00,17.00,0.01,17.00,,20.10,,,,,,20.10,21.24,21.25,24.28,24.14,17.00,16.91,16.98,0.01,16.78,,10725800,4189700,1144100,637550,,20.10,21.25,21.25,24.40,24.02,16.96,17.00,17.00,0.01,16.78
2026/05/14,47,26335200,24230150,18484000,20.60,24.05,24.05,24.05,24.05,19.00,19.00,19.00,0.01,18.20,,20.61,,,,,,20.61,24.04,24.03,24.08,24.05,19.00,19.00,19.00,0.01,17.96,,10564800,4279150,1142150,635600,,20.61,24.05,24.06,24.09,24.00,18.99,19.00,19.00,0.01,18.07
2026/05/14,48,25938600,23103050,17961750,18.95,22.50,22.50,22.50,22.50,16.38,16.38,16.38,0.01,16.38,,18.95,,,,,,18.95,22.49,22.49,22.49,22.49,16.37,16.35,16.32,0.01,16.30,,10041800,4131100,628600,513550,,18.95,22.50,22.50,22.50,22.47,16.37,16.38,16.38,0.01,16.28
2026/05/15,1,23270350,21276200,17112050,16.62,17.76,17.76,17.76,17.76,14.99,14.99,14.99,0.02,14.99,,16.60,,,,,,16.60,17.76,17.76,17.76,17.76,14.99,14.94,14.95,0.02,14.96,,5214650,2105950,881750,497200,,16.60,17.70,17.75,17.76,17.76,14.96,14.99,14.99,0.02,14.91
2026/05/15,2,23891550,20976750,16588350,16.12,17.18,17.18,17.18,17.18,14.27,14.27,14.27,0.01,14.27,,16.10,,,,,,16.10,17.18,17.18,17.18,17.18,14.27,14.24,14.26,0.01,14.22,,6191400,2287350,916650,532100,,16.10,17.16,17.18,17.18,17.18,14.21,14.27,14.25,0.01,14.25
2026/05/15,3,23958050,20828000,16475200,16.00,17.11,17.11,17.11,17.11,14.00,14.00,14.00,0.01,14.00,,15.97,,,,,,15.97,17.11,17.11,17.11,17.11,14.00,13.90,13.96,0.01,13.96,,6320950,2310450,1017000,537950,,15.97,17.10,17.11,17.11,17.11,13.83,14.00,13.96,0.01,13.92
2026/05/15,4,23926700,20886100,16275550,15.96,16.91,16.91,16.91,16.91,14.17,14.17,14.17,0.01,14.17,,15.94,,,,,,15.94,16.92,16.91,16.92,16.94,14.17,14.05,14.14,0.01,14.12,,6285500,2267100,1141300,571150,,15.94,16.95,16.94,16.92,16.91,13.94,14.17,14.13,0.01,14.09
2026/05/15,5,23902100,21105500,16372950,15.98,16.94,16.94,16.94,16.94,14.17,14.17,14.17,0.01,14.17,,15.97,,,,,,15.97,16.94,16.94,16.94,16.97,14.17,14.13,14.14,0.01,14.12,,6263850,2232550,1339350,658750,,15.97,17.03,16.96,16.94,16.94,14.04,14.17,14.17,0.01,14.14
2026/05/15,6,23924900,21416900,16477900,16.12,17.10,17.10,17.10,17.10,14.96,14.96,14.96,0.01,14.96,,16.14,,,,,,16.14,17.10,17.10,17.14,17.10,14.96,14.93,14.93,0.01,14.93,,6251150,2162450,1350050,689500,,16.14,17.18,17.15,17.12,17.10,14.84,14.96,14.95,0.01,14.96
2026/05/15,7,23822450,21774400,16719800,16.64,17.54,17.54,17.54,17.54,16.11,16.11,16.11,0.02,15.79,,16.62,,,,,,16.62,17.54,17.54,17.54,17.54,16.11,16.05,16.04,0.02,15.64,,6184700,2128800,1152550,739100,,16.62,17.51,17.54,17.54,17.54,15.84,16.11,16.11,0.02,15.72
2026/05/15,8,24461850,22133200,17021350,16.67,17.62,17.62,17.62,17.62,16.66,16.66,16.66,0.01,16.66,,16.62,,,,,,16.62,17.62,17.62,17.62,17.62,16.66,16.44,16.57,0.01,16.36,,6186300,2103200,1180500,767200,,16.62,17.57,17.62,17.62,17.62,16.12,16.66,16.66,0.01,16.40
2026/05/15,9,24404700,22453050,17221100,16.76,18.18,18.18,18.18,18.18,16.65,16.65,16.65,0.01,16.65,,16.72,,,,,,16.72,18.18,18.18,18.18,18.16,16.65,16.52,16.57,0.01,16.38,,6126850,2085450,1179600,766750,,16.72,18.07,18.18,18.18,18.18,16.11,16.65,16.65,0.01,16.53
2026/05/15,10,24362400,22392850,17156850,16.76,18.09,18.09,18.09,18.09,16.68,16.68,16.68,0.01,16.68,,16.73,,,,,,16.73,18.09,18.09,18.09,18.08,16.68,16.60,16.64,0.01,16.42,,6203750,2064850,1181100,767600,,16.73,18.03,18.09,18.09,18.09,16.21,16.68,16.64,0.01,16.66
2026/05/15,11,24486900,22272700,16842050,16.67,17.16,17.16,17.16,17.16,16.38,16.38,16.38,0.01,16.38,,16.63,,,,,,16.63,17.16,17.16,17.17,17.16,16.38,16.16,16.35,0.01,16.26,,6238450,2087000,1078300,643350,,16.63,17.15,17.19,17.16,17.16,16.04,16.38,16.36,0.01,16.17
2026/05/15,12,25125400,21561150,16734750,16.11,16.87,16.87,16.87,16.87,14.27,14.27,14.27,0.01,14.27,,16.06,,,,,,16.06,16.85,16.87,16.87,16.87,14.27,14.14,14.23,0.01,14.22,,6466900,2137800,929600,570550,,16.06,16.87,16.85,16.87,16.87,14.01,14.27,14.24,0.01,14.19
2026/05/15,13,26730300,21341050,17140850,15.00,13.00,13.00,16.27,16.27,15.92,15.92,15.92,0.01,11.77,,15.01,,,,,,15.01,13.00,13.00,16.31,16.28,15.92,15.87,15.87,0.01,11.77,,6693050,2067800,1142000,906000,,15.01,13.00,13.00,16.32,16.29,15.92,15.87,15.84,0.01,11.77
2026/05/15,14,28240950,20641900,17241850,10.56,7.30,7.30,15.05,15.05,13.87,13.87,13.87,0.01,9.56,,10.66,,,,,,10.66,7.31,7.31,15.14,15.06,13.87,13.85,13.85,0.01,9.56,,7324350,2102650,1368800,1232500,,10.66,7.30,7.31,15.16,15.08,13.87,13.86,13.82,0.01,9.56
2026/05/15,15,30840850,20847050,18558000,7.70,3.55,3.55,11.20,11.20,8.91,8.91,8.91,0.02,2.90,,7.74,,,,,,7.74,3.56,3.55,11.27,11.22,8.91,8.91,8.91,0.02,2.90,,8045350,2132200,1757700,1529700,,7.74,3.55,3.55,11.27,11.27,8.91,8.91,8.90,0.02,2.90
2026/05/15,16,33266500,23067100,19853250,8.10,0.01,0.01,15.86,12.80,5.00,5.00,5.00,5.00,0.01,,8.05,,,,,,8.05,0.15,0.01,15.86,12.83,5.00,5.00,5.01,5.00,0.01,,8536250,2171550,2154200,1619700,,8.05,0.05,0.03,15.86,12.80,5.00,5.00,5.01,5.00,0.01
2026/05/15,17,35030150,24717800,21565550,9.50,0.01,0.01,16.05,12.80,10.00,10.00,10.00,5.00,0.01,,9.48,,,,,,9.48,0.04,0.01,16.05,12.81,10.01,10.03,10.00,5.00,0.01,,8654050,2238550,2941350,2481850,,9.48,0.01,0.02,16.05,12.80,10.00,10.04,10.01,5.00,0.01
2026/05/15,18,36633450,25612100,22445600,9.00,0.01,0.01,15.60,15.60,15.60,15.60,6.00,2.00,0.01,,9.00,,,,,,9.00,0.03,0.01,15.60,15.59,15.60,15.60,6.06,2.00,0.01,,8692900,2221800,3224600,2915050,,9.00,0.01,0.01,15.60,15.59,15.60,15.60,6.18,2.00,0.01
2026/05/15,19,37722550,26147950,23163100,8.50,0.01,0.01,15.60,15.60,15.60,15.60,2.90,0.01,0.01,,8.52,,,,,,8.52,0.01,0.01,15.58,15.57,15.60,15.59,2.98,0.01,0.01,,8778250,2192850,3142350,2968300,,8.52,0.01,0.01,15.60,15.59,15.49,15.60,3.23,0.01,0.01
2026/05/15,20,38877600,26024900,23516350,3.01,0.01,0.01,15.14,14.27,14.27,14.27,5.13,0.01,0.01,,3.06,,,,,,3.06,0.01,0.01,15.14,14.25,14.27,14.27,5.13,0.01,0.01,,8923150,2198400,3191550,3059650,,3.06,0.01,0.01,15.14,14.26,14.21,14.27,5.13,0.01,0.01
2026/05/15,21,39721600,25721900,23678850,1.00,0.01,0.01,12.80,12.80,12.80,12.80,2.50,0.01,0.01,,1.06,,,,,,1.06,0.01,0.01,12.80,12.78,12.80,12.79,2.50,0.01,0.01,,8982300,2218200,3117400,3039050,,1.06,0.01,0.01,12.80,12.79,12.66,12.80,2.50,0.01,0.01
2026/05/15,22,40385450,25898200,23890700,0.50,0.01,0.01,11.18,11.18,11.18,11.18,2.04,0.01,0.01,,0.54,,,,,,0.54,0.01,0.01,11.19,11.19,11.18,11.18,2.04,0.01,0.01,,9012350,2221250,3216550,3039650,,0.54,0.01,0.01,11.19,11.19,11.18,11.19,2.04,0.01,0.01
2026/05/15,23,40753800,26000150,24008250,0.04,0.01,0.01,11.04,11.04,11.04,11.04,2.11,0.01,0.01,,0.09,,,,,,0.09,0.01,0.01,11.05,11.04,11.04,11.04,2.11,0.01,0.01,,9016300,2198600,3438550,3030650,,0.09,0.01,0.01,11.05,11.05,11.05,11.05,2.11,0.01,0.01
2026/05/15,24,40924250,26174800,24069850,0.04,0.01,0.01,10.55,10.55,10.55,10.55,2.15,0.01,0.01,,0.10,,,,,,0.10,0.01,0.01,10.57,10.55,10.55,10.57,2.15,0.01,0.01,,9026300,2204150,3896950,3058050,,0.10,0.01,0.01,10.57,10.56,10.55,10.57,2.15,0.01,0.01
2026/05/15,25,40944300,25200400,23482950,0.01,0.01,0.01,8.00,8.00,8.00,8.00,0.61,0.01,0.01,,0.07,,,,,,0.07,0.01,0.01,8.04,8.00,8.00,8.00,0.61,0.01,0.01,,8940150,2129050,3921450,2858550,,0.07,0.01,0.01,8.02,8.02,8.04,8.04,0.61,0.01,0.01
2026/05/15,26,40742100,25226500,23491200,0.01,0.01,0.01,9.27,9.27,9.27,9.27,2.04,0.01,0.01,,0.07,,,,,,0.07,0.01,0.01,9.30,9.28,9.27,9.27,2.04,0.01,0.01,,8996450,2133400,3680200,2848300,,0.07,0.01,0.01,9.29,9.28,9.27,9.30,2.04,0.01,0.01
2026/05/15,27,40213600,25928200,23771700,1.00,0.01,0.01,11.12,11.12,11.12,11.12,3.01,0.01,0.01,,1.06,,,,,,1.06,0.03,0.01,11.13,11.12,11.12,11.12,3.01,0.01,0.01,,9224250,2190100,2959050,2582150,,1.06,0.01,0.01,11.13,11.13,11.13,11.14,3.03,0.01,0.01
2026/05/15,28,39433650,26064100,23711100,2.00,0.01,0.01,12.80,12.80,12.80,12.80,2.90,0.01,0.01,,2.07,,,,,,2.07,0.05,0.01,12.80,12.79,12.80,12.79,2.90,0.02,0.01,,9162950,2177950,2165350,1988450,,2.07,0.01,0.02,12.80,12.79,12.77,12.80,2.92,0.02,0.01
2026/05/15,29,38618100,26706300,23373250,4.44,0.01,0.01,15.93,15.00,15.00,15.00,3.00,0.01,0.01,,4.46,,,,,,4.46,0.36,0.01,15.92,14.96,14.99,14.95,3.01,0.01,0.01,,9165300,2257700,2069700,1814800,,4.46,0.09,0.07,15.91,14.98,14.80,15.00,3.07,0.01,0.01
2026/05/15,30,37731050,26559850,23456200,8.00,1.00,1.00,15.84,15.84,15.84,15.84,9.00,1.00,0.01,,7.98,,,,,,7.98,1.40,0.99,15.84,15.76,15.84,15.82,9.03,1.00,0.01,,9911400,2970650,2003900,1828400,,7.98,1.08,1.07,15.83,15.82,15.70,15.84,9.12,1.00,0.01
2026/05/15,31,36272250,27245050,23656200,10.00,3.00,3.00,16.60,16.60,16.28,16.28,6.00,0.04,0.01,,10.06,,,,,,10.06,3.45,3.01,16.59,16.54,16.27,16.11,6.05,0.04,0.01,,10463100,3440600,2188200,1685700,,10.06,3.01,3.09,16.52,16.54,16.25,16.28,6.20,0.04,0.01
2026/05/15,32,34520450,27120950,22735000,14.27,7.32,7.32,16.75,16.75,16.75,16.75,7.58,0.04,0.01,,14.26,,,,,,14.26,7.45,7.33,16.74,16.70,16.75,16.69,7.63,0.04,0.01,,10493150,3423650,2246400,1593600,,14.26,7.32,7.35,16.72,16.70,16.74,16.75,8.06,0.04,0.01
2026/05/15,33,32828700,27809900,22282050,13.60,11.24,11.24,16.67,16.67,16.67,16.67,7.59,0.01,0.03,,13.67,,,,,,13.67,11.34,11.25,16.70,16.68,16.67,16.65,7.60,0.01,0.03,,9975350,3455600,1869600,1159350,,13.67,11.28,11.26,16.70,16.67,16.66,16.70,8.27,0.01,0.03
2026/05/15,34,31074700,27999850,21065000,16.83,16.85,16.85,18.14,18.14,18.14,18.14,13.00,0.01,9.31,,16.92,,,,,,16.92,16.87,16.86,18.28,18.18,18.14,18.14,13.05,0.01,9.32,,9651050,3415850,1413600,888150,,16.92,16.86,16.86,18.19,18.17,18.13,18.28,13.71,0.01,9.31
2026/05/15,35,29743300,27189750,20330650,17.50,18.86,18.86,18.86,18.86,18.86,18.86,18.13,0.01,9.78,,17.51,,,,,,17.51,18.87,18.86,18.87,18.87,18.86,18.86,18.13,0.01,9.79,,9585850,3516900,1052750,685450,,17.51,18.86,18.86,18.88,18.86,18.86,18.86,18.16,0.01,9.78
2026/05/15,36,28611450,27643150,20371000,20.20,23.36,23.36,23.36,23.36,23.36,23.36,21.00,0.01,16.68,,20.19,,,,,,20.19,23.33,23.33,23.35,23.32,23.33,23.35,20.86,0.01,16.58,,9411050,3657900,1085400,674650,,20.19,23.30,23.36,23.31,23.35,23.35,23.36,20.92,0.01,16.62
2026/05/15,37,27394500,28107850,20280400,24.50,25.00,25.00,25.00,25.12,25.12,25.12,25.12,0.02,19.40,,24.42,,,,,,24.42,24.82,24.90,24.91,25.03,25.09,25.08,24.90,0.02,19.42,,9283150,3659200,1101150,670600,,24.42,24.99,25.00,24.92,25.00,24.51,25.12,24.88,0.02,19.38
2026/05/15,38,26694000,28433500,20036350,29.50,28.41,28.41,28.41,28.41,28.41,28.41,28.41,2.90,28.41,,29.18,,,,,,29.18,28.35,28.21,28.33,28.23,28.34,27.86,27.31,2.90,27.66,,9131650,3541700,1199950,669350,,29.18,28.37,28.40,28.33,28.18,26.00,28.41,27.57,2.90,27.95
2026/05/15,39,26888900,28225850,20053850,28.41,28.41,28.41,28.41,28.41,28.41,28.41,28.41,2.90,28.41,,28.17,,,,,,28.17,27.88,28.11,28.25,28.14,28.34,28.28,27.56,2.90,27.72,,9354550,3573600,1199400,667950,,28.17,28.38,28.40,28.29,27.86,27.31,28.41,27.38,2.90,28.17
2026/05/15,40,26853800,27438650,19775450,25.50,25.00,25.00,25.00,25.00,25.00,25.00,25.00,2.00,25.00,,25.39,,,,,,25.39,24.93,24.94,24.96,24.92,24.97,24.96,24.78,2.00,24.20,,9479800,3599300,1195800,664400,,25.39,24.97,24.94,24.92,24.91,24.99,25.00,24.97,2.00,24.53
2026/05/15,41,26616350,27003850,18897100,23.00,22.00,22.00,22.00,22.00,22.00,22.00,22.00,2.00,19.40,,22.91,,,,,,22.91,21.95,21.97,21.99,21.96,21.98,21.97,21.88,2.00,18.99,,9579100,3524550,1191500,657900,,22.91,22.00,21.99,21.95,21.93,21.95,22.00,22.00,2.00,19.18
2026/05/15,42,26557850,26270900,18428700,20.64,20.00,20.00,20.00,20.00,20.00,20.00,20.00,0.02,19.40,,20.60,,,,,,20.60,19.99,20.01,19.98,20.01,20.00,19.99,19.96,0.02,19.22,,9502500,3502450,1183400,651800,,20.60,19.94,20.04,19.94,20.06,19.99,20.00,20.00,0.02,19.30
2026/05/15,43,26100350,25679150,18020500,20.00,20.00,20.00,20.00,20.00,20.00,20.00,20.00,0.02,19.40,,19.96,,,,,,19.96,19.99,20.00,19.97,20.01,20.00,19.99,19.95,0.02,19.04,,9455700,3400350,1178550,645800,,19.96,20.03,20.01,19.94,20.04,20.00,20.00,20.00,0.02,19.21
2026/05/15,44,26005800,25395300,17690850,19.50,19.35,19.35,19.35,19.35,19.35,19.35,19.35,0.02,18.40,,19.48,,,,,,19.48,19.34,19.35,19.33,19.41,19.35,19.35,19.28,0.02,18.16,,9302800,3272250,1566400,642100,,19.48,19.38,19.43,19.30,19.39,19.35,19.35,19.35,0.02,18.28
2026/05/15,45,26414600,25602350,18500350,20.00,20.23,20.23,20.23,20.23,18.40,18.40,18.40,0.02,18.40,,19.96,,,,,,19.96,20.22,20.22,20.23,20.24,18.40,18.32,18.27,0.02,18.24,,9399600,3559250,1563400,647350,,19.96,20.19,20.24,20.23,20.23,18.40,18.40,18.39,0.02,18.11
2026/05/15,46,26448300,24879500,18885750,24.08,20.12,20.12,25.29,25.29,18.40,18.40,18.40,0.02,18.40,,24.01,,,,,,24.01,20.11,20.10,25.24,25.20,18.40,18.38,18.38,0.02,18.23,,9468600,3468650,1461050,645000,,24.01,20.05,20.12,25.23,25.15,18.38,18.40,18.39,0.02,18.28
2026/05/15,47,25881900,24464000,18743050,24.08,20.34,20.34,25.46,25.46,18.40,18.40,18.40,0.02,18.40,,23.95,,,,,,23.95,20.21,20.32,25.41,25.35,18.39,18.31,18.16,0.02,18.20,,9145150,3600500,1359250,643200,,23.95,20.20,20.34,25.40,25.29,18.30,18.40,18.39,0.02,18.08
2026/05/15,48,25492900,23167250,17990300,19.57,19.57,19.57,20.75,20.75,16.82,16.82,16.82,0.01,16.82,,19.57,,,,,,19.57,19.51,19.51,20.76,20.85,16.82,16.79,16.78,0.01,16.74,,8699950,3300000,745650,521100,,19.57,19.51,19.55,20.77,20.89,16.76,16.82,16.81,0.01,16.75
2026/05/16,1,22896200,21502550,17227600,17.06,17.47,17.47,17.47,17.47,16.25,16.25,16.25,6.78,13.73,,17.12,,,,,,17.12,17.48,17.47,17.47,17.81,16.25,16.24,16.21,6.64,13.69,,5906850,2084750,597950,352150,,17.12,17.55,17.65,17.59,17.54,16.19,16.25,16.25,6.72,13.71
2026/05/16,2,23337400,21071650,16052200,18.00,20.63,20.63,23.52,23.52,14.25,14.25,14.25,14.25,13.49,,18.54,,,,,,18.54,20.63,20.63,23.52,25.05,14.25,14.24,14.25,14.25,13.46,,8104050,2169500,596300,350500,,18.54,20.63,20.63,24.68,23.60,14.21,14.25,14.25,14.25,13.48
2026/05/16,3,23583850,20710850,15349100,17.16,20.44,20.44,22.00,22.00,14.25,14.25,14.25,14.25,11.77,,17.58,,,,,,17.58,20.44,20.44,22.00,23.19,14.25,14.22,14.14,14.25,11.77,,8841650,2195950,959900,350650,,17.58,20.44,20.44,22.88,22.12,14.14,14.25,14.25,14.15,11.77
2026/05/16,4,23614050,20611200,15127000,16.99,22.33,22.33,23.97,23.97,14.25,14.25,14.25,14.25,11.77,,17.66,,,,,,17.66,22.33,22.33,23.97,25.93,14.25,14.20,14.17,14.16,11.77,,8977400,2182850,1057150,349850,,17.66,22.33,22.33,25.40,24.07,14.11,14.25,14.25,14.11,11.77
2026/05/16,5,23678000,20642750,15079400,17.00,20.01,20.01,20.01,20.01,14.34,14.34,14.34,14.34,11.77,,17.56,,,,,,17.56,20.04,20.01,20.01,22.07,14.34,14.33,14.22,14.26,11.77,,8907200,2095400,1156950,349350,,17.56,20.04,20.03,21.51,20.21,14.32,14.34,14.34,14.17,11.77
2026/05/16,6,23552550,21105250,15163150,17.52,16.04,16.04,20.08,20.08,16.75,16.75,16.75,16.75,13.59,,17.98,,,,,,17.98,16.05,16.04,20.08,21.80,16.75,16.74,16.68,16.74,13.52,,8729050,1939350,1256950,350200,,17.98,16.04,16.04,21.33,20.31,16.75,16.75,16.75,16.63,13.56
2026/05/16,7,23870550,21144450,15311800,17.77,16.04,16.04,20.06,20.06,16.75,16.75,16.75,16.75,14.33,,18.21,,,,,,18.21,16.04,16.04,20.06,21.79,16.75,16.72,16.60,16.74,14.21,,8730000,1913900,983850,341600,,18.21,16.04,16.04,21.32,20.28,16.75,16.75,16.75,16.46,14.27
2026/05/16,8,23834600,21528250,15528550,20.00,16.04,16.04,30.01,30.01,17.34,17.34,17.34,17.34,15.79,,20.30,,,,,,20.30,16.04,16.04,29.99,30.08,17.34,17.33,17.14,17.16,15.56,,8755400,1895350,983450,341750,,20.30,16.04,16.04,30.03,30.01,17.33,17.34,17.34,17.05,15.68
2026/05/16,9,23808300,21646900,15705950,22.00,16.02,16.02,35.00,35.00,19.00,19.00,19.00,19.00,15.79,,22.33,,,,,,22.33,16.02,16.02,34.88,34.89,18.99,18.98,18.89,18.81,15.52,,8782000,1888200,862550,349200,,22.33,16.02,16.02,34.76,35.00,19.00,19.00,19.00,18.74,15.65
2026/05/16,10,23748250,21791650,15740550,22.49,16.02,16.02,35.83,35.83,20.00,20.00,20.00,20.00,20.00,,22.75,,,,,,22.75,16.03,16.02,35.64,35.66,19.99,19.97,19.93,19.89,19.63,,8787250,1871000,873250,359900,,22.75,16.03,16.02,35.46,35.82,20.00,20.00,20.00,19.81,19.80
2026/05/16,11,23009800,20539700,14823100,18.09,15.55,15.55,23.03,23.03,18.96,18.96,18.96,18.96,18.96,,18.19,,,,,,18.19,15.55,15.55,23.05,23.25,18.95,18.87,18.74,18.65,18.49,,8771000,1854400,921450,425950,,18.19,15.55,15.55,23.17,23.14,18.96,18.96,18.96,18.45,18.68
2026/05/16,12,23979850,19685300,14800450,16.24,10.00,10.00,17.32,17.32,15.89,15.89,15.89,15.89,14.96,,16.21,,,,,,16.21,10.01,10.00,17.31,17.32,15.89,15.78,15.84,15.89,14.84,,9100900,1880700,1011850,710850,,16.21,10.01,10.00,17.33,17.25,15.86,15.89,15.89,15.60,14.89
2026/05/16,13,25639500,18531000,14807500,14.65,9.92,7.78,14.95,14.95,14.15,14.15,14.15,14.15,11.77,,14.62,,,,,,14.62,9.93,7.78,14.95,14.95,14.15,14.05,14.03,14.14,11.75,,9613000,1520800,1278750,1078750,,14.62,9.93,7.78,14.97,14.91,14.11,14.05,14.10,14.06,11.76
2026/05/16,14,27697600,17614350,15799400,9.31,2.90,0.50,10.63,10.63,10.00,10.00,10.00,10.00,9.56,,9.35,,,,,,9.35,2.89,0.50,10.69,10.69,10.00,10.00,9.99,10.00,9.56,,10156150,1362950,1795400,1695400,,9.35,2.89,0.50,10.70,10.78,10.00,10.00,10.00,10.00,9.56
2026/05/16,15,30989500,17515100,17063250,1.59,0.01,0.01,3.01,3.01,3.01,3.01,3.01,3.01,0.01,,1.79,,,,,,1.79,0.15,0.01,3.38,3.05,3.01,3.01,3.05,3.01,0.01,,10728350,1206850,2202850,2202850,,1.79,0.14,0.02,3.09,3.22,3.54,3.24,3.34,3.50,0.01
2026/05/16,16,33414550,19015100,18161650,1.00,0.01,0.01,11.59,3.00,3.00,3.00,3.00,2.05,0.01,,1.09,,,,,,1.09,0.14,0.01,11.49,3.03,3.00,3.00,3.07,2.05,0.01,,11260400,1141150,2441700,2441700,,1.09,0.15,0.01,11.57,3.15,3.07,3.09,3.04,2.05,0.01
2026/05/16,17,35535650,19645000,18787750,0.05,0.01,0.01,10.50,8.00,8.00,8.00,8.00,0.01,0.01,,0.16,,,,,,0.16,0.04,0.01,10.49,8.02,8.00,8.00,8.00,0.01,0.01,,11326800,825650,3495500,3495500,,0.16,0.03,0.01,10.48,8.00,8.01,8.00,8.02,0.01,0.01
2026/05/16,18,37380650,20010700,19451200,0.01,0.01,0.01,3.00,3.00,3.00,3.00,3.00,0.01,0.01,,0.25,,,,,,0.25,0.03,0.01,3.35,3.02,3.00,3.01,3.01,0.01,0.01,,11500000,847900,4263500,4263500,,0.25,0.02,0.01,3.22,3.07,3.97,3.11,3.25,0.01,0.01
2026/05/16,19,38873850,20732300,20187700,0.01,0.01,0.01,3.00,3.00,3.00,3.00,3.00,0.01,0.01,,0.17,,,,,,0.17,0.01,0.01,3.21,3.04,3.00,3.01,3.05,0.01,0.01,,11643300,876600,4395550,4395550,,0.17,0.01,0.01,3.11,3.07,3.88,3.14,3.05,0.01,0.01
2026/05/16,20,40116600,20742900,20482900,0.01,0.01,0.01,1.00,1.00,1.00,1.01,1.01,0.01,0.01,,0.14,,,,,,0.14,0.02,0.01,1.23,1.04,1.00,1.06,1.01,0.01,0.01,,11786200,892350,4516650,4516650,,0.14,0.01,0.01,1.10,1.15,1.16,1.21,1.30,0.01,0.01
2026/05/16,21,40930850,20445650,20406700,0.01,0.01,0.01,0.10,0.10,0.10,0.10,0.10,0.01,0.01,,0.11,,,,,,0.11,0.01,0.01,0.27,0.23,0.10,0.17,0.10,0.01,0.01,,11806800,880850,4426600,4426600,,0.11,0.01,0.01,0.25,0.21,0.26,0.26,0.25,0.01,0.01
2026/05/16,22,41491850,20133750,20133750,0.01,0.01,0.01,0.01,0.01,0.01,0.01,0.01,0.01,0.01,,0.08,,,,,,0.08,0.01,0.01,0.11,0.14,0.01,0.06,0.01,0.01,0.01,,11839550,879500,4399250,4399250,,0.08,0.01,0.01,0.06,0.11,0.22,0.14,0.15,0.01,0.01
2026/05/16,23,41737750,20488100,20488100,0.01,0.01,0.01,0.01,0.01,0.01,0.01,0.01,0.01,0.01,,0.10,,,,,,0.10,0.01,0.01,0.16,0.17,0.01,0.07,0.01,0.01,0.01,,11812600,880200,4537000,4537000,,0.10,0.01,0.01,0.11,0.12,0.24,0.15,0.22,0.01,0.01
2026/05/16,24,41842050,20416900,20416900,0.01,0.01,0.01,0.01,0.01,0.01,0.01,0.01,0.01,0.01,,0.10,,,,,,0.10,0.01,0.01,0.13,0.25,0.01,0.06,0.01,0.01,0.01,,11774250,877300,4507000,4507000,,0.10,0.01,0.01,0.10,0.11,0.23,0.15,0.22,0.01,0.01
2026/05/16,25,41871950,20100400,20100400,0.01,0.01,0.01,0.01,0.01,0.01,0.01,0.01,0.01,0.01,,0.09,,,,,,0.09,0.01,0.01,0.13,0.19,0.01,0.06,0.01,0.01,0.01,,11812500,892950,4466150,4466150,,0.09,0.01,0.01,0.14,0.11,0.14,0.11,0.11,0.01,0.01
2026/05/16,26,41584800,20289300,20278600,0.01,0.01,0.01,0.02,0.02,0.02,0.02,0.02,0.01,0.01,,0.10,,,,,,0.10,0.01,0.01,0.19,0.16,0.02,0.06,0.02,0.01,0.01,,11935950,905450,4445150,4445150,,0.10,0.01,0.01,0.23,0.09,0.13,0.11,0.08,0.01,0.01
2026/05/16,27,41029900,20632000,20417650,0.01,0.01,0.01,0.87,0.87,0.87,0.87,0.87,0.01,0.01,,0.10,,,,,,0.10,0.01,0.01,0.98,1.01,0.87,0.90,0.86,0.01,0.01,,11997800,895850,4373900,4373900,,0.10,0.01,0.01,0.95,0.96,1.03,0.97,1.00,0.01,0.01
2026/05/16,28,40201350,20505550,20193850,0.01,0.01,0.01,3.56,0.02,0.02,0.02,0.02,0.01,0.01,,0.05,,,,,,0.05,0.01,0.01,3.53,0.05,0.02,0.02,0.02,0.01,0.01,,11975600,873800,3505200,3505200,,0.05,0.01,0.01,3.50,0.05,0.06,0.07,0.02,0.01,0.01
2026/05/16,29,39294900,20047300,19595700,0.01,0.01,0.01,9.99,0.01,0.01,0.01,0.01,0.01,0.01,,0.05,,,,,,0.05,0.01,0.01,9.91,0.04,0.01,0.02,0.03,0.01,0.01,,11887500,1037150,2743950,2743950,,0.05,0.01,0.01,9.99,0.06,0.11,0.05,0.02,0.01,0.01
2026/05/16,30,37920600,20496950,19543800,0.01,0.01,0.01,14.15,0.04,0.04,0.04,0.04,0.01,0.01,,0.09,,,,,,0.09,0.03,0.01,14.14,0.20,0.04,0.18,0.04,0.01,0.01,,11649300,1015700,2516350,2516350,,0.09,0.02,0.01,14.14,0.22,0.21,0.21,0.05,0.01,0.01
2026/05/16,31,36070000,20536000,19052300,1.00,0.01,0.01,15.00,2.00,2.00,2.00,2.00,0.01,0.01,,1.15,,,,,,1.15,0.02,0.01,14.97,2.19,2.00,2.04,2.17,0.01,0.01,,11509700,1166450,2381350,2372350,,1.15,0.01,0.01,14.95,2.12,2.00,2.13,2.11,0.01,0.01
2026/05/16,32,33826050,19620300,18312350,3.00,0.10,0.10,11.59,7.49,7.49,7.49,7.49,0.01,0.01,,3.06,,,,,,3.06,0.11,0.10,11.60,7.55,7.49,7.49,7.48,0.01,0.01,,10983400,1187100,2025700,1997200,,3.06,0.10,0.10,11.61,7.49,7.66,7.49,7.50,0.01,0.01
2026/05/16,33,31886500,20067550,18066250,1.63,2.90,2.05,10.40,2.90,2.90,2.90,2.90,2.90,0.01,,1.79,,,,,,1.79,2.89,2.04,10.44,3.36,3.47,2.91,2.90,2.90,0.01,,10601850,1474400,1664700,1543700,,1.79,2.87,2.05,10.46,3.16,2.92,3.00,3.21,2.90,0.01
2026/05/16,34,29457150,20890850,17054900,8.91,9.92,7.50,14.65,10.00,10.00,10.00,10.00,7.04,9.00,,9.04,,,,,,9.04,9.95,7.51,14.65,10.42,11.23,10.01,10.00,7.08,9.01,,10138100,1532900,1336750,1114250,,9.04,9.96,7.50,14.68,10.09,10.00,10.06,10.74,7.05,9.01
2026/05/16,35,28671650,21476200,16293850,13.85,8.58,8.58,16.53,14.52,14.52,14.52,14.52,14.52,9.56,,13.88,,,,,,13.88,8.53,8.60,16.57,14.63,14.52,14.53,14.52,14.50,9.56,,10096200,1515800,1253500,835250,,13.88,8.53,8.59,16.60,14.61,14.52,14.54,14.56,14.52,9.56
2026/05/16,36,27281100,22868300,16491800,16.53,15.93,15.93,18.10,18.10,18.10,18.10,18.10,18.10,11.77,,16.54,,,,,,16.54,15.94,16.06,18.09,18.12,18.10,18.10,18.10,18.10,11.75,,9784200,1507800,1223550,691300,,16.54,15.97,15.96,18.10,18.10,18.10,18.10,18.14,18.06,11.76
2026/05/16,37,26428700,23674150,16721350,17.63,15.94,15.94,22.50,22.50,22.50,22.50,22.50,22.50,14.96,,17.66,,,,,,17.66,15.95,16.04,22.49,22.48,22.50,22.49,22.45,22.08,14.86,,9556550,1607650,1196600,697350,,17.66,15.95,15.97,22.50,22.48,22.50,22.50,22.49,22.21,14.90
2026/05/16,38,26177700,24450050,17088300,19.40,15.94,15.55,25.90,25.90,25.90,25.90,25.90,25.90,19.40,,19.51,,,,,,19.51,15.95,15.59,25.88,25.84,25.89,25.86,25.73,25.52,19.09,,9664800,1631000,1184000,694250,,19.51,15.99,15.55,25.82,25.90,25.90,25.90,25.95,25.46,19.23
2026/05/16,39,26690800,24063050,17240600,19.00,15.97,15.97,34.50,26.98,22.00,22.00,22.00,22.00,19.40,,19.27,,,,,,19.27,15.99,16.08,34.31,26.94,21.99,21.96,21.91,21.92,19.23,,10400300,2160700,1182950,661950,,19.27,16.02,16.00,33.98,27.27,22.00,22.00,22.00,21.75,19.30
2026/05/16,40,26661650,23493300,16625150,16.83,15.97,15.97,18.16,18.16,18.16,18.16,18.16,18.16,18.16,,16.85,,,,,,16.85,15.99,16.09,18.16,18.18,18.16,18.15,18.16,18.16,18.12,,10346050,2205650,1180250,659250,,16.85,16.04,16.00,18.17,18.16,18.16,18.16,18.16,18.14,18.13
2026/05/16,41,26677350,23049600,16666850,16.68,15.98,15.48,22.50,22.50,16.68,16.68,16.68,16.68,16.68,,16.65,,,,,,16.65,15.99,15.53,22.50,22.51,16.68,16.55,16.61,16.52,16.37,,10302150,2176150,1175650,653650,,16.65,16.06,15.48,22.51,22.49,16.68,16.68,16.68,16.25,16.40
2026/05/16,42,26602850,22789850,16358450,16.53,15.98,13.50,18.02,18.02,16.25,16.25,16.25,16.25,16.25,,16.49,,,,,,16.49,15.99,13.50,18.02,18.04,16.25,16.14,16.18,16.09,16.03,,10232500,2173450,1170350,648350,,16.49,15.99,13.50,18.03,18.02,16.25,16.25,16.25,15.86,16.04
2026/05/16,43,25720100,22265350,15787450,16.68,15.98,14.00,19.00,19.00,19.00,19.00,19.00,19.00,16.00,,16.68,,,,,,16.68,15.99,14.00,18.99,19.02,18.99,18.99,18.89,18.99,15.69,,9826800,1687150,1165350,643350,,16.68,15.99,14.00,19.02,19.00,19.00,19.00,19.00,18.79,15.83
2026/05/16,44,25604300,22023450,15072900,16.53,15.98,11.00,17.46,17.46,17.46,17.46,17.46,17.46,15.79,,16.49,,,,,,16.49,15.98,11.01,17.44,17.46,17.46,17.37,17.45,17.24,15.55,,9799650,1683300,1553550,640050,,16.49,15.98,11.00,17.46,17.46,17.46,17.46,17.46,16.97,15.66
2026/05/16,45,26148450,21668800,15374250,16.53,15.98,11.04,17.36,17.36,16.85,16.85,16.85,16.85,15.00,,16.49,,,,,,16.49,15.98,11.04,17.36,17.40,16.85,16.77,16.56,16.84,14.82,,10123550,1680700,1451250,644450,,16.49,15.98,11.04,17.39,17.36,16.85,16.84,16.85,16.34,14.90
2026/05/16,46,26319200,21180650,15902200,16.92,15.98,8.70,25.19,25.19,16.81,16.81,16.81,16.81,13.59,,17.00,,,,,,17.00,15.98,8.71,25.20,25.24,16.81,16.70,16.63,16.80,13.55,,10121450,1742550,1349550,642750,,17.00,15.98,8.70,25.23,25.21,16.81,16.80,16.81,16.29,13.57
2026/05/16,47,25852600,21040200,15675300,17.33,16.00,8.58,27.20,27.20,16.84,16.84,16.84,16.84,13.59,,17.48,,,,,,17.48,16.00,8.59,27.18,27.30,16.84,16.71,16.82,16.83,13.51,,9935700,1747450,1248350,640050,,17.48,16.00,8.58,27.22,27.24,16.84,16.83,16.83,16.37,13.55
2026/05/16,48,25329700,19863700,15424600,16.56,16.00,8.56,24.01,24.01,15.89,15.89,15.89,15.89,12.00,,16.56,,,,,,16.56,16.00,8.57,24.02,24.00,15.89,15.82,15.72,15.89,11.97,,9522800,1744300,635050,518250,,16.56,16.00,8.56,24.02,24.01,15.89,15.89,15.89,15.48,11.99
2026/05/17,1,22878900,19093300,15429150,16.38,17.25,17.25,17.25,17.25,14.15,14.15,14.15,14.15,13.59,,16.34,,,,,,16.34,17.25,17.25,17.26,17.25,14.15,14.10,14.03,14.14,13.55,,6731000,1488850,589800,471500,,16.34,17.28,17.25,17.25,17.26,14.12,14.15,14.14,13.91,13.57
2026/05/17,2,23399850,19045750,15022450,15.89,17.50,17.50,17.50,17.50,13.58,13.58,13.58,13.58,11.77,,15.85,,,,,,15.85,17.50,17.50,17.51,17.50,13.58,13.48,13.57,13.57,11.77,,8107850,1642200,588900,470600,,15.85,17.51,17.52,17.50,17.51,13.55,13.58,13.58,13.26,11.77
2026/05/17,3,23614050,19282000,14942550,15.98,18.22,18.22,18.22,18.22,13.58,13.58,13.58,13.58,11.77,,15.94,,,,,,15.94,18.22,18.20,18.22,18.22,13.58,13.51,13.58,13.58,11.77,,8601700,1677700,854650,605450,,15.94,18.22,18.22,18.22,18.21,13.57,13.58,13.58,13.32,11.77
2026/05/17,4,24051850,19308750,15143300,15.85,18.13,18.13,20.11,20.11,12.64,12.64,12.64,12.64,11.77,,15.80,,,,,,15.80,18.13,18.13,20.11,20.11,12.64,12.57,12.64,12.64,11.77,,8897550,1681550,859550,611500,,15.80,18.14,18.13,20.11,20.11,12.64,12.64,12.63,12.41,11.77
2026/05/17,5,24146000,18909800,14738150,15.32,17.25,17.25,17.25,17.25,13.58,13.58,13.58,13.58,11.77,,15.30,,,,,,15.30,17.25,17.26,17.25,17.25,13.58,13.53,13.58,13.58,11.77,,8919550,1650300,861000,613700,,15.30,17.26,17.25,17.25,17.25,13.56,13.58,13.58,13.41,11.77
2026/05/17,6,24149300,19319600,14881800,15.79,17.59,17.59,17.59,17.59,15.01,15.01,15.01,15.01,11.77,,15.77,,,,,,15.77,17.59,17.63,17.59,17.59,15.01,14.93,15.01,15.01,11.77,,8959350,1548550,860900,614550,,15.77,17.64,17.59,17.59,17.59,14.97,15.01,15.01,14.74,11.77
2026/05/17,7,24405300,19709750,15214550,16.27,18.00,18.00,20.03,20.03,14.25,14.25,14.25,14.25,13.59,,16.29,,,,,,16.29,18.00,18.02,20.03,20.19,14.25,14.19,14.23,14.25,13.55,,9127100,1502250,589300,474900,,16.29,18.02,18.00,20.10,20.12,14.20,14.25,14.24,14.07,13.56
2026/05/17,8,24431100,20757400,15387450,17.81,17.50,17.50,50.01,26.12,14.25,14.25,14.25,14.25,14.25,,18.32,,,,,,18.32,17.50,17.50,49.72,26.46,14.25,14.19,14.21,14.25,14.16,,9208950,1492800,590200,476250,,18.32,17.50,17.50,49.54,26.22,14.18,14.25,14.25,14.07,14.20
2026/05/17,9,24568400,19812200,15381200,16.56,17.20,17.20,23.11,23.11,14.05,14.05,14.05,14.05,14.05,,16.63,,,,,,16.63,17.22,17.20,23.11,23.37,14.05,13.99,14.05,14.05,13.97,,9225750,1497000,471150,357050,,16.63,17.22,17.20,23.25,23.21,14.03,14.05,14.05,13.89,13.98
2026/05/17,10,24536950,19834200,15241700,16.36,17.50,17.50,20.00,20.00,14.96,14.96,14.96,14.96,14.96,,16.30,,,,,,16.30,17.50,17.50,20.00,20.00,14.96,14.80,14.96,14.96,14.91,,9161000,1470400,490650,366950,,16.30,17.50,17.50,20.00,19.99,14.91,14.96,14.96,14.63,14.82
2026/05/17,11,24121900,19332900,14599950,16.01,15.55,15.55,18.00,18.00,14.15,14.15,14.15,14.15,14.15,,15.94,,,,,,15.94,15.56,15.55,18.00,18.00,14.15,13.98,14.15,14.15,14.07,,9202450,1453400,666400,432900,,15.94,15.55,15.55,18.00,18.00,14.15,14.15,14.15,13.88,13.98
2026/05/17,12,24888700,19472000,15293800,15.36,15.55,15.55,20.01,20.01,12.38,12.38,12.38,12.38,12.38,,15.34,,,,,,15.34,15.55,15.55,20.01,20.01,12.38,12.37,12.37,12.38,12.38,,9380700,1508300,835100,649600,,15.34,15.55,15.55,20.01,20.00,12.38,12.38,12.38,12.36,12.36
2026/05/17,13,26366400,16970200,14268850,10.99,8.39,8.39,12.92,12.92,9.31,9.31,9.31,9.31,9.31,,10.98,,,,,,10.98,8.39,8.41,12.91,12.90,9.31,9.31,9.32,9.31,9.31,,9971800,1220050,1197300,1026800,,10.98,8.39,8.40,12.89,12.91,9.31,9.32,9.30,9.31,9.31
2026/05/17,14,28805950,16654850,15546650,6.90,2.90,2.90,8.00,8.00,8.00,8.00,8.00,8.00,8.00,,6.91,,,,,,6.91,2.91,2.90,8.02,8.00,8.00,8.00,7.94,8.00,7.99,,10626500,1279200,1914500,1805500,,6.91,2.91,2.90,7.99,8.01,8.07,8.00,8.00,8.00,8.00
2026/05/17,15,32248900,16181300,16148500,0.01,2.90,0.01,0.01,0.01,0.01,0.01,0.01,0.01,0.01,,0.02,,,,,,0.02,2.90,0.01,0.02,0.02,0.01,0.01,0.01,0.01,0.01,,11091400,1292950,2382950,2360950,,0.02,2.85,0.02,0.01,0.01,0.01,0.01,0.01,0.05,0.01
2026/05/17,16,33916700,17632550,17238700,0.01,0.01,0.01,8.50,0.01,0.01,0.01,0.01,0.01,0.01,,0.02,,,,,,0.02,0.01,0.01,8.50,0.01,0.01,0.01,0.01,0.01,0.01,,11274150,1177100,2746700,2746200,,0.02,0.01,0.01,8.50,0.01,0.01,0.01,0.01,0.01,0.01
2026/05/17,17,35771550,17770150,17590850,0.01,0.01,0.01,2.81,0.01,0.01,0.01,0.01,0.01,0.01,,0.02,,,,,,0.02,0.01,0.01,2.80,0.01,0.01,0.01,0.01,0.01,0.01,,11300350,1070800,3473950,3473950,,0.02,0.01,0.01,2.79,0.01,0.01,0.01,0.01,0.01,0.01
2026/05/17,18,37680050,18435400,18435400,0.01,0.01,0.01,0.01,0.01,0.01,0.01,0.01,0.01,0.01,,0.01,,,,,,0.01,0.01,0.01,0.01,0.01,0.01,0.01,0.01,0.01,0.01,,11435450,1019600,3997250,3997250,,0.01,0.01,0.01,0.01,0.01,0.01,0.01,0.01,0.01,0.01
2026/05/17,19,39140200,18935850,18935850,0.01,0.01,0.01,0.01,0.01,0.01,0.01,0.01,0.01,0.01,,0.01,,,,,,0.01,0.01,0.01,0.01,0.01,0.01,0.01,0.01,0.01,0.01,,11429650,1005800,4106450,4106450,,0.01,0.01,0.01,0.01,0.01,0.01,0.01,0.01,0.01,0.01
2026/05/17,20,40421550,18940850,18940850,0.01,0.01,0.01,0.01,0.01,0.01,0.01,0.01,0.01,0.01,,0.01,,,,,,0.01,0.01,0.01,0.01,0.01,0.01,0.01,0.01,0.01,0.01,,11507100,1011050,4064050,4064050,,0.01,0.01,0.01,0.01,0.01,0.01,0.01,0.01,0.01,0.01
2026/05/17,21,41362450,18806500,18806500,0.01,0.01,0.01,0.01,0.01,0.01,0.01,0.01,0.01,0.01,,0.01,,,,,,0.01,0.01,0.01,0.01,0.01,0.01,0.01,0.01,0.01,0.01,,11591600,1036050,3953050,3953050,,0.01,0.01,0.01,0.01,0.01,0.01,0.01,0.01,0.01,0.01
2026/05/17,22,41986400,18584450,18584450,0.01,0.01,0.01,0.01,0.01,0.01,0.01,0.01,0.01,0.01,,0.01,,,,,,0.01,0.01,0.01,0.01,0.01,0.01,0.01,0.01,0.01,0.01,,11699050,1048950,3913650,3913650,,0.01,0.01,0.01,0.01,0.01,0.01,0.01,0.01,0.01,0.01
2026/05/17,23,42095650,18905350,18905350,0.01,0.01,0.01,0.01,0.01,0.01,0.01,0.01,0.01,0.01,,0.01,,,,,,0.01,0.01,0.01,0.01,0.01,0.01,0.01,0.01,0.01,0.01,,11704100,1052650,3938150,3938150,,0.01,0.01,0.01,0.01,0.01,0.01,0.01,0.01,0.01,0.01
2026/05/17,24,42059700,18949450,18949450,0.01,0.01,0.01,0.01,0.01,0.01,0.01,0.01,0.01,0.01,,0.01,,,,,,0.01,0.01,0.01,0.01,0.01,0.01,0.01,0.01,0.01,0.01,,11638300,1039200,3959400,3959400,,0.01,0.01,0.01,0.01,0.01,0.01,0.01,0.01,0.01,0.01
2026/05/17,25,41827750,19346000,19346000,0.01,0.01,0.01,0.01,0.01,0.01,0.01,0.01,0.01,0.01,,0.01,,,,,,0.01,0.01,0.01,0.01,0.01,0.01,0.01,0.01,0.01,0.01,,11610550,1039050,3984950,3984950,,0.01,0.01,0.01,0.01,0.01,0.01,0.01,0.01,0.01,0.01
2026/05/17,26,41579050,19458900,19458900,0.01,0.01,0.01,0.01,0.01,0.01,0.01,0.01,0.01,0.01,,0.01,,,,,,0.01,0.01,0.01,0.01,0.01,0.01,0.01,0.01,0.01,0.01,,11608700,1044000,3941150,3941150,,0.01,0.01,0.01,0.01,0.01,0.01,0.01,0.01,0.01,0.01
2026/05/17,27,41242600,19524300,19462200,0.01,0.01,0.01,0.10,0.01,0.01,0.01,0.01,0.01,0.01,,0.01,,,,,,0.01,0.01,0.01,0.10,0.01,0.01,0.01,0.01,0.01,0.01,,11669500,1035450,3960600,3960600,,0.01,0.01,0.01,0.10,0.01,0.01,0.01,0.01,0.01,0.01
2026/05/17,28,40357700,19126550,18862450,0.01,0.01,0.01,3.50,0.01,0.01,0.01,0.01,0.01,0.01,,0.03,,,,,,0.03,0.01,0.01,3.49,0.01,0.01,0.01,0.01,0.01,0.01,,11728700,1031200,3500700,3500700,,0.03,0.01,0.01,3.49,0.01,0.01,0.01,0.01,0.01,0.01
2026/05/17,29,39445450,18566200,18336500,0.01,0.01,0.01,1.06,0.01,0.01,0.01,0.01,0.01,0.01,,0.04,,,,,,0.04,0.01,0.01,1.10,0.01,0.01,0.01,0.01,0.01,0.01,,11699500,1200400,3142100,3054600,,0.04,0.01,0.01,1.12,0.01,0.01,0.01,0.01,0.01,0.01
2026/05/17,30,38024750,19404100,18701900,0.01,0.01,0.01,12.11,0.01,0.01,0.01,0.01,0.01,0.01,,0.04,,,,,,0.04,0.01,0.01,12.11,0.01,0.01,0.01,0.01,0.01,0.01,,11510300,1172700,3251400,3163900,,0.04,0.01,0.01,12.11,0.01,0.01,0.01,0.01,0.01,0.01
2026/05/17,31,36307000,19653100,18387750,0.01,1.00,1.00,15.77,0.01,0.01,0.01,0.01,0.01,0.01,,0.10,,,,,,0.10,1.00,1.00,15.74,0.02,0.01,0.01,0.01,0.01,0.01,,11125350,1264100,2967200,2870200,,0.10,1.00,1.00,15.72,0.01,0.01,0.01,0.01,0.01,0.01
2026/05/17,32,34132000,18716250,17691300,0.04,3.00,3.00,12.11,0.01,0.01,0.01,0.01,0.01,0.01,,0.11,,,,,,0.11,3.00,3.00,12.11,0.19,0.01,0.16,0.01,0.01,0.01,,10734650,1387500,2613550,2497050,,0.11,3.00,3.00,12.11,0.16,0.14,0.15,0.17,0.01,0.01
2026/05/17,33,32353550,18591850,17519150,0.10,3.00,1.79,1.79,0.01,0.01,0.01,0.01,0.01,0.01,,0.30,,,,,,0.30,3.00,1.79,2.02,0.34,0.01,0.17,0.10,0.01,0.01,,10369300,1532150,1930150,1808650,,0.30,3.06,2.02,1.98,0.25,0.08,0.14,0.31,0.08,0.01
2026/05/17,34,29821250,20295050,17192650,8.00,10.81,10.81,10.81,10.37,7.80,7.80,7.80,7.01,0.01,,8.05,,,,,,8.05,10.82,10.81,10.81,10.56,7.80,7.80,7.80,7.06,0.01,,10072800,1592750,1444450,1158950,,8.05,10.81,10.82,10.84,10.55,7.80,7.80,7.80,7.01,0.01
2026/05/17,35,28150850,20649050,16232500,12.75,14.71,14.71,14.71,11.93,11.89,11.89,11.89,11.89,9.31,,12.80,,,,,,12.80,14.71,14.71,14.76,12.03,11.89,11.89,11.89,11.89,9.31,,10231600,1678550,1213900,874550,,12.80,14.92,14.73,14.75,12.05,11.89,11.89,11.88,11.91,9.31
2026/05/17,36,26752200,21481000,15698400,15.98,15.98,15.98,16.36,16.36,16.36,16.36,16.36,16.36,11.00,,15.95,,,,,,15.95,15.98,15.96,16.36,16.35,16.36,16.32,16.28,16.32,10.90,,9930650,1617850,1112050,658700,,15.95,15.97,15.98,16.36,16.37,16.36,16.36,16.34,16.13,10.94
2026/05/17,37,26254200,23085250,16184350,16.56,17.51,17.51,17.51,17.51,17.51,17.51,17.51,17.51,11.77,,16.57,,,,,,16.57,17.47,17.31,17.51,17.51,17.51,17.50,17.51,17.49,11.91,,9452500,1861400,985900,654100,,16.57,17.52,17.51,17.52,17.52,17.51,17.51,17.50,17.26,11.84
2026/05/17,38,25891200,24153750,16548250,17.30,19.50,19.50,20.00,20.00,20.00,20.00,20.00,20.00,14.96,,17.39,,,,,,17.39,19.50,19.41,20.07,20.00,20.00,19.99,19.98,19.99,14.86,,9335300,1892550,875150,652850,,17.39,19.52,19.50,20.00,20.02,20.00,20.00,20.34,19.76,14.91
2026/05/17,39,26051300,24253200,16508000,17.25,19.00,19.00,19.00,19.00,19.00,19.00,19.00,19.00,13.59,,17.26,,,,,,17.26,18.88,18.78,19.01,19.00,19.00,18.99,18.90,18.99,13.56,,9435300,1950800,874500,652200,,17.26,19.01,19.00,19.01,19.00,19.00,19.00,19.00,18.65,13.57
2026/05/17,40,26246850,23681700,16401750,16.85,18.87,18.87,18.87,18.87,18.87,18.87,18.87,18.87,13.01,,16.87,,,,,,16.87,18.73,18.66,18.87,18.88,18.87,18.86,18.78,18.86,12.98,,9675400,1980750,772250,649950,,16.87,18.88,18.87,18.87,18.87,18.87,18.87,18.86,18.54,12.99
2026/05/17,41,26055000,22906900,15888250,16.17,16.82,16.82,16.82,16.82,16.82,16.82,16.82,16.82,11.77,,16.16,,,,,,16.16,16.68,16.77,16.83,16.83,16.82,16.77,16.78,16.81,11.74,,9495850,2026950,769750,644950,,16.16,17.01,16.84,16.82,16.83,16.82,16.82,16.81,16.45,11.75
2026/05/17,42,26059900,22627500,15837350,15.95,16.56,16.56,16.56,16.56,16.56,16.56,16.56,16.56,11.77,,15.96,,,,,,15.96,16.44,16.56,16.60,16.57,16.56,16.55,16.54,16.56,11.73,,9475450,1971850,764700,639900,,15.96,16.74,16.62,16.56,16.56,16.56,16.56,16.55,16.46,11.75
2026/05/17,43,25908250,22479650,15662250,15.92,16.42,16.42,16.42,16.42,16.42,16.42,16.42,16.42,11.77,,15.92,,,,,,15.92,16.32,16.42,16.43,16.42,16.42,16.41,16.42,16.42,11.74,,9586400,2022250,759400,634600,,15.92,16.47,16.42,16.42,16.44,16.42,16.42,16.41,16.34,11.75
2026/05/17,44,25906050,21656800,15342900,15.79,16.44,16.44,16.44,16.44,16.44,16.44,16.44,16.44,11.77,,15.77,,,,,,15.77,16.43,16.43,16.44,16.44,16.44,16.35,16.39,16.31,11.74,,9715300,2125400,1165150,692850,,15.77,16.46,16.44,16.45,16.47,16.44,16.44,16.43,16.00,11.75
2026/05/17,45,25879350,20694200,15084250,15.66,16.36,16.36,16.36,16.36,16.36,16.36,16.36,16.36,11.77,,15.65,,,,,,15.65,16.22,16.33,16.36,16.36,16.36,16.32,16.35,16.36,11.73,,9798050,2179150,1163700,698900,,15.65,16.41,16.36,16.36,16.35,16.36,16.36,16.35,16.14,11.75
2026/05/17,46,25905900,21691450,16558900,17.04,19.25,19.25,50.00,19.31,16.25,16.25,16.25,16.25,11.77,,17.63,,,,,,17.63,19.42,19.24,49.58,19.30,16.25,16.16,16.20,16.24,11.70,,9701350,2239200,1161250,696450,,17.63,19.22,19.26,49.41,19.30,16.25,16.25,16.25,15.97,11.73
2026/05/17,47,25284250,21485150,16448550,16.95,18.50,18.50,35.83,25.31,16.25,16.25,16.25,16.25,9.78,,17.15,,,,,,17.15,18.55,18.49,35.71,25.32,16.25,16.19,16.21,16.25,9.78,,9353400,2281600,1159750,694950,,17.15,18.63,18.50,35.67,25.32,16.25,16.25,16.24,16.04,9.78
2026/05/17,48,24567400,20358550,16167500,16.36,20.68,20.68,20.68,20.68,13.58,13.58,13.58,13.58,9.78,,16.36,,,,,,16.36,20.67,20.66,20.67,20.68,13.58,13.54,13.57,13.57,9.78,,8707500,2339850,629300,512000,,16.36,20.65,20.67,20.68,20.67,13.58,13.58,13.57,13.45,9.78
2026/05/18,1,22721000,18858550,15420300,15.48,16.82,16.82,16.82,16.34,11.50,11.50,11.50,11.50,9.78,,15.48,,,,,,15.48,16.82,16.82,16.82,16.33,11.50,11.50,11.50,11.50,9.78,,6162550,1876000,602500,486450,,15.48,16.82,16.80,16.82,16.34,11.50,11.50,11.50,11.50,9.78
2026/05/18,2,23694700,18183350,15062550,14.51,16.38,16.38,16.38,16.38,9.49,9.49,9.49,9.49,9.49,,14.50,,,,,,14.50,16.36,16.38,16.38,16.38,9.49,9.49,9.49,9.49,9.49,,7887700,2006900,601600,485550,,14.50,16.38,16.38,16.38,16.38,9.49,9.49,9.49,9.49,9.49
2026/05/18,3,24202650,18829000,15165200,14.77,16.81,16.81,16.81,16.81,9.78,9.78,9.78,9.78,9.78,,14.77,,,,,,14.77,16.68,16.81,16.81,16.81,9.78,9.78,9.78,9.78,9.78,,8508250,2075750,848150,732600,,14.77,16.81,16.81,16.79,16.81,9.78,9.78,9.78,9.78,9.78
2026/05/18,4,24618000,18313900,15026650,12.62,16.56,16.56,16.56,16.56,9.55,9.55,9.55,9.55,9.49,,12.63,,,,,,12.63,16.43,16.56,16.56,16.56,9.55,9.55,9.53,9.55,9.49,,8886650,2093800,848450,732900,,12.63,16.56,16.56,16.55,16.56,9.55,9.54,9.55,9.55,9.49
2026/05/18,5,24775100,18344550,15241300,12.62,16.36,16.36,16.36,16.36,9.78,9.78,9.78,9.78,9.78,,12.62,,,,,,12.62,16.36,16.36,16.36,16.36,9.78,9.80,9.78,9.78,9.78,,8979850,2148200,861300,746350,,12.62,16.36,16.36,16.36,16.36,9.78,9.79,9.80,9.78,9.79
2026/05/18,6,24690250,19805750,15508650,15.74,17.47,17.47,17.47,17.47,14.15,14.15,14.15,14.15,9.78,,15.73,,,,,,15.73,17.16,17.44,17.47,17.47,14.15,14.15,14.14,14.15,9.77,,8881300,2094450,866650,752450,,15.73,17.46,17.47,17.43,17.46,14.15,14.13,14.15,14.15,9.78
2026/05/18,7,25160150,19468950,15790750,15.55,16.85,16.85,16.85,16.58,13.85,13.85,13.85,13.85,9.78,,15.55,,,,,,15.55,16.85,16.83,16.85,16.58,13.85,13.84,13.85,13.85,9.78,,8807150,2072700,601650,488550,,15.55,16.85,16.85,16.84,16.58,13.85,13.83,13.85,13.85,9.78
2026/05/18,8,25994800,19937000,16291750,15.19,16.85,16.85,16.85,15.39,14.25,14.25,14.25,14.25,9.78,,15.19,,,,,,15.19,16.85,16.74,16.85,15.39,14.25,14.25,14.25,14.25,9.78,,8657450,2004300,601000,488250,,15.19,16.85,16.85,16.82,15.39,14.25,14.25,14.25,14.25,9.78
2026/05/18,9,26103950,20181350,16491050,15.39,16.88,16.88,16.88,15.95,13.58,13.58,13.58,13.58,9.78,,15.39,,,,,,15.39,16.88,16.88,16.88,15.94,13.58,13.57,13.58,13.58,9.78,,8682050,2079350,478600,367600,,15.39,16.88,16.88,16.88,15.94,13.58,13.57,13.58,13.58,9.78
2026/05/18,10,25765100,20562800,16373650,15.86,17.26,17.26,17.26,17.26,13.49,13.49,13.49,13.49,9.78,,15.86,,,,,,15.86,17.26,17.26,17.26,17.27,13.49,13.49,13.49,13.49,9.78,,8721450,2075850,573550,361900,,15.86,17.26,17.26,17.27,17.26,13.49,13.48,13.49,13.49,9.78
2026/05/18,11,25870250,20914850,16466450,15.97,17.27,17.27,17.27,17.27,13.85,13.85,13.85,13.85,9.78,,15.97,,,,,,15.97,17.27,17.26,17.27,17.26,13.85,13.85,13.85,13.85,9.78,,8826650,2097700,611450,400900,,15.97,17.27,17.26,17.27,17.26,13.85,13.85,13.85,13.85,9.78
2026/05/18,12,26094500,20613550,16605600,15.36,16.99,16.99,16.99,16.99,11.86,11.86,11.86,11.86,9.78,,15.36,,,,,,15.36,16.99,16.97,16.99,16.98,11.86,11.86,11.86,11.86,9.78,,9171950,2181050,671550,461000,,15.36,16.99,16.96,16.99,16.99,11.86,11.86,11.86,11.86,9.78
2026/05/18,13,27341800,20582450,16768850,14.65,15.96,15.55,16.56,16.56,13.58,13.58,13.58,13.58,9.78,,14.63,,,,,,14.63,15.96,15.50,16.56,16.55,13.58,13.55,13.48,13.58,9.78,,9713550,2011300,1094550,903550,,14.63,15.96,15.53,16.56,16.54,13.58,13.50,13.57,13.58,9.78
2026/05/18,14,29201450,20202800,17272800,9.78,9.92,8.62,15.69,15.14,8.93,8.93,8.93,8.93,8.93,,9.78,,,,,,9.78,9.92,8.62,15.69,15.13,8.93,8.93,8.89,8.71,8.93,,10425500,2153000,1523700,1521700,,9.78,9.92,8.62,15.69,15.13,8.93,8.92,8.93,8.83,8.93
2026/05/18,15,31687250,20669250,18468750,7.32,7.32,7.32,15.00,12.62,7.08,7.08,7.08,7.08,0.01,,7.32,,,,,,7.32,7.33,7.32,15.00,12.59,7.08,7.08,7.08,7.06,0.01,,10851700,2215400,1778000,1662000,,7.32,7.32,7.32,15.00,12.57,7.08,7.08,7.08,7.08,0.01
2026/05/18,16,34254550,21901400,19976500,3.00,3.50,3.00,15.52,11.69,2.90,2.90,2.90,2.90,0.01,,3.03,,,,,,3.03,3.56,3.00,15.52,11.72,2.90,2.93,2.89,2.90,0.01,,11092600,2225900,1899200,1783200,,3.03,3.57,3.00,15.52,11.69,2.88,2.93,2.90,2.92,0.01
2026/05/18,17,35918850,23100250,21394000,5.00,3.00,2.00,14.77,11.07,3.00,3.00,2.05,2.05,0.01,,5.00,,,,,,5.00,3.02,2.00,14.77,11.06,3.00,3.00,2.27,2.05,0.01,,11290400,2313000,2150400,1919900,,5.00,3.02,2.00,14.77,11.06,3.00,3.03,2.08,2.10,0.01
2026/05/18,18,37602400,24456750,22083600,3.56,3.00,1.00,14.69,14.25,14.25,14.25,0.01,0.01,0.01,,3.56,,,,,,3.56,3.03,1.00,14.69,14.25,14.25,14.25,0.05,0.01,0.01,,11486250,2289950,2534500,2175100,,3.56,3.03,1.00,14.69,14.25,14.25,14.25,0.02,0.05,0.01
2026/05/18,19,38632000,25040800,22858900,2.05,2.90,0.01,13.85,13.85,13.85,13.85,0.01,0.01,0.01,,2.07,,,,,,2.07,2.91,0.01,13.85,13.85,13.85,13.85,0.05,0.01,0.01,,11377000,2311900,2686050,2299150,,2.07,2.91,0.01,13.85,13.85,13.85,13.85,0.02,0.04,0.01
2026/05/18,20,39722950,25470950,23398900,1.00,0.01,0.01,14.15,14.15,14.15,14.15,0.01,0.01,0.01,,1.05,,,,,,1.05,0.03,0.01,14.15,14.15,14.15,14.15,0.04,0.01,0.01,,11424650,2328050,2629900,2358500,,1.05,0.04,0.01,14.15,14.15,14.15,14.16,0.02,0.03,0.01
2026/05/18,21,40505400,25418500,23840400,0.10,0.01,0.01,12.62,12.62,12.62,12.62,0.01,0.01,0.01,,0.14,,,,,,0.14,0.04,0.01,12.63,12.62,12.62,12.62,0.01,0.01,0.01,,11428400,2334050,2795600,2653700,,0.14,0.04,0.01,12.62,12.63,12.62,12.64,0.01,0.01,0.01
2026/05/18,22,41035350,25722050,24113400,0.04,0.01,0.01,12.62,12.62,12.62,12.62,0.01,0.01,0.01,,0.08,,,,,,0.08,0.04,0.01,12.63,12.62,12.62,12.62,0.02,0.01,0.01,,11500100,2322050,2833000,2691100,,0.08,0.05,0.01,12.62,12.63,12.62,12.64,0.02,0.01,0.01
2026/05/18,23,41347850,26146150,24418200,0.10,0.01,0.01,13.58,13.58,13.58,13.58,0.01,0.01,0.01,,0.17,,,,,,0.17,0.06,0.01,13.60,13.60,13.58,13.58,0.01,0.01,0.01,,11529350,2317100,2989200,2847300,,0.17,0.06,0.01,13.59,13.59,13.58,13.60,0.01,0.01,0.01
2026/05/18,24,41523700,26038450,24367200,0.02,0.01,0.01,12.62,12.62,12.62,12.62,0.01,0.01,0.01,,0.09,,,,,,0.09,0.05,0.01,12.64,12.63,12.62,12.62,0.01,0.01,0.01,,11594650,2340500,2882900,2741000,,0.09,0.05,0.01,12.63,12.63,12.62,12.65,0.01,0.01,0.01
2026/05/18,25,41682950,24858200,23850200,0.01,0.01,0.01,10.00,10.00,10.00,10.00,0.01,0.01,0.01,,0.07,,,,,,0.07,0.01,0.01,10.00,10.01,10.00,10.00,0.01,0.01,0.01,,11652050,2429000,2665900,2524000,,0.07,0.01,0.01,10.01,10.00,10.00,10.00,0.01,0.01,0.01
2026/05/18,26,41482000,24944600,23927450,0.01,0.01,0.01,10.81,10.81,10.81,10.81,0.01,0.01,0.01,,0.06,,,,,,0.06,0.01,0.01,10.81,10.81,10.81,10.81,0.01,0.01,0.01,,11705350,2480550,2686800,2544900,,0.06,0.01,0.01,10.81,10.80,10.81,10.81,0.01,0.01,0.01
2026/05/18,27,40581100,26179500,23952600,1.03,0.01,0.01,14.74,14.25,14.25,14.25,0.01,0.01,0.01,,1.14,,,,,,1.14,0.01,0.01,14.74,14.25,14.25,14.24,0.02,0.01,0.01,,11619000,2459100,2092450,1950550,,1.14,0.01,0.01,14.74,14.23,14.25,14.25,0.02,0.01,0.01
2026/05/18,28,40126500,26826400,24270450,6.00,2.90,0.01,15.80,15.14,15.14,15.14,0.01,0.01,0.01,,6.03,,,,,,6.03,2.88,0.01,15.80,15.14,15.14,15.14,0.01,0.01,0.01,,11505200,2492750,2079550,1937150,,6.03,2.88,0.01,15.80,15.14,15.14,15.14,0.01,0.01,0.01
2026/05/18,29,39315200,27482400,24518100,7.31,8.90,1.00,16.81,15.89,15.89,15.89,0.01,0.01,0.01,,7.32,,,,,,7.32,8.89,1.00,16.80,15.88,15.89,15.88,0.01,0.01,0.01,,11461150,2599800,2064700,1934800,,7.32,8.88,1.00,16.80,15.88,15.89,15.88,0.01,0.01,0.01
2026/05/18,30,38788750,27588250,24495200,8.93,3.00,1.00,21.12,16.36,16.36,16.36,0.01,0.01,0.01,,8.95,,,,,,8.95,3.00,1.00,21.10,16.36,16.36,16.35,0.01,0.01,0.01,,11320700,2662900,1778500,1627500,,8.95,3.00,1.00,21.09,16.35,16.36,16.36,0.01,0.01,0.01
2026/05/18,31,37827750,27778150,24546750,10.74,3.00,2.05,25.00,17.93,17.93,17.93,0.01,0.01,0.01,,10.74,,,,,,10.74,3.00,2.05,24.98,17.93,17.93,17.87,0.02,0.01,0.01,,11440150,2902700,1607400,1467900,,10.74,3.00,2.05,24.97,17.87,17.94,17.93,0.01,0.02,0.01
2026/05/18,32,36018450,27042450,23652050,14.25,9.92,7.73,24.51,24.51,24.51,24.51,0.01,0.01,0.01,,14.23,,,,,,14.23,9.89,7.73,24.49,24.50,24.50,24.49,0.02,0.01,0.01,,11320250,3006150,919500,865000,,14.23,9.83,7.73,24.50,24.46,24.51,24.51,0.01,0.02,0.01
2026/05/18,33,33955950,27606250,22464600,14.15,15.89,15.89,22.01,22.01,22.01,22.01,2.00,2.00,2.00,,14.18,,,,,,14.18,15.87,15.88,22.01,22.01,22.01,22.01,2.06,2.00,2.00,,11010200,3192200,814450,724600,,14.18,15.89,15.88,22.01,22.01,22.01,22.02,2.01,2.04,2.01
2026/05/18,34,31634950,28551950,22210100,17.82,21.80,21.80,25.00,25.00,25.00,25.00,22.00,22.00,9.28,,17.89,,,,,,17.89,21.53,21.71,25.00,25.00,25.00,25.00,21.79,21.89,9.28,,10714500,3471950,792800,702950,,17.89,21.78,21.72,25.00,25.00,25.00,25.01,21.87,21.98,9.28
2026/05/18,35,30470150,27904550,21686800,19.69,25.00,25.00,25.00,25.00,25.00,25.00,23.50,23.50,9.49,,19.72,,,,,,19.72,25.00,25.00,25.00,25.00,25.00,25.00,23.39,23.48,9.50,,10652750,4009700,782650,687000,,19.72,25.00,25.00,25.00,24.99,25.00,25.00,23.44,23.49,9.49
2026/05/18,36,29219200,28326750,21246100,24.51,28.18,28.18,28.18,28.18,28.18,28.18,20.74,20.74,15.00,,24.54,,,,,,24.54,28.17,28.14,28.16,28.17,28.18,28.17,20.73,20.73,14.97,,10916150,4414350,772750,677100,,24.54,28.17,28.18,28.14,28.17,28.18,28.18,20.74,20.73,14.98
2026/05/18,37,28312500,28527000,20918950,28.18,33.45,33.45,33.45,33.45,28.18,28.18,28.18,28.18,18.40,,28.21,,,,,,28.21,33.32,33.29,33.39,33.37,28.18,28.16,27.99,27.88,18.37,,10798200,4399100,785150,672300,,28.21,33.51,33.44,33.29,33.44,28.18,28.18,28.18,27.81,18.38
2026/05/18,38,27715350,28694250,20704050,30.00,35.83,35.83,35.83,35.83,28.18,28.18,28.18,28.18,22.00,,30.02,,,,,,30.02,35.57,35.66,35.74,35.90,28.15,28.10,27.71,27.50,21.97,,10669950,4263150,782050,669200,,30.02,35.85,35.89,35.73,35.68,28.18,28.18,28.18,27.25,21.99
2026/05/18,39,27772550,28307900,20745600,28.18,34.99,34.99,34.99,34.99,28.18,28.18,28.18,28.18,21.99,,28.16,,,,,,28.16,34.90,34.81,34.90,34.76,28.13,28.09,27.70,27.50,21.85,,10790700,4380200,780000,666600,,28.16,34.99,34.94,34.78,34.85,28.18,28.18,28.18,27.19,21.92
2026/05/18,40,27844050,27577650,20668550,28.18,30.00,30.00,30.00,30.00,28.18,28.18,28.18,28.18,19.40,,28.12,,,,,,28.12,29.92,29.87,29.96,29.97,28.12,28.11,27.76,27.39,19.35,,10811600,4368200,775750,662350,,28.12,30.01,30.01,29.91,29.93,28.18,28.17,28.18,27.31,19.37
2026/05/18,41,27824700,27208150,20354400,24.51,25.00,25.00,25.00,25.00,22.00,22.00,22.00,22.00,19.40,,24.45,,,,,,24.45,25.00,25.00,25.00,25.01,21.99,21.94,21.62,21.70,19.36,,11110850,4641900,769800,656350,,24.45,25.00,25.00,25.00,25.02,22.00,22.00,22.00,21.40,19.38
2026/05/18,42,28063650,26617250,19916550,22.00,24.51,24.51,24.51,24.51,20.00,20.00,20.00,20.00,19.40,,21.95,,,,,,21.95,24.50,24.51,24.52,24.52,19.99,19.88,19.43,19.86,19.34,,11331300,4642800,765500,652050,,21.95,24.51,24.53,24.51,24.53,20.00,20.00,20.00,19.10,19.35
2026/05/18,43,28016900,26168500,19530050,20.12,20.81,20.81,20.81,20.81,20.81,20.81,20.81,20.81,19.40,,20.13,,,,,,20.13,20.80,20.81,20.83,20.85,20.80,20.78,20.71,20.59,19.26,,11317600,4470000,759400,645950,,20.13,20.81,20.89,20.81,20.84,20.81,20.81,20.81,20.53,19.33
2026/05/18,44,28026700,25888350,19156700,19.40,21.00,21.00,21.00,21.00,19.07,19.07,19.07,19.07,19.07,,19.33,,,,,,19.33,20.99,21.00,21.00,21.01,19.07,18.87,18.81,18.51,18.69,,11353600,4275950,1083150,641700,,19.33,21.01,21.02,21.00,20.99,19.07,19.07,19.07,18.04,18.79
2026/05/18,45,27610950,24785600,19090200,20.00,24.51,24.51,24.51,24.51,20.00,20.00,20.00,20.00,19.40,,19.99,,,,,,19.99,24.51,24.49,24.50,24.53,19.99,19.81,19.70,19.58,19.17,,10985250,4049700,1078500,640450,,19.99,24.50,24.54,24.51,24.48,20.00,19.99,20.00,19.13,19.28
2026/05/18,46,27596500,23959900,18668550,18.96,22.00,22.00,22.00,22.00,18.14,18.14,18.14,18.14,17.67,,18.92,,,,,,18.92,22.00,21.99,22.00,22.04,18.14,17.81,17.83,17.90,17.59,,10992050,4019350,1075400,638350,,18.92,21.99,22.06,22.00,21.99,18.14,18.14,18.14,16.98,17.62
2026/05/18,47,27352200,23479000,18350800,17.56,17.75,17.75,17.75,17.75,17.67,17.67,17.67,17.67,17.67,,17.52,,,,,,17.52,17.71,17.75,17.77,17.83,17.66,17.31,17.27,17.66,17.60,,10762900,4023250,1075300,636750,,17.52,17.83,17.85,17.76,17.80,17.67,17.67,17.67,16.57,17.54
2026/05/18,48,26728850,22185150,18076300,16.09,16.56,16.56,16.56,16.56,15.89,15.89,15.89,15.89,15.74,,16.09,,,,,,16.09,16.55,16.56,16.57,16.62,15.89,15.77,15.76,15.89,15.71,,10062150,3967600,621850,513300,,16.09,16.63,16.60,16.57,16.60,15.89,15.89,15.89,15.44,15.72
2026/05/19,1,23140000,21386450,17040550,17.02,19.48,19.48,19.48,18.03,16.73,16.73,16.73,16.73,11.77,,17.00,,,,,,17.00,19.48,19.48,19.48,18.12,16.73,16.39,16.61,16.60,11.75,,6587850,2388700,534450,414400,,17.00,19.48,19.46,19.51,18.07,16.63,16.73,16.73,15.83,11.76
2026/05/19,2,23771200,20797050,16256800,16.65,19.48,19.48,19.48,19.48,16.65,16.65,16.65,16.65,11.77,,16.63,,,,,,16.63,19.48,19.49,19.48,19.54,16.65,16.23,16.54,16.65,11.76,,8200700,2678150,525450,412900,,16.63,19.49,19.53,19.49,19.50,16.63,16.65,16.65,15.56,11.76
2026/05/19,3,24198350,20869500,16202150,16.36,19.48,19.48,19.48,19.48,15.00,15.00,15.00,15.00,9.78,,16.33,,,,,,16.33,19.48,19.47,19.48,19.50,15.00,14.81,14.90,14.64,9.77,,8709850,2843700,889700,413150,,16.33,19.48,19.47,19.49,19.49,14.97,15.00,15.00,14.35,9.78
2026/05/19,4,24513450,20643500,15981650,15.51,17.61,17.61,17.61,17.61,15.79,15.79,15.79,15.79,9.78,,15.47,,,,,,15.47,17.61,17.61,17.61,17.65,15.79,15.44,15.59,15.45,9.77,,9030200,2871100,989150,412100,,15.47,17.67,17.61,17.64,17.61,15.76,15.79,15.79,14.72,9.78
2026/05/19,5,24663450,20814800,16057100,15.79,18.21,18.21,18.21,18.21,14.25,14.25,14.25,14.25,9.78,,15.75,,,,,,15.75,18.21,18.21,18.21,18.22,14.25,14.13,14.16,14.17,9.77,,9165300,2811450,1087100,411600,,15.75,18.32,18.21,18.21,18.21,14.23,14.25,14.25,13.89,9.78
2026/05/19,6,24854050,21268900,16184450,16.27,17.52,17.52,17.52,17.52,16.36,16.36,16.36,16.36,9.78,,16.22,,,,,,16.22,17.52,17.52,17.52,17.53,16.36,16.05,16.22,16.01,9.77,,9050650,2686850,1187100,412250,,16.22,17.49,17.52,17.52,17.52,16.34,16.36,16.36,15.44,9.78
2026/05/19,7,24882250,21458850,16429750,16.56,22.59,19.48,19.48,19.48,16.74,16.74,16.74,16.74,9.78,,16.52,,,,,,16.52,22.58,19.43,19.48,19.47,16.74,16.50,16.33,16.53,9.77,,9146100,2774900,921750,411600,,16.52,22.02,19.48,19.48,19.47,16.66,16.74,16.74,15.76,9.78
2026/05/19,8,25232650,22365250,16815400,16.75,31.00,21.61,21.61,21.61,17.00,17.00,17.00,17.00,11.77,,16.72,,,,,,16.72,30.93,21.49,21.61,21.60,17.00,16.77,16.61,16.65,11.67,,9112600,2799650,921900,411950,,16.72,28.95,21.61,21.60,21.58,16.91,17.00,17.00,16.01,11.72
2026/05/19,9,25190550,22489050,16880800,16.97,22.52,22.52,22.52,22.52,17.30,17.30,17.30,17.30,11.77,,16.93,,,,,,16.93,22.52,22.43,22.52,22.51,17.30,17.07,16.76,17.13,11.70,,9131300,2817300,885050,375450,,16.93,22.31,22.52,22.51,22.50,17.23,17.30,17.30,16.20,11.74
2026/05/19,10,25142500,22490650,16778000,16.89,22.58,22.58,22.58,22.58,17.34,17.34,17.34,17.34,11.77,,16.85,,,,,,16.85,22.58,22.56,22.58,22.57,17.34,17.18,16.79,17.03,11.69,,9087100,2772100,879700,369250,,16.85,22.55,22.58,22.58,22.55,17.25,17.34,17.34,16.39,11.73
2026/05/19,11,25342500,22543050,16929950,16.74,19.48,19.48,19.48,19.48,18.40,18.40,18.40,18.40,11.77,,16.72,,,,,,16.72,19.48,19.44,19.47,19.47,18.40,18.25,18.03,18.00,11.69,,9127900,2773150,918350,407800,,16.72,19.47,19.48,19.45,19.47,18.38,18.40,18.40,17.54,11.73
2026/05/19,12,26213900,21774250,16928400,15.65,16.56,16.56,16.56,16.56,16.56,16.56,16.56,16.56,11.77,,15.60,,,,,,15.60,16.34,16.53,16.55,16.50,16.56,16.47,16.20,16.31,11.77,,9576700,2860700,919150,510100,,15.60,16.54,16.40,16.55,16.55,16.49,16.56,16.55,15.95,11.77
2026/05/19,13,27462200,21675950,17534800,14.72,15.36,15.36,15.36,15.36,15.36,15.36,15.36,15.36,9.78,,14.66,,,,,,14.66,15.33,15.35,15.35,15.30,15.36,15.21,14.88,15.35,9.76,,10103100,2777100,1412100,1099100,,14.66,15.36,15.24,15.36,15.27,15.30,15.36,15.36,14.73,9.77
2026/05/19,14,29046150,21074950,18291550,10.50,13.00,13.00,13.00,13.00,13.00,13.00,13.00,13.00,9.78,,10.52,,,,,,10.52,13.00,12.96,12.98,12.97,13.00,13.00,12.81,13.00,9.77,,10266150,2717350,1823850,1632850,,10.52,13.00,13.00,13.00,12.85,13.00,13.00,13.00,12.79,9.78
2026/05/19,15,31436900,21108950,19181300,8.00,15.92,7.15,7.15,9.07,9.07,9.07,9.07,9.07,9.07,,8.01,,,,,,8.01,15.85,7.15,7.22,9.08,9.07,9.06,8.94,9.07,9.07,,10656950,2804800,1998500,1813500,,8.01,15.88,7.21,7.19,9.00,9.07,9.07,9.08,9.06,9.07
2026/05/19,16,33624650,23270050,21175850,8.42,15.00,7.12,11.50,11.50,11.50,11.50,11.50,7.03,8.00,,8.44,,,,,,8.44,14.99,7.11,11.49,11.50,11.50,11.49,11.50,7.03,8.00,,10859550,2887500,2427350,2218850,,8.44,14.99,7.12,11.51,11.41,11.50,11.51,11.51,7.03,8.00
2026/05/19,17,35330750,25127200,22220200,9.52,6.74,3.91,14.33,14.33,14.33,14.33,14.33,6.81,0.01,,9.54,,,,,,9.54,6.75,3.90,14.32,14.31,14.32,14.09,14.22,6.81,0.01,,11091850,2740250,2927100,2488400,,9.54,6.69,3.91,14.33,14.11,14.33,14.33,14.06,6.81,0.01
2026/05/19,18,36974950,26674350,23506700,9.28,5.36,1.01,14.88,14.88,14.88,14.88,1.00,1.00,0.01,,9.31,,,,,,9.31,5.33,1.01,14.85,14.85,14.88,14.77,1.00,1.00,0.01,,11102900,2712800,3476500,2708200,,9.31,5.31,1.01,14.87,14.66,14.88,14.87,1.00,1.00,0.01
2026/05/19,19,38478650,27237100,24358500,8.90,9.92,0.03,14.69,14.69,14.69,14.69,1.54,0.80,0.01,,8.93,,,,,,8.93,9.90,0.03,14.69,14.67,14.68,14.54,1.54,0.80,0.01,,11173900,2704550,3827800,2925400,,8.93,9.90,0.03,14.68,14.46,14.69,14.69,1.54,0.80,0.01
2026/05/19,20,39320850,27509150,24889650,7.33,3.00,0.01,15.00,15.00,15.00,15.00,0.02,0.01,0.01,,7.41,,,,,,7.41,3.02,0.01,14.99,14.93,14.98,14.85,0.02,0.01,0.01,,11071450,2678350,3638300,2987000,,7.41,3.02,0.01,14.99,14.77,14.90,15.00,0.02,0.01,0.01
2026/05/19,21,39990050,27052000,24968150,3.00,2.90,0.01,13.85,13.85,13.85,13.85,0.01,0.01,0.01,,3.08,,,,,,3.08,2.93,0.01,13.81,13.82,13.85,13.75,0.01,0.01,0.01,,11069150,2640200,3418450,3023450,,3.08,2.93,0.01,13.85,13.61,13.79,13.84,0.01,0.01,0.01
2026/05/19,22,40393700,27010300,25087250,2.05,8.00,0.01,12.38,12.38,12.38,12.38,0.01,0.01,0.01,,2.13,,,,,,2.13,7.97,0.01,12.34,12.33,12.38,12.30,0.01,0.01,0.01,,11103500,2625650,3473300,3078300,,2.13,7.96,0.01,12.37,12.15,12.33,12.37,0.01,0.01,0.01
2026/05/19,23,40620600,27261650,25147600,2.05,15.92,0.01,13.85,13.85,13.85,13.85,0.01,0.01,0.01,,2.15,,,,,,2.15,15.87,0.01,13.80,13.79,13.84,13.80,0.02,0.01,0.01,,11078050,2615800,3500400,3106500,,2.15,15.87,0.01,13.83,13.62,13.84,13.83,0.02,0.01,0.01
2026/05/19,24,40654250,27421400,25157450,2.50,9.92,0.01,14.15,14.15,14.15,14.15,0.01,0.01,0.01,,2.61,,,,,,2.61,9.92,0.01,14.14,14.11,14.15,14.01,0.03,0.01,0.01,,11066900,2614100,3448300,3031400,,2.61,9.92,0.01,14.14,13.96,13.99,14.15,0.03,0.01,0.01
2026/05/19,25,40659750,26236350,24725550,0.70,9.92,0.01,10.93,10.93,10.93,10.93,0.01,0.01,0.01,,0.77,,,,,,0.77,9.92,0.01,10.91,10.91,10.93,10.93,0.01,0.01,0.01,,11168500,2663800,3286000,2870250,,0.77,9.92,0.01,10.93,10.86,10.93,10.93,0.01,0.01,0.01
2026/05/19,26,40436550,26575600,24833750,1.99,9.92,0.01,12.38,12.38,12.38,12.38,0.01,0.01,0.01,,2.07,,,,,,2.07,9.92,0.01,12.37,12.35,12.38,12.38,0.01,0.01,0.01,,11268050,2672650,3167550,2837600,,2.07,9.92,0.01,12.37,12.33,12.37,12.38,0.01,0.01,0.01
2026/05/19,27,39722950,27222900,24888050,6.00,15.92,1.00,14.92,14.92,14.92,14.92,0.01,0.01,0.01,,6.07,,,,,,6.07,15.86,1.00,14.91,14.91,14.92,14.89,0.01,0.01,0.01,,11198000,2634550,2786300,2548700,,6.07,15.85,1.00,14.91,14.88,14.92,14.92,0.01,0.01,0.01
2026/05/19,28,38820650,27613150,25000100,9.07,15.92,2.50,15.59,15.59,15.59,15.59,0.01,0.01,0.01,,9.12,,,,,,9.12,15.87,2.50,15.59,15.58,15.59,15.56,0.01,0.01,0.01,,11011350,2618650,2587900,2166000,,9.12,15.86,2.50,15.58,15.56,15.59,15.58,0.01,0.01,0.01
2026/05/19,29,37925400,28180950,24824150,9.07,15.92,5.00,16.45,16.25,16.25,16.25,0.01,0.01,0.01,,9.11,,,,,,9.11,15.86,5.00,16.44,16.23,16.25,16.17,0.03,0.01,0.01,,10730000,2678300,2404950,1882650,,9.11,15.85,5.00,16.43,16.17,16.25,16.24,0.01,0.05,0.01
2026/05/19,30,36774900,28498050,24356900,10.81,15.92,9.35,18.05,16.36,16.36,16.36,0.01,0.01,0.01,,10.79,,,,,,10.79,15.87,9.34,18.04,16.34,16.35,16.27,0.04,0.01,0.01,,10533650,2776850,2050700,1464800,,10.79,15.84,9.34,18.04,16.26,16.36,16.36,0.01,0.06,0.01
2026/05/19,31,35835550,28216150,23871850,12.38,15.92,11.72,25.12,16.36,16.36,16.36,0.01,0.01,0.01,,12.44,,,,,,12.44,15.85,11.71,25.10,16.51,16.35,16.33,0.04,0.01,0.01,,10444500,2902050,1607150,942750,,12.44,15.83,11.72,25.10,16.42,16.45,16.44,0.01,0.05,0.01
2026/05/19,32,34319150,28143050,23061700,15.79,15.94,15.55,25.00,25.00,25.00,25.00,6.84,6.84,6.84,,15.91,,,,,,15.91,15.96,15.56,24.99,24.99,24.98,24.96,6.84,6.84,6.84,,10757150,2949300,1399400,871400,,15.91,15.96,15.55,25.01,24.92,24.98,25.00,6.84,6.84,6.84
2026/05/19,33,33260600,28747800,22532350,16.04,23.00,23.00,23.00,23.00,23.00,23.00,8.93,8.93,8.93,,16.13,,,,,,16.13,22.96,22.99,22.98,23.01,22.99,22.99,8.92,8.93,8.93,,10639550,3273450,1318200,813100,,16.13,23.00,23.00,23.01,22.91,23.00,23.00,8.93,8.93,8.93
2026/05/19,34,31894750,28978550,22542200,18.40,23.50,23.50,25.12,25.12,25.12,25.12,19.78,19.78,9.49,,18.51,,,,,,18.51,23.75,23.45,25.10,25.12,25.11,25.10,19.77,19.77,9.49,,10414300,3422100,1161550,755200,,18.51,23.54,23.51,25.12,25.00,25.12,25.16,19.78,19.77,9.49
2026/05/19,35,30639750,28247500,21513650,18.49,23.20,23.20,23.20,23.20,23.20,23.20,23.20,23.20,11.77,,18.59,,,,,,18.59,23.18,23.17,23.19,23.24,23.18,23.18,23.03,22.97,11.77,,10559000,4008250,996800,688450,,18.59,23.22,23.20,23.23,23.11,23.19,23.22,23.19,22.99,11.77
2026/05/19,36,29224800,28714800,21369400,25.00,27.97,27.97,27.97,27.97,27.97,27.97,27.97,27.97,17.67,,25.00,,,,,,25.00,27.92,27.85,27.93,27.93,27.95,27.91,27.65,27.43,17.37,,10585250,4112400,888450,679300,,25.00,27.97,27.95,27.96,27.81,27.47,27.97,27.97,27.57,17.50
2026/05/19,37,28365950,28827700,20963250,27.97,33.45,33.45,33.45,33.45,27.97,27.97,27.97,27.97,19.40,,27.93,,,,,,27.93,33.27,33.28,33.39,33.36,27.86,27.77,27.40,27.52,18.88,,10541950,4139450,965450,674050,,27.93,33.48,33.48,33.40,33.11,27.13,28.00,27.97,27.18,19.11
2026/05/19,38,27878900,28846000,20795150,30.01,35.83,35.83,35.83,35.83,27.97,27.97,27.97,27.97,20.00,,29.85,,,,,,29.85,35.59,35.63,35.73,35.64,27.86,27.63,27.28,27.10,19.52,,10446000,4061750,962400,671050,,29.85,35.86,35.84,35.71,35.42,26.64,27.99,27.97,26.89,19.73
2026/05/19,39,28019100,28301650,20897800,28.82,35.83,35.83,35.83,35.83,27.97,27.97,27.97,27.97,19.40,,28.70,,,,,,28.70,35.55,35.56,35.74,35.76,27.87,27.63,27.14,27.20,18.92,,10683350,4314250,958800,667700,,28.70,35.88,35.84,35.64,35.71,26.63,27.97,27.97,26.88,19.13
2026/05/19,40,27950550,27708700,20739700,27.97,33.43,33.43,33.43,33.43,27.97,27.97,27.97,27.97,19.40,,27.83,,,,,,27.83,33.10,33.22,33.34,33.37,27.88,27.66,27.11,27.22,18.84,,10767100,4438150,960400,664800,,27.83,33.43,33.40,33.34,33.18,26.88,27.97,27.94,26.85,19.09
2026/05/19,41,27955100,27046900,20418200,23.30,28.82,27.23,27.23,27.23,27.23,27.23,27.23,27.23,18.40,,23.34,,,,,,23.34,28.75,27.14,27.19,27.20,27.22,27.15,27.02,26.80,18.11,,10857600,4536200,784000,658700,,23.34,28.82,27.21,27.22,27.06,27.07,27.23,27.23,26.74,18.24
2026/05/19,42,27922850,26949400,20108650,23.00,28.82,25.00,25.00,25.00,25.00,25.00,25.00,25.00,18.00,,22.98,,,,,,22.98,28.82,24.94,24.96,24.97,24.99,24.94,24.83,24.69,17.82,,10849400,4525450,776550,653200,,22.98,28.82,24.97,25.00,24.88,24.89,25.00,25.00,24.59,17.90
2026/05/19,43,27723200,26085200,19513800,20.50,23.20,23.20,23.20,23.20,23.20,23.20,23.20,23.20,16.48,,20.54,,,,,,20.54,23.18,23.18,23.16,23.19,23.19,23.18,23.17,22.95,16.40,,10731100,4318250,771450,648150,,20.54,23.23,23.24,23.20,23.08,23.20,23.22,23.20,22.86,16.44
2026/05/19,44,27799300,25820700,19123500,18.91,20.50,20.50,20.50,20.50,20.50,20.50,20.50,20.50,16.48,,18.92,,,,,,18.92,20.47,20.50,20.50,20.48,20.50,20.48,20.28,20.34,16.34,,10819250,4298850,1124000,644650,,18.92,20.52,20.52,20.50,20.43,20.50,20.51,20.50,20.26,16.41
2026/05/19,45,26995550,24833500,18765700,19.40,28.82,23.02,23.02,23.02,20.00,20.00,20.00,20.00,17.00,,19.43,,,,,,19.43,28.77,22.97,23.05,23.01,19.98,19.86,19.19,19.98,16.88,,10444700,4199100,1123200,649150,,19.43,28.76,23.15,23.02,22.96,20.00,20.00,20.00,18.94,16.93
2026/05/19,46,27095600,24099700,18675100,18.55,22.90,22.90,22.90,22.90,17.40,17.40,17.40,17.40,15.74,,18.49,,,,,,18.49,22.86,22.85,22.88,22.88,17.39,17.02,17.23,17.40,15.62,,10545050,4176500,1120250,647200,,18.49,22.90,22.90,22.90,22.82,17.40,17.40,17.40,16.37,15.68
2026/05/19,47,26895800,23675200,18357900,17.40,28.82,19.27,19.27,19.27,17.39,17.39,17.39,17.39,15.74,,17.34,,,,,,17.34,28.72,19.20,19.25,19.26,17.38,17.00,17.13,17.39,15.65,,10350800,4179050,1117900,644350,,17.34,28.71,19.28,19.26,19.18,17.39,17.39,17.39,16.26,15.69
2026/05/19,48,26404500,22435500,17730650,16.56,28.83,17.18,17.18,17.18,16.36,16.36,16.36,16.36,14.96,,16.48,,,,,,16.48,28.76,17.18,17.17,17.18,16.36,15.97,16.19,16.08,14.77,,10031850,4175400,637950,522400,,16.48,28.68,17.19,17.18,17.16,16.36,16.36,16.36,15.06,14.95
2026/05/20,1,23413350,22301100,18113150,16.36,16.41,16.41,16.41,16.36,16.36,16.36,16.36,6.81,15.74,,16.35,,,,,,16.35,16.42,16.41,16.41,16.36,16.36,16.34,16.36,6.84,15.63,,5841200,3453800,948150,444800,,16.35,16.41,16.41,16.41,16.35,16.34,16.36,16.36,6.82,15.68
2026/05/20,2,24000700,22088450,18056150,16.05,15.97,15.97,15.97,15.90,15.90,15.90,15.90,6.00,11.77,,16.04,,,,,,16.04,15.91,15.97,15.97,15.89,15.90,15.86,15.90,6.00,11.77,,7475150,4281100,1006300,402950,,16.04,15.97,15.97,15.96,15.87,15.87,15.90,15.90,6.00,11.77
2026/05/20,3,24280550,22146200,18149350,15.89,15.53,15.53,15.53,15.53,15.53,15.53,15.53,4.00,11.77,,15.88,,,,,,15.88,15.52,15.53,15.53,15.53,15.53,15.51,15.53,4.00,11.77,,8027000,4605850,1533800,430950,,15.88,15.53,15.53,15.53,15.52,15.52,15.53,15.53,4.00,11.77
2026/05/20,4,24446300,21958050,18057750,15.64,15.21,15.21,15.21,15.21,15.21,15.21,15.21,4.00,11.77,,15.64,,,,,,15.64,15.20,15.21,15.21,15.21,15.21,15.21,15.21,4.00,11.77,,8188800,4708250,1662950,444600,,15.64,15.21,15.21,15.21,15.21,15.21,15.21,15.21,4.00,11.77
2026/05/20,5,24510800,21948900,17983600,15.53,15.10,15.10,15.10,15.10,15.10,15.10,15.10,4.00,11.77,,15.53,,,,,,15.53,15.10,15.10,15.10,15.10,15.10,15.10,15.10,4.00,11.77,,8187800,4719050,1660850,444000,,15.53,15.10,15.10,15.10,15.10,15.10,15.10,15.10,4.00,11.77
2026/05/20,6,24581750,21976450,18188100,15.79,15.25,15.25,15.25,15.25,15.25,15.25,15.25,3.00,11.77,,15.78,,,,,,15.78,15.24,15.25,15.25,15.25,15.25,15.24,15.25,3.00,11.77,,8074250,4670450,1491000,434650,,15.78,15.24,15.25,15.25,15.24,15.25,15.25,15.25,3.00,11.77
2026/05/20,7,24703000,22076550,18452900,15.99,15.53,15.53,15.53,15.53,15.53,15.53,15.53,4.00,15.37,,15.97,,,,,,15.97,15.52,15.52,15.53,15.50,15.53,15.52,15.52,4.00,15.29,,8173850,4692500,1090650,437800,,15.97,15.53,15.53,15.53,15.48,15.51,15.53,15.53,4.00,15.35
2026/05/20,8,24961500,22078250,18500600,15.90,15.36,15.36,15.36,15.36,15.36,15.36,15.36,5.00,15.36,,15.88,,,,,,15.88,15.35,15.35,15.35,15.32,15.36,15.36,15.36,5.00,15.28,,8233900,4707100,1088300,435450,,15.88,15.33,15.36,15.36,15.31,15.36,15.36,15.36,5.00,15.31
2026/05/20,9,25040550,22441150,18705500,16.17,15.79,15.79,15.79,15.79,15.79,15.79,15.79,4.00,15.79,,16.13,,,,,,16.13,15.74,15.78,15.79,15.74,15.79,15.73,15.71,4.00,15.67,,8261900,4663600,950100,397250,,16.13,15.79,15.79,15.77,15.73,15.77,15.79,15.78,4.00,15.64
2026/05/20,10,25278250,22295850,18832300,16.08,15.61,15.61,15.61,15.61,15.61,15.61,15.61,6.78,15.61,,16.04,,,,,,16.04,15.53,15.60,15.61,15.57,15.61,15.53,15.61,6.78,15.49,,8495700,4812950,664550,362200,,16.04,15.61,15.61,15.59,15.58,15.60,15.60,15.59,6.78,15.45
2026/05/20,11,25470650,21956450,18663900,15.94,15.36,15.36,15.36,15.36,15.36,15.36,15.36,6.78,15.36,,15.89,,,,,,15.89,15.31,15.35,15.36,15.31,15.36,15.23,15.31,6.78,15.28,,8618450,4820600,603050,412550,,15.89,15.36,15.36,15.36,15.31,15.20,15.35,15.35,6.78,15.12
2026/05/20,12,26007550,22002800,18759500,15.61,15.00,15.00,15.00,15.00,15.00,15.00,15.00,6.78,15.00,,15.57,,,,,,15.57,15.00,14.99,15.00,14.93,15.00,14.95,15.00,6.78,14.93,,8823100,4852600,748000,462500,,15.57,15.00,15.00,15.00,14.93,14.86,14.99,15.00,6.78,14.96
2026/05/20,13,26703550,22131350,19146000,15.00,13.63,13.63,13.63,13.63,13.63,13.63,13.63,9.07,11.77,,14.94,,,,,,14.94,13.50,13.61,13.59,13.56,13.62,13.62,13.58,9.07,11.77,,9392900,5168950,995750,597250,,14.94,13.51,13.63,13.63,13.48,13.41,13.63,13.63,9.07,11.77
2026/05/20,14,27712850,22382800,19186700,11.77,10.90,10.90,10.90,10.90,10.90,10.90,10.90,10.90,9.78,,11.73,,,,,,11.73,10.90,10.88,10.88,10.89,10.90,10.84,10.87,10.90,9.78,,10043550,5369800,1426050,665550,,11.73,10.91,10.90,10.89,10.82,10.86,10.90,10.88,10.88,9.78
2026/05/20,15,28998200,23015600,19825450,10.91,8.57,8.57,8.57,10.90,10.90,10.90,10.90,10.90,9.28,,10.86,,,,,,10.86,8.57,8.55,8.58,10.89,10.90,10.81,10.89,10.90,9.28,,10597700,5600950,1580350,722850,,10.86,8.58,8.63,8.58,10.80,10.90,10.90,10.88,10.68,9.28
2026/05/20,16,30232750,25379850,21153100,15.00,15.00,15.00,15.00,15.00,15.00,15.00,15.00,15.00,9.28,,14.94,,,,,,14.94,14.84,14.98,15.00,14.88,15.00,14.87,15.00,14.98,9.35,,10944400,5835250,1735550,714050,,14.94,14.96,14.99,14.98,14.91,14.85,14.99,14.86,14.68,9.33
2026/05/20,17,31512650,27347100,22348900,15.75,15.36,15.36,15.36,15.36,15.36,16.73,16.73,16.73,9.49,,15.65,,,,,,15.65,15.13,15.01,15.36,15.26,15.34,16.56,16.53,16.72,9.36,,11488900,6056900,1852650,724450,,15.65,15.03,15.36,15.35,15.16,15.36,16.64,16.57,16.23,9.41
2026/05/20,18,32302700,28657550,23208400,15.75,14.00,14.00,15.09,15.53,15.53,16.75,16.75,16.75,9.28,,15.72,,,,,,15.72,14.01,14.00,15.08,15.49,15.52,16.63,16.59,16.74,9.28,,11573350,6190600,2066600,747900,,15.72,14.00,14.00,15.07,15.46,15.53,16.68,16.61,16.52,9.28
2026/05/20,19,33129200,29455050,23946350,15.47,9.93,9.93,14.96,16.74,16.74,16.74,16.74,16.74,9.28,,15.45,,,,,,15.45,9.96,9.93,14.97,16.68,16.74,16.64,16.57,16.73,9.28,,11451950,6052150,2330300,762900,,15.45,9.93,9.94,14.96,16.66,16.74,16.67,16.55,16.65,9.28
2026/05/20,20,33848350,29545500,24406450,15.08,15.92,8.58,15.00,16.73,16.73,16.73,16.73,16.73,9.07,,15.07,,,,,,15.07,15.93,8.58,15.01,16.65,16.71,16.63,16.70,16.73,9.07,,11476750,6072500,2223750,849950,,15.07,15.93,8.58,14.99,16.66,16.73,16.66,16.59,16.59,9.07
2026/05/20,21,34310700,29019650,24639100,14.38,8.57,8.57,14.11,16.73,16.73,16.73,16.73,16.73,8.93,,14.37,,,,,,14.37,8.59,8.55,14.11,16.64,16.62,16.57,16.65,16.73,8.93,,11509450,6062450,1976600,853800,,14.37,8.58,8.57,14.11,16.65,16.72,16.54,16.45,16.37,8.93
2026/05/20,22,34557100,29545950,24814400,14.71,8.02,8.02,14.78,16.74,16.74,16.74,16.74,16.74,7.29,,14.68,,,,,,14.68,8.03,8.01,14.77,16.67,16.72,16.58,16.35,16.74,7.29,,11569300,6078000,2087650,884100,,14.68,8.04,8.02,14.76,16.67,16.73,16.57,16.50,16.20,7.29
2026/05/20,23,34645800,30184150,24842800,14.77,9.92,8.01,15.28,16.75,16.75,17.00,17.00,17.00,2.04,,14.73,,,,,,14.73,9.94,7.99,15.25,16.65,16.61,16.92,16.27,16.99,2.04,,11606750,6050700,2536000,912100,,14.73,9.94,8.00,15.25,16.69,16.70,16.81,16.69,16.37,2.04
2026/05/20,24,34498900,30653750,24636050,15.08,9.92,8.57,16.27,16.29,16.29,16.83,16.83,16.83,0.50,,15.03,,,,,,15.03,9.93,8.54,16.22,16.23,16.23,16.73,16.25,16.83,0.51,,11603050,6058550,2641600,929900,,15.03,9.93,8.56,16.23,16.25,16.26,16.65,16.61,16.25,0.50
2026/05/20,25,34494350,29801050,24406550,14.69,7.51,7.51,16.15,16.15,16.15,16.15,16.15,16.15,0.01,,14.64,,,,,,14.64,7.51,7.51,16.14,16.09,15.83,15.95,16.14,15.93,0.01,,11639750,6119600,2592850,922700,,14.64,7.51,7.51,16.06,16.09,16.14,16.05,16.09,15.91,0.01
2026/05/20,26,33989100,29915000,24167850,15.00,7.33,7.33,16.57,16.57,16.57,16.57,16.57,16.57,0.01,,14.96,,,,,,14.96,7.33,7.33,16.55,16.52,16.21,16.39,16.55,16.56,0.01,,11461350,6126850,2500600,911800,,14.96,7.33,7.33,16.49,16.50,16.55,16.50,16.48,16.39,0.01
2026/05/20,27,33122300,30928050,24464250,16.98,8.58,8.58,22.00,22.00,22.00,22.00,19.26,19.26,2.50,,17.02,,,,,,17.02,8.58,8.57,21.97,22.00,22.00,21.99,19.12,19.06,2.50,,11400000,6084850,2082300,888150,,17.02,8.58,8.58,21.97,21.98,21.99,22.01,19.24,19.05,2.50
2026/05/20,28,32360400,31388650,24421500,20.00,13.70,13.70,40.00,40.00,40.00,40.00,20.00,20.00,2.90,,20.59,,,,,,20.59,13.70,13.69,40.01,40.26,40.01,40.04,19.92,19.78,2.90,,11076100,5913900,1674650,763250,,20.59,13.70,13.70,40.09,40.09,40.01,40.15,19.97,19.85,2.90
2026/05/20,29,31788600,31324300,24108800,23.46,15.55,15.55,40.00,36.01,36.01,36.01,19.86,19.86,8.93,,24.03,,,,,,24.03,15.55,15.55,40.12,36.54,36.02,36.00,19.78,19.64,8.94,,11061950,5937250,1386200,713400,,24.03,15.55,15.55,40.10,36.36,36.08,36.82,20.46,19.73,8.94
2026/05/20,30,30959650,31636350,23641100,30.00,20.00,20.00,50.01,40.27,40.27,40.27,20.38,20.38,9.07,,30.78,,,,,,30.78,19.91,19.96,49.83,40.67,40.21,40.16,20.29,20.26,9.08,,11004250,5917250,1027350,713900,,30.78,19.95,19.98,49.80,40.45,40.32,40.46,26.26,20.98,9.08
2026/05/20,31,30192750,31314250,23251250,35.01,23.01,23.01,50.01,40.41,40.41,40.41,19.37,19.37,9.28,,35.52,,,,,,35.52,22.94,22.94,49.95,40.88,40.34,40.32,19.33,19.23,9.28,,11002550,5848650,897950,709000,,35.52,22.85,22.99,49.93,40.54,40.67,40.60,26.54,20.11,9.28
2026/05/20,32,29606300,31064750,22926900,36.00,24.00,24.00,50.01,40.07,40.07,40.07,20.19,20.19,9.49,,36.38,,,,,,36.38,23.96,23.93,49.93,40.56,40.06,40.00,19.95,19.86,9.49,,10859450,5846250,806350,704800,,36.38,23.87,23.98,49.91,40.20,40.55,40.27,28.07,19.97,9.49
2026/05/20,33,29841800,31596700,23341200,30.00,33.00,33.00,33.00,33.00,33.00,33.00,18.96,18.96,11.77,,30.03,,,,,,30.03,32.94,32.87,33.01,32.98,32.94,32.98,18.94,18.90,11.77,,11142600,6188250,801700,699600,,30.03,33.02,33.01,32.99,33.04,32.81,33.05,19.11,19.33,11.77
2026/05/20,34,29122350,31476650,23424850,35.98,33.07,33.07,33.07,33.07,33.07,33.07,33.07,21.50,19.40,,35.88,,,,,,35.88,33.05,33.06,33.14,33.11,33.05,33.06,33.06,21.48,19.36,,11066800,6195550,796400,694450,,35.88,33.09,33.28,33.09,33.07,32.88,33.10,33.06,21.49,19.38
2026/05/20,35,28847200,30300300,23073350,29.50,27.97,27.97,27.97,27.97,27.97,27.97,27.97,6.92,21.00,,29.43,,,,,,29.43,27.99,27.97,28.08,28.02,27.97,27.97,27.97,6.70,20.81,,10801950,6245200,772700,681650,,29.43,28.15,28.20,27.99,28.05,27.98,27.97,27.99,6.81,20.89
2026/05/20,36,28445550,30014500,22848650,29.50,27.97,27.97,27.97,27.97,27.97,27.97,27.97,6.84,27.97,,29.48,,,,,,29.48,27.96,27.96,28.04,28.00,27.97,27.96,27.94,6.84,27.96,,10689150,6281150,776000,677100,,29.48,28.13,28.13,27.98,28.03,27.97,27.97,27.98,6.84,27.90
2026/05/20,37,28422150,29601150,22839450,29.50,27.97,27.97,27.97,27.97,27.97,27.97,27.97,6.84,27.97,,29.50,,,,,,29.50,28.02,27.97,28.05,28.05,27.97,27.96,28.00,6.84,27.97,,10741600,6272300,787200,673200,,29.50,28.04,28.11,27.99,28.13,27.97,27.97,27.99,6.84,27.92
2026/05/20,38,28265050,29495400,22417750,27.97,25.89,25.89,25.89,25.89,25.89,25.89,25.89,6.84,25.89,,27.92,,,,,,27.92,25.89,25.88,25.89,25.93,25.89,25.89,25.89,6.84,25.88,,10702750,6156150,785050,671200,,27.92,25.91,25.90,25.89,25.92,25.89,25.91,25.89,6.84,25.83
2026/05/20,39,28269050,29027750,22209600,27.97,25.89,25.89,25.89,25.89,25.89,25.89,25.89,6.84,25.89,,27.93,,,,,,27.93,25.89,25.88,25.89,25.95,25.89,25.88,25.89,6.84,25.89,,10687350,6098700,782200,668500,,27.93,25.91,25.89,25.91,25.93,25.89,25.92,25.89,6.84,25.82
2026/05/20,40,28245600,28350600,21457200,25.00,23.18,23.18,23.18,20.50,20.50,20.50,20.50,6.84,20.50,,24.95,,,,,,24.95,23.18,23.18,23.17,20.59,20.50,20.50,20.50,6.84,20.47,,10668200,5999600,777550,663850,,24.95,23.12,23.20,23.18,20.54,20.50,20.54,20.51,6.84,20.47
2026/05/20,41,27973250,27703900,21286100,24.50,22.00,22.00,22.00,20.00,20.00,20.00,20.00,6.81,20.00,,24.46,,,,,,24.46,22.00,22.00,22.00,20.13,20.00,20.00,20.00,6.81,19.97,,10674500,6043000,770700,656400,,24.46,22.00,22.03,22.01,20.03,20.00,20.05,20.01,6.81,19.95
2026/05/20,42,28103150,27311900,20689050,19.64,17.31,17.31,17.31,17.31,17.31,17.31,17.31,6.81,17.31,,19.57,,,,,,19.57,17.23,17.15,17.33,17.39,17.31,17.31,17.31,6.81,17.27,,10801150,6059200,764050,649700,,19.57,17.36,17.35,17.36,17.32,17.31,17.38,17.33,6.81,17.01
2026/05/20,43,27999300,26768400,20420550,18.41,16.83,16.83,16.83,16.83,16.83,16.83,16.83,6.78,16.83,,18.34,,,,,,18.34,16.67,16.73,16.81,16.86,16.83,16.83,16.83,6.78,16.76,,10862800,6054500,755550,645850,,18.34,16.94,16.92,16.84,16.84,16.83,16.83,16.84,6.78,16.51
2026/05/20,44,28158250,26320550,20364100,17.20,16.36,16.36,16.36,16.36,16.36,16.36,16.36,4.00,16.36,,17.16,,,,,,17.16,16.13,16.35,16.37,16.41,16.36,16.36,16.33,4.00,16.20,,10921650,6043400,1112600,687300,,17.16,16.43,16.50,16.38,16.37,16.36,16.36,16.37,4.00,16.07
2026/05/20,45,27466200,25369900,19688150,16.57,16.27,16.27,16.27,16.27,16.27,16.27,16.27,3.01,16.27,,16.55,,,,,,16.55,16.10,16.26,16.28,16.31,16.27,16.27,16.21,3.01,16.11,,10588550,5751950,1112750,693150,,16.55,16.39,16.39,16.29,16.27,16.27,16.27,16.29,3.01,15.99
2026/05/20,46,27323200,24565600,19757300,17.27,16.56,16.56,16.56,16.40,16.40,16.40,16.40,4.00,16.40,,17.26,,,,,,17.26,16.69,16.56,16.61,16.50,16.40,16.29,16.38,4.00,16.25,,10552000,5760700,1109300,690700,,17.26,16.57,16.85,16.60,16.40,16.40,16.42,16.43,4.00,16.08
2026/05/20,47,27006000,24085750,19516000,16.57,16.25,16.25,16.25,16.25,16.25,16.25,16.25,4.00,16.25,,16.55,,,,,,16.55,16.35,16.25,16.32,16.26,16.25,16.20,16.05,4.00,16.07,,10236900,5715100,1104850,687500,,16.55,16.30,16.41,16.30,16.25,16.25,16.27,16.28,4.00,15.88
2026/05/20,48,26694550,22609000,18942600,15.43,15.14,15.14,15.14,15.14,15.14,15.14,15.14,3.00,15.14,,15.43,,,,,,15.43,15.11,15.13,15.16,15.21,15.14,15.13,15.09,3.00,15.07,,9809050,5700750,548450,444100,,15.43,15.26,15.22,15.17,15.15,15.14,15.14,15.16,3.00,15.04
2026/05/21,1,23484100,23259850,18936950,16.57,15.53,16.57,16.57,16.25,16.25,16.25,16.25,6.92,16.25,,16.65,,,,,,16.65,15.53,16.57,16.57,16.66,16.25,16.25,16.25,6.96,16.12,,5272150,3633100,1021700,710700,,16.65,15.56,16.57,16.58,16.29,16.87,16.50,16.94,6.94,16.19
2026/05/21,2,24009900,22159000,18281450,15.33,15.25,15.25,15.25,15.25,15.25,15.25,15.25,6.90,11.77,,15.35,,,,,,15.35,15.25,15.25,15.25,15.33,15.25,15.25,15.26,6.94,11.77,,6332900,4339850,1074750,706750,,15.35,15.31,15.26,15.26,15.29,15.26,15.25,15.34,6.92,11.77
2026/05/21,3,24184700,21828600,17755550,14.94,14.77,14.77,14.77,14.77,14.77,14.77,14.77,6.89,14.50,,14.96,,,,,,14.96,14.77,14.77,14.79,14.84,14.77,14.77,14.81,6.94,14.45,,6950500,4805650,1359200,737200,,14.96,15.02,14.79,14.78,14.80,14.79,14.77,14.95,6.91,14.47
2026/05/21,4,24282850,21783350,17590200,14.94,14.77,14.77,14.77,14.77,14.77,14.77,14.77,6.88,10.59,,14.96,,,,,,14.96,14.77,14.77,14.80,14.81,14.77,14.77,14.84,6.93,10.59,,7068450,4870900,1545450,771950,,14.96,14.87,14.82,14.79,14.77,14.79,14.77,14.91,6.90,10.59
2026/05/21,5,24401250,21481250,17823150,14.15,13.85,13.85,13.85,13.85,13.85,13.85,13.85,6.88,10.40,,14.16,,,,,,14.16,13.86,13.85,13.86,13.87,13.85,13.85,13.96,6.94,10.40,,7556200,5369600,1509900,765400,,14.16,13.91,13.90,13.87,13.86,13.87,13.85,13.87,6.90,10.40
2026/05/21,6,24381350,22138650,18554650,14.13,13.58,13.58,13.58,13.58,13.58,13.58,13.58,6.90,10.59,,14.14,,,,,,14.14,13.59,13.58,13.59,13.60,13.58,13.58,13.70,6.95,10.59,,8089550,5989650,1650100,786100,,14.14,13.69,13.61,13.60,13.59,13.60,13.58,13.60,6.92,10.59
2026/05/21,7,24496150,22058400,18684400,14.65,14.45,14.45,14.45,14.45,14.45,14.45,14.45,6.92,10.40,,14.66,,,,,,14.66,14.45,14.45,14.47,14.48,14.45,14.45,14.51,7.01,10.40,,8122850,6023300,1363250,731750,,14.66,14.57,14.46,14.46,14.47,14.47,14.49,14.46,6.95,10.40
2026/05/21,8,24772850,22609850,18943900,14.80,14.69,14.69,14.69,14.69,14.69,14.69,14.69,6.92,10.40,,14.81,,,,,,14.81,14.69,14.69,14.71,14.72,14.69,14.69,14.75,7.00,10.40,,8191700,6012550,1295500,755500,,14.81,14.81,14.70,14.70,14.70,14.71,14.73,14.74,6.95,10.40
2026/05/21,9,24995800,22846300,19000900,15.07,14.80,14.80,14.80,14.80,14.80,14.80,14.80,6.95,10.59,,15.07,,,,,,15.07,14.79,14.80,14.81,14.82,14.80,14.79,14.84,7.03,10.59,,8397700,6128450,1159700,722700,,15.07,14.96,14.80,14.81,14.80,14.79,14.81,14.86,6.98,10.59
2026/05/21,10,25200850,22340150,19037000,14.74,14.59,14.59,14.59,14.59,14.59,14.59,14.59,6.97,11.50,,14.76,,,,,,14.76,14.59,14.59,14.63,14.61,14.59,14.58,14.66,7.04,11.50,,8522600,6176850,785150,467150,,14.76,14.77,14.60,14.63,14.59,14.60,14.59,14.65,6.98,11.50
2026/05/21,11,25261850,22749450,19297050,15.00,14.65,14.65,14.65,14.65,14.65,14.65,14.65,6.97,11.77,,15.01,,,,,,15.01,14.65,14.65,14.67,14.67,14.65,14.64,14.74,7.03,11.77,,8747800,6404250,878050,529550,,15.01,14.71,14.67,14.67,14.65,14.67,14.67,14.70,7.00,11.77
2026/05/21,12,25553150,22447150,19494200,14.65,14.46,14.46,14.46,14.46,14.46,14.46,14.46,6.86,10.40,,14.66,,,,,,14.66,14.47,14.46,14.48,14.47,14.46,14.46,14.62,6.90,10.40,,8944950,6568500,743250,464250,,14.66,14.51,14.50,14.48,14.46,14.47,14.49,14.50,6.88,10.40
2026/05/21,13,25424250,22864000,19755400,14.76,14.65,14.65,14.65,14.65,14.65,14.65,14.65,3.01,10.40,,14.77,,,,,,14.77,14.65,14.65,14.66,14.67,14.65,14.65,14.76,3.02,10.40,,8866700,6654200,1015400,696400,,14.77,14.65,14.69,14.66,14.64,14.68,14.69,14.69,3.01,10.40
2026/05/21,14,25701400,23547300,19812700,15.01,14.76,14.76,14.76,14.76,14.76,14.76,14.76,2.90,10.00,,15.02,,,,,,15.02,14.76,14.76,14.78,14.79,14.76,14.74,14.87,2.91,10.00,,9073450,6775950,1378350,778850,,15.02,14.76,14.79,14.78,14.78,14.72,14.80,14.80,2.90,10.00
2026/05/21,15,26783600,24677050,20677550,15.54,15.38,15.38,15.38,15.38,15.38,15.38,15.38,0.02,10.40,,15.54,,,,,,15.54,15.35,15.37,15.39,15.40,15.38,15.38,15.42,0.02,10.40,,9509950,6864750,1413200,796700,,15.54,15.38,15.39,15.39,15.38,15.33,15.39,15.47,0.02,10.40
2026/05/21,16,27248400,26761200,21663750,17.30,16.43,17.11,17.11,17.11,17.11,17.11,17.11,0.02,10.40,,17.29,,,,,,17.29,16.38,17.11,17.11,17.10,17.11,17.11,17.08,0.02,10.40,,9635050,6952600,1399250,780750,,17.29,16.43,17.11,17.11,17.10,16.95,17.11,17.18,0.02,10.40
2026/05/21,17,27776950,28551900,22824750,20.00,15.61,21.50,21.50,21.50,21.50,21.50,21.50,6.86,10.40,,20.00,,,,,,20.00,15.61,21.46,21.49,21.50,21.49,21.47,21.38,6.78,10.40,,9956100,7233100,1466800,690100,,20.00,15.62,21.48,21.50,21.46,21.23,21.51,21.49,6.82,10.40
2026/05/21,18,27899600,30693300,23176050,25.00,15.89,24.02,28.53,28.53,28.53,28.53,17.33,17.33,14.00,,25.11,,,,,,25.11,15.89,24.04,28.49,28.50,28.51,28.48,17.41,17.34,14.00,,10419400,7313950,1856050,700000,,25.11,15.89,24.02,28.53,28.57,28.15,28.60,20.35,18.68,14.00
2026/05/21,19,28442750,32165200,23960350,28.53,9.92,25.00,40.15,40.15,40.15,40.15,21.11,21.11,13.01,,29.01,,,,,,29.01,9.92,25.00,40.12,40.22,40.13,40.06,21.32,20.84,13.01,,10708850,7349350,2297100,710600,,29.01,9.92,25.11,40.12,40.18,40.00,40.19,25.79,23.77,13.01
2026/05/21,20,28738550,32025150,24136600,28.53,15.60,24.02,40.24,40.24,40.24,40.24,20.80,20.80,10.40,,29.00,,,,,,29.00,15.60,24.02,40.20,40.29,40.22,40.14,21.01,20.58,10.40,,10779900,7370500,2080550,748450,,29.00,15.60,24.02,40.18,40.29,40.21,40.26,24.99,23.48,10.40
2026/05/21,21,28660800,32192350,24077550,30.00,6.00,24.02,40.14,40.14,40.14,40.14,20.00,20.00,10.40,,30.57,,,,,,30.57,6.02,24.03,40.08,40.25,40.12,40.04,20.22,19.74,10.40,,10713250,7302800,1948900,758850,,30.57,6.01,24.23,40.12,40.17,40.14,40.20,26.39,22.65,10.40
2026/05/21,22,28891000,32509100,24252800,30.00,9.92,24.02,40.09,40.09,40.09,40.09,19.30,19.30,10.40,,30.61,,,,,,30.61,9.92,24.02,40.05,40.27,40.06,40.01,19.51,19.13,10.40,,10833050,7379750,2063350,761750,,30.61,9.92,24.33,40.07,40.15,40.09,40.16,25.91,22.43,10.40
2026/05/21,23,29151750,32830750,24392850,28.53,15.84,24.02,40.39,40.39,40.39,40.39,17.32,17.32,10.40,,29.17,,,,,,29.17,15.84,24.04,40.34,40.51,40.36,40.28,17.57,17.25,10.40,,11101750,7589900,2156950,763350,,29.17,15.84,24.03,40.38,40.45,40.39,40.44,23.61,21.92,10.40
2026/05/21,24,29254500,32777750,24452400,27.97,15.82,24.02,40.23,40.23,40.23,40.23,16.83,16.83,9.78,,28.57,,,,,,28.57,15.82,24.04,40.17,40.31,40.20,40.14,17.11,16.83,9.78,,11217150,7703250,2217250,762700,,28.57,15.82,24.03,40.22,40.27,40.23,40.26,21.82,21.80,9.78
2026/05/21,25,29594300,31457150,24037200,22.79,9.92,24.02,27.92,27.92,27.92,27.92,16.73,16.73,9.49,,23.01,,,,,,23.01,9.92,24.09,27.93,28.03,27.90,27.88,16.85,16.73,9.49,,11295450,7796050,2217100,754150,,23.01,9.92,24.04,27.93,27.95,27.92,27.99,17.69,19.62,9.49
2026/05/21,26,29673100,31345000,24023400,22.84,6.00,24.02,27.95,27.95,27.95,27.95,9.49,9.49,9.49,,23.08,,,,,,23.08,6.02,24.22,27.95,28.03,27.94,27.90,9.67,9.38,9.49,,11334400,7835000,2206200,719800,,23.08,6.01,24.05,27.98,27.94,27.95,27.99,11.17,13.61,9.50
2026/05/21,27,29444750,31747700,24442300,26.00,9.92,25.00,32.32,32.32,32.32,32.32,14.94,14.94,9.49,,26.12,,,,,,26.12,9.93,25.00,32.24,32.30,32.28,32.26,15.09,14.98,9.49,,11163100,7663700,1842300,721250,,26.12,9.93,25.01,32.33,32.26,32.32,32.33,15.69,18.44,9.49
2026/05/21,28,29494500,31587250,24454550,27.97,9.92,32.99,32.99,32.99,32.99,32.99,14.95,14.95,9.49,,28.11,,,,,,28.11,9.93,33.02,33.00,33.01,32.97,32.94,15.36,14.99,9.51,,10855200,7355800,1530650,721450,,28.11,9.92,32.99,32.99,33.10,32.99,33.00,16.05,19.09,9.50
2026/05/21,29,29667100,31115350,24594050,27.97,15.37,32.46,32.46,32.46,32.46,32.46,17.00,17.00,9.52,,28.04,,,,,,28.04,15.36,32.40,32.43,32.45,32.45,32.41,17.42,16.97,9.63,,10741650,7157500,1094600,713050,,28.04,15.36,32.47,32.45,32.52,32.66,32.48,17.24,20.22,9.54
2026/05/21,30,29731600,30894750,24651800,27.97,15.67,32.11,32.11,32.11,32.11,32.11,16.73,16.73,9.78,,28.09,,,,,,28.09,15.62,32.05,32.12,32.11,32.10,32.10,17.61,16.69,9.95,,10606500,7073650,907600,714000,,28.09,15.64,32.11,32.11,32.10,32.46,32.15,20.75,19.30,9.90
2026/05/21,31,29664550,30664600,24490050,27.97,15.70,30.00,30.00,30.00,30.00,30.00,9.49,9.49,9.49,,28.01,,,,,,28.01,15.59,29.87,29.96,30.02,29.99,30.02,11.44,9.47,9.83,,10504100,7061300,896550,710400,,28.01,15.64,30.00,29.99,29.99,30.50,30.04,14.27,11.53,10.57
2026/05/21,32,29302600,30530350,24173550,27.97,16.55,32.08,32.08,32.08,32.08,32.08,9.49,6.90,9.49,,28.18,,,,,,28.18,16.43,32.02,32.04,32.10,32.06,32.06,12.97,6.82,9.83,,10193000,6792800,892600,707450,,28.18,16.48,32.49,32.06,32.07,32.48,32.12,15.30,6.86,11.87
2026/05/21,33,29685400,30372600,24118050,26.08,16.35,28.53,28.53,28.53,28.53,28.53,10.40,2.50,10.40,,26.36,,,,,,26.36,16.32,28.46,28.57,28.65,28.55,28.62,15.62,2.53,10.96,,10045650,6744350,859500,697150,,26.36,16.33,28.68,28.58,28.70,29.58,28.54,12.59,2.51,13.36
2026/05/21,34,29547450,30537150,24178800,27.97,27.25,27.97,27.97,27.97,27.97,27.97,27.97,3.00,16.48,,28.05,,,,,,28.05,27.17,27.98,28.04,28.05,28.00,27.99,29.93,3.03,16.41,,10242350,6741050,876000,693350,,28.05,27.18,28.14,28.12,28.13,29.02,27.98,27.98,3.01,16.43
2026/05/21,35,29441700,29691400,23809150,24.02,25.00,25.00,25.00,25.00,25.00,25.00,22.00,6.88,17.17,,24.23,,,,,,24.23,25.10,25.02,25.05,25.04,25.02,25.01,25.94,6.88,17.32,,10523100,6941050,845750,681850,,24.23,25.12,25.07,25.43,25.09,25.12,25.06,22.00,6.88,17.17
2026/05/21,36,29213200,29389500,23375950,24.02,24.78,24.78,24.78,24.78,24.78,24.78,20.10,9.07,19.40,,24.28,,,,,,24.28,24.84,24.77,24.79,25.14,24.78,24.78,25.05,9.08,19.47,,10748400,6910100,853450,677650,,24.28,24.98,25.22,25.08,25.06,25.02,24.78,20.49,9.07,19.42
2026/05/21,37,29121550,29291100,22897450,21.04,19.40,19.40,19.40,19.40,19.40,19.40,19.40,9.36,19.40,,21.33,,,,,,21.33,19.41,19.40,19.42,19.69,19.40,19.41,24.57,9.37,19.52,,10791950,6916150,859300,673850,,21.33,19.49,20.58,19.69,19.74,19.67,19.57,19.66,9.36,19.42
2026/05/21,38,28942800,29299250,22997600,24.02,23.00,23.00,23.00,23.00,23.00,23.00,23.00,17.53,20.00,,24.23,,,,,,24.23,23.09,23.01,23.02,23.35,23.01,23.03,26.67,17.54,20.02,,10783500,6918700,865750,671400,,24.23,23.10,23.71,23.21,23.41,23.24,23.05,23.10,17.53,20.01
2026/05/21,39,28650600,28678550,22456850,20.50,17.81,17.81,17.81,17.81,17.81,17.81,17.81,16.80,17.81,,20.81,,,,,,20.81,17.86,18.07,17.89,18.41,17.82,17.82,22.79,16.80,17.82,,10679900,6774700,868800,668650,,20.81,18.06,18.78,18.20,18.37,18.78,17.86,17.93,16.80,17.82
2026/05/21,40,28829050,28034800,22223200,17.78,16.83,16.83,16.83,16.83,16.83,16.83,16.83,9.36,16.83,,17.96,,,,,,17.96,16.89,16.99,16.93,16.98,16.83,16.84,19.61,9.36,16.84,,10807800,6764700,855650,664000,,17.96,16.92,17.30,17.14,17.02,17.19,16.83,16.86,9.36,16.82
2026/05/21,41,28577250,27144800,22029000,17.12,16.69,16.69,16.69,16.69,16.69,16.69,16.69,9.36,15.74,,17.17,,,,,,17.17,16.73,16.70,16.71,16.81,16.70,16.70,17.15,9.36,15.76,,10697800,6758050,845650,656400,,17.17,16.70,16.85,16.72,16.78,16.93,16.69,16.70,9.36,15.74
2026/05/21,42,28862850,27029650,21861400,16.49,16.25,16.25,16.25,16.25,16.25,16.25,16.25,9.07,15.00,,16.52,,,,,,16.52,16.30,16.25,16.27,16.36,16.26,16.26,16.46,9.07,15.01,,10858700,6775000,832350,649550,,16.52,16.45,16.29,16.29,16.30,16.39,16.29,16.26,9.07,15.00
2026/05/21,43,28689600,26420000,21577000,15.97,15.82,15.82,15.82,15.82,15.82,15.82,15.82,9.36,11.77,,15.98,,,,,,15.98,15.83,15.83,15.83,15.95,15.82,15.83,15.84,9.36,11.77,,10759150,6727200,843950,645850,,15.98,15.82,15.86,15.84,15.92,15.87,15.82,15.83,9.36,11.77
2026/05/21,44,28742200,25976750,21249000,15.52,15.41,15.41,15.41,15.41,15.41,15.41,15.41,9.07,11.77,,15.56,,,,,,15.56,15.42,15.42,15.43,15.58,15.41,15.42,15.43,9.07,11.77,,10837000,6705550,1197950,734350,,15.56,15.43,15.45,15.46,15.55,15.45,15.41,15.42,9.07,11.77
2026/05/21,45,28438800,24904450,20874300,15.49,15.10,15.10,15.10,15.43,15.43,15.43,15.43,6.96,14.96,,15.52,,,,,,15.52,15.10,15.10,15.12,15.57,15.43,15.44,15.44,6.96,14.91,,11019250,6740600,1188950,824950,,15.52,15.10,15.10,15.12,15.53,15.78,15.43,15.47,6.96,14.93
2026/05/21,46,28455050,24267700,20772700,15.50,15.49,15.49,15.49,15.49,15.49,15.49,15.49,6.92,10.40,,15.52,,,,,,15.52,15.49,15.49,15.51,15.59,15.49,15.51,15.52,6.92,10.44,,11162150,6734350,1198400,834400,,15.52,15.54,15.49,15.51,15.59,15.58,15.52,15.49,6.92,10.42
2026/05/21,47,28153550,23842900,20450600,15.31,15.15,15.15,15.15,15.15,15.15,15.15,15.15,6.92,10.40,,15.32,,,,,,15.32,15.15,15.16,15.15,15.23,15.15,15.16,15.16,6.92,10.43,,10907700,6749700,1201200,837200,,15.32,15.15,15.15,15.16,15.19,15.44,15.15,15.15,6.92,10.41
2026/05/21,48,27616700,22351250,20016750,11.56,8.00,8.00,8.00,13.58,13.58,13.58,13.58,6.88,10.40,,11.59,,,,,,11.59,8.02,8.05,8.05,13.64,13.58,13.59,13.59,6.88,10.40,,10281250,6742050,610800,610800,,11.59,8.07,8.07,8.03,13.61,13.84,13.59,13.58,6.88,10.40
2026/05/22,1,25415700,22312800,18116200,16.56,16.56,16.56,16.56,16.56,16.56,16.56,16.56,5.92,16.56,,16.54,,,,,,16.54,16.51,16.55,16.55,16.54,16.56,16.56,16.49,6.38,16.55,,7973550,3106500,557900,443700,,16.54,16.58,16.57,16.56,16.56,16.53,16.56,16.56,6.07,16.49
2026/05/22,2,26193200,21553900,17878950,16.32,15.89,15.89,15.89,15.89,15.89,15.89,15.89,5.00,15.50,,16.32,,,,,,16.32,15.89,15.89,15.89,15.92,15.89,15.89,15.90,5.03,15.49,,9699550,3897150,555700,442500,,16.32,15.89,15.91,15.90,15.89,15.89,15.91,15.89,5.01,15.50
2026/05/22,3,26514350,21177800,17722150,15.97,15.54,15.54,15.54,15.54,15.54,15.54,15.54,3.50,13.59,,15.97,,,,,,15.97,15.54,15.54,15.55,15.55,15.54,15.54,15.54,3.51,13.59,,10038700,4024000,820150,441950,,15.97,15.55,15.57,15.54,15.54,15.54,15.54,15.54,3.50,13.59
2026/05/22,4,26751450,21459350,17820000,16.04,15.82,15.82,15.82,15.82,15.82,15.82,15.82,3.01,13.59,,16.03,,,,,,16.03,15.82,15.82,15.82,15.81,15.82,15.82,15.82,3.02,13.59,,10219600,4016750,819250,441050,,16.03,15.82,15.82,15.82,15.82,15.76,15.82,15.82,3.02,13.59
2026/05/22,5,26857100,21460750,17950550,16.02,15.79,15.79,15.79,15.79,15.79,15.79,15.79,3.01,14.96,,16.01,,,,,,16.01,15.79,15.79,15.79,15.80,15.79,15.79,15.79,3.02,14.95,,10234400,3999400,818650,441450,,16.01,15.79,15.80,15.79,15.79,15.78,15.79,15.79,3.01,14.95
2026/05/22,6,26774300,21467550,17990100,16.02,15.65,15.65,15.65,15.65,15.65,15.65,15.65,3.50,15.65,,16.01,,,,,,16.01,15.65,15.65,15.65,15.66,15.65,15.65,15.64,3.51,15.64,,10133150,3963750,820300,442100,,16.01,15.65,15.67,15.65,15.65,15.64,15.65,15.65,3.50,15.64
2026/05/22,7,26677850,21695600,18058150,16.39,16.04,16.04,16.04,16.04,16.04,16.04,16.04,5.00,16.04,,16.38,,,,,,16.38,16.04,16.04,16.04,16.06,16.04,16.04,15.99,5.01,16.02,,10034000,3924300,547400,434700,,16.38,16.05,16.04,16.04,16.03,16.02,16.05,16.04,5.01,16.03
2026/05/22,8,26775700,22104150,18230200,16.56,16.33,16.33,16.33,16.33,16.33,16.33,16.33,3.01,16.33,,16.52,,,,,,16.52,16.30,16.32,16.32,16.29,16.33,16.31,16.25,3.06,16.32,,9920550,3904700,546050,433350,,16.52,16.33,16.33,16.33,16.32,16.23,16.33,16.33,3.04,16.21
2026/05/22,9,26755950,21775800,18183750,16.32,16.04,15.97,15.97,15.97,15.97,15.97,15.97,4.00,15.97,,16.30,,,,,,16.30,16.05,15.97,15.97,15.97,15.97,15.97,15.90,4.02,15.96,,9819750,3894400,508350,396150,,16.30,16.04,15.97,15.97,15.96,15.92,15.98,15.97,4.01,15.97
2026/05/22,10,26679400,21979050,18237500,16.50,16.04,16.12,16.12,16.12,16.12,16.12,16.12,5.00,16.12,,16.49,,,,,,16.49,16.06,16.12,16.12,16.13,16.12,16.12,16.08,5.00,16.12,,9768250,3882550,472850,360650,,16.49,16.05,16.12,16.12,16.11,16.11,16.13,16.12,5.00,16.12
2026/05/22,11,26727250,22085300,18239300,16.56,16.12,16.12,16.12,16.12,16.12,16.12,16.12,6.78,16.12,,16.55,,,,,,16.55,16.11,16.12,16.12,16.12,16.12,16.12,16.04,6.79,16.12,,9824700,3903500,511550,399350,,16.55,16.13,16.12,16.12,16.12,15.97,16.13,16.12,6.78,16.10
2026/05/22,12,27068600,21627650,18280850,16.04,15.64,15.64,15.64,15.64,15.64,15.64,15.64,3.01,15.64,,16.03,,,,,,16.03,15.64,15.63,15.65,15.63,15.64,15.64,15.60,3.01,15.63,,10004050,3925800,679100,449400,,16.03,15.67,15.64,15.65,15.63,15.48,15.66,15.67,3.01,15.64
2026/05/22,13,27648500,21322150,17978850,15.49,15.15,15.15,15.15,15.15,15.15,15.15,15.15,3.00,13.59,,15.47,,,,,,15.47,15.14,15.15,15.14,15.15,15.15,15.14,15.16,3.02,13.59,,10319400,3992500,881450,520950,,15.47,15.19,15.15,15.15,15.11,15.09,15.15,15.15,3.01,13.59
2026/05/22,14,28546900,21880100,18221250,15.31,15.25,15.25,15.25,15.25,14.25,14.25,14.25,6.99,9.37,,15.31,,,,,,15.31,15.29,15.25,15.26,15.25,14.25,14.25,14.32,7.06,9.37,,10884500,4192200,1226200,587700,,15.31,15.29,15.28,15.25,15.25,14.24,14.26,14.28,7.02,9.37
2026/05/22,15,29731850,22277950,18462200,15.03,15.08,15.08,15.08,15.08,15.08,15.08,15.08,13.00,9.19,,15.03,,,,,,15.03,15.08,15.08,15.09,15.08,15.08,15.08,15.08,13.01,9.19,,11500650,4301100,1371250,650250,,15.03,15.13,15.11,15.08,15.07,15.08,15.08,15.08,13.00,9.19
2026/05/22,16,30688800,24313150,19421250,15.89,15.96,17.69,17.69,15.22,15.22,15.22,15.22,12.00,9.03,,15.87,,,,,,15.87,15.99,17.69,17.69,15.21,15.22,15.20,15.21,12.01,9.13,,11645850,4348150,1474850,684850,,15.87,15.96,17.69,17.69,15.20,15.17,15.22,15.21,12.00,9.09
2026/05/22,17,30811000,26038700,20548200,16.36,15.97,23.80,23.80,15.43,15.43,15.43,15.43,9.36,8.92,,16.36,,,,,,16.36,15.98,23.80,23.80,15.49,15.43,15.43,15.43,9.31,8.79,,11551100,4068950,1845650,695650,,16.36,15.97,23.80,23.79,15.45,15.43,15.47,15.48,9.34,8.84
2026/05/22,18,31442350,28073000,22004450,16.72,11.73,23.79,28.00,28.00,28.00,28.00,3.00,3.00,0.50,,16.81,,,,,,16.81,11.74,23.79,27.97,27.93,27.97,27.98,3.00,3.00,0.50,,11427350,4020450,2738500,1109600,,16.81,11.73,23.79,27.99,27.87,28.00,28.00,3.00,3.00,0.50
2026/05/22,19,32246750,29019600,22716750,16.56,9.92,23.94,30.00,30.00,30.00,30.00,7.78,7.08,0.01,,16.76,,,,,,16.76,9.93,23.94,29.93,29.94,29.96,29.97,7.78,7.07,0.01,,11442000,3986250,3158350,1418950,,16.76,9.93,23.94,29.99,29.84,29.52,30.01,7.78,7.08,0.01
2026/05/22,20,33175850,29222450,23080150,16.25,9.92,23.88,30.00,30.00,30.00,30.00,9.10,7.02,0.01,,16.48,,,,,,16.48,9.93,23.89,29.95,29.98,29.99,29.98,9.10,7.01,0.01,,11556550,3996100,3053700,1559300,,16.48,9.93,23.88,30.00,29.90,29.77,30.00,9.10,7.02,0.01
2026/05/22,21,34102350,28998700,23202600,15.61,9.92,23.18,24.80,24.80,24.80,24.80,9.11,4.00,0.01,,15.69,,,,,,15.69,9.92,23.15,24.77,24.76,24.80,24.79,9.09,4.01,0.01,,11683450,3880000,2888600,1587200,,15.69,9.92,23.18,24.79,24.69,24.74,24.83,9.09,4.00,0.01
2026/05/22,22,34439900,29052900,23297350,15.26,6.00,23.18,24.80,24.80,24.80,24.80,9.10,2.00,0.01,,15.35,,,,,,15.35,6.00,23.15,24.77,24.78,24.77,24.78,9.10,2.03,0.01,,11698250,3889900,2956900,1603000,,15.35,6.00,23.18,24.80,24.68,24.76,24.82,9.10,2.01,0.01
2026/05/22,23,34995650,29133950,23499100,15.26,9.92,19.26,24.80,19.08,19.08,19.08,7.78,1.00,0.01,,15.31,,,,,,15.31,9.92,19.25,24.79,19.19,19.08,19.08,7.78,1.03,0.01,,11791900,3893000,2947800,1637400,,15.31,9.92,19.26,24.79,19.15,19.08,19.14,7.78,1.01,0.01
2026/05/22,24,35430350,28826700,23227250,14.65,9.92,18.00,24.80,16.57,16.57,16.57,4.35,0.02,0.01,,14.68,,,,,,14.68,9.92,17.99,24.79,16.77,16.57,16.57,4.37,0.05,0.01,,11918650,3910400,2941450,1630550,,14.68,9.92,17.99,24.79,16.69,16.57,16.70,4.36,0.03,0.01
2026/05/22,25,36126300,27426350,22428500,9.35,9.92,16.32,18.25,14.25,14.25,14.25,3.50,0.01,0.01,,9.46,,,,,,9.46,9.92,16.25,18.25,14.43,14.26,14.25,3.50,0.01,0.01,,12041150,3935150,2895800,1630400,,9.46,9.92,16.28,18.24,14.40,14.26,14.30,3.50,0.01,0.01
2026/05/22,26,36414150,27266900,22442150,9.03,11.12,11.12,17.69,14.25,14.25,14.25,5.00,0.01,0.01,,9.13,,,,,,9.13,11.12,11.12,17.68,14.40,14.26,14.25,5.00,0.01,0.01,,12075350,3960850,2875050,1706150,,9.13,11.12,11.12,17.68,14.38,14.25,14.30,5.00,0.01,0.01
2026/05/22,27,36203450,28391600,23458300,11.13,12.00,12.00,24.80,15.79,15.79,15.79,3.60,0.02,0.01,,11.22,,,,,,11.22,12.01,12.00,24.74,15.93,15.82,15.80,3.62,0.02,0.01,,12105850,3934000,2573200,1681150,,11.22,12.00,12.00,24.72,15.88,15.79,15.87,3.61,0.02,0.01
2026/05/22,28,35779950,28178850,23316400,12.00,10.00,10.00,20.00,16.95,16.95,16.95,5.16,1.00,0.01,,12.05,,,,,,12.05,10.05,10.00,19.96,16.97,16.95,16.94,5.16,1.01,0.01,,12043300,3895350,2333650,1656600,,12.05,10.00,10.01,19.93,16.92,16.95,16.97,5.16,1.00,0.01
2026/05/22,29,35162350,28317150,23588350,14.77,10.00,10.00,24.80,19.00,19.00,19.00,6.00,2.50,0.01,,14.82,,,,,,14.82,10.01,10.00,24.79,19.08,18.99,18.99,6.00,2.51,0.01,,12086050,3984850,1965950,1568850,,14.82,10.00,10.00,24.78,19.02,19.00,19.08,6.00,2.50,0.01
2026/05/22,30,34545950,27959050,23280050,15.42,9.92,9.92,27.00,27.00,27.00,27.00,0.01,0.01,0.01,,15.45,,,,,,15.45,9.92,9.92,26.92,26.92,26.91,26.90,0.16,0.01,0.01,,12143700,3941850,1356000,984900,,15.45,9.92,9.92,26.99,26.67,27.00,27.00,0.06,0.13,0.01
2026/05/22,31,33590450,28750550,23129600,16.82,15.09,15.09,50.00,33.05,33.05,33.05,0.01,0.01,0.01,,17.69,,,,,,17.69,15.09,15.08,49.75,33.10,32.93,33.00,0.25,0.02,0.02,,11940200,3928450,1102750,730150,,17.69,15.09,15.08,49.67,33.04,32.96,33.10,0.11,0.11,0.04
2026/05/22,32,32627350,27858450,22189750,17.07,20.00,20.00,30.00,30.00,30.00,30.00,6.98,6.98,6.98,,17.29,,,,,,17.29,19.99,19.97,29.94,29.94,29.88,29.97,6.97,7.00,7.00,,12043100,3878450,1063400,726750,,17.29,20.00,19.99,29.97,29.86,29.79,29.99,6.99,6.98,6.98
2026/05/22,33,31955950,28179450,22213450,17.69,23.66,23.66,24.80,25.00,25.00,25.00,7.70,2.05,7.70,,17.77,,,,,,17.77,23.14,23.55,24.72,24.94,24.91,24.94,7.73,2.05,7.84,,11631800,4191250,893000,704750,,17.77,23.62,23.59,24.78,24.68,24.70,25.02,7.70,2.05,7.82
2026/05/22,34,30965550,28312600,21785550,19.00,22.00,22.00,22.00,22.00,22.00,22.00,22.00,0.02,9.35,,19.07,,,,,,19.07,21.97,21.91,22.01,21.96,21.96,21.91,21.86,0.02,9.35,,11286200,4082550,807000,698900,,19.07,22.00,21.90,21.99,21.86,21.83,22.04,21.99,0.02,9.35
2026/05/22,35,30582400,27725800,21236500,20.74,20.02,20.02,20.02,20.02,20.02,20.02,20.02,3.00,11.77,,20.70,,,,,,20.70,20.00,20.01,20.02,20.01,20.02,20.00,19.99,3.00,11.77,,11078900,3942950,782750,684750,,20.70,20.01,20.01,20.01,19.98,19.93,20.04,20.05,3.00,11.77
2026/05/22,36,29915150,27875750,21111700,24.00,23.73,23.73,23.73,23.73,23.73,23.73,23.73,6.78,15.76,,24.00,,,,,,24.00,23.72,23.73,23.77,23.80,23.78,23.71,23.64,6.78,15.75,,10889350,3866350,760700,678350,,24.00,23.74,23.77,23.76,23.76,23.63,23.77,23.74,6.78,15.75
2026/05/22,37,29597700,28130200,21146050,25.00,24.80,24.80,24.80,24.80,24.80,24.80,24.80,6.82,24.00,,24.95,,,,,,24.95,24.79,24.79,24.80,24.79,24.80,24.76,24.66,6.83,23.67,,10941550,4021200,786750,673250,,24.95,24.58,24.79,24.79,24.77,24.68,24.81,24.80,6.82,23.82
2026/05/22,38,29196300,28273700,21189850,27.97,26.50,26.50,26.50,26.50,26.50,26.50,26.50,6.82,26.50,,27.83,,,,,,27.83,26.47,26.42,26.46,26.45,26.47,26.43,26.22,6.83,26.01,,10825900,4035200,784100,670600,,27.83,25.98,26.51,26.49,26.35,26.30,26.51,26.50,6.82,26.07
2026/05/22,39,29213750,27727050,20932050,26.00,24.80,24.80,24.80,24.80,24.80,24.80,24.80,6.84,24.80,,25.89,,,,,,25.89,24.73,24.77,24.73,24.79,24.78,24.75,24.55,6.85,24.44,,10865550,4063800,782600,667550,,25.89,24.77,24.80,24.79,24.67,24.46,24.79,24.80,6.84,24.45
2026/05/22,40,29703350,27372150,20584500,21.49,18.96,18.96,18.96,18.96,18.96,18.96,18.96,6.86,18.96,,21.40,,,,,,21.40,18.87,18.96,18.96,18.96,18.96,18.96,18.95,6.86,18.81,,10942450,4078450,776650,663100,,21.40,18.96,18.97,18.96,18.96,18.96,18.96,18.96,6.86,18.83
2026/05/22,41,29362450,26596900,19922450,19.40,17.67,17.67,17.67,17.67,17.67,17.67,17.67,6.84,17.67,,19.35,,,,,,19.35,17.58,17.67,17.77,17.72,17.67,17.67,17.56,6.84,17.54,,10888550,3862100,770300,655700,,19.35,17.67,17.82,17.69,17.74,17.67,17.70,17.74,6.84,17.52
2026/05/22,42,29469350,26215650,19820900,18.05,17.05,17.05,17.05,17.05,17.05,17.05,17.05,6.81,17.05,,18.02,,,,,,18.02,16.98,17.05,17.08,17.07,17.05,17.05,17.00,6.81,16.96,,11020550,3837500,763550,648950,,18.02,17.05,17.09,17.08,17.08,17.05,17.05,17.05,6.81,16.95
2026/05/22,43,29286100,25523900,19424650,17.32,16.83,16.83,16.83,17.19,17.19,17.19,17.19,6.81,17.19,,17.34,,,,,,17.34,16.77,16.83,16.93,17.22,17.19,17.19,17.17,6.82,17.09,,11107900,3884900,760950,645350,,17.34,16.83,16.98,16.87,17.25,17.19,17.20,17.24,6.81,17.08
2026/05/22,44,29197250,25269050,19142750,17.30,16.06,16.06,16.06,17.33,17.33,17.33,17.33,6.78,17.33,,17.33,,,,,,17.33,16.05,16.06,16.30,17.33,17.33,17.33,17.22,6.79,17.26,,11096250,3906250,1046200,641600,,17.33,16.10,16.31,16.22,17.32,17.33,17.33,17.35,6.78,17.20
2026/05/22,45,29351500,25054850,19561450,17.30,16.02,15.67,15.67,18.29,18.29,18.29,18.29,5.00,18.29,,17.35,,,,,,17.35,16.02,15.67,15.93,18.30,18.29,18.28,18.10,5.00,18.26,,10949750,3875550,1049750,647550,,17.35,16.02,15.91,15.88,18.27,18.29,18.29,18.30,5.00,18.18
2026/05/22,46,29004800,24520600,19544050,17.17,16.40,16.40,16.40,16.40,16.40,16.40,16.40,5.00,16.40,,17.20,,,,,,17.20,16.36,16.40,16.40,16.66,16.40,16.40,16.39,5.01,16.35,,10826050,3833050,1045850,645150,,17.20,16.40,16.41,16.41,16.60,16.40,16.43,16.52,5.01,16.42
2026/05/22,47,28653050,24115600,19032900,17.22,16.27,16.27,16.27,17.19,17.19,17.19,17.19,5.00,17.19,,17.21,,,,,,17.21,16.26,16.27,16.27,17.19,17.19,17.19,17.13,5.01,17.17,,10706100,3839150,1043700,642000,,17.21,16.27,16.28,16.27,17.18,17.19,17.19,17.19,5.00,17.14
2026/05/22,48,28415850,22958550,18663100,16.36,15.07,15.07,15.07,16.25,16.25,16.25,16.25,6.78,16.25,,16.40,,,,,,16.40,15.10,15.07,15.28,16.26,16.25,16.25,16.23,6.79,16.12,,10444050,3798750,630750,520050,,16.40,15.19,15.22,15.18,16.33,16.25,16.28,16.32,6.78,16.16
2026/05/23,1,25502550,22130250,17483450,17.09,18.49,18.49,18.49,18.49,16.73,16.73,16.73,7.07,16.00,,17.07,,,,,,17.07,18.49,18.49,18.49,18.49,16.73,16.72,16.73,7.08,15.73,,7575800,1785200,872900,558850,,17.07,18.49,18.49,18.49,18.50,16.70,16.73,16.73,7.07,15.85
2026/05/23,2,26023000,21484250,16758150,17.01,19.18,19.18,19.18,19.18,16.34,16.34,16.34,6.98,14.96,,16.99,,,,,,16.99,19.18,19.18,19.18,19.18,16.34,16.32,16.34,6.98,14.77,,9156700,1943000,992050,679000,,16.99,19.18,19.18,19.18,19.18,16.26,16.34,16.34,6.98,14.85
2026/05/23,3,26287100,20850900,16103900,16.60,18.50,18.50,18.50,18.50,15.87,15.87,15.87,6.97,13.59,,16.59,,,,,,16.59,18.50,18.50,18.50,18.50,15.87,15.85,15.75,6.97,13.58,,9675600,1893000,1039000,724950,,16.59,18.50,18.50,18.50,18.50,15.69,15.87,15.87,6.97,13.58
2026/05/23,4,26616350,20755900,15979800,16.29,18.49,18.49,18.49,18.49,14.33,14.33,14.33,7.02,11.77,,16.28,,,,,,16.28,18.49,18.49,18.49,18.49,14.33,14.32,14.33,7.02,11.77,,9867200,1808050,1039150,725150,,16.28,18.48,18.49,18.49,18.49,14.28,14.33,14.33,7.02,11.77
2026/05/23,5,26649300,20735150,16055800,16.29,18.49,18.49,18.49,18.49,14.33,14.33,14.33,6.98,11.77,,16.29,,,,,,16.29,18.49,18.49,18.49,18.49,14.33,14.33,14.33,6.98,11.77,,9785500,1710750,840200,725300,,16.29,18.49,18.49,18.49,18.49,14.31,14.33,14.33,6.98,11.77
2026/05/23,6,26800150,20779400,16111750,16.29,18.49,18.49,18.49,18.49,15.87,15.87,15.87,7.00,11.77,,16.28,,,,,,16.28,18.49,18.49,18.49,18.49,15.87,15.84,15.83,7.00,11.77,,9734450,1612850,841950,726800,,16.28,18.49,18.49,18.49,18.49,15.72,15.87,15.87,7.00,11.77
2026/05/23,7,26857800,21360100,16386700,16.64,18.49,18.49,18.49,18.49,16.34,16.34,16.34,6.99,13.59,,16.64,,,,,,16.64,18.49,18.48,18.49,18.49,16.34,16.34,16.34,6.99,13.56,,9699150,1602900,834200,719350,,16.64,18.49,18.49,18.49,18.47,16.33,16.34,16.34,6.99,13.58
2026/05/23,8,26953000,21236050,16369700,16.61,18.14,18.14,18.14,18.14,16.73,16.73,16.73,7.04,13.59,,16.61,,,,,,16.61,18.14,18.13,18.14,18.14,16.73,16.73,16.73,7.04,13.59,,9656050,1557900,832150,717700,,16.61,18.14,18.14,18.14,18.14,16.71,16.73,16.73,7.04,13.59
2026/05/23,9,26995800,21435350,16522700,16.65,18.49,18.49,18.49,18.49,16.45,16.45,16.45,7.08,13.59,,16.65,,,,,,16.65,18.49,18.49,18.49,18.49,16.45,16.44,16.45,7.08,13.59,,9732250,1555150,831350,717200,,16.65,18.49,18.49,18.49,18.49,16.43,16.45,16.45,7.08,13.59
2026/05/23,10,27035450,21391400,16314850,16.64,17.00,17.00,18.02,18.02,16.75,16.75,16.75,7.08,14.96,,16.63,,,,,,16.63,17.00,17.00,18.02,18.02,16.75,16.75,16.69,7.08,14.87,,9756350,1491550,852050,718400,,16.63,17.00,17.00,18.03,18.02,16.67,16.75,16.75,7.08,14.91
2026/05/23,11,26442050,20348600,15144300,16.34,15.87,15.87,16.89,16.89,16.73,16.73,16.73,7.08,15.43,,16.33,,,,,,16.33,15.87,15.87,16.89,16.91,16.73,16.73,16.68,7.08,15.33,,9904450,1374350,979050,740700,,16.33,15.87,15.87,16.89,16.92,16.67,16.73,16.73,7.08,15.38
2026/05/23,12,27091350,19528650,15072550,15.00,8.81,8.81,16.64,16.64,14.33,14.33,14.33,7.00,14.33,,14.99,,,,,,14.99,8.81,8.81,16.64,16.65,14.33,14.31,14.33,7.00,14.24,,10205850,1459350,1035800,799000,,14.99,8.81,8.81,16.64,16.65,14.29,14.33,14.33,7.00,14.26
2026/05/23,13,28392450,18556250,15326300,11.55,8.58,8.58,15.90,15.90,13.65,13.65,13.65,6.80,11.77,,11.57,,,,,,11.57,8.58,8.58,15.89,15.89,13.65,13.64,13.65,6.80,11.77,,10722550,1477950,1028450,800700,,11.57,8.58,8.58,15.87,15.89,13.63,13.66,13.67,6.80,11.77
2026/05/23,14,29508350,18293500,15673950,8.99,4.00,4.00,11.39,11.39,9.56,9.56,9.56,3.00,9.56,,8.98,,,,,,8.98,4.42,4.00,11.39,11.41,9.56,9.56,9.56,3.00,9.56,,11246400,1593850,1344600,796100,,8.98,4.12,4.07,11.40,11.38,9.56,9.56,9.56,3.00,9.56
2026/05/23,15,31220700,18441900,16310100,6.50,2.00,2.00,9.71,9.71,8.08,8.08,8.08,6.80,8.08,,6.50,,,,,,6.50,2.32,1.98,9.72,9.74,8.08,8.08,8.08,6.80,8.08,,11753050,1656250,1864750,1131550,,6.50,2.02,2.06,9.73,9.74,8.08,8.08,8.08,6.80,8.08
2026/05/23,16,32762650,21506550,17785350,9.50,0.01,0.01,16.15,16.15,8.91,8.91,8.91,6.88,1.00,,9.48,,,,,,9.48,0.14,0.01,16.10,16.16,8.91,8.91,8.91,6.89,1.00,,12074300,1626600,2947350,1898150,,9.48,0.03,0.03,16.09,16.16,8.91,8.91,8.91,6.88,1.00
2026/05/23,17,33735750,22488500,18357200,9.71,0.01,0.01,14.80,14.80,11.00,11.00,11.00,11.00,0.01,,9.69,,,,,,9.69,0.03,0.01,14.79,14.78,11.00,11.00,11.00,11.00,0.01,,12331250,1790800,3852650,2328750,,9.69,0.01,0.01,14.78,14.78,11.00,11.00,11.00,11.00,0.01
2026/05/23,18,34948400,23245950,19012350,9.07,0.01,0.01,13.40,13.40,12.78,12.78,11.00,11.00,0.01,,9.08,,,,,,9.08,0.01,0.01,13.40,13.40,12.78,12.78,11.00,11.00,0.01,,12412750,1800450,4360400,2338350,,9.08,0.01,0.01,13.40,13.39,12.78,12.80,11.00,11.00,0.01
2026/05/23,19,35839450,23898100,19402900,9.00,0.01,0.01,12.09,12.09,12.09,12.09,10.86,10.86,0.01,,8.99,,,,,,8.99,0.02,0.01,12.10,12.10,12.09,12.09,10.86,10.86,0.01,,12485250,1814450,4825500,2459000,,8.99,0.01,0.01,12.10,12.10,12.09,12.10,10.86,10.86,0.01
2026/05/23,20,36531550,24209500,19657700,8.50,0.01,0.01,11.81,11.81,11.81,11.81,9.46,9.46,0.01,,8.51,,,,,,8.51,0.02,0.01,11.82,11.84,11.80,11.81,9.46,9.43,0.01,,12502500,1779900,4852100,2461600,,8.51,0.01,0.01,11.81,11.82,11.81,11.87,9.46,9.46,0.01
2026/05/23,21,37047450,24157050,19537950,8.16,0.01,0.01,11.37,11.37,11.37,11.37,9.10,9.10,0.01,,8.19,,,,,,8.19,0.01,0.01,11.38,11.39,11.37,11.38,9.10,9.11,0.01,,12463550,1800800,4808850,2423400,,8.19,0.01,0.01,11.39,11.38,11.37,11.39,9.10,9.10,0.01
2026/05/23,22,37470050,23913900,19787850,6.85,0.01,0.01,10.69,10.69,10.69,10.69,9.11,7.37,0.01,,6.90,,,,,,6.90,0.02,0.01,10.72,10.74,10.69,10.69,9.12,7.38,0.01,,12505200,1812450,4786900,2499500,,6.90,0.01,0.01,10.71,10.71,10.69,10.76,9.23,7.37,0.01
2026/05/23,23,37716700,23949450,19737600,7.44,0.01,0.01,10.00,10.00,10.00,10.00,10.00,7.06,0.01,,7.48,,,,,,7.48,0.02,0.01,10.03,10.08,10.00,10.02,10.05,7.07,0.01,,12509100,1813000,4762850,2625450,,7.48,0.01,0.01,10.01,10.11,10.01,10.07,10.07,7.06,0.01
2026/05/23,24,37658900,24402600,19808350,8.00,0.01,0.01,10.72,10.72,10.72,10.72,10.72,7.05,0.01,,8.02,,,,,,8.02,0.01,0.01,10.72,10.72,10.78,10.74,10.75,7.06,0.01,,12448150,1815950,4772450,2635050,,8.02,0.01,0.01,10.72,10.74,10.72,10.74,10.75,7.05,0.01
2026/05/23,25,37849850,23934700,19586950,6.78,0.01,0.01,10.70,10.70,10.70,10.70,10.70,7.04,0.01,,6.82,,,,,,6.82,0.05,0.01,10.69,10.70,10.71,10.71,10.66,7.03,0.01,,12443850,1619050,4671900,2509500,,6.82,0.02,0.02,10.69,10.72,10.70,10.73,10.62,7.04,0.01
2026/05/23,26,37622000,24075300,19395700,7.65,0.01,0.01,10.72,10.72,10.72,10.72,10.72,7.05,0.01,,7.67,,,,,,7.67,0.01,0.01,10.71,10.69,10.71,10.70,10.71,7.05,0.01,,12511500,1596800,4678600,2466800,,7.67,0.01,0.01,10.69,10.69,10.72,10.72,10.71,7.05,0.01
2026/05/23,27,37066200,23841050,19219550,8.34,0.01,0.01,12.22,12.22,12.22,12.22,12.22,7.08,0.01,,8.34,,,,,,8.34,0.01,0.01,12.21,12.21,12.22,12.22,12.19,7.07,0.01,,12712150,1648750,4504250,2388900,,8.34,0.01,0.01,12.21,12.21,12.22,12.20,12.18,7.08,0.01
2026/05/23,28,36384050,23633100,19054850,8.91,0.01,0.01,12.78,12.78,12.78,12.78,12.78,9.46,0.01,,8.90,,,,,,8.90,0.01,0.01,12.77,12.76,12.78,12.76,12.43,9.45,0.01,,12742050,1595000,3926050,2155200,,8.90,0.01,0.01,12.76,12.76,12.78,12.77,12.63,9.46,0.01
2026/05/23,29,35607150,23495850,19473050,8.14,0.01,0.01,14.31,14.31,14.31,14.31,8.16,8.00,0.01,,8.16,,,,,,8.16,0.02,0.01,14.31,14.28,14.31,14.30,8.17,8.00,0.01,,12683150,1780150,3491150,2188700,,8.16,0.02,0.01,14.28,14.29,14.31,14.31,8.17,8.00,0.01
2026/05/23,30,34614900,23864100,19352650,9.56,0.04,0.01,16.27,16.27,16.27,16.27,8.16,6.81,0.01,,9.60,,,,,,9.60,0.06,0.01,16.27,16.26,16.26,16.25,8.16,6.80,0.01,,12377700,1779900,3433250,2307700,,9.60,0.06,0.01,16.26,16.25,16.27,16.27,8.16,6.81,0.01
2026/05/23,31,34129700,23661600,19341100,10.00,1.01,1.01,16.95,16.95,16.95,16.95,8.16,6.94,0.01,,10.01,,,,,,10.01,1.20,1.00,16.95,16.92,16.95,16.92,8.35,6.94,0.01,,12095400,1763400,3230550,2312500,,10.01,1.05,1.05,16.94,16.92,16.95,16.95,8.22,6.94,0.01
2026/05/23,32,32587100,22116150,18009600,10.81,4.00,4.00,16.28,16.28,16.28,16.28,16.28,6.96,7.82,,10.87,,,,,,10.87,4.00,4.00,16.29,16.29,16.28,16.28,16.26,6.96,7.73,,11870700,1734600,2739350,2230350,,10.87,4.00,4.00,16.30,16.28,16.28,16.28,16.27,6.96,7.76
2026/05/23,33,30963500,21392050,17638950,9.07,7.34,7.34,14.33,14.33,14.33,14.33,14.33,6.99,9.07,,9.12,,,,,,9.12,7.38,7.34,14.33,14.34,14.33,14.33,14.33,6.99,9.14,,11647800,1886400,1685050,1536050,,9.12,7.34,7.35,14.33,14.33,14.33,14.33,14.34,6.99,9.12
2026/05/23,34,30025100,22091600,16951650,12.23,11.00,11.00,16.45,16.45,16.45,16.45,16.45,6.80,9.31,,12.27,,,,,,12.27,11.00,11.00,16.45,16.46,16.45,16.45,16.45,6.81,9.31,,11401650,1735900,1360450,1099950,,12.27,11.00,11.00,16.45,16.46,16.45,16.45,16.45,6.80,9.31
2026/05/23,35,29652150,22392950,16448750,14.96,14.00,14.00,16.46,16.46,16.46,16.46,16.46,3.00,11.77,,14.96,,,,,,14.96,14.00,14.00,16.46,16.46,16.46,16.46,16.46,3.05,11.77,,11420800,1703100,1050200,791200,,14.96,14.00,14.00,16.46,16.47,16.46,16.46,16.48,3.02,11.94
2026/05/23,36,29494500,22879250,16695750,16.17,15.00,16.00,17.39,17.39,17.39,17.39,17.39,5.00,16.45,,16.19,,,,,,16.19,15.01,16.00,17.40,17.41,17.39,17.37,17.39,5.00,16.45,,11251500,1692950,1032000,681500,,16.19,15.00,16.00,17.42,17.39,17.39,17.39,17.38,5.00,16.44
2026/05/23,37,29378850,23738950,16866500,16.45,15.76,16.61,18.49,17.39,17.39,17.39,17.39,6.96,17.39,,16.46,,,,,,16.46,15.76,16.61,18.49,17.39,17.39,17.36,17.37,6.96,17.36,,11316700,1663400,1017900,657850,,16.46,15.76,16.61,18.50,17.38,17.39,17.39,17.38,6.96,17.33
2026/05/23,38,29060250,24598850,16883700,17.39,18.00,18.00,19.00,17.39,17.39,17.39,17.39,7.00,17.39,,17.39,,,,,,17.39,18.00,18.00,19.00,17.40,17.39,17.39,17.39,7.00,17.39,,11461700,1737850,891800,656750,,17.39,18.00,18.00,19.00,17.39,17.39,17.39,17.40,7.00,17.40
2026/05/23,39,29008300,24470500,17058050,17.39,19.18,19.18,19.38,17.39,17.39,17.39,17.39,7.02,17.39,,17.41,,,,,,17.41,19.18,19.17,19.39,17.39,17.39,17.39,17.39,7.02,17.35,,11459500,1821550,769500,654950,,17.41,19.18,19.18,19.40,17.38,17.39,17.37,17.39,7.02,17.39
2026/05/23,40,29068000,23977200,16865750,17.00,18.63,18.63,18.63,17.39,17.39,17.39,17.39,7.05,17.39,,17.00,,,,,,17.00,18.63,18.63,18.63,17.39,17.39,17.37,17.39,7.05,17.37,,11493800,1836500,767400,652850,,17.00,18.63,18.63,18.63,17.38,17.39,17.39,17.39,7.05,17.36
2026/05/23,41,28603900,23036700,16347200,16.83,16.85,16.85,18.49,18.49,17.39,17.39,17.39,6.98,17.39,,16.84,,,,,,16.84,16.85,16.86,18.49,18.49,17.39,17.36,17.52,6.98,17.39,,11464900,1759950,761650,646100,,16.84,16.85,16.85,18.49,18.50,17.39,17.40,17.39,6.98,17.32
2026/05/23,42,28086350,23015350,16106500,17.00,16.55,16.55,19.34,19.34,17.39,17.39,17.39,6.98,17.39,,17.07,,,,,,17.07,16.55,16.61,19.36,19.35,17.39,17.34,17.74,6.98,17.38,,11480200,1725750,757000,641450,,17.07,16.55,16.57,19.37,19.41,17.39,17.44,17.39,6.98,17.27
2026/05/23,43,27788050,22505050,15473100,16.69,16.61,16.61,18.75,18.75,17.39,17.39,17.39,7.00,17.39,,16.75,,,,,,16.75,16.61,16.69,18.77,18.76,17.39,17.32,17.84,7.10,17.37,,11551700,1606850,753800,636750,,16.75,16.63,16.63,18.83,18.77,17.39,17.40,17.39,7.06,17.24
2026/05/23,44,27862200,21871650,15245400,16.45,15.80,15.80,18.49,18.49,17.17,17.17,17.17,6.99,17.17,,16.51,,,,,,16.51,15.80,15.81,18.51,18.50,17.17,17.10,17.67,7.02,17.16,,11637400,1555300,1035550,721500,,16.51,15.81,15.80,18.56,18.53,17.17,17.19,17.18,7.00,17.12
2026/05/23,45,28442300,21652950,15768200,16.17,15.82,15.82,18.13,18.13,16.45,16.45,16.45,6.97,16.45,,16.24,,,,,,16.24,15.82,15.82,18.16,18.14,16.45,16.43,17.29,6.97,16.39,,11546550,1540200,1033900,744400,,16.24,15.82,15.82,18.27,18.16,16.45,16.47,16.49,6.97,16.38
2026/05/23,46,28577850,21187050,16196300,16.49,15.50,15.50,19.57,19.57,15.87,15.87,15.87,6.94,15.87,,16.57,,,,,,16.57,15.50,15.51,19.58,19.57,15.87,15.82,17.11,6.94,15.79,,11564700,1551350,1031700,742200,,16.57,15.51,15.50,19.58,19.60,15.87,16.23,15.91,6.94,15.74
2026/05/23,47,28151900,20846150,16012500,16.65,13.77,13.77,19.00,19.00,16.00,16.00,16.00,6.96,16.00,,16.71,,,,,,16.71,13.77,13.77,19.00,19.00,16.00,16.00,17.06,6.96,15.94,,11161900,1548300,1031650,740650,,16.71,13.77,13.77,19.10,19.02,16.00,16.02,16.01,6.96,15.96
2026/05/23,48,27703800,19756050,15602050,16.17,15.84,15.84,18.49,18.49,14.15,14.15,14.15,7.00,14.15,,16.24,,,,,,16.24,15.84,15.84,18.49,18.49,14.15,14.15,15.65,7.00,14.14,,10926600,1634400,624550,530550,,16.24,15.84,15.84,18.50,18.58,14.15,14.49,14.16,7.00,14.14
2026/05/24,1,25877000,19015000,15772000,15.86,13.92,13.92,17.63,17.35,13.65,13.65,13.65,9.07,13.59,,15.92,,,,,,15.92,13.92,13.94,17.64,17.36,13.65,13.65,15.05,9.07,13.54,,8577500,1379400,869550,799050,,15.92,13.94,13.92,17.76,17.38,13.65,13.65,14.03,9.07,13.56
2026/05/24,2,26316550,18716650,15255650,13.65,13.80,13.80,16.84,16.84,11.77,11.77,11.77,7.08,11.77,,13.73,,,,,,13.73,13.80,13.80,16.90,16.86,11.77,11.77,12.78,7.08,11.76,,9605500,1555100,1089200,918700,,13.73,13.80,13.80,16.91,16.97,11.77,11.77,12.31,7.08,11.85
2026/05/24,3,26551500,18585150,15279150,13.31,12.74,12.74,17.09,17.09,9.78,9.78,9.78,7.08,9.78,,13.34,,,,,,13.34,12.74,12.74,17.11,17.10,9.78,9.78,10.52,7.08,9.78,,10195900,1592950,1233350,962850,,13.34,12.74,12.74,17.12,17.11,9.78,9.78,9.79,7.08,10.14
2026/05/24,4,26637050,18492600,15117200,12.18,14.06,14.06,17.06,17.06,9.78,9.78,9.78,7.08,9.78,,12.23,,,,,,12.23,14.06,14.06,17.10,17.06,9.78,9.78,10.53,7.08,9.78,,10316300,1597200,1231900,961400,,12.23,14.06,14.06,17.11,17.07,9.78,9.78,9.79,7.08,10.14
2026/05/24,5,26763300,18463250,14989450,11.77,9.92,9.92,17.32,17.32,9.10,9.10,9.10,7.08,9.10,,11.80,,,,,,11.80,9.94,9.92,17.33,17.32,9.10,9.10,9.84,7.08,9.10,,10409050,1629100,1135350,738850,,11.80,9.93,9.92,17.33,17.33,9.10,9.10,9.10,7.08,9.57
2026/05/24,6,26665000,18915950,15225800,14.15,10.15,10.15,17.76,17.76,9.78,9.78,9.78,9.07,9.78,,14.15,,,,,,14.15,10.16,10.16,17.76,17.76,9.78,9.78,10.46,9.06,9.78,,10342250,1569450,1134000,737500,,14.15,10.15,10.15,17.76,17.77,9.78,9.78,9.78,9.07,10.16
2026/05/24,7,26743700,19579750,15605050,15.87,15.87,15.87,18.34,18.34,11.77,11.77,11.77,10.36,11.77,,15.98,,,,,,15.98,15.87,15.87,18.55,18.37,11.77,11.77,12.42,10.35,11.77,,10393500,1559800,1225250,728750,,15.98,15.87,15.87,18.49,18.70,11.77,11.77,12.04,10.36,11.94
2026/05/24,8,26790850,20018350,15796450,16.17,16.61,16.61,18.34,18.34,13.59,13.59,13.59,13.59,13.59,,16.30,,,,,,16.30,16.61,16.61,18.54,18.38,13.59,13.59,14.42,13.59,13.53,,10460250,1590850,1225000,728500,,16.30,16.61,16.61,18.49,18.62,13.59,13.87,13.77,13.61,13.56
2026/05/24,9,26714300,20203700,15859500,16.35,16.61,16.61,18.49,18.49,13.79,13.79,13.79,13.79,13.79,,16.41,,,,,,16.41,16.61,16.61,18.60,18.52,13.79,13.79,14.35,13.79,13.68,,10486450,1581350,1224250,728250,,16.41,16.61,16.61,18.66,18.51,13.79,13.97,13.83,13.87,13.74
2026/05/24,10,26678100,20344800,15817700,16.45,16.61,16.61,18.49,18.49,13.81,13.81,13.81,13.81,13.81,,16.52,,,,,,16.52,16.61,16.61,18.62,18.52,13.81,13.81,14.24,13.81,13.78,,10455800,1555450,1233650,728150,,16.52,16.61,16.61,18.56,18.78,13.81,13.87,13.86,13.95,13.80
2026/05/24,11,26065950,19478500,14994050,16.17,16.00,16.00,18.27,18.27,13.65,13.65,13.65,13.65,13.65,,16.31,,,,,,16.31,16.01,16.00,18.48,18.34,13.65,13.65,14.33,13.65,13.65,,10449100,1541300,1273200,729700,,16.31,16.00,16.00,18.48,18.56,13.65,13.72,14.01,13.76,13.69
2026/05/24,12,26791750,18459200,14653050,13.22,15.57,15.57,16.77,16.77,11.77,11.77,11.77,11.77,11.77,,13.45,,,,,,13.45,15.57,15.57,17.08,16.84,11.77,11.76,12.07,11.77,11.77,,10747100,1553100,1158700,700200,,13.45,15.57,15.57,17.10,17.18,11.77,11.77,11.77,11.74,11.96
2026/05/24,13,27295300,17612800,14254400,11.56,9.92,9.92,16.17,16.17,10.63,10.63,10.63,9.07,10.63,,11.94,,,,,,11.94,10.02,9.92,16.52,16.39,10.63,10.63,10.63,9.06,10.63,,11228950,1323250,1145850,720850,,11.94,9.93,9.93,16.62,16.70,10.63,10.63,10.63,9.07,10.63
2026/05/24,14,28263050,17049850,14455500,9.07,8.62,8.62,11.59,11.56,9.07,9.07,9.07,6.83,9.07,,9.49,,,,,,9.49,8.62,8.63,12.29,11.56,9.07,9.07,9.07,6.83,9.07,,11534900,1389600,1104800,875800,,9.49,8.62,8.62,12.67,11.53,9.08,9.07,9.08,6.83,9.09
2026/05/24,15,29761750,17295200,15149850,6.97,8.57,8.57,11.39,11.39,8.08,8.08,8.08,6.81,8.08,,7.50,,,,,,7.50,8.57,8.57,12.17,11.41,8.08,8.08,8.08,6.81,8.08,,11907600,1363450,1472850,1127300,,7.50,8.57,8.57,12.47,11.68,8.08,8.08,8.08,6.81,8.08
2026/05/24,16,31327000,19225600,16486300,8.18,7.69,7.69,18.49,7.79,7.79,7.79,7.79,2.00,0.50,,8.31,,,,,,8.31,7.69,7.69,18.50,7.84,9.75,7.79,7.79,2.02,0.50,,12272550,1413300,2001050,1661000,,8.31,7.69,7.69,18.50,8.08,7.79,7.87,8.11,2.01,0.50
2026/05/24,17,32152250,19240900,16594500,7.66,7.66,7.66,18.49,3.00,3.00,3.00,3.00,2.50,0.01,,7.71,,,,,,7.71,7.66,7.67,18.50,3.02,3.37,3.00,3.01,2.56,0.01,,12545350,1227000,2826250,2442200,,7.71,7.67,7.66,18.50,3.06,3.04,3.02,3.02,2.52,0.01
2026/05/24,18,33214350,19842200,16990700,7.61,7.61,7.61,17.73,4.36,4.36,4.36,4.36,4.36,0.01,,7.66,,,,,,7.66,7.61,7.62,17.75,4.36,4.36,4.36,4.36,4.39,0.01,,12715100,1003950,3348700,2804300,,7.66,7.61,7.61,17.76,4.36,4.36,4.36,4.37,4.36,0.01
2026/05/24,19,33930400,21096750,17661600,8.91,7.76,7.76,18.49,9.11,9.11,9.11,9.11,6.93,0.01,,8.95,,,,,,8.95,7.76,7.80,18.49,9.13,9.11,9.11,9.12,6.92,0.01,,12683050,865150,3749700,2976500,,8.95,7.81,7.76,18.49,9.13,9.12,9.11,9.11,6.93,0.01
2026/05/24,20,34769800,21585800,18135800,8.25,4.00,4.00,18.49,8.93,8.93,8.93,8.93,5.00,0.01,,8.28,,,,,,8.28,4.00,4.02,18.49,8.91,8.93,8.93,8.92,5.02,0.01,,12673050,832450,3969400,3082200,,8.28,4.00,4.01,18.49,8.91,8.93,8.92,8.93,5.01,0.01
2026/05/24,21,35216850,21659450,18358300,7.92,5.00,5.00,18.49,8.91,8.91,8.91,8.91,2.90,0.01,,7.96,,,,,,7.96,5.02,5.01,18.49,8.90,8.90,8.90,8.91,2.96,0.01,,12547800,840450,4013950,3181950,,7.96,5.01,5.01,18.49,8.90,8.92,8.91,8.90,2.92,0.01
2026/05/24,22,35604350,21898350,18620700,7.73,5.00,5.00,18.49,8.87,8.87,8.87,8.87,1.00,0.01,,7.78,,,,,,7.78,5.02,5.02,18.49,8.86,8.86,8.87,8.81,1.02,0.01,,12572350,840500,4010150,3128150,,7.78,5.01,5.01,18.49,8.87,8.91,8.86,8.80,1.01,0.01
2026/05/24,23,35888050,21864500,18761800,7.08,7.49,7.49,18.49,8.18,8.18,8.18,8.18,0.11,0.01,,7.15,,,,,,7.15,7.49,7.49,18.50,8.19,8.17,8.18,8.05,0.13,0.01,,12565550,842350,3899650,3117750,,7.15,7.49,7.49,18.50,8.16,8.24,8.16,8.13,0.12,0.01
2026/05/24,24,35761650,22027300,18827400,7.78,8.10,8.10,18.67,8.18,8.18,8.18,8.18,0.02,0.01,,7.83,,,,,,7.83,8.13,8.09,18.67,8.20,8.17,8.18,8.11,0.04,0.01,,12490150,841800,3914300,3132400,,7.83,8.09,8.11,18.67,8.17,8.24,8.17,8.15,0.03,0.01
2026/05/24,25,35678300,21858750,18843450,7.02,7.92,7.92,20.56,5.00,5.00,5.00,5.00,0.02,0.01,,7.08,,,,,,7.08,7.96,7.91,20.54,5.09,5.00,5.00,5.05,0.03,0.01,,12499000,840550,3782000,3100100,,7.08,7.91,7.93,20.54,5.07,5.01,5.02,5.02,0.02,0.01
2026/05/24,26,35548200,21785450,18824550,7.00,7.86,7.86,20.56,6.00,6.00,6.00,6.00,0.02,0.01,,7.05,,,,,,7.05,7.89,7.85,20.55,6.05,6.00,6.00,6.08,0.02,0.01,,12532950,906750,3639850,3056500,,7.05,7.85,7.87,20.55,6.02,6.00,6.01,6.08,0.02,0.01
2026/05/24,27,35302350,21779300,18782150,7.77,7.66,7.66,26.22,3.00,3.00,3.00,3.00,0.02,0.01,,7.85,,,,,,7.85,7.68,7.66,26.20,3.44,4.40,3.00,3.19,0.04,0.01,,12658700,1229300,3545300,2958300,,7.85,7.67,7.66,26.21,3.41,3.10,3.13,3.33,0.03,0.01
2026/05/24,28,34961650,21300300,18764050,7.08,7.71,7.71,25.00,1.50,1.50,1.50,1.50,1.00,0.01,,7.07,,,,,,7.07,7.73,7.71,25.00,1.64,2.53,1.51,1.53,1.02,0.01,,12772450,1503900,3165550,2721150,,7.07,7.72,7.71,25.00,1.74,1.62,1.61,1.61,1.01,0.01
2026/05/24,29,34270750,20972300,18207550,7.04,7.72,7.72,26.22,1.00,1.00,1.00,1.00,1.00,0.01,,7.02,,,,,,7.02,7.73,7.72,26.21,1.19,1.28,1.05,1.03,1.01,0.01,,12783950,1496650,2732650,2412150,,7.02,7.72,7.72,26.21,1.19,1.12,1.08,1.09,1.01,0.01
2026/05/24,30,33544900,21327300,17964100,9.11,7.34,7.34,45.00,7.77,7.77,7.77,7.77,6.93,0.01,,9.96,,,,,,9.96,7.35,7.40,44.61,7.99,7.78,7.77,7.78,6.92,0.01,,12767450,1488050,2681550,2464000,,9.96,7.41,7.34,44.42,8.00,7.77,7.80,7.79,6.93,0.01
2026/05/24,31,33217400,21588250,18076950,11.47,7.34,7.34,50.00,11.41,11.41,11.41,7.15,6.98,0.01,,12.50,,,,,,12.50,7.36,7.35,49.63,11.55,11.41,11.41,7.15,6.98,0.01,,12737650,1431050,2585500,2346450,,12.50,7.34,7.35,49.47,11.58,11.41,11.42,7.15,6.98,0.01
2026/05/24,32,31762200,19865300,16403500,10.00,10.00,10.00,18.49,11.56,11.56,11.56,8.08,6.93,8.08,,10.15,,,,,,10.15,10.03,10.00,18.53,11.74,11.55,11.56,7.98,6.93,8.08,,12600500,1410950,2183150,1905650,,10.15,10.01,10.01,18.55,11.78,11.56,11.58,8.06,6.93,8.07
2026/05/24,33,30513550,19756050,16725150,9.07,15.00,15.00,18.37,7.34,7.34,7.34,7.34,5.00,7.34,,9.31,,,,,,9.31,15.00,15.00,18.44,7.60,7.36,7.34,8.41,5.01,7.47,,12161300,1866150,1463150,1124650,,9.31,15.00,15.00,18.48,7.58,7.34,7.35,7.57,5.00,7.79
2026/05/24,34,29408300,20934000,16704650,11.77,15.76,15.76,18.84,11.41,9.31,9.31,9.31,7.00,9.31,,11.85,,,,,,11.85,15.76,15.76,18.85,11.69,9.32,9.31,9.53,7.00,9.31,,11975950,2026800,1230600,849100,,11.85,15.76,15.76,18.86,11.80,9.31,9.31,9.40,7.00,9.33
2026/05/24,35,28934100,21447800,16925200,16.40,18.12,18.12,18.49,12.15,12.15,12.15,12.15,6.98,12.15,,16.45,,,,,,16.45,18.12,18.11,18.53,12.39,12.16,12.15,13.29,6.96,12.15,,11861550,2577900,1027200,666400,,16.45,18.13,18.13,18.54,12.79,12.15,12.19,12.37,6.97,12.15
2026/05/24,36,28278450,23015350,17308550,19.76,20.14,20.14,22.00,20.38,17.17,17.17,17.17,9.36,17.17,,19.83,,,,,,19.83,20.15,20.16,22.02,20.56,17.17,17.17,18.39,9.35,17.09,,11676400,2546100,1086500,659200,,19.83,20.17,20.14,22.05,20.62,17.17,17.20,17.81,9.35,17.13
2026/05/24,37,28049950,24107700,17762750,22.08,24.74,24.74,34.50,20.51,20.51,20.51,20.51,4.00,19.40,,22.17,,,,,,22.17,24.70,24.60,34.42,20.60,20.51,20.51,21.17,4.11,19.17,,11807350,2800400,1174900,656100,,22.17,24.50,24.74,34.38,20.76,20.51,20.51,20.72,4.05,19.27
2026/05/24,38,27814650,24629100,17873600,26.57,24.74,24.74,45.00,22.10,22.10,22.10,22.10,9.07,22.10,,26.89,,,,,,26.89,24.71,24.79,44.72,22.36,22.10,22.10,22.72,9.07,22.07,,11904250,2823350,1174100,655300,,26.89,24.47,24.82,44.60,22.25,22.10,22.11,22.66,9.07,22.09
2026/05/24,39,27584800,25082450,17937100,28.10,24.05,24.05,35.83,28.79,28.10,28.10,22.10,17.53,22.10,,28.21,,,,,,28.21,24.02,24.01,35.77,29.13,28.10,28.10,23.36,17.52,22.08,,11932350,2966900,1174650,654350,,28.21,23.96,24.05,35.73,29.06,28.10,28.10,22.72,17.53,22.13
2026/05/24,40,27742050,24880950,17885250,26.22,26.57,26.57,34.50,29.23,22.08,22.08,22.08,14.64,22.08,,26.31,,,,,,26.31,26.50,26.64,34.43,29.44,22.08,22.08,22.56,14.63,22.08,,12148300,3041350,1172200,651900,,26.31,26.43,26.60,34.40,29.28,22.08,22.09,22.32,14.64,22.08
2026/05/24,41,28000000,24472800,17658250,24.50,26.22,26.22,26.22,21.92,18.00,18.00,18.00,9.36,18.00,,24.51,,,,,,24.51,26.21,26.18,26.22,22.20,18.00,18.00,18.86,9.36,18.00,,12440850,3326700,1167350,646550,,24.51,26.09,26.23,26.23,22.28,18.00,18.04,18.36,9.36,18.01
2026/05/24,42,28360300,23499700,17815700,19.76,24.27,24.27,24.27,18.00,17.39,17.39,17.39,9.07,17.39,,19.86,,,,,,19.86,24.28,24.27,24.29,18.07,17.39,17.39,18.36,9.07,17.39,,12358050,3353900,1062150,641350,,19.86,24.23,24.33,24.27,18.20,17.39,17.39,17.74,9.07,17.39
2026/05/24,43,27964800,23122650,17341250,19.76,24.02,24.02,24.02,21.17,16.45,16.45,16.45,8.38,16.45,,19.83,,,,,,19.83,24.03,24.02,24.02,21.23,16.45,16.45,17.65,8.38,16.45,,12254400,3277850,956650,635850,,19.83,24.06,24.03,24.02,21.26,16.45,16.50,16.95,8.38,16.45
2026/05/24,44,27820150,22837500,17169400,19.40,19.76,19.76,19.76,19.76,16.34,16.34,16.34,16.34,16.34,,19.41,,,,,,19.41,19.76,19.75,19.77,19.86,16.34,16.34,16.77,16.34,16.34,,12219800,3193100,1139950,678150,,19.41,19.75,19.80,19.76,19.78,16.34,16.34,16.69,16.34,16.34
2026/05/24,45,27513050,21574800,16654200,19.19,19.54,19.54,19.54,19.26,17.17,17.17,17.17,17.17,17.17,,19.22,,,,,,19.22,19.54,19.54,19.55,19.35,17.17,17.17,17.71,17.17,17.17,,12085250,3042400,1139550,684250,,19.22,19.57,19.59,19.57,19.30,17.17,17.17,17.24,17.22,17.17
2026/05/24,46,27400350,20853000,16310800,18.49,18.70,18.70,18.70,18.70,16.45,16.45,16.45,16.45,16.45,,18.51,,,,,,18.51,18.73,18.71,18.73,18.71,16.45,16.45,16.87,16.45,16.45,,12006700,3015650,1036950,681650,,18.51,18.73,18.74,18.73,18.74,16.45,16.46,16.45,16.48,16.44
2026/05/24,47,27153200,20494400,16225900,18.00,18.49,18.49,18.49,18.49,16.45,16.45,16.45,16.45,16.45,,18.02,,,,,,18.02,18.49,18.50,18.51,18.50,16.45,16.45,16.95,16.45,16.45,,11716900,2941500,1035600,680300,,18.02,18.50,18.54,18.50,18.53,16.45,16.45,16.45,16.51,16.46
2026/05/24,48,26693250,19257350,16057550,16.73,17.00,17.00,17.00,17.00,14.15,14.15,14.15,8.45,14.15,,16.80,,,,,,16.80,17.00,17.01,17.12,17.01,14.15,14.15,15.09,8.45,14.08,,11126150,3029450,681500,567200,,16.80,17.04,17.12,17.07,17.25,14.15,14.15,14.19,8.45,14.11
2026/05/25,1,25469450,18794650,16005650,15.90,17.81,17.81,17.81,16.70,14.15,14.15,14.15,0.01,13.18,,15.90,,,,,,15.90,17.81,17.81,17.81,16.70,14.15,14.15,14.15,0.01,13.17,,8886650,2472500,820550,598000,,15.90,17.81,17.81,17.81,16.70,14.15,14.15,14.15,0.01,13.18
2026/05/25,2,25937900,19181800,15623100,16.17,17.69,17.69,17.69,16.82,14.33,14.33,14.33,0.02,11.77,,16.17,,,,,,16.17,17.69,17.69,17.69,16.82,14.33,14.33,14.33,0.02,11.77,,10635750,2790550,983900,742350,,16.17,17.69,17.69,17.69,16.82,14.33,14.33,14.33,0.02,11.77
2026/05/25,3,26227050,18913050,15611550,15.87,17.69,17.69,17.69,16.83,13.65,13.65,13.65,0.02,11.77,,15.87,,,,,,15.87,17.69,17.69,17.69,16.84,13.65,13.65,13.65,0.02,11.75,,11103350,2920850,905350,663300,,15.87,17.69,17.69,17.69,16.83,13.65,13.65,13.65,0.02,11.76
2026/05/25,4,26423850,18827750,15554250,15.43,17.69,17.69,17.69,16.74,13.65,13.65,13.65,0.01,11.77,,,,,,,,,,,,,,,,,,,11250650,2940350,904150,662650,,,,,,,,,,,
2026/05/25,5,26413400,18749750,15480300,15.19,16.26,16.26,16.26,16.26,13.65,13.65,13.65,0.01,11.77,,,,,,,,,,,,,,,,,,,11018400,2891400,746300,637250,,,,,,,,,,,
2026/05/25,6,26319800,19219450,15684750,16.32,17.69,17.69,17.69,16.89,14.33,14.33,14.33,0.01,11.77,,,,,,,,,,,,,,,,,,,10921450,2858850,916650,708350,,,,,,,,,,,
2026/05/25,7,26226050,19582750,15698300,16.85,17.69,17.69,17.69,17.03,15.50,15.50,15.50,0.01,14.50,,,,,,,,,,,,,,,,,,,10928950,2822900,989600,700850,,,,,,,,,,,
2026/05/25,8,26278400,19939550,15886000,17.00,18.30,18.30,18.30,18.04,14.33,14.33,14.33,0.02,14.33,,,,,,,,,,,,,,,,,,,10933650,2790700,973000,684600,,,,,,,,,,,
2026/05/25,9,26224150,20216450,16110450,17.39,18.49,18.49,18.49,18.07,15.43,15.43,15.43,0.03,15.43,,,,,,,,,,,,,,,,,,,10878250,2760900,927300,699700,,,,,,,,,,,
2026/05/25,10,26135250,20459350,16056450,17.61,18.49,18.49,18.49,18.49,15.98,15.98,15.98,2.90,15.98,,,,,,,,,,,,,,,,,,,10890450,2784050,928150,699750,,,,,,,,,,,
2026/05/25,11,26463200,20409400,16261100,17.30,18.25,18.25,18.25,18.25,15.98,15.98,15.98,2.90,15.98,,,,,,,,,,,,,,,,,,,11009750,2815800,865950,657400,,,,,,,,,,,
2026/05/25,12,27194400,19688900,16572200,16.48,17.37,17.37,17.37,16.96,15.43,15.43,15.43,0.02,15.43,,,,,,,,,,,,,,,,,,,11288150,2852750,734300,616250,,,,,,,,,,,
2026/05/25,13,28543350,19712900,16808750,14.15,16.55,16.55,16.55,16.55,13.00,13.00,13.00,0.01,11.77,,,,,,,,,,,,,,,,,,,11754950,2889200,935450,780400,,,,,,,,,,,
2026/05/25,14,29734300,19853200,17549650,11.39,15.00,13.45,13.45,13.45,13.40,13.40,13.40,0.01,9.78,,,,,,,,,,,,,,,,,,,12081500,3055850,1412350,1272300,,,,,,,,,,,
2026/05/25,15,31363750,20479400,18744750,9.07,9.87,9.87,11.53,11.53,10.20,10.20,10.20,0.01,9.28,,,,,,,,,,,,,,,,,,,12505050,3204450,1764350,1696850,,,,,,,,,,,
2026/05/25,16,33231100,21305650,19378400,8.08,8.08,8.08,12.46,11.76,5.00,5.00,5.00,0.01,5.00,,,,,,,,,,,,,,,,,,,13049350,3300300,2004900,1939900,,,,,,,,,,,
2026/05/25,17,34820000,22705500,20873150,9.07,8.69,8.69,11.45,11.45,11.45,11.45,8.00,5.00,8.00,,,,,,,,,,,,,,,,,,,13271200,3183800,2025900,1980400,,,,,,,,,,,
2026/05/25,18,35710300,24286100,21602300,9.53,7.15,7.15,11.76,11.76,11.76,11.76,8.99,8.99,8.99,,,,,,,,,,,,,,,,,,,13055350,2983650,2227950,1997550,,,,,,,,,,,
2026/05/25,19,37113750,24577300,22292750,9.07,7.17,7.17,11.76,11.76,11.76,11.76,2.80,2.80,2.80,,,,,,,,,,,,,,,,,,,13258150,2981950,2238800,1996400,,,,,,,,,,,
2026/05/25,20,37959300,25463250,23110100,9.00,2.00,2.00,13.26,13.26,13.26,13.26,2.50,2.50,2.50,,,,,,,,,,,,,,,,,,,13232550,2993600,2664950,2294550,,,,,,,,,,,
2026/05/25,21,38465750,26376150,23759850,9.07,1.01,1.01,15.00,15.00,15.00,15.00,2.90,1.00,0.04,,,,,,,,,,,,,,,,,,,13085000,2990800,2926300,2463850,,,,,,,,,,,
2026/05/25,22,38805350,27025750,24136200,9.07,1.00,1.00,15.98,15.98,15.98,15.98,8.87,1.00,0.01,,,,,,,,,,,,,,,,,,,13017750,2996850,3296150,2728600,,,,,,,,,,,
2026/05/25,23,38979850,27670850,24243850,9.28,1.00,1.00,16.17,16.17,16.17,16.17,7.78,0.02,0.01,,,,,,,,,,,,,,,,,,,13019300,2995850,3573700,2742600,,,,,,,,,,,
2026/05/25,24,39121100,28207900,24476450,9.49,1.00,1.00,16.17,16.17,16.17,16.17,8.55,0.01,0.01,,,,,,,,,,,,,,,,,,,12924600,2997350,3958550,2781400,,,,,,,,,,,
2026/05/25,25,39243250,27529050,24138200,8.18,0.01,0.01,16.09,12.15,12.15,12.15,3.00,0.01,0.01,,,,,,,,,,,,,,,,,,,12757100,2987700,3992350,2652400,,,,,,,,,,,
2026/05/25,26,39442450,27005950,24408950,6.00,0.10,0.10,16.08,11.31,11.31,11.31,7.72,0.01,0.01,,,,,,,,,,,,,,,,,,,12762800,3002250,3843150,2765500,,,,,,,,,,,
2026/05/25,27,38780050,28086400,24458500,9.65,2.90,2.90,17.32,16.52,16.52,16.52,10.73,0.01,0.01,,,,,,,,,,,,,,,,,,,12674200,3025750,3424050,2559750,,,,,,,,,,,
2026/05/25,28,37827750,28337750,23894700,11.39,3.00,4.00,17.69,15.00,15.00,15.00,5.00,0.01,1.50,,,,,,,,,,,,,,,,,,,12445550,3035250,2681250,1826350,,,,,,,,,,,
2026/05/25,29,37253550,28437900,23782900,9.65,7.24,7.24,18.49,16.34,16.34,16.34,10.20,0.01,7.82,,,,,,,,,,,,,,,,,,,12148350,3077450,2566000,1663300,,,,,,,,,,,
2026/05/25,30,36300300,28364750,23734900,13.65,8.78,8.78,24.50,16.83,14.15,14.15,9.28,0.01,9.28,,,,,,,,,,,,,,,,,,,12038750,3141700,2156100,1449450,,,,,,,,,,,
2026/05/25,31,34707050,28090700,23445800,15.98,9.37,9.37,34.90,17.02,10.99,10.99,9.49,0.01,9.49,,,,,,,,,,,,,,,,,,,11920200,3401400,1547150,956550,,,,,,,,,,,
2026/05/25,32,33386500,27635000,23102000,16.77,15.00,15.00,24.80,19.00,13.65,13.65,10.40,0.01,9.78,,,,,,,,,,,,,,,,,,,11667250,3856450,1092900,748900,,,,,,,,,,,
2026/05/25,33,32461100,28549850,22771500,17.49,15.15,17.49,20.23,20.23,16.34,16.34,16.34,0.01,11.77,,,,,,,,,,,,,,,,,,,11398200,4391850,876650,717650,,,,,,,,,,,
2026/05/25,34,30550400,29084450,22516950,20.11,15.14,25.01,25.01,25.01,21.00,21.00,21.00,0.01,17.87,,,,,,,,,,,,,,,,,,,11065850,4635500,837450,708900,,,,,,,,,,,
2026/05/25,35,29257600,28693800,22107450,23.00,15.00,26.50,26.50,26.50,23.00,23.00,23.00,0.02,19.40,,,,,,,,,,,,,,,,,,,10980200,5057850,818950,693550,,,,,,,,,,,
2026/05/25,36,27932650,29272100,21792050,34.50,20.00,35.83,35.83,35.83,30.00,30.00,30.00,2.90,21.00,,,,,,,,,,,,,,,,,,,10573650,5060450,810100,684700,,,,,,,,,,,
2026/05/25,37,27166000,29212700,21195500,36.12,15.19,40.26,40.26,40.26,29.50,29.50,29.50,0.03,29.50,,,,,,,,,,,,,,,,,,,10469850,5060100,803600,678200,,,,,,,,,,,
2026/05/25,38,26771150,29458800,20986800,40.41,20.00,50.00,50.00,40.41,40.41,40.41,40.41,3.00,40.41,,,,,,,,,,,,,,,,,,,10573800,5065300,800800,675400,,,,,,,,,,,
2026/05/25,39,26749800,28831400,20720150,39.93,15.95,44.90,44.90,35.99,34.50,34.50,34.50,4.00,34.50,,,,,,,,,,,,,,,,,,,10649550,5058400,798100,672650,,,,,,,,,,,
2026/05/25,40,26906350,28118300,20572200,33.40,35.83,35.83,35.83,35.83,27.35,27.35,27.35,3.00,27.35,,,,,,,,,,,,,,,,,,,10783800,5042800,793250,667800,,,,,,,,,,,
2026/05/25,41,26690150,27185600,19999650,29.50,33.36,33.36,33.36,33.36,22.00,22.00,22.00,2.00,22.00,,,,,,,,,,,,,,,,,,,10870400,5034950,685400,659900,,,,,,,,,,,
2026/05/25,42,26632250,26489350,19639600,24.80,30.00,30.00,30.00,30.00,17.50,17.50,17.50,9.07,17.50,,,,,,,,,,,,,,,,,,,10858750,4962900,679550,654050,,,,,,,,,,,
2026/05/25,43,26545450,26145500,19548100,24.50,24.80,24.80,24.80,24.80,23.00,23.00,23.00,5.00,19.40,,,,,,,,,,,,,,,,,,,10898900,4955600,673800,648300,,,,,,,,,,,
2026/05/25,44,26667150,25787300,19291450,20.00,21.15,21.15,21.15,21.15,17.87,17.87,17.87,3.00,17.87,,,,,,,,,,,,,,,,,,,10925850,4996250,1031100,744600,,,,,,,,,,,
2026/05/25,45,26692900,24841650,19387550,20.05,24.80,24.80,24.80,24.80,17.31,17.31,17.31,3.00,17.31,,,,,,,,,,,,,,,,,,,11053150,5056500,1046950,764400,,,,,,,,,,,
2026/05/25,46,26615850,24228600,19389350,20.20,25.00,25.00,25.00,25.00,16.45,16.45,16.45,2.90,16.45,,,,,,,,,,,,,,,,,,,11023550,5047950,990300,709250,,,,,,,,,,,
2026/05/25,47,26188700,23849500,19046550,20.56,25.16,25.16,25.16,25.16,16.75,16.75,16.75,2.90,16.75,,,,,,,,,,,,,,,,,,,10909100,5037900,887250,605200,,,,,,,,,,,
2026/05/25,48,26023150,23016550,18779600,19.25,24.80,24.80,24.80,24.80,15.98,15.98,15.98,2.90,15.98,,,,,,,,,,,,,,,,,,,10493250,4852700,414300,395250,,,,,,,,,,,
