単位[MW平均],,,供給力
DATE,TIME,エリア需要,原子力,火力(LNG),火力(石炭),火力(石油),火力(その他),水力,地熱,バイオマス,太陽光発電実績,太陽光出力制御量,風力発電実績,風力出力制御量,揚水,蓄電池,連系線,その他,合計
2026/5/1,0:00,22233,1315,11398,2966,102,992,1135,0,494,0,0,242,0,75,2,3411,101,22233
2026/5/1,0:30,21396,1315,10800,2966,102,978,1133,0,491,0,0,224,0,75,0,3177,134,21395
2026/5/1,1:00,20973,1315,10427,2965,102,974,1136,0,482,0,0,223,0,75,0,3127,146,20972
2026/5/1,1:30,20713,1316,10046,2967,102,962,1162,0,482,0,0,222,0,75,0,3224,154,20712
2026/5/1,2:00,20717,1315,10280,2967,102,949,1171,0,481,0,0,224,0,75,0,2997,155,20716
2026/5/1,2:30,20937,1316,10567,2967,102,997,1171,0,481,0,0,191,0,75,0,2917,153,20937
2026/5/1,3:00,21222,1316,10864,2966,102,936,1236,0,482,0,0,233,0,75,0,2858,154,21222
2026/5/1,3:30,21349,1316,10844,2965,103,931,1253,0,481,0,0,209,0,75,2,3022,148,21349
2026/5/1,4:00,21545,1315,11015,2967,103,927,1284,0,480,0,0,237,0,75,0,2958,184,21545
2026/5/1,4:30,21761,1316,11229,2966,102,937,1305,0,480,0,0,241,0,75,1,2937,171,21760
2026/5/1,5:00,22147,1316,10992,2966,102,966,1313,0,479,69,0,258,0,75,0,3410,201,22147
2026/5/1,5:30,22375,1315,11169,2968,102,816,1322,0,480,85,0,289,0,75,0,3576,177,22374
2026/5/1,6:00,23407,1316,11766,2966,101,747,1234,0,481,126,0,304,0,75,0,4133,158,23407
2026/5/1,6:30,24608,1316,12352,2967,101,720,1226,0,481,186,0,309,0,75,2,4740,133,24608
2026/5/1,7:00,25818,1315,12912,2966,102,697,1254,0,479,264,0,329,0,214,2,5118,165,25817
2026/5/1,7:30,26829,1316,13414,2967,101,688,1274,0,478,361,0,347,0,729,3,5017,136,26831
2026/5/1,8:00,28258,1316,14139,2967,100,721,1290,0,465,444,0,398,0,1333,4,4946,135,28258
2026/5/1,8:30,29618,1315,14391,2967,101,732,1313,0,462,564,0,413,0,2192,6,5012,151,29619
2026/5/1,9:00,30598,1315,14649,2969,102,711,1309,0,460,719,0,414,0,3056,8,4753,133,30598
2026/5/1,9:30,30881,1315,14627,2967,103,721,1288,0,460,808,0,425,0,2967,11,5046,145,30883
2026/5/1,10:00,30684,1315,14596,2968,121,747,1282,0,458,883,0,422,0,2385,15,5332,160,30684
2026/5/1,10:30,30690,1315,14672,3050,137,792,1285,0,459,1021,0,433,0,2006,18,5330,171,30689
2026/5/1,11:00,30048,1315,14293,3156,137,741,1293,0,460,1202,0,448,0,1597,7,5227,171,30047
2026/5/1,11:30,29774,1315,14335,3163,122,708,1312,0,459,1358,0,449,0,1853,0,4529,172,29775
2026/5/1,12:00,28804,1316,13930,3161,103,809,1316,0,455,1502,0,396,0,1044,2,4644,127,28805
2026/5/1,12:30,27892,1315,13412,3164,102,837,1313,0,455,1814,0,417,0,122,2,4803,136,27892
2026/5/1,13:00,28296,1315,13743,3165,101,872,1312,0,453,2100,0,391,0,72,2,4634,136,28296
2026/5/1,13:30,27911,1316,13356,3163,101,772,1326,0,456,2325,0,399,0,73,2,4487,135,27911
2026/5/1,14:00,27417,1315,12931,3101,100,701,1325,0,453,2709,0,390,0,-475,1,4706,158,27415
2026/5/1,14:30,27677,1315,13847,2968,101,730,1318,0,453,3558,0,355,0,-1517,2,4387,161,27678
2026/5/1,15:00,27467,1314,13770,2968,100,692,1349,0,452,3796,0,294,0,-1857,2,4434,152,27466
2026/5/1,15:30,27317,1315,13952,2967,101,705,1353,0,454,3727,0,299,0,-1879,2,4179,144,27319
2026/5/1,16:00,27351,1315,14054,2967,101,684,1485,0,455,3228,0,303,0,-1450,0,4073,136,27351
2026/5/1,16:30,27628,1315,14200,2968,101,680,1515,0,456,2346,0,288,0,-712,8,4323,140,27628
2026/5/1,17:00,27684,1315,13852,2966,100,728,1568,0,460,1297,0,312,0,331,10,4593,153,27685
2026/5/1,17:30,27798,1315,14277,2968,100,706,1590,0,459,506,0,307,0,700,27,4697,146,27798
2026/5/1,18:00,28051,1315,14546,2966,101,708,1607,0,472,58,0,309,0,1034,29,4758,148,28051
2026/5/1,18:30,28466,1315,14750,2966,100,727,1623,0,471,0,0,314,0,1277,29,4746,149,28467
2026/5/1,19:00,28225,1316,14400,2967,101,747,1642,0,470,0,0,315,0,1189,29,4899,150,28225
2026/5/1,19:30,27765,1315,14094,2968,102,692,1652,0,470,0,0,300,0,1194,27,4803,148,27765
2026/5/1,20:00,27258,1315,13725,2965,102,698,1663,0,472,0,0,332,0,1031,14,4806,135,27258
2026/5/1,20:30,26761,1315,13466,2967,102,723,1658,0,471,0,0,383,0,718,18,4791,147,26759
2026/5/1,21:00,26126,1315,13132,2965,102,735,1654,0,473,0,0,392,0,467,6,4717,168,26126
2026/5/1,21:30,25363,1315,12345,2966,101,714,1620,0,473,0,0,384,0,463,5,4777,200,25363
2026/5/1,22:00,24690,1315,12130,2966,101,708,1508,0,473,0,0,420,0,466,0,4388,215,24690
2026/5/1,22:30,23950,1315,11538,2966,101,722,1490,0,474,0,0,443,0,463,2,4218,217,23949
2026/5/1,23:00,23424,1315,11035,2926,101,713,1487,0,472,0,0,449,0,462,2,4222,240,23424
2026/5/1,23:30,22549,1316,10407,2844,100,727,1476,0,473,0,0,422,0,463,2,4070,249,22549
2026/5/2,0:00,21768,1315,9718,2815,101,729,1479,0,473,0,0,416,0,463,1,3976,282,21768
2026/5/2,0:30,20854,1316,8546,2815,101,729,1477,0,472,0,0,371,0,461,0,4252,314,20854
2026/5/2,1:00,20477,1316,8175,2814,101,720,1474,0,473,0,0,379,0,463,0,4245,316,20476
2026/5/2,1:30,20232,1316,7519,2775,102,713,1505,0,473,0,0,373,0,689,0,4439,328,20232
2026/5/2,2:00,20203,1316,7417,2527,102,746,1514,0,472,0,0,387,0,1282,0,4113,326,20202
2026/5/2,2:30,20269,1316,7206,2502,102,727,1528,0,472,0,0,385,0,1539,0,4165,327,20269
2026/5/2,3:00,20564,1316,7767,2457,103,724,1525,0,473,0,0,360,0,1569,1,3939,331,20565
2026/5/2,3:30,20689,1316,7374,2401,102,741,1525,0,472,0,0,390,0,1527,2,4515,325,20690
2026/5/2,4:00,20848,1316,7289,2365,102,768,1527,0,472,0,0,392,0,1755,2,4541,319,20848
2026/5/2,4:30,20822,1315,7135,2279,101,752,1540,0,472,0,0,375,0,1712,2,4832,307,20822
2026/5/2,5:00,20672,1315,7458,2187,101,729,1534,0,471,107,0,394,0,1282,0,4792,302,20672
2026/5/2,5:30,20351,1316,7468,2140,101,726,1525,0,472,905,0,392,0,997,0,4026,283,20351
2026/5/2,6:00,20006,1315,6226,2020,101,724,1512,0,472,2184,0,379,0,563,1,4254,255,20006
2026/5/2,6:30,19802,1316,6052,1918,101,758,1481,0,470,4029,0,385,0,-766,0,3815,244,19803
2026/5/2,7:00,20212,1315,6204,1825,101,801,1468,0,468,6236,0,352,0,-2638,0,3855,226,20213
2026/5/2,7:30,20988,1314,5770,1760,91,789,1466,0,465,8450,0,343,0,-4750,0,5072,218,20988
2026/5/2,8:00,21129,1315,5867,1661,83,748,1464,0,432,8291,2196,222,114,-4438,1,5274,209,21129
2026/5/2,8:30,22073,1314,5871,1640,83,740,1457,0,429,9773,2517,203,102,-4251,1,4605,209,22074
2026/5/2,9:00,22894,1313,5681,1642,84,746,1424,0,428,10481,3364,217,84,-3965,1,4658,185,22895
2026/5/2,9:30,23647,1314,5637,1641,84,823,1398,0,428,11286,3859,196,68,-3772,1,4428,183,23647
2026/5/2,10:00,24037,1314,5742,1640,85,875,1339,0,428,11568,4497,112,133,-3927,1,4680,181,24038
2026/5/2,10:30,24145,1315,5605,1642,84,880,1336,0,428,11821,4714,94,124,-3904,1,4663,181,24146
2026/5/2,11:00,24281,1315,5572,1642,85,908,1339,0,430,11984,4885,88,142,-3959,1,4706,171,24282
2026/5/2,11:30,24460,1314,5598,1641,84,903,1332,0,431,12245,4752,157,84,-4119,1,4699,173,24459
2026/5/2,12:00,24249,1314,6113,1639,84,855,1322,0,428,11882,4963,70,165,-4386,1,4762,164,24248
2026/5/2,12:30,24139,1314,5844,1664,85,874,1328,0,429,11972,4486,71,173,-4370,1,4762,165,24139
2026/5/2,13:00,24140,1313,5683,1780,85,876,1362,0,432,12157,3650,106,185,-4577,1,4762,161,24141
2026/5/2,13:30,23861,1314,5897,1822,84,867,1387,0,433,11863,2871,196,129,-4963,1,4804,155,23860
2026/5/2,14:00,23522,1314,6659,1945,85,954,1398,0,434,10485,2836,135,183,-4800,1,4756,156,23522
2026/5/2,14:30,23391,1315,6423,2036,84,945,1393,0,432,9747,1902,281,70,-4099,5,4673,157,23392
2026/5/2,15:00,23309,1315,6081,2225,84,927,1352,0,434,8914,796,305,29,-3442,7,4944,161,23307
2026/5/2,15:30,23560,1315,6502,2437,84,934,1366,0,437,6918,626,257,34,-2458,0,5610,160,23562
2026/5/2,16:00,24159,1315,6675,2751,89,922,1439,0,469,5210,0,303,0,-918,2,5746,156,24159
2026/5/2,16:30,23839,1315,7499,2786,101,933,1431,0,473,3017,0,291,0,764,1,5069,159,23839
2026/5/2,17:00,23935,1315,7761,2817,103,983,1421,0,474,1475,0,295,0,2362,2,4742,184,23934
2026/5/2,17:30,24421,1315,7763,2815,103,985,1427,0,473,497,0,298,0,3329,19,5193,204,24421
2026/5/2,18:00,25261,1314,8454,2815,102,967,1526,0,475,56,0,292,0,3782,28,5241,208,25260
2026/5/2,18:30,25870,1314,8568,2816,102,965,1535,0,475,0,0,283,0,4444,28,5100,240,25870
2026/5/2,19:00,25660,1314,8500,2814,102,989,1567,0,476,0,0,253,0,4646,28,4729,243,25661
2026/5/2,19:30,25247,1314,8569,2817,103,1007,1572,0,477,0,0,246,0,4297,28,4566,252,25248
2026/5/2,20:00,24727,1315,8904,2815,103,1017,1459,0,478,0,0,235,0,3592,27,4536,246,24727
2026/5/2,20:30,24368,1314,8981,2814,103,938,1470,0,478,0,0,223,0,3320,21,4445,261,24368
2026/5/2,21:00,23745,1315,8578,2816,102,926,1468,0,479,0,0,214,0,3314,4,4267,262,23745
2026/5/2,21:30,23127,1315,8090,2816,102,957,1426,0,480,0,0,202,0,3177,2,4292,269,23128
2026/5/2,22:00,22542,1315,8389,2815,102,929,1410,0,480,0,0,219,0,2203,2,4429,249,22542
2026/5/2,22:30,21901,1315,7891,2817,103,985,1405,0,480,0,0,201,0,1674,5,4764,262,21902
2026/5/2,23:00,21594,1315,8070,2816,101,1006,1411,0,479,0,0,202,0,1120,9,4791,274,21594
2026/5/2,23:30,20869,1315,7802,2814,101,965,1410,0,479,0,0,209,0,651,10,4833,280,20869
2026/5/3,0:00,20339,1315,7165,2813,101,941,1412,0,478,0,0,187,0,521,0,5061,346,20340
2026/5/3,0:30,19625,1315,6772,2656,101,974,1417,0,476,0,0,152,0,370,2,5005,385,19625
2026/5/3,1:00,19282,1315,6701,2505,100,946,1399,0,478,0,0,188,0,346,2,4904,397,19281
2026/5/3,1:30,19101,1315,6608,2400,101,932,1385,0,479,0,0,185,0,555,2,4730,409,19101
2026/5/3,2:00,19144,1315,6570,2170,101,936,1381,0,478,0,0,178,0,944,2,4671,399,19145
2026/5/3,2:30,19286,1315,6850,2132,101,959,1380,0,477,0,0,174,0,735,2,4760,401,19286
2026/5/3,3:00,19358,1314,7448,2124,101,870,1378,0,479,0,0,148,0,616,2,4475,401,19356
2026/5/3,3:30,19563,1314,8014,2168,101,877,1375,0,479,0,0,161,0,386,4,4297,387,19563
2026/5/3,4:00,19673,1315,7868,2339,101,864,1370,0,478,0,0,162,0,503,5,4285,383,19673
2026/5/3,4:30,19632,1315,7702,2336,101,923,1361,0,478,0,0,161,0,606,4,4282,362,19631
2026/5/3,5:00,19355,1315,7988,2095,101,953,1359,0,477,98,0,164,0,445,2,4011,347,19355
2026/5/3,5:30,18793,1315,6828,1995,102,916,1372,0,477,545,0,123,0,442,2,4353,323,18793
2026/5/3,6:00,18533,1314,6701,1864,101,955,1374,0,482,1275,0,117,0,21,1,4008,318,18531
2026/5/3,6:30,18680,1314,6274,1779,100,974,1364,0,484,1956,0,111,0,-1042,2,5069,294,18679
2026/5/3,7:00,19160,1314,6871,1654,100,952,1371,0,488,2734,0,103,0,-1599,1,4882,288,19159
2026/5/3,7:30,19577,1313,6143,1654,91,934,1346,0,492,3553,0,96,0,-1792,2,5475,268,19575
2026/5/3,8:00,19915,1313,5857,1642,86,921,1342,0,467,4385,15,84,0,-2163,0,5720,262,19916
2026/5/3,8:30,20466,1312,5817,1640,86,889,1339,0,466,5155,16,95,0,-2182,0,5593,256,20466
2026/5/3,9:00,21660,1314,6524,1639,85,904,1307,0,465,5724,17,95,0,-2230,0,5598,235,21660
2026/5/3,9:30,21734,1314,6274,1638,85,913,1277,0,465,5316,19,97,0,-2144,0,6266,232,21733
2026/5/3,10:00,21553,1314,5887,1722,85,952,1275,0,464,5455,19,104,0,-2455,0,6521,229,21553
2026/5/3,10:30,21470,1315,5974,1763,120,972,1265,0,465,6114,21,114,0,-3356,4,6490,230,21470
2026/5/3,11:00,21442,1314,6139,1825,86,918,1268,0,464,6770,22,115,0,-3749,0,6068,224,21442
2026/5/3,11:30,21268,1314,5335,1891,86,907,1262,0,461,7736,20,117,0,-4085,0,6022,223,21269
2026/5/3,12:00,21308,1313,5168,2013,85,907,1257,0,458,8970,21,142,0,-4441,1,5204,229,21306
2026/5/3,12:30,21538,1313,5148,1951,85,878,1258,0,458,10363,21,139,0,-5467,1,5184,225,21536
2026/5/3,13:00,22622,1313,5456,1885,85,905,1254,0,458,11089,21,138,0,-5488,1,5309,218,22623
2026/5/3,13:30,22474,1313,6622,1893,86,907,1291,0,459,9964,20,158,0,-4300,1,3863,218,22475
2026/5/3,14:00,22075,1313,6642,1999,85,971,1317,0,458,8761,19,169,0,-3342,0,3483,217,22073
2026/5/3,14:30,22802,1314,6827,2110,85,984,1317,0,460,8087,18,163,0,-2223,0,3458,220,22802
2026/5/3,15:00,23077,1315,6837,2321,85,941,1325,0,463,6285,14,173,0,-1480,1,4599,212,23077
2026/5/3,15:30,22814,1315,6553,2494,85,938,1327,0,464,4330,10,162,0,212,0,4717,217,22814
2026/5/3,16:00,23200,1315,7177,2692,90,967,1371,0,492,2821,0,177,0,1119,7,4724,247,23199
2026/5/3,16:30,23435,1314,8193,2816,101,958,1380,0,493,1712,0,204,0,1797,9,4217,241,23435
2026/5/3,17:00,23860,1315,8574,2815,101,941,1565,0,492,856,0,198,0,2511,8,4241,244,23861
2026/5/3,17:30,24438,1315,9120,2813,101,917,1591,0,491,323,0,194,0,3041,27,4260,246,24439
2026/5/3,18:00,24957,1314,9402,2817,101,930,1594,0,493,35,0,224,0,3403,34,4375,236,24958
2026/5/3,18:30,25435,1314,9464,2813,101,914,1601,0,493,0,0,276,0,3718,29,4451,262,25436
2026/5/3,19:00,25255,1315,9550,2814,101,913,1627,0,495,0,0,302,0,3533,27,4328,249,25254
2026/5/3,19:30,24938,1315,9526,2816,101,860,1642,0,495,0,0,294,0,3422,25,4182,260,24938
2026/5/3,20:00,24559,1315,9444,2813,101,884,1554,0,497,0,0,317,0,3334,28,4027,245,24559
2026/5/3,20:30,24185,1314,9036,2817,101,911,1562,0,497,0,0,325,0,3229,23,4104,267,24186
2026/5/3,21:00,23614,1315,8742,2815,101,893,1539,0,498,0,0,330,0,2879,10,4229,264,23615
2026/5/3,21:30,22985,1315,8408,2814,101,880,1534,0,498,0,0,312,0,2559,7,4288,269,22985
2026/5/3,22:00,22423,1315,8272,2815,102,889,1505,0,498,0,0,330,0,2055,4,4377,263,22425
2026/5/3,22:30,21877,1315,7818,2815,101,939,1459,0,499,0,0,376,0,1546,2,4834,173,21877
2026/5/3,23:00,21622,1315,8052,2814,101,963,1483,0,497,0,0,399,0,925,2,4841,228,21620
2026/5/3,23:30,20923,1315,7560,2814,101,911,1471,0,497,0,0,390,0,784,5,4827,248,20923
2026/5/4,0:00,20253,1314,7621,2814,101,901,1392,0,496,0,0,350,0,481,4,4487,291,20252
2026/5/4,0:30,19534,1314,7020,2738,101,901,1395,0,494,0,0,338,0,240,1,4669,322,19533
2026/5/4,1:00,19283,1316,6728,2702,101,904,1394,0,495,0,0,363,0,220,2,4722,336,19283
2026/5/4,1:30,18988,1315,6454,2607,101,936,1393,0,497,0,0,373,0,220,2,4748,342,18988
2026/5/4,2:00,19032,1315,6915,2526,101,979,1403,0,496,0,0,363,0,260,0,4327,347,19032
2026/5/4,2:30,19264,1316,7168,2529,101,1007,1422,0,495,0,0,384,0,480,0,4020,342,19264
2026/5/4,3:00,19401,1316,7402,2526,101,961,1427,0,498,0,0,345,0,613,0,3865,347,19401
2026/5/4,3:30,19530,1315,7396,2520,102,987,1435,0,497,0,0,393,0,661,0,3886,337,19529
2026/5/4,4:00,19643,1316,7337,2480,102,969,1436,0,496,0,0,312,0,727,0,4137,331,19643
2026/5/4,4:30,19800,1315,7280,2478,103,937,1432,0,496,0,0,322,0,866,0,4256,314,19799
2026/5/4,5:00,19875,1315,7032,2511,103,946,1433,0,495,87,0,323,0,771,0,4568,292,19876
2026/5/4,5:30,19718,1315,6715,2476,103,921,1430,0,496,227,0,340,0,646,1,4780,268,19718
2026/5/4,6:00,19734,1315,6727,2346,103,919,1411,0,496,450,0,320,0,473,2,4888,283,19733
2026/5/4,6:30,19892,1315,6556,2311,103,962,1407,0,494,914,0,335,0,849,1,4341,303,19891
2026/5/4,7:00,20367,1315,5828,2329,102,978,1404,0,495,1574,0,351,0,554,3,5139,295,20367
2026/5/4,7:30,20910,1315,5950,2372,89,980,1404,0,494,2178,0,361,0,-40,8,5509,290,20910
2026/5/4,8:00,21160,1314,5959,2452,85,962,1402,0,454,2837,191,285,110,83,1,5092,234,21160
2026/5/4,8:30,21880,1315,5256,2501,85,922,1404,0,451,4332,216,294,121,10,0,5084,227,21881
2026/5/4,9:00,22453,1315,5137,2476,85,884,1384,0,449,5965,295,306,111,-516,0,4740,227,22452
2026/5/4,9:30,22595,1315,5259,2279,85,886,1371,0,449,7697,343,295,120,-1742,0,4473,228,22595
2026/5/4,10:00,23222,1314,5274,2081,85,908,1369,0,447,9921,416,304,110,-3216,1,4507,228,23223
2026/5/4,10:30,24141,1315,6028,1979,85,899,1360,0,446,10559,1475,169,259,-4058,1,5128,230,24141
2026/5/4,11:00,24627,1315,5757,1830,85,918,1356,0,448,10747,1967,131,289,-3160,1,4962,236,24626
2026/5/4,11:30,25005,1315,5551,1833,84,887,1349,0,447,10977,2185,144,268,-2907,1,5090,233,25004
2026/5/4,12:00,24884,1315,6078,1876,85,870,1348,0,444,9688,3353,106,310,-2452,1,5284,240,24883
2026/5/4,12:30,24897,1315,5796,2063,85,885,1353,0,445,9525,3411,97,317,-2460,1,5551,240,24896
2026/5/4,13:00,25024,1315,5880,2146,85,844,1342,0,444,9583,2700,131,292,-2639,0,5653,239,25023
2026/5/4,13:30,25179,1314,6057,2162,101,846,1348,0,445,10385,887,269,135,-3570,0,5581,240,25178
2026/5/4,14:00,24824,1314,6030,2329,85,876,1344,0,445,9022,564,340,106,-3040,0,5838,239,24822
2026/5/4,14:30,24869,1315,5988,2478,85,965,1341,0,446,7402,341,331,103,-1624,1,5907,235,24870
2026/5/4,15:00,24286,1315,6106,2685,85,963,1337,0,447,5448,247,321,105,-467,2,5813,231,24286
2026/5/4,15:30,23683,1315,6499,2943,85,969,1340,0,450,3913,195,293,107,596,0,5044,235,23682
2026/5/4,16:00,24321,1315,7062,3014,90,993,1549,0,488,3088,0,330,0,525,2,5635,231,24322
2026/5/4,16:30,24130,1315,7524,3069,103,1005,1559,0,490,1892,0,356,0,657,4,5928,230,24132
2026/5/4,17:00,24426,1315,8029,3104,104,978,1540,0,491,1043,0,350,0,1270,5,5958,240,24427
2026/5/4,17:30,24845,1314,8481,3165,104,1000,1548,0,491,432,0,364,0,2116,25,5597,209,24846
2026/5/4,18:00,25412,1314,8496,3387,104,1015,1539,0,493,57,0,384,0,2785,29,5657,151,25411
2026/5/4,18:30,25883,1314,8571,3391,104,1031,1549,0,493,0,0,330,0,3486,29,5412,175,25885
2026/5/4,19:00,25790,1315,8539,3389,105,1051,1550,0,495,0,0,340,0,3334,29,5475,168,25790
2026/5/4,19:30,25320,1316,8476,3392,105,1007,1557,0,495,0,0,330,0,3583,27,4851,181,25320
2026/5/4,20:00,24789,1315,8546,3393,105,982,1571,0,497,0,0,317,0,3024,22,4825,191,24788
2026/5/4,20:30,24272,1314,8390,3391,104,973,1566,0,497,0,0,341,0,2216,18,5256,207,24273
2026/5/4,21:00,23643,1314,8312,3391,103,951,1538,0,498,0,0,334,0,2003,5,4980,214,23643
2026/5/4,21:30,23003,1314,7562,3392,102,955,1537,0,498,0,0,304,0,1594,1,5526,218,23003
2026/5/4,22:00,22410,1314,7395,3391,103,982,1570,0,499,0,0,306,0,1078,2,5549,222,22411
2026/5/4,22:30,21887,1315,7782,3392,104,937,1538,0,499,0,0,320,0,419,6,5332,242,21886
2026/5/4,23:00,21540,1314,7782,3361,104,933,1497,0,497,0,0,327,0,299,7,5181,238,21540
2026/5/4,23:30,20870,1314,6923,3252,104,897,1479,0,497,0,0,324,0,606,7,5212,255,20870
2026/5/5,0:00,20214,1314,6306,3136,104,962,1372,0,496,0,0,356,0,491,2,5420,255,20214
2026/5/5,0:30,19453,1314,6162,2945,102,981,1367,0,494,0,0,367,0,258,2,5164,295,19451
2026/5/5,1:00,19042,1315,5725,2844,102,978,1362,0,495,0,0,288,0,211,0,5408,314,19042
2026/5/5,1:30,18809,1315,6037,2828,102,991,1360,0,496,0,0,336,0,101,0,4922,322,18810
2026/5/5,2:00,18889,1315,5734,2830,103,957,1358,0,495,0,0,302,0,98,0,5366,330,18888
2026/5/5,2:30,19010,1315,5797,2795,103,955,1357,0,495,0,0,262,0,151,0,5454,326,19010
2026/5/5,3:00,19312,1314,6357,2707,103,926,1351,0,498,0,0,295,0,222,0,5193,346,19312
2026/5/5,3:30,19478,1315,6934,2637,103,951,1351,0,497,0,0,307,0,44,0,5010,330,19479
2026/5/5,4:00,19576,1314,7168,2549,103,968,1407,0,497,0,0,300,0,42,2,4900,326,19576
2026/5/5,4:30,19719,1314,7506,2345,103,1013,1403,0,493,0,0,270,0,326,4,4640,302,19719
2026/5/5,5:00,19451,1315,7359,2246,103,1040,1405,0,491,147,0,268,0,484,0,4303,291,19452
2026/5/5,5:30,19073,1315,7220,1911,103,1031,1416,0,491,916,0,234,0,581,1,3591,264,19074
2026/5/5,6:00,18708,1315,6230,1779,103,1035,1427,0,490,2152,0,238,0,-413,0,4116,236,18708
2026/5/5,6:30,18545,1314,6448,1745,104,1017,1455,0,485,3943,0,200,0,-1840,0,3402,272,18545
2026/5/5,7:00,19057,1315,7401,1707,103,993,1458,0,480,5067,1135,93,80,-3117,0,3232,325,19057
2026/5/5,7:30,20382,1314,6422,1708,89,1024,1461,0,479,6518,1953,0,198,-4044,1,5124,286,20382
2026/5/5,8:00,20121,1315,4990,1675,86,955,1471,0,442,6518,4045,0,264,-2270,1,4659,278,20120
2026/5/5,8:30,20880,1314,5096,1675,87,908,1472,0,441,7723,4706,0,246,-2642,1,4514,291,20880
2026/5/5,9:00,21653,1314,5267,1674,87,810,1450,0,440,8721,5221,0,189,-3102,1,4726,264,21652
2026/5/5,9:30,22226,1314,5216,1675,87,841,1441,0,440,9569,5704,0,253,-3563,1,4945,260,22226
2026/5/5,10:00,22586,1314,5267,1675,87,843,1412,0,438,10182,6048,0,188,-3720,1,4842,244,22585
2026/5/5,10:30,22909,1314,5308,1674,87,857,1409,0,439,10626,6243,0,90,-4042,1,4979,259,22911
2026/5/5,11:00,23136,1314,5277,1675,88,837,1403,0,443,11173,6084,13,65,-4282,1,4953,240,23135
2026/5/5,11:30,23211,1314,5261,1676,87,851,1401,0,441,11240,6089,1,74,-4273,1,4979,233,23212
2026/5/5,12:00,23276,1314,5219,1674,87,867,1379,0,439,11302,5881,0,92,-4286,1,5032,246,23274
2026/5/5,12:30,23063,1313,5333,1675,87,842,1378,0,439,11013,5686,0,82,-4264,1,5006,241,23064
2026/5/5,13:00,23004,1313,5419,1675,87,878,1362,0,438,10818,5152,27,55,-4222,1,4978,228,23002
2026/5/5,13:30,22775,1314,6057,1700,87,852,1370,0,440,9908,4982,22,82,-4193,1,4997,220,22775
2026/5/5,14:00,22548,1314,6154,1833,86,893,1370,0,441,8743,4785,0,131,-3623,2,5110,224,22547
2026/5/5,14:30,22559,1314,5789,1939,87,933,1358,0,441,7777,4182,29,89,-3247,2,5923,213,22558
2026/5/5,15:00,22347,1314,5693,1967,88,940,1396,0,444,6943,3156,85,39,-2698,1,5958,217,22348
2026/5/5,15:30,22358,1314,6528,1966,87,892,1407,0,442,6865,1184,75,26,-2198,0,4762,218,22358
2026/5/5,16:00,22870,1314,6498,2027,91,930,1619,0,481,5810,0,90,0,-1188,1,4971,226,22870
2026/5/5,16:30,23113,1313,7250,2150,100,963,1641,0,485,3683,0,80,0,178,2,5033,235,23113
2026/5/5,17:00,23668,1314,7599,2448,102,988,1674,0,486,1956,0,72,0,1975,1,4799,253,23667
2026/5/5,17:30,24267,1314,7792,2715,102,971,1690,0,486,798,0,72,0,2998,22,5057,250,24267
2026/5/5,18:00,24650,1312,8156,3108,102,967,1728,0,488,115,0,128,0,3533,33,4800,179,24649
2026/5/5,18:30,25288,1312,8745,3116,101,992,1736,0,488,0,0,101,0,3932,30,4547,188,25288
2026/5/5,19:00,25399,1311,8856,3113,102,945,1739,0,490,0,0,130,0,4286,23,4219,185,25399
2026/5/5,19:30,25046,1312,8601,3113,102,962,1740,0,490,0,0,158,0,3958,22,4399,189,25046
2026/5/5,20:00,24736,1312,8215,3115,102,975,1711,0,493,0,0,171,0,3938,28,4478,197,24735
2026/5/5,20:30,24346,1313,7960,3114,103,976,1705,0,493,0,0,190,0,3724,26,4530,212,24346
2026/5/5,21:00,23762,1313,8116,3113,102,967,1478,0,494,0,0,214,0,3187,7,4567,203,23761
2026/5/5,21:30,23202,1313,7806,3115,102,958,1465,0,495,0,0,262,0,2711,2,4750,222,23201
2026/5/5,22:00,22655,1313,7776,3115,103,936,1467,0,494,0,0,271,0,2197,2,4763,218,22655
2026/5/5,22:30,22046,1313,7746,3114,102,997,1443,0,495,0,0,261,0,1577,11,4754,233,22046
2026/5/5,23:00,21600,1313,7214,3114,102,973,1436,0,491,0,0,264,0,1473,14,4988,217,21599
2026/5/5,23:30,20983,1314,5928,3114,101,1007,1421,0,489,0,0,276,0,2101,8,4989,235,20983
2026/5/6,0:00,20224,1314,6024,3113,102,993,1353,0,486,0,0,279,0,2213,9,4133,206,20225
2026/5/6,0:30,19511,1313,6171,3085,102,942,1341,0,485,0,0,277,0,768,2,4820,206,19512
2026/5/6,1:00,19194,1314,6824,3021,102,951,1321,0,486,0,0,276,0,58,2,4589,251,19195
2026/5/6,1:30,19015,1315,7172,3018,102,938,1306,0,487,0,0,269,0,-431,2,4587,251,19016
2026/5/6,2:00,19045,1315,7224,3021,102,956,1303,0,487,0,0,255,0,-456,2,4581,254,19044
2026/5/6,2:30,19206,1315,7398,3018,102,952,1323,0,486,0,0,253,0,-454,6,4554,254,19207
2026/5/6,3:00,19492,1314,7718,3018,102,951,1321,0,489,0,0,249,0,-183,6,4251,255,19491
2026/5/6,3:30,19626,1314,7675,3020,101,928,1321,0,489,0,0,257,0,-87,8,4346,255,19627
2026/5/6,4:00,19731,1313,7793,3015,101,941,1316,0,488,0,0,250,0,106,7,4158,242,19730
2026/5/6,4:30,19771,1314,7899,2929,101,953,1327,0,488,0,0,244,0,317,5,3952,242,19771
2026/5/6,5:00,19474,1312,7630,2866,101,946,1344,0,487,132,0,236,0,142,3,4014,260,19473
2026/5/6,5:30,19043,1313,6843,2684,101,964,1351,0,488,577,0,214,0,-212,3,4457,260,19043
2026/5/6,6:00,18980,1313,7172,2228,101,993,1341,0,488,1163,0,185,0,-392,1,4154,233,18980
2026/5/6,6:30,19083,1314,6558,2157,101,995,1355,0,486,2046,0,207,0,-862,2,4491,233,19083
2026/5/6,7:00,19740,1314,6667,2004,101,972,1429,0,486,3106,0,176,0,-1675,2,4847,312,19741
2026/5/6,7:30,20675,1314,6542,2126,91,994,1432,0,484,4069,0,195,0,-2384,3,5497,312,20675
2026/5/6,8:00,21320,1314,6550,2193,87,921,1435,0,449,4857,86,165,0,-2185,0,5179,357,21322
2026/5/6,8:30,22122,1313,6529,2280,87,879,1435,0,447,5630,96,183,0,-2022,0,5004,356,22121
2026/5/6,9:00,22221,1314,6457,2414,87,875,1416,0,443,6458,102,142,0,-2455,0,4720,350,22221
2026/5/6,9:30,22957,1314,6238,2622,87,844,1398,0,443,7827,107,156,0,-2939,0,4617,350,22957
2026/5/6,10:00,23607,1314,6157,2739,87,870,1385,0,442,8974,111,154,0,-3260,0,4398,347,23607
2026/5/6,10:30,23972,1314,6910,2737,88,895,1369,0,444,9412,117,164,0,-4144,0,4433,349,23971
2026/5/6,11:00,24044,1314,7256,2737,87,901,1356,0,447,9439,120,160,0,-4251,0,4349,249,24044
2026/5/6,11:30,24026,1313,7221,2738,87,911,1351,0,447,9130,116,150,0,-4284,0,4705,257,24026
2026/5/6,12:00,23872,1314,7312,2736,87,969,1330,0,444,8598,114,158,0,-4220,0,4910,235,23873
2026/5/6,12:30,24109,1315,7405,2737,88,975,1322,0,444,8089,110,162,0,-3593,0,4934,231,24109
2026/5/6,13:00,24727,1314,7066,2737,88,994,1324,0,442,6753,98,157,0,-2207,0,5827,232,24727
2026/5/6,13:30,24297,1315,7266,2735,88,993,1337,0,444,4986,91,153,0,-1161,0,5908,234,24298
2026/5/6,14:00,23444,1315,6867,2736,88,989,1355,0,444,3995,79,166,0,-835,0,6087,238,23445
2026/5/6,14:30,23032,1315,6633,2732,122,1002,1355,0,444,3855,70,162,0,-991,5,6160,238,23032
2026/5/6,15:00,23912,1315,7872,2735,122,1018,1391,0,444,3869,59,163,0,-1225,6,5951,251,23912
2026/5/6,15:30,24345,1316,7774,2735,87,1017,1408,0,444,3057,45,140,0,357,1,5762,248,24346
2026/5/6,16:00,24266,1315,8013,2805,92,1012,1524,0,479,2125,0,101,0,1009,2,5505,285,24267
2026/5/6,16:30,24906,1313,8789,2825,101,1032,1553,0,481,1491,0,157,0,1088,2,5788,286,24906
2026/5/6,17:00,25485,1313,9168,2938,101,1002,1669,0,481,781,0,138,0,2793,5,4772,325,25486
2026/5/6,17:30,26171,1313,9695,3143,102,993,1715,0,481,266,0,145,0,4476,25,3487,331,26172
2026/5/6,18:00,26698,1313,10040,3143,101,994,1731,0,482,30,0,166,0,4735,24,3680,259,26698
2026/5/6,18:30,27015,1313,10078,3154,102,952,1735,0,483,0,0,142,0,4759,26,4005,267,27016
2026/5/6,19:00,26850,1312,10099,3209,101,970,1752,0,484,0,0,158,0,4912,28,3584,239,26848
2026/5/6,19:30,26528,1314,10126,3232,101,987,1748,0,485,0,0,169,0,4291,21,3801,253,26528
2026/5/6,20:00,26071,1314,10205,3300,101,955,1660,0,487,0,0,181,0,3117,23,4482,245,26070
2026/5/6,20:30,25580,1314,10243,3445,101,956,1634,0,487,0,0,188,0,3310,21,3629,251,25579
2026/5/6,21:00,25034,1314,10241,3637,102,952,1567,0,489,0,0,192,0,3464,5,2839,234,25036
2026/5/6,21:30,24292,1313,9830,3678,101,936,1560,0,489,0,0,199,0,2951,4,2994,238,24293
2026/5/6,22:00,23733,1314,9681,3685,101,958,1455,0,489,0,0,195,0,2707,2,2953,193,23733
2026/5/6,22:30,23092,1313,9581,3684,107,998,1423,0,490,0,0,198,0,1157,10,3918,213,23092
2026/5/6,23:00,22666,1314,9742,3705,101,952,1420,0,488,0,0,195,0,1134,8,3403,203,22665
2026/5/6,23:30,21836,1315,9403,3706,101,910,1401,0,488,0,0,194,0,872,9,3257,179,21835
2026/5/7,0:00,21030,1315,8692,3704,101,913,1438,0,488,0,0,156,0,286,2,3776,159,21030
2026/5/7,0:30,20186,1314,8218,3733,102,899,1444,0,485,0,0,146,0,-209,2,3855,197,20186
2026/5/7,1:00,19794,1314,8106,3735,102,920,1435,0,487,0,0,146,0,-460,2,3796,209,19792
2026/5/7,1:30,19608,1313,8367,3735,102,935,1430,0,489,0,0,150,0,-753,2,3622,217,19609
2026/5/7,2:00,19572,1312,8609,3773,103,942,1416,0,488,0,0,149,0,-897,2,3461,214,19572
2026/5/7,2:30,19770,1313,8794,3783,103,961,1413,0,487,0,0,153,0,-695,2,3242,216,19772
2026/5/7,3:00,20016,1313,8835,3783,102,946,1404,0,488,0,0,147,0,-248,2,3026,217,20015
2026/5/7,3:30,20181,1313,9118,3782,102,922,1399,0,488,0,0,148,0,102,2,2593,213,20182
2026/5/7,4:00,20369,1313,9010,3792,103,960,1401,0,487,0,0,127,0,352,3,2595,226,20369
2026/5/7,4:30,20421,1313,8856,3792,102,958,1407,0,487,0,0,122,0,489,0,2691,205,20422
2026/5/7,5:00,20522,1312,8963,3541,98,944,1408,0,487,171,0,112,0,574,3,2668,240,20521
2026/5/7,5:30,20485,1312,8546,3427,93,930,1418,0,488,809,0,112,0,571,0,2522,256,20484
2026/5/7,6:00,20845,1312,7620,3324,89,918,1431,0,488,1803,0,115,0,-120,0,3611,254,20845
2026/5/7,6:30,21480,1312,7326,3192,86,931,1468,0,485,3284,0,120,0,-872,0,3901,246,21479
2026/5/7,7:00,22671,1312,7279,3302,86,881,1505,0,486,5052,0,109,0,-1641,0,4055,245,22671
2026/5/7,7:30,23826,1311,6713,3327,87,926,1509,0,483,6792,0,100,0,-3018,0,5351,243,23824
2026/5/7,8:00,25387,1313,7436,3324,84,900,1517,0,469,8419,0,93,0,-3776,0,5383,226,25388
2026/5/7,8:30,27011,1312,7357,3134,81,917,1511,0,468,9980,0,88,0,-3789,0,5714,237,27010
2026/5/7,9:00,28257,1313,7521,2662,81,920,1472,0,464,11413,0,84,0,-3748,0,5847,227,28256
2026/5/7,9:30,28995,1314,7278,2486,80,933,1459,0,465,12655,0,83,0,-3969,1,5978,232,28995
2026/5/7,10:00,29614,1313,7183,2459,80,983,1439,0,463,13912,0,86,0,-3798,0,5257,236,29613
2026/5/7,10:30,30352,1313,7344,2450,80,1019,1423,0,464,14731,0,86,0,-4221,0,5419,245,30353
2026/5/7,11:00,30665,1312,7981,2450,71,1016,1410,0,466,14895,0,87,0,-4427,1,5162,241,30665
2026/5/7,11:30,30811,1313,8619,2474,69,1032,1398,0,466,14696,0,87,0,-4536,2,4951,241,30812
2026/5/7,12:00,30194,1312,7551,2474,63,1033,1386,0,462,14191,0,84,0,-4774,2,6179,231,30194
2026/5/7,12:30,29708,1312,7752,2475,56,1020,1384,0,463,13544,0,86,0,-4754,0,6135,235,29708
2026/5/7,13:00,30512,1313,8811,2474,55,1018,1385,0,462,12563,0,94,0,-4032,0,6143,227,30513
2026/5/7,13:30,30613,1314,9438,2528,51,1049,1405,0,464,11295,0,96,0,-3284,1,6024,232,30613
2026/5/7,14:00,30597,1314,9919,2609,52,1058,1427,0,473,9762,0,96,0,-2388,1,6035,240,30598
2026/5/7,14:30,30161,1315,9849,2814,53,1059,1435,0,467,8323,0,95,0,-1408,0,5925,234,30161
2026/5/7,15:00,29546,1313,9707,3018,52,1033,1472,0,468,7130,0,97,0,-979,8,5993,234,29546
2026/5/7,15:30,30054,1313,10217,3375,54,954,1491,0,469,6101,0,96,0,-127,0,5876,234,30053
2026/5/7,16:00,30353,1313,11255,3583,54,837,1728,0,474,4692,0,105,0,524,1,5559,227,30352
2026/5/7,16:30,30227,1313,12161,3931,54,833,1745,0,476,3116,0,103,0,1567,1,4703,224,30227
2026/5/7,17:00,29881,1313,12637,4371,53,948,1710,0,478,1693,0,109,0,2112,5,4234,218,29881
2026/5/7,17:30,29729,1313,12895,4488,53,969,1734,0,477,691,0,121,0,3059,26,3690,212,29728
2026/5/7,18:00,29869,1313,13511,4532,53,967,1780,0,479,112,0,131,0,3230,31,3520,211,29870
2026/5/7,18:30,30363,1312,14034,4608,52,995,1777,0,479,0,0,141,0,3159,30,3564,212,30363
2026/5/7,19:00,30009,1312,13972,4698,52,983,1784,0,481,0,0,149,0,2579,29,3751,218,30008
2026/5/7,19:30,29261,1312,14018,4769,52,1012,1786,0,482,0,0,143,0,1627,26,3808,226,29261
2026/5/7,20:00,28507,1313,14054,4770,53,948,1675,0,484,0,0,149,0,1306,22,3515,218,28507
2026/5/7,20:30,28034,1312,13382,4770,53,930,1649,0,484,0,0,156,0,1118,15,3934,231,28034
2026/5/7,21:00,27107,1312,13188,4770,53,958,1524,0,485,0,0,162,0,941,7,3471,238,27109
2026/5/7,21:30,26352,1312,12866,4769,53,996,1514,0,485,0,0,170,0,762,0,3178,247,26352
2026/5/7,22:00,25867,1313,12630,4771,53,985,1502,0,485,0,0,174,0,767,0,2945,242,25867
2026/5/7,22:30,25190,1313,11638,4769,53,984,1495,0,486,0,0,182,0,226,4,3785,254,25189
2026/5/7,23:00,24589,1313,11153,4770,52,961,1525,0,484,0,0,181,0,152,5,3727,267,24590
2026/5/7,23:30,23753,1312,10658,4769,52,954,1516,0,484,0,0,167,0,96,2,3483,259,23752
2026/5/8,0:00,22862,1312,9826,4770,53,938,1511,0,484,0,0,150,0,103,2,3451,261,22861
2026/5/8,0:30,21964,1313,9060,4770,53,919,1496,0,482,0,0,97,0,37,0,3442,296,21965
2026/5/8,1:00,21419,1313,8619,4768,52,957,1484,0,483,0,0,84,0,0,2,3332,323,21417
2026/5/8,1:30,21138,1312,8532,4769,52,943,1471,0,484,0,0,74,0,0,2,3174,326,21139
2026/5/8,2:00,21026,1312,8624,4768,53,949,1448,0,483,0,0,82,0,0,2,2975,329,21025
2026/5/8,2:30,21203,1313,8722,4770,53,998,1443,0,483,0,0,112,0,0,0,2982,328,21204
2026/5/8,3:00,21323,1313,8457,4770,53,981,1444,0,485,0,0,57,0,117,0,3323,323,21323
2026/5/8,3:30,21484,1312,8646,4769,53,975,1442,0,485,0,0,100,0,153,0,3231,319,21485
2026/5/8,4:00,21685,1312,8805,4770,53,937,1452,0,484,0,0,113,0,152,0,3312,296,21686
2026/5/8,4:30,21654,1312,8812,4769,53,958,1456,0,484,0,0,111,0,152,0,3269,278,21654
2026/5/8,5:00,21456,1312,8658,4769,53,964,1458,0,484,163,0,100,0,7,2,3253,236,21459
2026/5/8,5:30,21242,1312,8414,4525,53,985,1469,0,484,688,0,86,0,-3,0,2989,240,21242
2026/5/8,6:00,21627,1312,8094,4060,53,972,1456,0,485,1533,0,59,0,-651,2,4037,214,21626
2026/5/8,6:30,22500,1312,8001,4053,53,971,1455,0,482,2708,0,87,0,-1311,3,4447,240,22501
2026/5/8,7:00,23642,1311,7558,4006,53,961,1469,0,483,4291,0,108,0,-1607,1,4764,243,23641
2026/5/8,7:30,25218,1313,7699,3910,53,867,1474,0,482,5658,0,103,0,-1187,1,4633,213,25219
2026/5/8,8:00,27065,1312,7423,4140,52,741,1476,0,479,6540,0,107,0,-80,3,4659,212,27064
2026/5/8,8:30,28927,1312,7789,4314,52,742,1469,0,478,7388,0,69,0,0,3,5098,213,28927
2026/5/8,9:00,30779,1312,8702,4290,52,757,1451,0,473,7859,0,80,0,95,3,5444,260,30778
2026/5/8,9:30,31827,1313,9438,4289,52,677,1436,0,473,7771,0,60,0,808,4,5245,262,31828
2026/5/8,10:00,31183,1312,9301,4287,52,639,1420,0,471,7070,0,106,0,909,5,5331,279,31182
2026/5/8,10:30,31347,1311,9180,4289,87,707,1404,0,473,7365,0,105,0,713,13,5418,280,31345
2026/5/8,11:00,32096,1312,9594,4289,53,780,1401,0,475,7395,0,102,0,888,8,5540,259,32096
2026/5/8,11:30,31085,1312,9830,4285,53,752,1412,0,475,6394,0,116,0,1080,8,5107,261,31085
2026/5/8,12:00,30196,1312,9340,4287,87,689,1415,0,472,6633,0,131,0,-88,11,5641,267,30197
2026/5/8,12:30,29778,1313,9387,4288,52,702,1420,0,473,6721,0,136,0,-653,4,5690,244,29777
2026/5/8,13:00,31869,1313,10676,4287,75,770,1442,0,471,6916,0,173,0,-91,2,5588,247,31869
2026/5/8,13:30,31226,1313,11290,4288,52,800,1459,0,471,5446,0,176,0,0,5,5684,241,31225
2026/5/8,14:00,31337,1313,11794,4315,52,750,1475,0,470,5144,0,186,0,0,11,5593,235,31338
2026/5/8,14:30,30969,1313,12265,4358,87,576,1517,0,468,4703,0,185,0,0,4,5261,232,30969
2026/5/8,15:00,30920,1313,12780,4446,53,589,1573,0,470,4370,0,189,0,65,3,4801,268,30920
2026/5/8,15:30,31226,1313,12931,4496,53,706,1578,0,470,3643,0,201,0,432,13,5139,251,31226
2026/5/8,16:00,31406,1314,13153,4656,53,807,1726,0,475,2769,0,215,0,606,8,5357,267,31406
2026/5/8,16:30,31231,1315,13848,4741,52,820,1723,0,476,1597,0,225,0,681,10,5475,267,31230
2026/5/8,17:00,30673,1314,13522,4771,53,879,1679,0,478,721,0,247,0,1146,17,5581,266,30674
2026/5/8,17:30,30403,1313,13688,4795,53,908,1688,0,478,255,0,272,0,1219,31,5446,257,30403
2026/5/8,18:00,30385,1312,13931,4870,53,959,1723,0,479,52,0,305,0,1691,21,4734,256,30386
2026/5/8,18:30,30556,1312,14116,4868,53,958,1731,0,479,0,0,300,0,1768,22,4690,259,30556
2026/5/8,19:00,30139,1312,13444,4871,53,910,1706,0,481,0,0,327,0,1294,22,5448,270,30138
2026/5/8,19:30,29449,1313,13041,4798,52,874,1710,0,481,0,0,349,0,1276,19,5258,278,29449
2026/5/8,20:00,28650,1312,11752,4771,52,868,1708,0,483,0,0,372,0,1272,19,5785,256,28650
2026/5/8,20:30,27992,1312,11357,4770,52,877,1696,0,484,0,0,404,0,1286,14,5474,265,27991
2026/5/8,21:00,27085,1312,10488,4772,52,945,1619,0,485,0,0,432,0,1456,10,5281,232,27084
2026/5/8,21:30,26381,1312,9739,4771,52,1005,1612,0,485,0,0,436,0,1559,8,5155,247,26381
2026/5/8,22:00,25936,1312,9572,4771,53,1010,1482,0,484,0,0,442,0,1733,10,4824,243,25936
2026/5/8,22:30,25196,1313,9271,4769,52,1035,1473,0,485,0,0,437,0,1427,11,4671,252,25196
2026/5/8,23:00,24651,1312,9355,4730,53,1033,1495,0,483,0,0,381,0,1288,10,4284,227,24651
2026/5/8,23:30,23860,1313,8596,4650,52,999,1482,0,484,0,0,385,0,1257,8,4490,142,23858
2026/5/9,0:00,22909,1312,7680,4619,52,869,1375,0,476,0,0,327,0,1124,8,4829,238,22909
2026/5/9,0:30,21919,1312,6563,4620,52,883,1358,0,475,0,0,334,0,1370,0,4676,276,21919
2026/5/9,1:00,21412,1312,6129,4480,52,867,1342,0,475,0,0,372,0,1183,6,4910,286,21414
2026/5/9,1:30,21087,1312,5799,4130,52,859,1341,0,476,0,0,378,0,1366,7,5076,291,21087
2026/5/9,2:00,20917,1313,5831,3854,52,900,1326,0,477,0,0,383,0,1721,6,4756,298,20917
2026/5/9,2:30,21001,1312,6213,3783,52,852,1327,0,476,0,0,360,0,1644,4,4681,296,21000
2026/5/9,3:00,21187,1313,7147,3665,53,879,1323,0,478,0,0,393,0,957,6,4677,296,21187
2026/5/9,3:30,21241,1313,8042,3589,53,860,1324,0,478,0,0,391,0,792,4,4109,288,21243
2026/5/9,4:00,21340,1312,8103,3581,52,842,1328,0,477,0,0,396,0,996,4,3951,298,21340
2026/5/9,4:30,21323,1313,8276,3509,52,850,1326,0,477,0,0,400,0,1078,7,3752,282,21322
2026/5/9,5:00,21079,1313,8091,3363,53,831,1331,0,477,145,0,404,0,559,1,4232,279,21079
2026/5/9,5:30,20599,1313,7703,3205,52,904,1354,0,478,612,0,381,0,136,0,4203,258,20599
2026/5/9,6:00,20213,1313,6186,2961,52,984,1371,0,476,1663,0,347,0,-146,0,4789,217,20213
2026/5/9,6:30,20095,1313,6480,2873,52,1008,1371,0,473,3396,0,334,0,-1314,0,3862,247,20095
2026/5/9,7:00,20667,1312,7039,2651,52,1040,1397,0,467,5391,310,208,121,-3176,0,4028,258,20667
2026/5/9,7:30,22010,1313,6964,2554,51,985,1402,0,466,6296,1851,115,189,-3008,1,4619,250,22008
2026/5/9,8:00,22790,1314,5816,2500,51,909,1403,0,429,7885,2419,145,170,-2046,1,4108,274,22789
2026/5/9,8:30,23914,1314,6265,2492,51,877,1399,0,428,8658,2935,127,150,-2397,1,4425,274,23914
2026/5/9,9:00,24448,1314,6022,2467,51,858,1375,0,427,9514,2829,140,154,-2919,1,4932,267,24449
2026/5/9,9:30,24721,1314,6007,2465,51,764,1349,0,426,10192,3313,77,168,-3086,1,4898,261,24719
2026/5/9,10:00,24935,1314,5769,2472,52,678,1340,0,419,10913,3717,84,149,-3290,1,4954,230,24936
2026/5/9,10:30,25610,1313,5886,2472,52,640,1329,0,420,12226,3553,83,143,-4077,1,5034,231,25610
2026/5/9,11:00,25875,1313,6065,2472,53,675,1294,0,421,12339,3994,51,167,-4248,1,5190,248,25874
2026/5/9,11:30,26110,1313,5798,2472,53,631,1276,0,420,12698,4017,27,178,-4085,1,5255,251,26110
2026/5/9,12:00,25977,1313,5957,2472,53,619,1280,0,419,12543,4134,53,148,-4263,1,5296,234,25977
2026/5/9,12:30,25711,1313,5872,2472,53,659,1279,0,419,12546,3772,35,167,-4365,1,5194,234,25712
2026/5/9,13:00,25920,1313,6318,2474,52,645,1274,0,417,11911,3700,48,168,-4019,1,5259,227,25920
2026/5/9,13:30,25499,1313,6078,2539,52,638,1285,0,418,11349,2957,62,174,-3665,1,5203,226,25499
2026/5/9,14:00,25030,1313,6331,2653,52,656,1276,0,419,9854,3038,72,193,-3083,1,5277,210,25031
2026/5/9,14:30,24996,1314,5724,2881,52,686,1270,0,418,9219,2372,113,171,-2665,5,5767,212,24996
2026/5/9,15:00,24857,1313,6016,3218,52,751,1265,0,417,8322,1628,210,118,-2711,9,5763,233,24858
2026/5/9,15:30,24679,1313,6383,3638,52,702,1275,0,419,7098,787,290,0,-1856,0,5138,227,24679
2026/5/9,16:00,25070,1313,6947,3671,52,723,1338,0,456,5777,0,273,0,-840,2,5118,242,25072
2026/5/9,16:30,25061,1313,7935,3680,52,746,1369,0,461,3660,0,308,0,752,5,4540,241,25062
2026/5/9,17:00,25387,1312,8706,3763,52,725,1569,0,459,1976,0,318,0,1851,6,4397,253,25387
2026/5/9,17:30,25927,1312,9042,3849,52,739,1612,0,461,837,0,379,0,2966,20,4403,254,25926
2026/5/9,18:00,26179,1311,9127,4091,52,762,1622,0,462,146,0,376,0,3346,20,4609,256,26180
2026/5/9,18:30,26926,1311,9650,4129,52,783,1624,0,462,0,0,373,0,3650,26,4598,269,26927
2026/5/9,19:00,27006,1311,9985,4128,52,814,1634,0,464,0,0,354,0,3436,27,4525,274,27004
2026/5/9,19:30,26607,1311,9872,4132,52,777,1641,0,464,0,0,320,0,3070,28,4659,281,26607
2026/5/9,20:00,26077,1311,9393,4131,52,753,1626,0,465,0,0,292,0,3154,22,4608,271,26078
2026/5/9,20:30,25576,1311,9162,4130,51,757,1609,0,465,0,0,262,0,3021,17,4513,278,25576
2026/5/9,21:00,24872,1311,9083,4131,52,758,1627,0,466,0,0,262,0,2629,4,4289,259,24871
2026/5/9,21:30,24149,1311,8675,4131,51,765,1615,0,466,0,0,257,0,2000,2,4603,273,24149
2026/5/9,22:00,23731,1311,8996,4129,51,758,1369,0,465,0,0,257,0,1644,0,4489,262,23731
2026/5/9,22:30,23121,1311,8728,4129,52,776,1351,0,465,0,0,227,0,1379,10,4416,277,23121
2026/5/9,23:00,22853,1311,8579,4129,52,771,1355,0,464,0,0,269,0,1194,9,4488,231,22852
2026/5/9,23:30,22106,1311,8320,4129,52,783,1348,0,464,0,0,275,0,937,2,4274,213,22108
2026/5/10,0:00,21365,1312,7743,4129,52,766,1301,0,462,0,0,262,0,726,2,4456,155,21366
2026/5/10,0:30,20516,1312,6726,4131,52,770,1279,0,462,0,0,260,0,336,0,4995,194,20517
2026/5/10,1:00,20284,1313,6462,4115,52,815,1269,0,463,0,0,261,0,270,0,5066,197,20283
2026/5/10,1:30,20046,1313,6543,3976,53,787,1269,0,463,0,0,256,0,320,0,4862,204,20046
2026/5/10,2:00,19956,1313,6764,3745,54,812,1293,0,463,0,0,246,0,465,5,4589,208,19957
2026/5/10,2:30,20121,1312,6823,3645,53,816,1308,0,463,0,0,236,0,729,1,4528,206,20120
2026/5/10,3:00,20408,1312,7117,3421,53,826,1307,0,464,0,0,215,0,999,1,4483,210,20408
2026/5/10,3:30,20600,1311,7278,3357,54,805,1306,0,464,0,0,233,0,1098,0,4496,199,20601
2026/5/10,4:00,20741,1311,7291,3355,54,812,1320,0,464,0,0,242,0,1057,2,4620,213,20741
2026/5/10,4:30,20695,1312,7394,3322,54,829,1326,0,464,0,0,233,0,974,2,4595,189,20694
2026/5/10,5:00,20511,1312,7183,3142,54,834,1317,0,463,228,0,228,0,599,0,4943,210,20513
2026/5/10,5:30,20056,1312,6427,2852,54,833,1330,0,463,1074,0,207,0,409,1,4896,198,20056
2026/5/10,6:00,19727,1312,6290,2667,54,822,1342,0,460,2381,0,181,0,96,2,3982,139,19728
2026/5/10,6:30,19682,1312,5964,2644,54,782,1349,0,456,4080,191,126,0,-1076,2,3743,247,19683
2026/5/10,7:00,20108,1312,6953,2522,54,797,1364,0,453,4883,1488,0,136,-1809,0,3256,323,20108
2026/5/10,7:30,21634,1312,5863,2512,54,787,1366,0,454,6601,1903,32,80,-2921,1,5263,310,21634
2026/5/10,8:00,21573,1312,5799,2474,54,727,1363,0,420,6616,3801,40,92,-2814,1,5244,338,21574
2026/5/10,8:30,22208,1311,5681,2448,54,697,1356,0,419,7705,4430,6,103,-2934,1,5131,334,22209
2026/5/10,9:00,23029,1311,5646,2443,54,686,1319,0,418,8840,4874,0,157,-3044,1,5035,319,23028
2026/5/10,9:30,23664,1312,5382,2442,54,688,1290,0,417,10109,4933,17,60,-3456,1,5093,316,23665
2026/5/10,10:00,24057,1312,5720,2442,54,666,1264,0,415,10623,5385,0,131,-3736,1,5002,295,24058
2026/5/10,10:30,24344,1311,5677,2444,54,666,1249,0,416,11164,5434,0,197,-3984,1,5048,298,24344
2026/5/10,11:00,24568,1311,6085,2445,55,704,1250,0,416,11233,5707,0,110,-4271,1,5075,266,24570
2026/5/10,11:30,24784,1311,6209,2444,54,658,1234,0,415,11540,5457,0,97,-4337,1,4992,263,24784
2026/5/10,12:00,24879,1312,6223,2447,54,642,1233,0,416,11909,4845,0,138,-4546,1,4951,237,24879
2026/5/10,12:30,24601,1312,6330,2473,54,647,1226,0,417,11575,4674,38,36,-4765,3,5054,238,24602
2026/5/10,13:00,24573,1312,6299,2508,54,676,1233,0,416,11399,4167,16,71,-4666,1,5092,233,24573
2026/5/10,13:30,24555,1312,6043,2522,54,688,1252,0,417,11797,2688,67,18,-4945,1,5122,227,24557
2026/5/10,14:00,24223,1312,6259,2637,53,728,1241,0,417,11405,1721,65,15,-5209,1,5087,226,24222
2026/5/10,14:30,23925,1313,6638,2858,54,736,1242,0,418,10093,1513,58,13,-4835,1,5121,228,23925
2026/5/10,15:00,24026,1313,6599,3231,54,736,1249,0,419,8608,1285,92,7,-4338,5,5822,235,24025
2026/5/10,15:30,24095,1313,6985,3367,54,729,1255,0,418,6907,1035,58,4,-3059,0,5828,239,24094
2026/5/10,16:00,24583,1312,7297,3529,54,745,1342,0,451,5814,0,65,0,-2070,0,5785,259,24583
2026/5/10,16:30,24743,1312,7694,3664,55,774,1386,0,456,3762,0,56,0,-430,0,5754,261,24744
2026/5/10,17:00,25138,1313,7990,3791,54,799,1596,0,457,2043,0,53,0,1363,1,5372,307,25139
2026/5/10,17:30,25774,1312,8823,3907,54,804,1621,0,459,877,0,89,0,2200,17,5300,310,25773
2026/5/10,18:00,26100,1311,9166,4126,54,806,1714,0,461,159,0,93,0,3268,20,4589,332,26099
2026/5/10,18:30,26813,1311,9185,4129,53,811,1731,0,461,0,0,95,0,3976,24,4700,336,26812
2026/5/10,19:00,26883,1311,9401,4129,54,835,1700,0,462,0,0,108,0,4029,23,4504,328,26884
2026/5/10,19:30,26573,1311,9717,4131,54,829,1709,0,462,0,0,111,0,3691,25,4201,333,26574
2026/5/10,20:00,26090,1311,9799,4129,54,821,1642,0,464,0,0,125,0,3258,21,4185,281,26090
2026/5/10,20:30,25612,1311,9916,4129,54,809,1627,0,465,0,0,141,0,2697,19,4151,292,25611
2026/5/10,21:00,25035,1312,9905,4128,54,808,1600,0,463,0,0,151,0,1950,10,4415,240,25036
2026/5/10,21:30,24305,1311,9143,4130,54,803,1578,0,462,0,0,169,0,1631,4,4801,219,24305
2026/5/10,22:00,23806,1311,9144,4131,54,786,1359,0,462,0,0,181,0,1496,3,4683,197,23807
2026/5/10,22:30,23045,1313,8535,4129,53,773,1348,0,462,0,0,179,0,1176,3,4859,215,23045
2026/5/10,23:00,22662,1312,8496,4170,54,783,1335,0,462,0,0,203,0,887,4,4747,210,22663
2026/5/10,23:30,21839,1312,7874,4213,54,771,1326,0,462,0,0,194,0,900,3,4596,133,21838
2026/5/11,0:00,21231,1312,7848,3932,54,782,1295,0,452,0,0,226,0,878,1,4306,145,21231
2026/5/11,0:30,20368,1313,7655,3806,54,782,1279,0,452,0,0,187,0,494,0,4168,178,20368
2026/5/11,1:00,20076,1313,7720,3799,53,791,1262,0,453,0,0,196,0,256,0,4050,185,20078
2026/5/11,1:30,19835,1312,7571,3802,53,814,1258,0,452,0,0,216,0,88,0,4084,183,19833
2026/5/11,2:00,19971,1312,8194,3801,53,791,1255,0,453,0,0,216,0,151,0,3485,260,19971
2026/5/11,2:30,20145,1312,8598,3800,53,771,1253,0,453,0,0,216,0,331,0,3103,254,20144
2026/5/11,3:00,20426,1312,8618,3886,53,784,1254,0,455,0,0,218,0,395,1,3193,257,20426
2026/5/11,3:30,20554,1312,8469,4090,53,774,1252,0,455,0,0,224,0,524,4,3144,255,20556
2026/5/11,4:00,20860,1312,8496,4098,53,798,1266,0,454,0,0,227,0,844,0,3052,258,20858
2026/5/11,4:30,20839,1311,8493,4094,53,794,1266,0,454,0,0,216,0,869,4,3051,233,20838
2026/5/11,5:00,20852,1311,8665,4093,53,787,1276,0,453,249,0,211,0,837,3,2681,233,20852
2026/5/11,5:30,20925,1312,8155,3986,53,789,1293,0,454,1125,0,186,0,586,0,2781,205,20925
2026/5/11,6:00,21326,1312,7660,3630,53,802,1374,0,454,2444,0,170,0,48,0,3229,150,21326
2026/5/11,6:30,22087,1311,7053,3313,53,804,1375,0,451,4283,0,147,0,-988,0,4089,198,22089
2026/5/11,7:00,23312,1312,7299,3121,53,787,1382,0,451,6399,0,134,0,-1489,0,3669,192,23310
2026/5/11,7:30,24666,1312,6880,3028,52,754,1397,0,452,8457,0,150,0,-3448,3,5471,159,24667
2026/5/11,8:00,26581,1311,7373,2979,53,737,1393,0,449,10339,0,96,0,-4232,1,5900,181,26580
2026/5/11,8:30,28615,1311,7644,2981,53,723,1387,0,448,11880,0,102,0,-3757,1,5649,194,28616
2026/5/11,9:00,30174,1312,7584,2981,52,751,1320,0,444,13045,0,86,0,-3032,1,5447,183,30174
2026/5/11,9:30,31069,1312,7091,2978,52,819,1302,0,444,13857,0,93,0,-2449,1,5374,197,31071
2026/5/11,10:00,31446,1312,6700,2978,53,902,1302,0,444,14512,0,85,0,-2707,1,5666,197,31445
2026/5/11,10:30,31870,1313,7003,2981,53,918,1288,0,444,14952,0,93,0,-2959,1,5580,204,31871
2026/5/11,11:00,32014,1313,6832,2981,54,1001,1320,0,445,15157,0,100,0,-2979,1,5586,203,32014
2026/5/11,11:30,32051,1313,6792,2978,54,1050,1317,0,444,15286,0,107,0,-3085,1,5584,209,32050
2026/5/11,12:00,31159,1313,6869,2791,54,1008,1297,0,444,15266,0,98,0,-3836,1,5654,200,31159
2026/5/11,12:30,30883,1313,7523,2702,54,974,1297,0,444,15013,0,106,0,-4478,1,5726,208,30883
2026/5/11,13:00,31935,1312,8277,2745,54,948,1311,0,444,14424,0,150,0,-3758,1,5823,204,31935
2026/5/11,13:30,31641,1313,8450,2788,54,1020,1331,0,444,13477,0,168,0,-3506,1,5898,204,31642
2026/5/11,14:00,31527,1313,8651,2909,54,1037,1289,0,446,12435,0,191,0,-2991,1,5990,203,31528
2026/5/11,14:30,31188,1313,8487,3259,53,1037,1292,0,446,11176,0,202,0,-2138,1,5858,203,31189
2026/5/11,15:00,30735,1312,8962,3645,53,990,1420,0,447,9560,0,227,0,-1813,1,5727,204,30735
2026/5/11,15:30,30865,1312,10284,3738,54,999,1436,0,447,7734,0,215,0,-991,1,5442,196,30867
2026/5/11,16:00,30844,1312,10728,3704,54,1063,1630,0,450,5714,0,215,0,-1,0,5772,203,30844
2026/5/11,16:30,30558,1312,12352,3667,54,1128,1644,0,451,3716,0,228,0,890,0,4927,188,30557
2026/5/11,17:00,30213,1312,13316,3682,54,1138,1627,0,453,2028,0,225,0,1109,10,5061,198,30213
2026/5/11,17:30,30161,1312,13755,3748,54,1134,1649,0,453,880,0,218,0,2230,26,4515,187,30161
2026/5/11,18:00,29949,1311,14078,3825,53,1123,1749,0,455,164,0,204,0,2811,27,3954,193,29947
2026/5/11,18:30,30174,1311,14532,3996,54,1103,1769,0,456,0,0,229,0,3038,27,3472,187,30174
2026/5/11,19:00,29783,1312,14158,4111,53,1056,1683,0,457,0,0,221,0,2731,26,3791,184,29783
2026/5/11,19:30,29156,1311,14028,4161,53,1027,1684,0,457,0,0,223,0,3265,27,2719,201,29156
2026/5/11,20:00,28420,1311,13242,4279,53,1031,1630,0,459,0,0,234,0,2621,21,3341,197,28419
2026/5/11,20:30,27864,1311,13388,4281,54,1047,1592,0,459,0,0,232,0,2264,17,3006,212,27863
2026/5/11,21:00,27050,1311,13152,4282,54,1069,1549,0,461,0,0,234,0,2113,6,2613,206,27050
2026/5/11,21:30,26264,1312,12326,4280,53,1061,1454,0,460,0,0,231,0,1975,3,2893,218,26266
2026/5/11,22:00,25853,1312,12404,4283,54,1044,1303,0,459,0,0,225,0,1950,0,2610,209,25853
2026/5/11,22:30,25156,1311,11568,4281,54,1013,1260,0,459,0,0,217,0,1512,8,3247,226,25156
2026/5/11,23:00,24603,1311,11197,4280,54,927,1258,0,460,0,0,211,0,1199,3,3478,225,24603
2026/5/11,23:30,23663,1311,11128,4279,54,898,1239,0,459,0,0,212,0,756,2,3153,172,23663
2026/5/12,0:00,22952,1311,10001,4277,54,914,1134,0,456,0,0,183,0,635,2,3789,195,22951
2026/5/12,0:30,22120,1311,8687,4281,54,939,1125,0,456,0,0,207,0,906,1,3912,242,22121
2026/5/12,1:00,21645,1311,8376,4279,54,941,1122,0,458,0,0,205,0,1130,2,3528,241,21647
2026/5/12,1:30,21406,1311,8074,4279,53,913,1119,0,457,0,0,198,0,1112,2,3644,243,21405
2026/5/12,2:00,21406,1313,8141,4279,54,917,1212,0,457,0,0,192,0,1109,2,3478,253,21407
2026/5/12,2:30,21523,1312,8132,4278,54,941,1267,0,457,0,0,189,0,1045,2,3599,246,21522
2026/5/12,3:00,21706,1312,8196,4280,53,960,1284,0,459,0,0,185,0,974,0,3743,260,21706
2026/5/12,3:30,21979,1313,8756,4279,54,949,1278,0,459,0,0,175,0,795,0,3667,254,21979
2026/5/12,4:00,22186,1312,9319,4146,54,934,1278,0,458,0,0,165,0,684,0,3575,261,22186
2026/5/12,4:30,22136,1311,9704,3884,54,942,1284,0,459,0,0,150,0,718,8,3382,239,22135
2026/5/12,5:00,22016,1312,9677,3730,54,943,1285,0,458,262,0,145,0,464,6,3427,253,22016
2026/5/12,5:30,21938,1312,9286,3504,54,798,1297,0,458,1043,0,120,0,271,0,3572,224,21939
2026/5/12,6:00,22274,1312,8870,3101,54,718,1312,0,459,2274,0,123,0,158,0,3693,200,22274
2026/5/12,6:30,23051,1312,7863,2622,53,713,1314,0,456,4043,0,131,0,-51,0,4386,208,23050
2026/5/12,7:00,24140,1312,7812,2289,53,720,1298,0,456,6047,0,128,0,-741,0,4562,204,24140
2026/5/12,7:30,25360,1313,7378,2184,53,747,1274,0,456,8203,0,113,0,-1751,0,5221,169,25360
2026/5/12,8:00,27523,1313,7833,2118,53,766,1276,0,453,10037,0,101,0,-2219,1,5626,165,27523
2026/5/12,8:30,29281,1313,8438,2111,53,814,1260,0,452,11396,0,88,0,-1638,0,4811,184,29282
2026/5/12,9:00,30497,1313,8439,2116,52,848,1276,0,451,12567,0,82,0,-1280,1,4451,181,30497
2026/5/12,9:30,31374,1312,8896,2113,52,842,1267,0,452,13580,0,84,0,-1394,1,3978,190,31373
2026/5/12,10:00,31820,1312,8456,2114,52,870,1218,0,448,14416,0,86,0,-1706,1,4365,188,31820
2026/5/12,10:30,32195,1313,8739,2114,52,858,1215,0,448,15131,0,87,0,-2196,1,4229,204,32195
2026/5/12,11:00,32542,1313,8824,2117,52,831,1190,0,450,15661,0,92,0,-2669,1,4473,207,32542
2026/5/12,11:30,32562,1314,8968,2210,52,807,1191,0,449,15833,0,96,0,-2771,1,4204,208,32562
2026/5/12,12:00,31613,1313,8299,2220,52,786,1191,0,449,15626,0,96,0,-3249,1,4631,198,31613
2026/5/12,12:30,31287,1314,8259,2311,52,776,1192,0,448,15294,0,101,0,-3165,1,4502,201,31286
2026/5/12,13:00,32048,1314,8720,2514,52,824,1188,0,448,14689,0,109,0,-2675,1,4666,197,32047
2026/5/12,13:30,32109,1314,9588,2868,52,836,1187,0,448,13771,0,109,0,-1999,1,3740,193,32108
2026/5/12,14:00,31740,1313,9674,3080,52,819,1219,0,448,12518,0,109,0,-1920,1,4234,194,31741
2026/5/12,14:30,31346,1314,10504,3265,52,844,1228,0,448,11113,0,109,0,-1544,9,3806,197,31345
2026/5/12,15:00,31130,1313,11144,3717,52,837,1227,0,449,9525,0,107,0,-1107,8,3654,202,31128
2026/5/12,15:30,31470,1313,12418,4228,52,830,1241,0,450,7684,0,106,0,-161,1,3117,191,31470
2026/5/12,16:00,31556,1312,13140,4284,53,815,1475,0,451,5628,0,107,0,139,0,3959,194,31557
2026/5/12,16:30,31262,1313,14121,4286,53,826,1533,0,452,3600,0,104,0,1730,4,3061,178,31261
2026/5/12,17:00,30755,1313,14407,4284,53,790,1583,0,456,1950,0,106,0,2520,12,3095,185,30754
2026/5/12,17:30,30586,1313,14700,4285,53,744,1629,0,458,807,0,110,0,3380,26,2910,171,30586
2026/5/12,18:00,30466,1311,15129,4281,53,719,1609,0,460,139,0,114,0,3168,27,3287,169,30466
2026/5/12,18:30,30749,1311,15534,4283,53,708,1652,0,461,0,0,129,0,3034,24,3396,164,30749
2026/5/12,19:00,30282,1311,15575,4283,53,704,1671,0,461,0,0,136,0,2603,25,3297,163,30282
2026/5/12,19:30,29655,1311,15213,4283,52,737,1661,0,461,0,0,148,0,1951,25,3633,179,29654
2026/5/12,20:00,28814,1312,14959,4282,53,732,1583,0,465,0,0,155,0,1560,17,3522,174,28814
2026/5/12,20:30,28320,1313,14766,4282,53,750,1544,0,465,0,0,161,0,1234,13,3552,187,28320
2026/5/12,21:00,27486,1311,14509,4283,52,765,1537,0,466,0,0,159,0,980,3,3225,196,27486
2026/5/12,21:30,26614,1312,13496,4282,52,778,1533,0,465,0,0,158,0,704,1,3633,200,26614
2026/5/12,22:00,26258,1312,14294,4282,53,780,1310,0,464,0,0,152,0,640,0,2776,197,26260
2026/5/12,22:30,25496,1312,12882,4280,53,760,1285,0,465,0,0,148,0,321,4,3777,209,25496
2026/5/12,23:00,24982,1312,13204,4279,53,764,1285,0,464,0,0,147,0,0,1,3263,210,24982
2026/5/12,23:30,24140,1312,12287,4280,52,813,1271,0,464,0,0,151,0,0,2,3297,210,24139
2026/5/13,0:00,23291,1312,11938,4279,53,749,1256,0,460,0,0,149,0,0,2,2994,99,23291
2026/5/13,0:30,22378,1312,11256,4279,53,703,1250,0,457,0,0,99,0,0,0,2827,141,22377
2026/5/13,1:00,21892,1312,10671,4281,53,705,1250,0,458,0,0,112,0,69,0,2836,146,21893
2026/5/13,1:30,21634,1311,10336,4279,53,724,1251,0,460,0,0,109,0,152,0,2805,154,21634
2026/5/13,2:00,21484,1312,10227,4281,53,764,1260,0,460,0,0,101,0,145,0,2730,151,21484
2026/5/13,2:30,21624,1312,10062,4279,54,829,1280,0,460,0,0,91,0,146,0,2963,148,21624
2026/5/13,3:00,21883,1313,10635,4280,54,794,1261,0,462,0,0,86,0,146,4,2700,149,21884
2026/5/13,3:30,22086,1312,10526,4278,53,780,1257,0,462,0,0,89,0,219,9,2950,150,22085
2026/5/13,4:00,22294,1312,10681,4281,53,751,1264,0,461,0,0,89,0,252,10,2987,153,22294
2026/5/13,4:30,22241,1313,10515,4281,53,730,1264,0,461,1,0,87,0,250,9,3142,135,22241
2026/5/13,5:00,22139,1312,10396,4276,54,735,1267,0,461,284,0,88,0,50,3,3088,126,22140
2026/5/13,5:30,22108,1312,9843,3939,53,724,1282,0,461,1168,0,60,0,-7,0,3172,100,22107
2026/5/13,6:00,22416,1312,9050,3558,54,700,1338,0,460,2523,0,48,0,-245,0,3527,92,22417
2026/5/13,6:30,22930,1311,8286,3427,55,741,1375,0,459,4370,0,68,0,-1032,0,3720,150,22930
2026/5/13,7:00,23984,1313,8274,3304,56,712,1375,0,457,6427,0,74,0,-2002,0,3845,148,23983
2026/5/13,7:30,25212,1314,8175,3243,57,721,1343,0,457,8520,0,69,0,-3557,0,4695,174,25211
2026/5/13,8:00,26960,1313,8799,2974,60,717,1329,0,454,10475,0,74,0,-4268,1,4807,226,26961
2026/5/13,8:30,28815,1313,8835,2552,61,703,1313,0,453,12159,0,76,0,-3466,1,4573,239,28812
2026/5/13,9:00,30362,1313,8881,2398,60,695,1207,0,450,13615,0,77,0,-3252,1,4690,225,30360
2026/5/13,9:30,31330,1313,8509,2339,60,679,1190,0,450,14814,0,77,0,-3036,1,4695,238,31329
2026/5/13,10:00,32014,1313,8355,2305,60,707,1151,0,449,15641,0,78,0,-2773,1,4537,189,32013
2026/5/13,10:30,32426,1313,8326,2309,58,704,1140,0,451,16089,0,82,0,-2621,1,4376,198,32426
2026/5/13,11:00,32969,1313,8457,2307,58,719,1143,0,451,16320,0,84,0,-2461,1,4407,171,32970
2026/5/13,11:30,33424,1313,9132,2264,57,781,1144,0,450,16007,0,88,0,-2379,1,4393,172,33423
2026/5/13,12:00,33172,1313,9840,2207,53,854,1155,0,450,15175,0,93,0,-2435,2,4311,155,33173
2026/5/13,12:30,32785,1313,10180,2458,54,811,1156,0,451,13522,0,95,0,-1469,2,4053,160,32786
2026/5/13,13:00,33263,1313,10844,2756,54,809,1127,0,447,11759,0,95,0,-360,1,4223,194,33262
2026/5/13,13:30,33320,1314,11763,3101,54,863,1131,0,449,10315,0,92,0,-71,1,4107,202,33321
2026/5/13,14:00,33284,1314,12748,3565,54,858,1235,0,449,8909,0,91,0,36,1,3821,204,33285
2026/5/13,14:30,33646,1313,13856,4030,53,859,1258,0,448,7340,0,87,0,833,7,3355,207,33646
2026/5/13,15:00,33209,1312,14343,4276,53,841,1261,0,449,5307,0,87,0,1024,10,4045,202,33210
2026/5/13,15:30,32898,1313,14882,4283,53,877,1266,0,449,3521,0,87,0,2423,15,3530,199,32898
2026/5/13,16:00,32581,1312,15132,4284,53,877,1517,0,451,2181,0,85,0,3581,2,2899,206,32580
2026/5/13,16:30,31904,1312,15399,4284,53,878,1578,0,453,1209,0,81,0,3903,9,2543,202,31904
2026/5/13,17:00,31044,1311,15467,4282,52,857,1658,0,455,649,0,80,0,3323,9,2701,200,31044
2026/5/13,17:30,30869,1311,15526,4280,52,937,2092,0,457,294,0,83,0,3129,19,2496,191,30867
2026/5/13,18:00,30709,1313,15555,4203,52,922,2168,0,458,61,0,70,0,2643,20,3057,188,30710
2026/5/13,18:30,30822,1313,15691,4186,52,915,2204,0,459,0,0,76,0,2515,17,3209,185,30822
2026/5/13,19:00,30148,1314,15554,4187,52,839,1800,0,460,0,0,82,0,2192,15,3468,186,30149
2026/5/13,19:30,29479,1313,15536,4188,52,826,1756,0,460,0,0,80,0,2303,15,2748,202,29479
2026/5/13,20:00,28768,1313,15086,4130,53,856,1709,0,462,0,0,84,0,1583,16,3280,196,28768
2026/5/13,20:30,28173,1313,15165,4085,54,796,1691,0,462,0,0,82,0,1473,9,2833,210,28173
2026/5/13,21:00,27315,1312,14860,4039,53,805,1591,0,463,0,0,72,0,1214,3,2693,210,27315
2026/5/13,21:30,26521,1312,14359,3991,54,824,1550,0,463,0,0,87,0,870,0,2798,211,26519
2026/5/13,22:00,26098,1313,14380,3909,53,798,1352,0,463,0,0,90,0,824,0,2729,187,26098
2026/5/13,22:30,25379,1314,13686,3908,53,790,1322,0,463,0,0,91,0,701,7,2844,200,25379
2026/5/13,23:00,24832,1313,13597,3908,53,798,1318,0,462,0,0,99,0,397,13,2670,204,24832
2026/5/13,23:30,24015,1313,13033,3908,53,856,1299,0,462,0,0,102,0,1,6,2781,202,24016
2026/5/14,0:00,23189,1312,11857,3908,53,819,1279,0,462,0,0,103,0,0,2,3221,172,23188
2026/5/14,0:30,22286,1313,11558,3908,53,806,1275,0,462,0,0,108,0,0,6,2578,220,22287
2026/5/14,1:00,21862,1312,11631,3909,53,819,1267,0,461,0,0,105,0,98,4,1977,227,21863
2026/5/14,1:30,21633,1312,11341,3907,53,809,1271,0,463,0,0,112,0,152,0,1982,231,21633
2026/5/14,2:00,21566,1312,10978,3907,53,811,1274,0,464,0,0,114,0,153,0,2249,250,21565
2026/5/14,2:30,21681,1312,11117,3909,54,812,1289,0,463,0,0,114,0,153,0,2212,247,21682
2026/5/14,3:00,21896,1312,11526,3908,53,795,1280,0,465,0,0,116,0,152,0,2044,244,21895
2026/5/14,3:30,22097,1312,11940,3908,53,726,1274,0,464,0,0,116,0,153,5,1964,182,22097
2026/5/14,4:00,22259,1312,12154,3826,53,750,1286,0,463,0,0,116,0,286,5,1843,166,22260
2026/5/14,4:30,22222,1312,12080,3539,53,731,1288,0,463,1,0,113,0,599,6,1894,142,22221
2026/5/14,5:00,22186,1312,12052,3314,53,700,1288,0,463,262,0,81,0,733,5,1776,148,22187
2026/5/14,5:30,22045,1313,11250,3118,54,726,1297,0,464,969,0,61,0,630,2,2021,140,22045
2026/5/14,6:00,22341,1314,10929,2549,54,724,1299,0,463,2016,0,57,0,512,1,2270,153,22341
2026/5/14,6:30,22919,1315,10473,2261,53,747,1307,0,462,3609,0,85,0,-83,2,2532,157,22920
2026/5/14,7:00,23906,1312,10072,1972,53,771,1301,0,458,5733,0,92,0,-1010,1,2980,170,23905
2026/5/14,7:30,25045,1314,8936,2037,53,789,1278,0,458,7969,0,92,0,-1545,1,3527,137,25046
2026/5/14,8:00,26893,1313,9092,2081,53,793,1283,0,452,10070,0,90,0,-2277,1,3733,209,26893
2026/5/14,8:30,28948,1314,9479,2082,53,786,1286,0,452,11872,0,89,0,-2430,1,3735,229,28948
2026/5/14,9:00,30437,1314,9650,2082,53,795,1278,0,452,13185,0,94,0,-2638,1,3955,217,30438
2026/5/14,9:30,31546,1314,9840,2080,53,790,1267,0,452,14265,0,97,0,-2860,1,4018,230,31547
2026/5/14,10:00,32112,1314,9386,2080,52,791,1187,0,451,15046,0,98,0,-2943,1,4437,213,32113
2026/5/14,10:30,32778,1314,9451,2081,52,808,1178,0,452,15590,0,103,0,-2948,1,4458,237,32777
2026/5/14,11:00,33065,1314,9565,2111,53,799,1150,0,454,15796,0,107,0,-2943,1,4453,207,33067
2026/5/14,11:30,33080,1315,9739,2128,53,816,1148,0,451,15637,0,110,0,-3009,1,4474,217,33080
2026/5/14,12:00,32503,1313,10261,2172,52,812,1152,0,451,15046,0,117,0,-3759,1,4725,160,32503
2026/5/14,12:30,32054,1313,10694,2427,53,793,1148,0,451,14120,0,119,0,-3920,1,4684,171,32054
2026/5/14,13:00,32537,1313,11400,2807,52,776,1143,0,448,12908,0,122,0,-3160,2,4589,136,32536
2026/5/14,13:30,32482,1313,11908,3332,52,762,1112,0,448,11707,0,121,0,-3030,3,4612,141,32481
2026/5/14,14:00,32492,1310,12771,3574,50,776,1166,0,449,10349,0,122,0,-2693,1,4467,151,32493
2026/5/14,14:30,32243,1311,12967,3882,48,747,1187,0,448,8640,0,120,0,-1823,1,4571,143,32242
2026/5/14,15:00,31615,1313,13339,3909,48,745,1267,0,450,6833,0,120,0,-826,1,4267,149,31615
2026/5/14,15:30,31529,1312,14205,3909,48,714,1278,0,452,5193,0,127,0,171,4,3956,159,31528
2026/5/14,16:00,31540,1313,14689,3908,48,738,1524,0,452,3794,0,125,0,841,0,3904,204,31540
2026/5/14,16:30,31226,1312,15039,3910,49,734,1578,0,456,2482,0,132,0,1637,5,3698,194,31226
2026/5/14,17:00,30635,1313,15238,3910,48,740,1573,0,458,1312,0,132,0,2050,13,3614,232,30633
2026/5/14,17:30,30343,1312,15452,3909,49,766,1619,0,458,489,0,131,0,2906,33,2984,235,30343
2026/5/14,18:00,30243,1312,15601,3910,48,774,1677,0,460,96,0,131,0,3407,33,2552,243,30244
2026/5/14,18:30,30434,1312,15785,3910,48,788,1678,0,461,0,0,132,0,4144,33,1910,233,30434
2026/5/14,19:00,29956,1313,15937,3910,48,765,1696,0,463,0,0,134,0,3473,33,1983,203,29958
2026/5/14,19:30,29216,1313,15892,3909,48,762,1694,0,463,0,0,133,0,2323,25,2436,218,29216
2026/5/14,20:00,28519,1312,15809,3910,48,779,1637,0,465,0,0,135,0,2168,25,2062,168,28518
2026/5/14,20:30,28014,1313,15661,3909,48,800,1613,0,466,0,0,134,0,1929,19,1932,189,28013
2026/5/14,21:00,27157,1313,15220,3908,48,792,1587,0,465,0,0,134,0,1658,0,1898,133,27156
2026/5/14,21:30,26340,1313,14526,3911,48,780,1541,0,465,0,0,136,0,1013,2,2463,143,26341
2026/5/14,22:00,25933,1313,14613,3910,50,787,1257,0,465,0,0,135,0,774,0,2473,156,25933
2026/5/14,22:30,25298,1313,14058,3909,53,818,1234,0,466,0,0,134,0,755,3,2390,164,25297
2026/5/14,23:00,24808,1314,14265,3910,54,822,1216,0,465,0,0,135,0,465,4,2025,134,24809
2026/5/14,23:30,23945,1313,13777,3909,54,816,1200,0,465,0,0,134,0,24,2,2130,123,23947
2026/5/15,0:00,23101,1312,12386,3909,53,782,1218,0,462,0,0,98,0,0,2,2767,110,23099
2026/5/15,0:30,22214,1313,11635,3910,53,777,1216,0,461,0,0,94,0,0,2,2607,147,22215
2026/5/15,1:00,21763,1312,11014,3909,53,781,1214,0,460,0,0,88,0,120,1,2661,151,21764
2026/5/15,1:30,21423,1312,10735,3908,53,805,1252,0,463,0,0,84,0,140,0,2512,158,21422
2026/5/15,2:00,21418,1312,10898,3909,53,852,1254,0,465,0,0,81,0,140,0,2294,161,21419
2026/5/15,2:30,21551,1312,11105,3909,53,832,1248,0,464,0,0,79,0,140,0,2252,158,21552
2026/5/15,3:00,21782,1312,11666,3908,53,810,1246,0,466,0,0,79,0,140,0,1940,161,21781
2026/5/15,3:30,21936,1312,11711,3909,53,825,1249,0,466,0,0,85,0,234,2,1938,153,21937
2026/5/15,4:00,22167,1311,12049,3908,53,874,1264,0,464,0,0,82,0,334,2,1672,154,22167
2026/5/15,4:30,22185,1311,11919,3911,53,870,1265,0,465,1,0,80,0,579,4,1587,138,22183
2026/5/15,5:00,22369,1312,11558,3730,54,863,1247,0,464,200,0,74,0,822,3,1896,146,22369
2026/5/15,5:30,22367,1312,11298,3058,53,858,1273,0,465,639,0,71,0,940,1,2239,160,22367
2026/5/15,6:00,22790,1312,11205,2651,54,882,1277,0,464,1299,0,72,0,318,2,3088,166,22790
2026/5/15,6:30,23662,1312,11042,2351,53,862,1282,0,464,2134,0,77,0,301,2,3601,181,23662
2026/5/15,7:00,24592,1313,11033,2272,54,806,1272,0,460,2976,0,64,0,402,2,3736,203,24593
2026/5/15,7:30,25437,1312,10416,2272,53,833,1245,0,460,3819,0,76,0,445,0,4332,175,25438
2026/5/15,8:00,26839,1312,10442,2315,52,855,1242,0,453,4766,0,58,0,462,1,4628,253,26839
2026/5/15,8:30,28207,1313,10615,2360,52,804,1233,0,452,5936,0,57,0,337,2,4796,250,28207
2026/5/15,9:00,29329,1314,10503,2607,52,775,1245,0,450,7168,0,54,0,145,2,4771,243,29329
2026/5/15,9:30,29560,1314,10318,2828,52,773,1239,0,450,8075,0,53,0,-533,1,4737,254,29561
2026/5/15,10:00,29470,1314,9638,3283,52,781,1151,0,448,9263,0,53,0,-1493,1,4754,226,29471
2026/5/15,10:30,29623,1313,8858,3451,52,796,1146,0,448,11096,0,50,0,-2511,3,4692,230,29624
2026/5/15,11:00,30083,1313,8267,3535,52,692,1112,0,449,13234,0,49,0,-2924,3,4114,186,30082
2026/5/15,11:30,30656,1313,7598,3297,52,680,1116,0,448,15026,0,43,0,-3461,3,4360,182,30657
2026/5/15,12:00,30261,1314,7415,3050,51,701,1113,0,449,16070,0,18,0,-4391,3,4300,170,30263
2026/5/15,12:30,30138,1313,7726,3100,51,688,1107,0,448,16181,0,27,0,-5019,1,4341,174,30138
2026/5/15,13:00,31166,1313,9048,3145,52,694,1096,0,445,15710,0,59,0,-4752,2,4185,169,31166
2026/5/15,13:30,31106,1314,9461,3142,51,696,1098,0,446,14722,0,61,0,-4631,3,4582,161,31106
2026/5/15,14:00,30923,1313,9520,3142,46,731,1143,0,446,13424,0,51,0,-3823,5,4764,161,30923
2026/5/15,14:30,30738,1314,9931,3143,47,713,1158,0,448,11899,0,66,0,-2530,4,4382,164,30739
2026/5/15,15:00,30503,1313,10074,3143,49,735,1239,0,449,10146,0,56,0,-1405,1,4539,163,30502
2026/5/15,15:30,30618,1313,11880,3527,49,736,1255,0,450,8139,0,63,0,-205,1,3245,165,30618
2026/5/15,16:00,30490,1313,12782,3902,49,744,1507,0,449,5984,0,47,0,98,3,3459,153,30490
2026/5/15,16:30,30447,1312,13596,3910,49,771,1554,0,451,3915,0,42,0,979,2,3671,194,30446
2026/5/15,17:00,30089,1311,14140,3912,51,763,1544,0,454,2171,0,45,0,1942,3,3518,235,30089
2026/5/15,17:30,29985,1311,14762,3908,52,742,1580,0,454,970,0,57,0,2857,27,3038,226,29984
2026/5/15,18:00,29814,1311,14992,3908,52,699,1638,0,457,212,0,60,0,3675,33,2535,241,29813
2026/5/15,18:30,30124,1312,14735,3910,52,709,1638,0,457,0,0,76,0,4001,32,2960,240,30122
2026/5/15,19:00,29769,1312,14445,3909,52,690,1620,0,459,0,0,85,0,4034,29,2916,219,29770
2026/5/15,19:30,29111,1311,14361,3909,52,682,1619,0,459,0,0,83,0,3710,27,2662,236,29111
2026/5/15,20:00,28412,1311,14264,3909,52,716,1480,0,461,0,0,85,0,3527,26,2356,225,28412
2026/5/15,20:30,27805,1312,14102,3908,52,708,1454,0,462,0,0,103,0,2933,15,2521,234,27804
2026/5/15,21:00,27001,1312,13963,3911,52,715,1440,0,461,0,0,105,0,2700,6,2078,258,27001
2026/5/15,21:30,26256,1198,13830,3911,52,717,1400,0,462,0,0,108,0,2089,0,2225,266,26258
2026/5/15,22:00,25890,1079,13952,3909,53,724,1367,0,462,0,0,107,0,1734,0,2259,247,25893
2026/5/15,22:30,25271,1133,13213,3909,52,707,1342,0,461,0,0,125,0,1230,8,2837,254,25271
2026/5/15,23:00,24713,1136,13393,3869,52,706,1193,0,461,0,0,128,0,856,5,2655,258,24712
2026/5/15,23:30,24008,1136,12873,3789,52,732,1186,0,461,0,0,149,0,503,3,2924,199,24007
2026/5/16,0:00,23039,1136,11757,3754,53,689,1127,0,458,0,0,131,0,518,2,3317,96,23038
2026/5/16,0:30,22132,1137,10362,3758,53,703,1120,0,458,0,0,130,0,1216,2,3044,150,22133
2026/5/16,1:00,21765,1137,9845,3757,53,682,1147,0,458,0,0,127,0,1863,0,2514,182,21765
2026/5/16,1:30,21410,1137,9673,3758,53,705,1174,0,458,0,0,123,0,1868,6,2262,192,21409
2026/5/16,2:00,21343,1142,10029,3757,53,686,1195,0,459,0,0,120,0,1782,4,1922,193,21342
2026/5/16,2:30,21511,1149,10051,3750,53,680,1204,0,458,0,0,116,0,1585,7,2263,193,21509
2026/5/16,3:00,21654,1156,10264,3630,53,683,1221,0,460,0,0,107,0,1342,0,2547,191,21654
2026/5/16,3:30,21657,1162,10140,3586,53,692,1215,0,460,0,0,102,0,1263,7,2796,181,21657
2026/5/16,4:00,21821,1169,10509,3579,53,691,1190,0,458,0,0,87,0,1604,8,2298,176,21822
2026/5/16,4:30,21624,1175,10456,3354,53,705,1195,0,458,1,0,77,0,1382,8,2614,147,21625
2026/5/16,5:00,21267,1181,10602,3098,53,715,1194,0,457,293,0,75,0,1144,4,2298,151,21265
2026/5/16,5:30,20833,1188,9969,2582,53,721,1193,0,457,1051,0,44,0,466,0,2889,220,20833
2026/5/16,6:00,20756,1195,9018,2177,54,747,1184,0,459,2178,0,73,0,267,2,3187,215,20756
2026/5/16,6:30,20816,1201,7363,1793,53,710,1188,0,458,3711,0,74,0,9,0,4018,237,20815
2026/5/16,7:00,21387,1208,6773,1510,52,690,1173,0,452,5469,0,37,0,-409,2,4174,256,21387
2026/5/16,7:30,22383,1214,6635,1480,53,680,1153,0,452,7329,0,67,0,-1608,0,4636,292,22383
2026/5/16,8:00,23136,1220,6740,1400,51,651,1149,0,420,8731,427,58,0,-2315,1,4701,328,23135
2026/5/16,8:30,24089,1227,6368,1403,51,615,1149,0,421,10569,492,32,0,-2455,1,4379,330,24090
2026/5/16,9:00,25028,1233,6306,1398,50,589,1149,0,417,11856,1054,32,1,-2957,1,4647,305,25026
2026/5/16,9:30,25897,1239,6782,1395,51,697,1140,0,417,12839,1710,36,2,-3602,1,4601,301,25897
2026/5/16,10:00,26680,1246,7325,1401,51,735,1129,0,417,13198,2555,25,3,-3742,1,4640,254,26680
2026/5/16,10:30,27253,1252,7463,1422,50,742,1130,0,416,13595,2809,19,3,-3620,1,4517,265,27252
2026/5/16,11:00,27566,1258,7381,1568,51,721,1121,0,418,13805,2869,12,3,-3563,1,4560,233,27566
2026/5/16,11:30,27596,1265,7641,1571,52,723,1121,0,417,13574,3051,15,0,-3627,1,4608,236,27597
2026/5/16,12:00,27519,1273,7374,1608,49,730,1110,0,416,13907,2556,23,5,-3689,1,4511,205,27518
2026/5/16,12:30,27101,1279,7437,1682,49,711,1107,0,416,13820,2194,41,0,-4010,1,4371,198,27102
2026/5/16,13:00,27235,1285,7210,1926,49,718,1108,0,413,13979,1329,30,3,-3982,1,4290,208,27235
2026/5/16,13:30,26921,1292,7421,2449,49,769,1105,0,412,12740,1552,21,0,-4107,1,4563,206,26921
2026/5/16,14:00,26887,1299,7169,2877,50,847,1131,0,412,12227,886,53,0,-4094,1,4711,204,26887
2026/5/16,14:30,26738,1305,7709,3210,50,855,1143,0,420,11129,461,68,0,-3932,1,4571,208,26737
2026/5/16,15:00,26689,1312,7882,3363,50,861,1171,0,420,9535,392,79,0,-2828,1,4636,207,26689
2026/5/16,15:30,26693,1313,8373,3380,50,889,1177,0,420,7655,315,71,0,-1447,0,4599,212,26692
2026/5/16,16:00,26799,1313,8816,3453,50,904,1246,0,449,5857,0,82,0,-348,2,4764,210,26798
2026/5/16,16:30,26764,1312,9933,3467,51,908,1283,0,449,3828,0,22,0,618,2,4681,210,26764
2026/5/16,17:00,26755,1312,10621,3582,50,943,1444,0,448,2146,0,76,0,1213,1,4665,253,26754
2026/5/16,17:30,26883,1312,11139,3756,50,986,1488,0,451,972,0,24,0,1855,26,4574,249,26882
2026/5/16,18:00,26873,1312,11317,3758,50,989,1528,0,454,220,0,85,0,2204,27,4646,282,26872
2026/5/16,18:30,27244,1312,11458,3756,50,957,1535,0,455,0,0,95,0,2689,32,4611,295,27245
2026/5/16,19:00,27312,1311,11495,3759,49,951,1534,0,456,0,0,103,0,2685,31,4639,298,27311
2026/5/16,19:30,26819,1312,11539,3757,49,933,1534,0,456,0,0,105,0,2404,29,4391,309,26818
2026/5/16,20:00,26346,1312,11377,3757,49,787,1488,0,457,0,0,115,0,2073,31,4612,289,26347
2026/5/16,20:30,25905,1313,11254,3758,49,710,1452,0,458,0,0,118,0,1972,18,4502,301,25905
2026/5/16,21:00,25193,1312,10926,3757,49,658,1249,0,457,0,0,132,0,1880,3,4515,255,25193
2026/5/16,21:30,24632,1313,10571,3758,49,689,1209,0,457,0,0,139,0,1671,0,4511,264,24631
2026/5/16,22:00,24128,1313,10691,3758,50,778,1172,0,458,0,0,148,0,1640,0,3890,230,24128
2026/5/16,22:30,23593,1312,10203,3757,52,786,1139,0,457,0,0,158,0,934,10,4535,249,23592
2026/5/16,23:00,23159,1313,10157,3756,52,814,1147,0,457,0,0,159,0,649,14,4449,192,23159
2026/5/16,23:30,22485,1313,9775,3757,52,879,1138,0,457,0,0,152,0,482,4,4265,210,22484
2026/5/17,0:00,21667,1313,9850,3757,52,917,1121,0,456,0,0,141,0,189,5,3667,199,21667
2026/5/17,0:30,20983,1313,9765,3757,53,985,1119,0,455,0,0,140,0,-287,1,3445,236,20982
2026/5/17,1:00,20500,1313,9548,3756,53,1023,1125,0,456,0,0,136,0,-287,0,3142,234,20499
2026/5/17,1:30,20116,1315,9254,3758,53,1065,1148,0,456,0,0,131,0,-400,0,3098,238,20116
2026/5/17,2:00,20144,1316,9809,3758,53,1053,1147,0,457,0,0,127,0,-556,0,2747,233,20144
2026/5/17,2:30,20250,1316,9703,3749,53,1068,1147,0,456,0,0,135,0,-555,0,2941,237,20250
2026/5/17,3:00,20502,1316,9743,3628,53,1026,1183,0,458,0,0,141,0,-388,0,3107,235,20502
2026/5/17,3:30,20569,1316,9142,3586,53,1005,1181,0,457,0,0,143,0,-257,9,3708,225,20568
2026/5/17,4:00,20710,1315,9544,3519,53,1021,1193,0,455,0,0,145,0,745,2,2495,224,20711
2026/5/17,4:30,20506,1316,8838,3414,53,1034,1194,0,456,1,0,128,0,855,2,3012,203,20506
2026/5/17,5:00,20260,1316,8480,3206,53,1054,1206,0,456,346,0,115,0,846,0,2952,230,20260
2026/5/17,5:30,19833,1317,7464,2703,53,1054,1221,0,456,1251,0,128,0,364,0,3612,210,19833
2026/5/17,6:00,19534,1317,7552,2185,53,1037,1224,0,458,2619,0,78,0,-932,0,3730,215,19536
2026/5/17,6:30,19465,1317,6757,1846,54,1034,1221,0,457,4476,0,61,0,-2194,1,4202,233,19465
2026/5/17,7:00,20042,1316,7593,1608,53,1090,1201,0,448,6577,0,59,0,-3042,0,2894,245,20042
2026/5/17,7:30,20946,1315,6853,1530,53,1083,1175,0,446,8231,421,73,0,-4114,5,4012,283,20945
2026/5/17,8:00,21582,1314,6315,1515,53,1001,1174,0,416,9278,1277,20,11,-4465,1,4629,332,21583
2026/5/17,8:30,22521,1314,6759,1519,53,950,1175,0,415,9724,2481,7,13,-4441,1,4719,326,22521
2026/5/17,9:00,23631,1315,6411,1519,52,860,1147,0,418,11593,2042,5,15,-4655,1,4663,301,23630
2026/5/17,9:30,24504,1315,6631,1526,52,866,1139,0,417,12503,2337,0,32,-4862,1,4618,298,24504
2026/5/17,10:00,25124,1315,7005,1614,52,884,1087,0,416,12679,3050,0,25,-4847,4,4665,250,25124
2026/5/17,10:30,25677,1315,7063,1618,52,857,1073,0,416,13149,3154,0,21,-4555,4,4443,243,25678
2026/5/17,11:00,26060,1315,6957,1616,52,881,1070,0,418,13353,3211,0,24,-4522,1,4697,222,26060
2026/5/17,11:30,26240,1315,6939,1617,52,895,1059,0,416,13529,3087,0,32,-4374,1,4573,216,26238
2026/5/17,12:00,26501,1315,7113,1616,53,870,1058,0,416,13509,2918,0,34,-4350,1,4705,195,26501
2026/5/17,12:30,26486,1315,6945,1617,52,856,1054,0,415,13612,2378,0,24,-4234,1,4662,191,26486
2026/5/17,13:00,26486,1315,7105,1616,52,863,1056,0,415,13174,2120,16,12,-4015,1,4695,193,26486
2026/5/17,13:30,26349,1315,7531,1627,52,896,1051,0,415,12112,2203,5,28,-3547,1,4699,191,26348
2026/5/17,14:00,26350,1315,7961,1750,52,947,1076,0,416,11265,1775,9,30,-3313,1,4679,193,26351
2026/5/17,14:30,26515,1315,7986,1848,52,976,1107,0,420,10946,629,73,15,-3044,1,4638,197,26515
2026/5/17,15:00,26520,1315,8311,2113,52,984,1187,0,421,9343,538,79,10,-2119,6,4633,195,26520
2026/5/17,15:30,26744,1315,8354,2615,52,988,1192,0,422,7532,438,60,5,-535,0,4551,198,26744
2026/5/17,16:00,27039,1315,8747,3121,52,1028,1382,0,448,5905,0,40,0,253,2,4529,216,27038
2026/5/17,16:30,27149,1315,10175,3315,52,976,1433,0,451,3857,0,43,0,1075,0,4237,220,27149
2026/5/17,17:00,27339,1315,11322,3570,52,981,1436,0,450,2157,0,30,0,1618,6,4139,264,27340
2026/5/17,17:30,27603,1315,12143,3756,53,954,1464,0,452,984,0,33,0,2249,26,3911,263,27603
2026/5/17,18:00,27747,1314,12648,3758,53,1012,1455,0,454,229,0,61,0,3977,30,2456,300,27747
2026/5/17,18:30,28253,1315,12910,3758,53,1025,1467,0,454,0,0,84,0,4373,33,2475,305,28252
2026/5/17,19:00,28275,1315,12981,3758,53,1000,1493,0,455,0,0,83,0,4628,34,2166,309,28275
2026/5/17,19:30,27838,1315,12992,3759,53,1023,1487,0,456,0,0,81,0,3660,31,2668,314,27839
2026/5/17,20:00,27280,1315,13033,3757,53,1025,1416,0,457,0,0,32,0,3434,27,2435,297,27281
2026/5/17,20:30,26709,1315,12740,3759,53,1021,1431,0,457,0,0,25,0,3233,24,2350,301,26709
2026/5/17,21:00,25932,1314,12358,3759,53,1030,1270,0,457,0,0,35,0,3155,8,2240,253,25932
2026/5/17,21:30,25094,1315,12069,3756,53,1016,1223,0,457,0,0,38,0,2528,0,2378,262,25095
2026/5/17,22:00,24573,1315,11847,3758,53,1003,1224,0,458,0,0,77,0,1657,0,2953,228,24573
2026/5/17,22:30,23831,1315,11141,3756,54,955,1209,0,457,0,0,84,0,629,15,3969,245,23829
2026/5/17,23:00,23390,1316,11093,3797,55,1012,1200,0,457,0,0,85,0,336,15,3836,189,23391
2026/5/17,23:30,22588,1316,10514,3876,55,1081,1168,0,457,0,0,73,0,19,5,3818,208,22590
2026/5/18,0:00,21888,1316,9750,3905,57,1090,1130,0,458,0,0,68,0,-291,8,4238,158,21887
2026/5/18,0:30,21010,1316,9424,3908,57,1065,1122,0,458,0,0,67,0,-997,2,4392,197,21011
2026/5/18,1:00,20665,1316,9627,3909,57,1062,1129,0,457,0,0,36,0,-1241,0,4098,215,20665
2026/5/18,1:30,20228,1316,9525,3906,57,1081,1165,0,459,0,0,42,0,-1679,3,4133,220,20228
2026/5/18,2:00,20203,1316,9381,3909,57,1074,1157,0,460,0,0,44,0,-1791,2,4371,224,20204
2026/5/18,2:30,20343,1316,10257,3908,57,1047,1160,0,460,0,0,48,0,-1790,0,3660,221,20344
2026/5/18,3:00,20663,1316,10175,3910,57,1027,1186,0,461,0,0,50,0,-1783,2,4042,222,20665
2026/5/18,3:30,20843,1316,10337,3909,57,1003,1189,0,461,0,0,73,0,-1781,2,4059,217,20842
2026/5/18,4:00,21092,1316,10153,3882,57,1036,1191,0,459,0,0,46,0,-958,6,3690,213,21091
2026/5/18,4:30,21044,1317,9887,3368,57,1026,1191,0,460,1,0,64,0,-188,2,3670,188,21043
2026/5/18,5:00,21011,1317,9899,3131,57,1001,1201,0,459,347,0,48,0,43,0,3291,218,21012
2026/5/18,5:30,21102,1316,9131,2709,56,1029,1205,0,459,1188,0,74,0,-96,0,3841,190,21102
2026/5/18,6:00,21549,1316,8613,2434,56,1063,1192,0,459,2459,0,80,0,-515,1,4177,214,21549
2026/5/18,6:30,22551,1316,8133,2317,57,1099,1189,0,459,4149,0,82,0,-810,0,4387,174,22552
2026/5/18,7:00,23697,1315,7601,2172,56,1124,1180,0,456,6110,0,67,0,-904,0,4278,242,23697
2026/5/18,7:30,25079,1316,7309,2237,56,1112,1163,0,456,8238,0,77,0,-1797,1,4710,201,25079
2026/5/18,8:00,27111,1316,7671,2303,54,1116,1159,0,450,10318,0,52,0,-2181,1,4665,188,27112
2026/5/18,8:30,29218,1315,8276,2398,53,1124,1143,0,450,12116,0,50,0,-2250,1,4351,190,29217
2026/5/18,9:00,31006,1315,8153,2426,53,1104,1132,0,450,13592,0,52,0,-1437,1,3980,185,31006
2026/5/18,9:30,32157,1314,8072,2427,53,1061,1116,0,450,14815,0,65,0,-1259,1,3850,191,32156
2026/5/18,10:00,32842,1315,7762,2430,52,1079,1076,0,449,15733,0,34,0,-1502,1,4234,179,32842
2026/5/18,10:30,33434,1314,8026,2454,54,1104,1058,0,448,16320,0,26,0,-1595,1,4040,184,33434
2026/5/18,11:00,33899,1313,8195,2499,53,1128,1053,0,450,16616,0,49,0,-1970,1,4334,178,33899
2026/5/18,11:30,33975,1313,8554,2528,53,1080,1047,0,450,16622,0,36,0,-2302,1,4414,179,33975
2026/5/18,12:00,33291,1314,8685,2546,53,1093,1047,0,450,16452,0,37,0,-3197,1,4644,166,33291
2026/5/18,12:30,33187,1314,8723,2701,53,1081,1045,0,450,16003,0,35,0,-3062,1,4675,166,33185
2026/5/18,13:00,34268,1315,9513,2959,53,1091,1055,0,446,15309,0,91,0,-2402,3,4670,164,34267
2026/5/18,13:30,34556,1314,10232,3311,53,1087,1051,0,445,14314,0,84,0,-2080,2,4570,172,34555
2026/5/18,14:00,34625,1314,10640,3702,54,1082,1087,0,447,13072,0,107,0,-1647,1,4604,161,34624
2026/5/18,14:30,34368,1315,10835,4158,55,1119,1102,0,449,11579,0,113,0,-974,3,4454,160,34368
2026/5/18,15:00,34164,1315,11046,4426,55,1086,1122,0,450,9891,0,116,0,-144,1,4638,162,34164
2026/5/18,15:30,34300,1315,12878,4486,55,1053,1125,0,450,7983,0,118,0,620,1,4057,160,34301
2026/5/18,16:00,34214,1314,14663,4487,55,1059,1169,0,452,5919,0,117,0,1949,3,2847,181,34215
2026/5/18,16:30,33965,1314,15629,4488,55,1075,1226,0,456,3881,0,124,0,2792,4,2748,174,33966
2026/5/18,17:00,33246,1315,16659,4515,54,1082,1467,0,458,2168,0,100,0,2287,12,2930,198,33245
2026/5/18,17:30,32877,1315,17327,4514,55,1080,1506,0,458,995,0,151,0,2623,38,2624,191,32877
2026/5/18,18:00,32348,1315,17577,4512,55,1096,1572,0,462,239,0,157,0,2739,34,2390,199,32347
2026/5/18,18:30,32330,1315,17909,4518,55,1127,1583,0,462,0,0,185,0,2814,36,2135,191,32330
2026/5/18,19:00,31837,1314,17566,4572,55,1065,1553,0,462,0,0,205,0,2558,34,2244,209,31837
2026/5/18,19:30,31047,1315,17664,4593,54,1073,1546,0,463,0,0,221,0,2122,33,1742,222,31048
2026/5/18,20:00,30063,1315,17206,4660,54,1053,1462,0,464,0,0,237,0,1085,25,2293,210,30064
2026/5/18,20:30,29422,1315,16583,4742,54,1108,1442,0,465,0,0,235,0,836,20,2405,216,29421
2026/5/18,21:00,28423,1315,16147,4762,54,1085,1394,0,465,0,0,240,0,805,5,1956,195,28423
2026/5/18,21:30,27512,1314,15601,4760,54,1033,1356,0,465,0,0,244,0,839,3,1630,212,27511
2026/5/18,22:00,27070,1315,15240,4761,54,1088,1212,0,465,0,0,249,0,823,13,1660,191,27071
2026/5/18,22:30,26321,1315,14578,4869,54,1111,1192,0,465,0,0,243,0,589,7,1695,202,26320
2026/5/18,23:00,25795,1316,14330,5003,54,1126,1189,0,465,0,0,233,0,496,7,1393,183,25795
2026/5/18,23:30,24780,1316,13329,5006,54,1103,1179,0,465,0,0,223,0,472,7,1418,208,24780
2026/5/19,0:00,23833,1316,11614,5003,54,1065,1163,0,467,0,0,226,0,297,5,2472,150,23832
2026/5/19,0:30,22863,1316,11676,5003,54,1010,1155,0,468,0,0,201,0,297,0,1485,198,22863
2026/5/19,1:00,22271,1316,11029,5002,54,988,1148,0,466,0,0,204,0,203,0,1650,210,22270
2026/5/19,1:30,22011,1316,10860,5003,54,1002,1174,0,469,0,0,191,0,153,0,1574,215,22011
2026/5/19,2:00,21938,1316,10702,5027,54,1061,1154,0,469,0,0,206,0,153,0,1579,218,21939
2026/5/19,2:30,21964,1315,10884,5051,54,1080,1151,0,469,0,0,187,0,156,0,1401,214,21962
2026/5/19,3:00,22157,1314,10760,5049,54,1048,1146,0,470,0,0,207,0,335,0,1556,217,22156
2026/5/19,3:30,22321,1315,10881,5051,55,1037,1140,0,470,0,0,183,0,358,2,1619,210,22321
2026/5/19,4:00,22477,1315,11129,5051,55,1047,1137,0,468,0,0,186,0,358,2,1514,215,22477
2026/5/19,4:30,22259,1315,11023,4922,54,1078,1133,0,468,2,0,186,0,349,4,1533,192,22259
2026/5/19,5:00,22263,1315,12079,4160,54,1100,1132,0,467,376,0,196,0,176,1,1007,201,22264
2026/5/19,5:30,22239,1315,11328,3602,54,1078,1132,0,467,1270,0,156,0,152,0,1516,170,22240
2026/5/19,6:00,22785,1315,10774,3179,54,1104,1135,0,467,2629,0,152,0,-60,0,1827,209,22785
2026/5/19,6:30,23637,1315,10279,2859,54,1097,1139,0,467,4445,0,154,0,-629,0,2288,170,23638
2026/5/19,7:00,25044,1315,10282,2493,54,1088,1145,0,463,6517,0,126,0,-1435,1,2763,233,25045
2026/5/19,7:30,26504,1314,9488,2448,53,1088,1118,0,462,8582,0,138,0,-2537,1,4160,189,26504
2026/5/19,8:00,28687,1314,10407,2369,55,1107,1121,0,457,10463,0,133,0,-2664,1,3757,167,28687
2026/5/19,8:30,30837,1314,10533,2372,57,1131,1115,0,457,12138,0,128,0,-1125,1,2531,183,30835
2026/5/19,9:00,32804,1314,10889,2366,57,1080,1120,0,457,13597,0,135,0,-788,1,2406,168,32802
2026/5/19,9:30,34046,1315,10599,2363,57,1108,1112,0,457,14798,0,141,0,-787,1,2704,178,34046
2026/5/19,10:00,34783,1315,10683,2368,58,1104,1073,0,456,15613,0,139,0,-787,1,2597,163,34783
2026/5/19,10:30,35286,1315,10608,2369,57,1063,1069,0,456,16119,0,116,0,-786,2,2734,164,35286
2026/5/19,11:00,35630,1314,10581,2364,57,1090,1047,0,458,16245,0,119,0,-789,1,2977,164,35628
2026/5/19,11:30,35582,1314,10788,2366,57,1065,1041,0,457,16099,0,122,0,-886,1,2992,164,35580
2026/5/19,12:00,34779,1314,11247,2436,53,1075,1042,0,457,15737,0,134,0,-1691,3,2805,166,34778
2026/5/19,12:30,34452,1314,11765,2536,53,1132,1050,0,457,15086,0,139,0,-2137,3,2887,165,34450
2026/5/19,13:00,35552,1314,13099,2749,54,1099,1042,0,454,14324,0,180,0,-1671,3,2740,164,35551
2026/5/19,13:30,35650,1314,13005,3047,54,1105,1041,0,453,13316,0,180,0,-1351,3,3318,164,35649
2026/5/19,14:00,35263,1314,12317,3173,54,1110,1057,0,454,12048,0,179,0,-1241,1,4637,160,35263
2026/5/19,14:30,35166,1314,13148,3479,54,1123,1067,0,457,10823,0,181,0,-1062,2,4419,161,35166
2026/5/19,15:00,34903,1314,13593,4071,54,1108,1067,0,457,9245,0,182,0,-958,1,4603,167,34904
2026/5/19,15:30,34684,1314,14027,4497,54,1117,1069,0,458,7335,0,180,0,-35,6,4501,160,34683
2026/5/19,16:00,34558,1314,15816,4830,54,1123,1261,0,458,5497,0,172,0,625,0,3217,190,34557
2026/5/19,16:30,34324,1314,16553,4968,55,1150,1316,0,461,3705,0,154,0,1063,7,3401,177,34324
2026/5/19,17:00,33611,1314,17360,5055,55,1143,1509,0,463,2142,0,152,0,1903,9,2334,173,33612
2026/5/19,17:30,33250,1315,17785,5054,55,1150,1563,0,464,1001,0,120,0,2880,29,1673,162,33251
2026/5/19,18:00,32737,1314,17887,5054,55,1105,1634,0,467,248,0,114,0,2418,35,2218,187,32736
2026/5/19,18:30,32751,1314,18211,5053,55,1072,1646,0,466,0,0,110,0,2512,35,2097,180,32751
2026/5/19,19:00,32299,1314,17665,5053,54,1113,1661,0,467,0,0,148,0,2145,34,2456,190,32300
2026/5/19,19:30,31550,1315,17531,5055,54,1146,1633,0,468,0,0,172,0,1556,33,2372,216,31551
2026/5/19,20:00,30664,1314,17301,5053,54,1133,1417,0,470,0,0,174,0,1443,32,2074,199,30664
2026/5/19,20:30,29946,1314,16976,5055,54,1134,1384,0,470,0,0,180,0,1066,20,2081,213,29947
2026/5/19,21:00,28961,1314,16447,5054,54,1145,1262,0,470,0,0,184,0,725,2,2109,196,28962
2026/5/19,21:30,28037,1314,15410,5055,54,1140,1215,0,469,0,0,180,0,465,1,2521,212,28036
2026/5/19,22:00,27617,1314,14936,5054,55,1128,1124,0,471,0,0,178,0,509,0,2632,216,27617
2026/5/19,22:30,26803,1314,14183,5054,54,1088,1098,0,470,0,0,179,0,573,2,2549,238,26802
2026/5/19,23:00,26320,1314,14430,5051,55,1098,1097,0,470,0,0,181,0,653,0,1797,172,26318
2026/5/19,23:30,25350,1314,13665,5053,56,1102,1088,0,470,0,0,175,0,261,2,1967,197,25350
2026/5/20,0:00,24353,1313,12520,5053,56,1110,1084,0,468,0,0,91,0,153,4,2332,170,24354
2026/5/20,0:30,23525,1313,11850,5052,56,1106,1072,0,469,0,0,86,0,0,0,2300,220,23524
2026/5/20,1:00,22896,1313,11014,5051,56,1122,1088,0,469,0,0,85,0,131,0,2346,221,22896
2026/5/20,1:30,22574,1313,10698,5050,56,1097,1100,0,470,0,0,76,0,153,2,2329,229,22573
2026/5/20,2:00,22363,1313,10673,5050,56,1114,1107,0,470,0,0,71,0,153,0,2125,230,22362
2026/5/20,2:30,22452,1314,10528,5051,56,1125,1138,0,470,0,0,70,0,153,2,2318,228,22453
2026/5/20,3:00,22645,1313,10653,5051,56,1103,1145,0,471,0,0,74,0,153,1,2396,229,22645
2026/5/20,3:30,22667,1314,11021,5053,56,1116,1151,0,471,0,0,77,0,153,3,2029,222,22666
2026/5/20,4:00,22822,1313,11221,5052,56,1118,1152,0,470,0,0,84,0,191,3,1933,228,22821
2026/5/20,4:30,22769,1312,10748,4925,56,1121,1155,0,470,2,0,85,0,347,2,2340,205,22768
2026/5/20,5:00,22676,1313,11062,4514,56,1121,1166,0,469,338,0,74,0,382,0,1963,218,22676
2026/5/20,5:30,22618,1313,10938,3954,57,1124,1166,0,469,1141,0,65,0,201,0,2001,189,22618
2026/5/20,6:00,22910,1314,10688,3568,57,1121,1160,0,471,2457,0,53,0,48,0,1711,261,22909
2026/5/20,6:30,23861,1314,10392,3083,57,1115,1163,0,471,4155,0,40,0,-214,0,2072,212,23860
2026/5/20,7:00,25503,1314,11730,2599,58,1100,1173,0,465,5386,0,44,0,-652,0,2043,243,25503
2026/5/20,7:30,27179,1314,11239,2503,58,1085,1166,0,464,6218,0,85,0,-1200,2,4047,199,27180
2026/5/20,8:00,28556,1314,10957,2394,58,1102,1183,0,461,7609,0,74,0,-700,0,3922,183,28557
2026/5/20,8:30,30298,1314,10857,2367,58,1117,1168,0,460,10101,0,92,0,-1694,2,4261,196,30299
2026/5/20,9:00,32772,1314,11903,2370,58,1088,1175,0,461,12835,0,88,0,-1920,1,3220,178,32771
2026/5/20,9:30,34143,1314,11123,2369,58,1078,1174,0,461,14383,0,89,0,-1581,1,3484,189,34142
2026/5/20,10:00,34981,1314,10350,2371,58,1067,1133,0,460,15443,0,89,0,-1390,1,3922,163,34981
2026/5/20,10:30,35763,1314,10132,2367,58,1125,1118,0,457,15943,0,63,0,-1388,1,4399,173,35762
2026/5/20,11:00,36028,1314,10026,2370,58,1140,1078,0,458,16165,0,61,0,-1387,1,4579,165,36028
2026/5/20,11:30,36304,1314,10645,2371,58,1156,1074,0,458,16246,0,68,0,-1412,1,4157,168,36304
2026/5/20,12:00,35855,1314,10831,2372,58,1168,1071,0,458,15922,0,76,0,-1860,1,4277,167,35855
2026/5/20,12:30,35951,1314,11317,2595,58,1155,1067,0,458,15169,0,75,0,-1808,1,4385,163,35949
2026/5/20,13:00,37238,1314,12485,2844,58,1144,1065,0,455,14114,0,87,0,-1185,1,4693,163,37238
2026/5/20,13:30,37429,1315,13153,3304,58,1129,1062,0,454,12680,0,89,0,-610,13,4612,170,37429
2026/5/20,14:00,37552,1315,13239,3890,57,1148,1098,0,457,11211,0,96,0,143,12,4726,161,37553
2026/5/20,14:30,37381,1315,13868,4566,58,1144,1108,0,458,9631,0,92,0,278,13,4690,158,37379
2026/5/20,15:00,37410,1314,15099,4899,58,1127,1148,0,459,8033,0,92,0,331,11,4681,158,37410
2026/5/20,15:30,37239,1314,16739,5057,58,1090,1200,0,459,5915,0,91,0,541,12,4607,158,37241
2026/5/20,16:00,36425,1314,17753,5055,58,1091,1349,0,459,3803,0,87,0,741,7,4524,184,36425
2026/5/20,16:30,35159,1315,18433,5052,58,1077,1367,0,462,2160,0,86,0,1154,19,3787,188,35158
2026/5/20,17:00,33924,1315,18739,5055,58,1112,1542,0,465,1148,0,86,0,1490,18,2718,177,33923
2026/5/20,17:30,33574,1315,19586,5054,58,1130,1579,0,469,553,0,92,0,1975,25,1562,177,33575
2026/5/20,18:00,33692,1315,19749,5055,59,1141,1533,0,473,151,0,101,0,2204,24,1708,180,33693
2026/5/20,18:30,33737,1315,19743,5055,58,1161,1519,0,474,0,0,96,0,2798,21,1316,181,33737
2026/5/20,19:00,33154,1315,19773,5053,58,1157,1524,0,476,0,0,95,0,2424,22,1062,194,33153
2026/5/20,19:30,32429,1315,19787,5054,58,1130,1530,0,477,0,0,91,0,2361,20,390,216,32429
2026/5/20,20:00,31525,1316,19740,5053,58,1090,1390,0,478,0,0,89,0,1616,18,472,205,31525
2026/5/20,20:30,30947,1315,19036,5052,58,1072,1377,0,479,0,0,90,0,973,12,1265,218,30947
2026/5/20,21:00,30029,1315,18308,5054,58,1081,1267,0,478,0,0,86,0,507,4,1666,206,30030
2026/5/20,21:30,29152,1315,17237,5054,58,1083,1240,0,479,0,0,84,0,65,2,2310,226,29153
2026/5/20,22:00,28555,1315,16370,5053,57,1102,1159,0,479,0,0,85,0,322,2,2386,225,28555
2026/5/20,22:30,27785,1315,15720,5053,58,1085,1112,0,478,0,0,90,0,80,6,2547,242,27786
2026/5/20,23:00,27181,1315,15066,5052,57,1033,1110,0,479,0,0,85,0,0,2,2800,181,27180
2026/5/20,23:30,26244,1315,14481,5051,58,1041,1111,0,479,0,0,84,0,-4,2,2423,204,26245
2026/5/21,0:00,25253,1315,14265,5050,57,1036,1123,0,472,0,0,120,0,-332,2,1953,191,25252
2026/5/21,0:30,24354,1315,13168,5053,57,1033,1128,0,472,0,0,105,0,-516,2,2295,242,24354
2026/5/21,1:00,23761,1315,13002,5051,57,1028,1148,0,476,0,0,70,0,-1057,2,2377,292,23761
2026/5/21,1:30,23422,1315,12722,5052,58,1011,1172,0,477,0,0,43,0,-1166,2,2441,296,23423
2026/5/21,2:00,23195,1315,13066,5052,58,985,1210,0,478,0,0,69,0,-1163,2,1831,292,23195
2026/5/21,2:30,23200,1315,13102,5052,57,1039,1213,0,477,0,0,64,0,-1163,2,1756,287,23201
2026/5/21,3:00,23263,1315,13063,5053,58,979,1218,0,479,0,0,71,0,-1161,2,1895,291,23263
2026/5/21,3:30,23427,1315,13219,5052,57,999,1214,0,479,0,0,91,0,-1156,2,1869,286,23427
2026/5/21,4:00,23456,1315,13420,5054,56,1014,1213,0,478,0,0,64,0,-878,2,1423,295,23456
2026/5/21,4:30,23581,1315,13158,5053,56,1028,1211,0,478,2,0,78,0,-880,2,1813,266,23580
2026/5/21,5:00,23740,1315,13058,5052,56,1059,1164,0,477,123,0,60,0,-876,2,1960,290,23740
2026/5/21,5:30,23994,1315,12824,5053,56,973,1167,0,476,261,0,79,0,-876,2,2411,254,23995
2026/5/21,6:00,24805,1315,13785,5052,56,931,1158,0,478,415,0,85,0,-1217,2,2507,238,24805
2026/5/21,6:30,25813,1315,14435,5053,56,943,1161,0,479,461,0,114,0,-631,2,2241,184,25813
2026/5/21,7:00,27161,1314,14715,5052,57,925,1182,0,472,471,0,122,0,-334,2,2942,242,27162
2026/5/21,7:30,28405,1315,15374,5054,58,908,1202,0,472,579,0,148,0,142,2,2956,195,28405
2026/5/21,8:00,30265,1315,16965,5055,57,935,1290,0,467,679,0,140,0,1043,1,2115,203,30265
2026/5/21,8:30,32255,1315,17666,5052,57,948,1297,0,467,982,0,165,0,1727,0,2361,219,32256
2026/5/21,9:00,33731,1315,18046,5053,58,905,1340,0,466,1149,0,169,0,3164,7,1874,186,33732
2026/5/21,9:30,34192,1315,18258,5053,59,965,1975,0,466,1066,0,176,0,2637,16,2001,205,34192
2026/5/21,10:00,33898,1315,18706,5053,59,892,1316,0,465,1109,0,191,0,2391,17,2175,210,33899
2026/5/21,10:30,33783,1315,19194,5054,58,885,1289,0,462,1231,0,199,0,1913,7,1946,228,33781
2026/5/21,11:00,33458,1314,19313,5051,58,932,1263,0,464,1219,0,215,0,1682,6,1714,227,33458
2026/5/21,11:30,32840,1315,19055,5055,58,953,1269,0,467,1176,0,211,0,1306,8,1739,228,32840
2026/5/21,12:00,31635,1315,18305,5052,58,956,1274,0,468,1155,0,242,0,380,0,2198,232,31635
2026/5/21,12:30,30835,1315,17795,5054,58,958,1287,0,466,1091,0,231,0,-544,0,2919,203,30833
2026/5/21,13:00,31880,1315,19114,5052,59,978,1340,0,466,1175,0,231,0,-246,5,2191,201,31881
2026/5/21,13:30,32303,1315,18666,5054,60,1111,2028,0,462,1027,0,227,0,-44,11,2178,209,32304
2026/5/21,14:00,32201,1316,18773,5054,59,1157,2094,0,466,862,0,233,0,-452,10,2431,198,32201
2026/5/21,14:30,31892,1315,18614,5053,59,1046,2133,0,466,782,0,207,0,-564,15,2567,198,31891
2026/5/21,15:00,31563,1316,18286,5054,59,1082,2181,0,474,617,0,196,0,-112,12,2183,214,31562
2026/5/21,15:30,31797,1316,18783,5052,59,1094,2206,0,474,476,0,197,0,320,10,1607,205,31799
2026/5/21,16:00,31760,1316,19321,5053,59,1013,1491,0,478,357,0,211,0,1072,6,1150,234,31761
2026/5/21,16:30,31671,1315,19005,5054,59,1023,1437,0,478,249,0,266,0,948,12,1618,206,31670
2026/5/21,17:00,31223,1316,18901,5054,59,1029,1490,0,482,168,0,269,0,640,11,1602,202,31223
2026/5/21,17:30,31016,1316,18785,5053,59,1051,1494,0,485,101,0,281,0,561,23,1609,198,31016
2026/5/21,18:00,30957,1316,18740,5054,59,1021,1603,0,488,36,0,293,0,695,22,1402,228,30957
2026/5/21,18:30,30921,1316,18824,5054,58,995,1610,0,489,0,0,297,0,459,19,1574,225,30920
2026/5/21,19:00,30539,1316,18708,5052,58,983,1614,0,490,0,0,303,0,286,16,1488,225,30539
2026/5/21,19:30,29770,1316,17875,5054,58,935,1619,0,490,0,0,309,0,471,15,1406,222,29770
2026/5/21,20:00,29150,1315,17315,5054,58,970,1488,0,492,0,0,313,0,528,15,1378,225,29151
2026/5/21,20:30,28480,1316,16708,5054,58,952,1501,0,492,0,0,319,0,316,10,1518,235,28479
2026/5/21,21:00,27768,1316,15985,5054,58,955,1517,0,491,0,0,306,0,141,1,1691,255,27770
2026/5/21,21:30,26943,1315,14853,5053,58,968,1512,0,492,0,0,295,0,54,2,2072,268,26942
2026/5/21,22:00,26484,1316,14627,5055,58,969,1428,0,492,0,0,304,0,58,2,1911,265,26485
2026/5/21,22:30,25776,1316,14408,5055,58,938,1421,0,491,0,0,333,0,58,2,1425,270,25775
2026/5/21,23:00,25305,1316,13960,5052,58,928,1430,0,487,0,0,300,0,19,0,1473,281,25304
2026/5/21,23:30,24450,1316,13145,4953,59,938,1433,0,488,0,0,291,0,0,0,1527,301,24451
2026/5/22,0:00,23364,1316,11524,5045,59,880,1443,0,483,0,0,303,0,-12,4,1990,329,23364
2026/5/22,0:30,22708,1316,11637,5053,59,750,1451,0,482,0,0,324,0,-372,0,1631,378,22709
2026/5/22,1:00,22255,1316,10855,5051,59,759,1448,0,486,0,0,338,0,-467,2,2016,393,22256
2026/5/22,1:30,21929,1316,10527,5052,58,740,1440,0,486,0,0,322,0,-827,0,2417,397,21928
2026/5/22,2:00,21763,1316,10428,5053,58,740,1428,0,487,0,0,328,0,-829,0,2345,409,21763
2026/5/22,2:30,21879,1316,10860,5053,58,784,1427,0,487,0,0,325,0,-828,4,1983,408,21877
2026/5/22,3:00,22094,1316,10858,5053,59,793,1427,0,488,0,0,288,0,-454,3,1845,417,22093
2026/5/22,3:30,22188,1316,10890,5052,59,796,1433,0,488,0,0,301,0,-6,2,1450,407,22188
2026/5/22,4:00,22461,1316,11352,5053,59,790,1432,0,488,0,0,307,0,153,1,1093,418,22462
2026/5/22,4:30,22600,1316,11251,4972,59,794,1431,0,488,3,0,362,0,153,0,1378,392,22599
2026/5/22,5:00,22992,1316,11676,4903,59,748,1436,0,486,115,0,374,0,-15,1,1506,387,22992
2026/5/22,5:30,23176,1316,11496,4902,59,770,1439,0,486,205,0,369,0,-244,1,2025,353,23177
2026/5/22,6:00,23867,1316,11834,4902,59,790,1428,0,488,411,0,361,0,-243,0,2163,360,23869
2026/5/22,6:30,24672,1315,11666,4903,58,804,1429,0,488,620,0,376,0,-215,1,2922,305,24672
2026/5/22,7:00,25753,1316,12219,4906,58,776,1445,0,482,851,0,374,0,0,2,3016,307,25752
2026/5/22,7:30,26583,1315,11966,4962,58,772,1459,0,481,1140,0,384,0,0,0,3792,254,26583
2026/5/22,8:00,27879,1315,13428,5053,58,759,1431,0,477,1488,0,403,0,0,2,3211,254,27879
2026/5/22,8:30,29205,1315,14230,5053,58,794,1423,0,476,1933,0,416,0,0,5,3228,276,29207
2026/5/22,9:00,30345,1316,15503,5055,58,791,1440,0,477,2608,0,409,0,65,12,2343,268,30345
2026/5/22,9:30,30735,1316,15544,5055,58,766,1462,0,477,2592,0,409,0,396,13,2366,281,30735
2026/5/22,10:00,30197,1316,15265,5053,58,798,1415,0,476,2221,0,401,0,193,6,2722,273,30197
2026/5/22,10:30,30307,1316,14955,5055,58,788,1404,0,473,2440,0,387,0,1,3,3132,294,30306
2026/5/22,11:00,30132,1315,14406,5056,58,806,1384,0,475,2530,0,386,0,183,7,3246,280,30132
2026/5/22,11:30,29741,1316,14361,5057,58,801,1375,0,479,2680,0,383,0,225,0,2722,283,29740
2026/5/22,12:00,28905,1316,14085,5052,59,811,1373,0,476,2839,0,366,0,1,0,2249,278,28905
2026/5/22,12:30,28470,1316,13225,5055,59,818,1368,0,476,2799,0,358,0,0,0,2726,272,28472
2026/5/22,13:00,29252,1316,13882,5054,59,822,1369,0,478,2832,0,346,0,139,2,2678,275,29252
2026/5/22,13:30,29554,1316,14468,5054,59,862,1369,0,474,2700,0,340,0,297,6,2261,347,29553
2026/5/22,14:00,29797,1316,13953,5054,59,871,1398,0,477,3044,0,344,0,224,12,2681,363,29796
2026/5/22,14:30,30067,1315,14442,5054,59,878,1408,0,478,2945,0,341,0,124,17,2646,358,30065
2026/5/22,15:00,30029,1315,14629,5055,59,880,1476,0,475,2330,0,349,0,-127,19,3216,353,30029
2026/5/22,15:30,30296,1315,15796,5055,59,882,1510,0,476,1667,0,343,0,813,24,2002,355,30297
2026/5/22,16:00,30299,1315,15938,5054,59,884,1570,0,477,1153,0,341,0,1383,15,1784,327,30300
2026/5/22,16:30,30141,1315,16025,5054,59,876,1572,0,478,780,0,321,0,1584,16,1746,314,30140
2026/5/22,17:00,29636,1315,15627,5055,58,884,1642,0,477,462,0,320,0,1882,16,1600,298,29636
2026/5/22,17:30,29845,1315,15567,5055,58,863,1630,0,480,243,0,336,0,2294,33,1681,291,29846
2026/5/22,18:00,30098,1315,15728,5054,58,872,1617,0,483,50,0,333,0,2564,29,1714,281,30098
2026/5/22,18:30,30145,1315,16200,5056,59,858,1609,0,484,0,0,287,0,2211,20,1774,272,30145
2026/5/22,19:00,29873,1314,16430,5054,58,873,1617,0,484,0,0,291,0,2132,22,1309,288,29872
2026/5/22,19:30,29287,1315,16174,5056,58,868,1623,0,485,0,0,315,0,1272,17,1805,300,29288
2026/5/22,20:00,28620,1314,15892,5055,59,856,1581,0,486,0,0,311,0,1263,16,1482,306,28621
2026/5/22,20:30,28155,1314,15969,5055,58,842,1575,0,486,0,0,293,0,1068,13,1169,313,28155
2026/5/22,21:00,27378,1314,15495,5055,59,838,1488,0,486,0,0,299,0,892,2,1118,331,27377
2026/5/22,21:30,26606,1315,14377,5056,59,844,1474,0,486,0,0,290,0,833,1,1529,342,26606
2026/5/22,22:00,26302,1315,14702,5052,59,842,1479,0,487,0,0,270,0,671,1,1079,344,26301
2026/5/22,22:30,25579,1314,14116,5054,58,824,1469,0,486,0,0,280,0,652,3,955,367,25578
2026/5/22,23:00,25033,1314,13444,5013,58,818,1465,0,486,0,0,249,0,483,2,1326,375,25033
2026/5/22,23:30,24151,1314,12525,4931,58,773,1461,0,487,0,0,267,0,419,1,1517,398,24151
2026/5/23,0:00,23329,1314,10950,4900,55,770,1480,0,476,0,0,273,0,284,2,2456,368,23328
2026/5/23,0:30,22409,1314,9966,4899,56,777,1478,0,477,0,0,273,0,264,0,2482,422,22408
2026/5/23,1:00,21912,1315,9404,4901,56,777,1476,0,477,0,0,274,0,279,1,2531,420,21911
2026/5/23,1:30,21589,1315,8801,4901,55,774,1479,0,477,0,0,262,0,280,0,2817,429,21590
2026/5/23,2:00,21503,1314,8924,4891,55,747,1368,0,478,0,0,258,0,278,0,2758,431,21502
2026/5/23,2:30,21596,1315,8908,4771,55,748,1368,0,479,0,0,257,0,279,0,2987,429,21596
2026/5/23,3:00,21836,1315,9122,4731,55,750,1374,0,480,0,0,254,0,279,0,3053,423,21836
2026/5/23,3:30,21927,1314,8776,4724,55,767,1368,0,480,0,0,259,0,459,2,3304,418,21926
2026/5/23,4:00,22006,1313,8424,4723,55,754,1369,0,479,0,0,261,0,715,2,3493,418,22006
2026/5/23,4:30,21881,1314,8373,4584,55,785,1371,0,479,3,0,259,0,720,2,3551,386,21882
2026/5/23,5:00,21818,1313,9034,4463,56,760,1368,0,478,156,0,259,0,526,1,3019,384,21817
2026/5/23,5:30,21478,1314,8504,4301,56,739,1369,0,478,367,0,258,0,672,2,3068,349,21477
2026/5/23,6:00,21557,1314,8142,4203,56,726,1372,0,480,781,0,248,0,787,4,3098,346,21557
2026/5/23,6:30,21508,1315,8087,3863,56,764,1376,0,480,1349,0,207,0,684,2,3007,318,21508
2026/5/23,7:00,21695,1314,7896,3601,56,779,1357,0,477,2173,0,196,0,1065,4,2457,320,21695
2026/5/23,7:30,21924,1313,6442,3528,56,806,1332,0,477,3517,0,177,0,301,6,3659,309,21923
2026/5/23,8:00,22376,1314,6377,3283,56,853,1338,0,392,5233,0,161,0,51,0,2993,326,22377
2026/5/23,8:30,23236,1313,6162,3009,56,843,1338,0,392,7197,0,155,0,-1177,0,3615,332,23235
2026/5/23,9:00,24219,1313,6515,3148,56,832,1302,0,389,8904,0,154,0,-1191,0,2492,305,24219
2026/5/23,9:30,24548,1314,6327,3254,56,848,1295,0,387,10094,0,165,0,-1895,0,2404,300,24549
2026/5/23,10:00,24635,1313,6341,3337,56,881,1253,0,389,11026,0,181,0,-3084,1,2645,297,24636
2026/5/23,10:30,25346,1312,6534,3450,56,884,1229,0,390,12084,0,170,0,-3822,1,2752,306,25346
2026/5/23,11:00,25508,1313,6567,3484,56,897,1216,0,391,12397,0,193,0,-4239,0,2928,306,25509
2026/5/23,11:30,25840,1313,6921,3641,56,904,1194,0,390,12319,0,199,0,-4255,0,2844,314,25840
2026/5/23,12:00,25487,1312,6776,3834,56,893,1190,0,391,11772,0,202,0,-4256,0,3009,308,25487
2026/5/23,12:30,25218,1312,6909,3981,56,844,1183,0,389,10927,0,188,0,-4217,0,3335,313,25220
2026/5/23,13:00,25406,1312,7334,4030,56,813,1204,0,387,9581,0,205,0,-3632,0,3816,300,25406
2026/5/23,13:30,24835,1313,7477,4195,56,725,1228,0,389,7694,0,194,0,-2628,0,3890,302,24835
2026/5/23,14:00,24739,1313,7211,4309,56,620,1265,0,391,6334,0,194,0,-1674,0,4433,287,24739
2026/5/23,14:30,24843,1313,7245,4526,56,656,1279,0,393,5122,0,209,0,-1047,2,4808,283,24845
2026/5/23,15:00,24847,1314,7185,4520,56,635,1280,0,392,3987,0,215,0,208,2,4740,312,24846
2026/5/23,15:30,25111,1313,8192,4527,56,687,1292,0,392,2865,0,226,0,987,4,4257,314,25112
2026/5/23,16:00,25367,1314,8186,4516,56,708,1496,0,474,1905,0,193,0,1437,7,4759,315,25366
2026/5/23,16:30,25350,1314,9125,4421,56,665,1518,0,474,1161,0,174,0,1516,6,4608,312,25350
2026/5/23,17:00,25971,1314,9692,4608,55,691,1498,0,476,661,0,164,0,1880,16,4607,310,25972
2026/5/23,17:30,26311,1314,10123,4896,55,650,1509,0,476,278,0,165,0,1769,32,4726,318,26311
2026/5/23,18:00,26869,1315,10181,4904,56,625,1629,0,478,61,0,193,0,2399,42,4663,324,26870
2026/5/23,18:30,27182,1314,10379,4903,55,638,1630,0,479,0,0,170,0,2612,38,4638,324,27180
2026/5/23,19:00,27099,1313,10700,4904,56,651,1587,0,480,0,0,183,0,2157,37,4722,308,27098
2026/5/23,19:30,26733,1313,10633,4904,55,658,1588,0,480,0,0,188,0,1846,34,4717,318,26734
2026/5/23,20:00,26349,1313,10481,4904,56,674,1445,0,483,0,0,189,0,1726,27,4739,312,26349
2026/5/23,20:30,25846,1313,10146,4906,55,658,1435,0,482,0,0,205,0,1659,24,4644,319,25846
2026/5/23,21:00,25317,1313,9948,4905,55,659,1316,0,483,0,0,204,0,1596,7,4505,325,25316
2026/5/23,21:30,24667,1312,9417,4903,56,677,1311,0,483,0,0,206,0,1313,6,4654,328,24666
2026/5/23,22:00,24362,1313,9087,4904,55,698,1281,0,483,0,0,206,0,1583,1,4429,321,24361
2026/5/23,22:30,23819,1313,8780,4902,55,739,1254,0,483,0,0,205,0,1100,12,4633,343,23819
2026/5/23,23:00,23369,1314,8940,4903,55,794,1248,0,483,0,0,204,0,521,8,4609,291,23370
2026/5/23,23:30,22619,1313,8543,4901,56,786,1236,0,483,0,0,205,0,338,2,4445,313,22621
2026/5/24,0:00,21852,1313,8004,4819,56,756,1256,0,482,0,0,220,0,570,1,4062,314,21853
2026/5/24,0:30,21192,1312,7531,4635,55,742,1279,0,482,0,0,215,0,305,2,4279,356,21193
2026/5/24,1:00,20739,1312,7300,4466,55,742,1274,0,482,0,0,205,0,148,2,4373,380,20739
2026/5/24,1:30,20511,1313,7474,4401,55,759,1272,0,482,0,0,211,0,-197,2,4353,386,20511
2026/5/24,2:00,20508,1313,7668,4301,55,760,1273,0,482,0,0,208,0,-325,2,4400,370,20507
2026/5/24,2:30,20638,1314,7692,4291,55,760,1275,0,483,0,0,198,0,-141,2,4340,368,20637
2026/5/24,3:00,20894,1314,7775,4289,55,749,1280,0,484,0,0,197,0,100,2,4267,381,20893
2026/5/24,3:30,21061,1314,7756,4287,56,741,1276,0,484,0,0,199,0,437,9,4128,375,21062
2026/5/24,4:00,21086,1315,8108,4291,56,751,1273,0,484,0,0,187,0,538,4,3706,373,21086
2026/5/24,4:30,21134,1314,7802,4291,56,771,1266,0,484,4,0,183,0,530,4,4081,348,21134
2026/5/24,5:00,21018,1314,7849,4291,55,770,1267,0,483,176,0,176,0,403,2,3890,342,21018
2026/5/24,5:30,20786,1314,7376,4267,55,765,1271,0,483,409,0,166,0,115,2,4241,323,20787
2026/5/24,6:00,20622,1314,7222,4170,55,746,1306,0,484,810,0,162,0,-335,2,4376,310,20622
2026/5/24,6:30,20777,1313,7561,4291,55,772,1317,0,484,1419,0,157,0,-1243,2,4352,296,20776
2026/5/24,7:00,21219,1313,7933,4290,56,755,1317,0,482,1930,0,158,0,-1686,2,4353,316,21219
2026/5/24,7:30,21348,1314,7820,4291,56,719,1299,0,482,2617,0,161,0,-2158,2,4447,300,21350
2026/5/24,8:00,22101,1312,7994,4292,55,724,1267,0,481,3554,0,161,0,-2752,4,4694,313,22099
2026/5/24,8:30,22334,1313,7419,4290,55,780,1263,0,480,4502,0,161,0,-3008,2,4765,313,22335
2026/5/24,9:00,22524,1313,7066,3748,55,774,1267,0,476,6230,0,141,0,-3568,0,4738,284,22524
2026/5/24,9:30,23205,1312,7219,3030,55,768,1254,0,476,8002,0,141,0,-3965,0,4625,288,23205
2026/5/24,10:00,23581,1312,7362,2595,55,766,1232,0,474,8881,0,155,0,-4042,0,4515,277,23582
2026/5/24,10:30,24348,1312,7871,2198,55,785,1227,0,478,9726,0,161,0,-4402,0,4665,273,24349
2026/5/24,11:00,24744,1312,8689,1998,56,758,1179,0,475,9644,0,149,0,-4532,0,4742,275,24745
2026/5/24,11:30,24926,1312,8936,2112,56,781,1181,0,477,9375,0,146,0,-4462,0,4738,274,24926
2026/5/24,12:00,25063,1312,8899,2266,56,792,1185,0,473,8779,0,141,0,-3864,0,4759,264,25062
2026/5/24,12:30,24916,1313,8684,2685,56,811,1185,0,476,7897,0,149,0,-3204,0,4596,269,24917
2026/5/24,13:00,24716,1312,8194,3466,56,812,1179,0,473,6943,0,140,0,-2799,5,4670,264,24715
2026/5/24,13:30,24331,1312,7912,4078,56,821,1200,0,475,6004,0,150,0,-2529,0,4585,267,24331
2026/5/24,14:00,24329,1312,8540,4138,56,804,1288,0,476,5351,0,146,0,-2457,6,4430,240,24330
2026/5/24,14:30,24264,1312,9457,4271,55,774,1312,0,477,4255,0,150,0,-2418,8,4366,245,24264
2026/5/24,15:00,23908,1312,9303,4293,55,785,1363,0,475,3248,0,146,0,-1978,11,4628,267,23908
2026/5/24,15:30,24206,1313,9686,4291,55,786,1378,0,477,2602,0,146,0,-1271,0,4479,264,24206
2026/5/24,16:00,24540,1313,9729,4291,56,810,1458,0,476,1926,0,147,0,-295,0,4347,282,24540
2026/5/24,16:30,24845,1313,10339,4290,55,821,1476,0,476,1309,0,143,0,327,0,4019,277,24845
2026/5/24,17:00,25240,1313,10977,4291,55,815,1509,0,478,815,0,137,0,598,10,3956,286,25240
2026/5/24,17:30,25939,1313,11699,4290,56,755,1514,0,478,405,0,140,0,986,24,3990,290,25940
2026/5/24,18:00,26475,1312,12134,4290,55,772,1522,0,479,112,0,142,0,1298,33,4034,293,26476
2026/5/24,18:30,27155,1312,12576,4290,56,845,1522,0,480,1,0,137,0,1538,37,4066,296,27156
2026/5/24,19:00,27178,1313,12405,4288,55,875,1512,0,481,0,0,140,0,1655,34,4122,298,27178
2026/5/24,19:30,26879,1313,12487,4289,55,914,1510,0,481,0,0,144,0,1317,31,4036,301,26878
2026/5/24,20:00,26494,1313,12439,4289,56,996,1433,0,483,0,0,151,0,1050,24,3965,296,26495
2026/5/24,20:30,26154,1313,12281,4290,56,1019,1427,0,482,0,0,157,0,773,22,4029,304,26153
2026/5/24,21:00,25460,1312,12390,4290,56,1051,1303,0,482,0,0,163,0,627,1,3489,295,25459
2026/5/24,21:30,24774,1312,11905,4287,57,1046,1299,0,483,0,0,167,0,391,0,3529,299,24775
2026/5/24,22:00,24296,1312,11790,4291,57,1051,1267,0,483,0,0,172,0,183,2,3417,271,24296
2026/5/24,22:30,23574,1313,11074,4290,57,1017,1239,0,483,0,0,177,0,0,5,3639,281,23575
2026/5/24,23:00,23187,1312,10504,4329,57,1016,1240,0,483,0,0,176,0,0,5,3782,283,23187
2026/5/24,23:30,22400,1313,9819,4408,56,962,1226,0,483,0,0,174,0,2,2,3664,292,22401
2026/5/25,0:00,21757,1313,9366,4440,58,942,1229,0,482,0,0,149,0,545,0,2971,261,21756
2026/5/25,0:30,20987,1314,8401,4439,58,1020,1249,0,481,0,0,161,0,681,1,2885,297,20987
2026/5/25,1:00,20567,1314,7813,4423,58,1015,1234,0,482,0,0,144,0,952,1,2817,313,20566
2026/5/25,1:30,20366,1314,7816,4297,58,1000,1220,0,482,0,0,149,0,1154,2,2559,313,20364
2026/5/25,2:00,20365,1314,7973,4403,58,1016,1243,0,482,0,0,113,0,1289,2,2115,355,20363
2026/5/25,2:30,20414,1314,7971,4442,58,1005,1258,0,483,0,0,143,0,1242,2,2143,351,20412
2026/5/25,3:00,20718,1314,8786,4442,59,1037,1261,0,483,0,0,126,0,772,2,2074,362,20718
