単位[MW平均],,,供給力
DATE,TIME,エリア需要,原子力,火力(LNG),火力(石炭),火力(石油),火力(その他),水力,地熱,バイオマス,太陽光発電実績,太陽光出力制御量,風力発電実績,風力出力制御量,揚水,蓄電池,連系線,その他,合計
2026/8/1,0:00,32027,1296,13919,7614,389,1421,1773,0,470,0,0,86,0,3,10,4885,160,32026
2026/8/1,0:30,30808,1295,13217,7493,340,1425,1761,0,470,0,0,95,0,0,2,4497,214,30809
2026/8/1,1:00,29739,1296,12042,7441,339,1401,1744,0,471,0,0,109,0,0,4,4640,252,29739
2026/8/1,1:30,28939,1295,11539,7381,340,1360,1747,0,471,0,0,125,0,-312,0,4739,254,28939
2026/8/1,2:00,28319,1296,11742,7303,340,1328,1752,0,472,0,0,133,0,-1828,9,5510,261,28318
2026/8/1,2:30,27960,1296,11572,7301,339,1252,1774,0,472,0,0,144,0,-1922,0,5472,259,27959
2026/8/1,3:00,27590,1296,11105,7310,340,1276,1855,0,474,0,0,157,0,-1965,2,5479,261,27590
2026/8/1,3:30,27448,1296,11488,7383,341,1251,1860,0,474,0,0,165,0,-2253,2,5189,253,27449
2026/8/1,4:00,27345,1296,11255,7453,340,1271,1855,0,474,0,0,165,0,-2264,0,5253,246,27344
2026/8/1,4:30,27155,1296,11194,7501,340,1297,1838,0,473,0,0,166,0,-2543,0,5379,214,27155
2026/8/1,5:00,27235,1295,11741,7628,340,1306,1822,0,472,72,0,168,0,-3057,1,5258,189,27235
2026/8/1,5:30,27166,1295,11498,7648,341,1320,1831,0,473,483,0,175,0,-3740,6,5676,160,27166
2026/8/1,6:00,27691,1294,11274,7645,342,1361,1790,0,474,1257,0,183,0,-4453,3,6320,201,27691
2026/8/1,6:30,28719,1295,11051,7551,345,1400,1807,0,474,2504,0,181,0,-4733,2,6590,252,28719
2026/8/1,7:00,30618,1295,11419,7448,348,1423,1824,0,471,4077,0,169,0,-4624,2,6506,261,30619
2026/8/1,7:30,32631,1296,11307,7450,349,1377,1825,0,470,5844,0,185,0,-3822,0,6116,236,32633
2026/8/1,8:00,35325,1296,10840,7446,348,1387,1819,0,466,7467,0,194,0,-2400,0,6169,292,35324
2026/8/1,8:30,37610,1296,11409,7445,347,1353,1811,0,463,8708,0,208,0,-1800,1,6084,284,37609
2026/8/1,9:00,39623,1294,12224,7266,348,1380,1796,0,463,9571,0,181,0,-1333,1,6146,287,39624
2026/8/1,9:30,40840,1295,12156,7182,348,1333,1785,0,461,10298,0,209,0,-826,1,6320,280,40842
2026/8/1,10:00,42213,1295,12731,7187,349,1350,1773,0,458,11058,0,219,0,-633,1,6156,269,42213
2026/8/1,10:30,43381,1295,12831,7186,347,1364,1762,0,459,11670,0,221,0,-469,3,6450,262,43381
2026/8/1,11:00,44289,1296,13316,7187,346,1390,1784,0,459,11714,0,223,0,0,4,6348,221,44288
2026/8/1,11:30,44800,1296,14471,7187,346,1399,1792,0,459,11373,0,212,0,0,5,6040,220,44800
2026/8/1,12:00,44774,1296,14554,7182,346,1387,1809,0,488,10956,0,192,0,0,3,6339,222,44774
2026/8/1,12:30,44965,1296,14882,7180,347,1416,1826,0,499,10672,0,222,0,0,3,6403,219,44965
2026/8/1,13:00,45425,1295,15530,7227,346,1451,1839,0,505,10267,0,238,0,201,3,6306,217,45425
2026/8/1,13:30,45498,1295,15838,7437,346,1493,1834,0,505,9490,0,241,0,458,2,6336,223,45498
2026/8/1,14:00,45266,1295,16205,7445,367,1528,1878,0,511,8406,0,238,0,710,0,6460,224,45267
2026/8/1,14:30,45730,1294,17007,7525,419,1518,1864,0,517,7756,0,237,0,903,3,6460,225,45728
2026/8/1,15:00,45500,1296,17421,7635,436,1602,1955,0,517,6770,0,232,0,1256,0,6165,216,45501
2026/8/1,15:30,45372,1296,17915,7641,436,1639,1971,0,519,5644,0,225,0,1603,0,6233,251,45373
2026/8/1,16:00,45287,1296,18499,7644,437,1669,1981,0,527,4397,0,210,0,2684,5,5678,262,45289
2026/8/1,16:30,45017,1296,18541,7643,436,1644,1984,0,528,3082,0,204,0,3652,18,5725,264,45017
2026/8/1,17:00,44315,1296,18643,7637,437,1679,2006,0,537,1810,0,209,0,4065,18,5707,272,44316
2026/8/1,17:30,43739,1294,18649,7640,438,1719,2015,0,537,859,0,209,0,4007,31,6066,276,43740
2026/8/1,18:00,43297,1295,18766,7640,438,1773,2012,0,542,239,0,210,0,4733,43,5313,291,43295
2026/8/1,18:30,43239,1294,18879,7641,438,1783,2004,0,542,1,0,197,0,3965,44,6155,297,43240
2026/8/1,19:00,42413,1295,18815,7639,439,1705,2012,0,543,0,0,218,0,3093,41,6344,270,42414
2026/8/1,19:30,41251,1295,18885,7642,441,1711,2018,0,543,0,0,211,0,2754,34,5431,285,41250
2026/8/1,20:00,40153,1295,18791,7644,438,1714,1801,0,545,0,0,209,0,2225,18,5220,253,40153
2026/8/1,20:30,39423,1295,18451,7645,440,1720,1791,0,546,0,0,213,0,2014,9,5034,266,39424
2026/8/1,21:00,38513,1295,17827,7641,440,1778,1795,0,546,0,0,209,0,1481,6,5277,219,38514
2026/8/1,21:30,37691,1295,16782,7642,440,1791,1809,0,547,0,0,212,0,707,15,6223,230,37693
2026/8/1,22:00,36974,1294,16679,7641,436,1809,1787,0,548,0,0,210,0,542,13,5813,202,36974
2026/8/1,22:30,35935,1294,15564,7473,430,1779,1784,0,549,0,0,205,0,283,2,6347,224,35934
2026/8/1,23:00,35020,1294,14972,7312,379,1678,1810,0,548,0,0,209,0,71,20,6523,204,35020
2026/8/1,23:30,33868,1295,14062,7320,337,1593,1781,0,549,0,0,207,0,0,23,6549,152,33868
2026/8/2,0:00,32395,1295,13477,7254,336,1600,1256,0,544,0,0,104,0,0,2,6358,169,32395
2026/8/2,0:30,31028,1295,12162,7134,337,1595,1246,0,544,0,0,110,0,0,2,6385,218,31028
2026/8/2,1:00,30024,1295,11088,7080,336,1619,1233,0,544,0,0,94,0,0,2,6534,200,30025
2026/8/2,1:30,29152,1295,10672,7029,337,1634,1227,0,545,0,0,89,0,-350,2,6463,209,29152
2026/8/2,2:00,28523,1294,10612,6950,337,1629,1221,0,545,0,0,75,0,-859,8,6504,208,28524
2026/8/2,2:30,28153,1295,10608,6945,337,1697,1244,0,544,0,0,66,0,-1286,8,6486,208,28152
2026/8/2,3:00,27888,1294,10302,6957,337,1682,1327,0,546,0,0,69,0,-1359,8,6517,208,27888
2026/8/2,3:30,27680,1295,10128,7035,337,1710,1333,0,546,0,0,72,0,-1476,6,6492,203,27681
2026/8/2,4:00,27478,1295,10122,7104,337,1707,1336,0,546,0,0,73,0,-1687,2,6453,190,27478
2026/8/2,4:30,27494,1295,10146,7151,338,1673,1322,0,546,0,0,63,0,-1684,4,6482,157,27493
2026/8/2,5:00,27511,1295,10187,7276,337,1672,1319,0,545,77,0,58,0,-1932,7,6472,198,27511
2026/8/2,5:30,27781,1295,10073,7300,337,1687,1319,0,546,661,0,57,0,-2114,8,6446,167,27782
2026/8/2,6:00,28526,1294,10429,7301,337,1666,1211,0,546,1539,0,66,0,-2558,3,6514,177,28525
2026/8/2,6:30,29671,1294,10681,7299,342,1672,1213,0,547,2764,0,67,0,-2884,2,6528,146,29671
2026/8/2,7:00,31471,1294,11377,7299,346,1698,1205,0,543,4232,0,69,0,-3314,3,6515,203,31470
2026/8/2,7:30,33431,1294,11757,7300,347,1711,1201,0,543,5617,0,76,0,-3162,2,6522,225,33433
2026/8/2,8:00,35435,1295,11535,7301,346,1737,1199,0,540,6799,0,82,0,-2096,3,6470,223,35434
2026/8/2,8:30,37429,1295,12060,7295,346,1695,1199,0,539,7935,0,89,0,-1733,4,6491,213,37428
2026/8/2,9:00,39444,1295,12400,7100,346,1691,1232,0,537,9386,0,93,0,-1382,3,6519,226,39446
2026/8/2,9:30,40892,1294,12733,6931,345,1706,1228,0,536,10540,0,101,0,-1199,3,6463,210,40891
2026/8/2,10:00,41963,1295,13023,6814,346,1671,1211,0,535,11323,0,107,0,-1077,3,6481,232,41964
2026/8/2,10:30,42540,1294,12363,6750,343,1671,1205,0,535,12034,0,110,0,-418,3,6417,232,42539
2026/8/2,11:00,43414,1295,12208,6693,344,1659,1218,0,536,12644,0,115,0,-20,3,6486,233,43414
2026/8/2,11:30,43861,1294,12868,6647,345,1673,1208,0,536,12542,0,122,0,0,3,6388,236,43862
2026/8/2,12:00,44282,1294,13521,6652,344,1686,1186,0,533,12227,0,136,0,0,1,6470,232,44282
2026/8/2,12:30,44338,1295,14169,6647,345,1683,1208,0,533,11398,0,144,0,239,1,6449,228,44339
2026/8/2,13:00,43632,1295,14238,6723,345,1683,1277,0,532,10257,0,146,0,449,1,6459,226,43631
2026/8/2,13:30,43669,1295,14599,7022,346,1685,1280,0,532,9587,0,149,0,515,2,6432,227,43671
2026/8/2,14:00,43508,1295,15074,7106,346,1710,1294,0,531,8518,0,157,0,812,5,6440,220,43508
2026/8/2,14:30,43174,1294,15721,7217,346,1694,1306,0,531,7285,0,160,0,986,6,6402,227,43175
2026/8/2,15:00,42457,1294,15683,7301,346,1689,1699,0,531,5851,0,160,0,1260,1,6421,221,42457
2026/8/2,15:30,41676,1294,15892,7298,345,1690,1722,0,532,4388,0,165,0,1696,1,6433,218,41674
2026/8/2,16:00,40937,1294,16054,7300,346,1687,1943,0,534,3057,0,164,0,1988,10,6340,219,40936
2026/8/2,16:30,39835,1295,16299,7300,346,1705,1942,0,535,1817,0,157,0,2663,29,5531,216,39835
2026/8/2,17:00,38824,1295,16028,7407,347,1719,1948,0,537,1093,0,168,0,3049,34,4977,222,38824
2026/8/2,17:30,38369,1295,16878,7495,348,1703,1956,0,537,555,0,165,0,3180,42,3993,221,38368
2026/8/2,18:00,38245,1295,17475,7499,347,1700,2138,0,539,148,0,161,0,2704,42,3986,212,38246
2026/8/2,18:30,38016,1295,17435,7501,347,1676,2155,0,540,1,0,172,0,2561,47,4071,217,38018
2026/8/2,19:00,37457,1294,17096,7499,347,1654,2185,0,542,0,0,172,0,2338,44,4067,220,37458
2026/8/2,19:30,36613,1294,16458,7502,347,1634,2168,0,542,0,0,178,0,2191,29,4043,226,36612
2026/8/2,20:00,35791,1294,16559,7503,346,1645,1621,0,544,0,0,185,0,1901,14,3957,222,35791
2026/8/2,20:30,35039,1294,16400,7423,346,1673,1619,0,544,0,0,189,0,1324,8,3988,230,35038
2026/8/2,21:00,33892,1295,15940,7307,345,1657,1609,0,545,0,0,196,0,840,2,3934,222,33892
2026/8/2,21:30,32913,1295,15130,7382,345,1647,1605,0,545,0,0,198,0,239,12,4283,233,32914
2026/8/2,22:00,32107,1295,14451,7495,341,1658,1605,0,546,0,0,200,0,16,4,4277,218,32106
2026/8/2,22:30,31072,1295,12813,7503,336,1733,1601,0,546,0,0,197,0,0,0,4894,154,31072
2026/8/2,23:00,30257,1294,11227,7543,335,1758,1620,0,546,0,0,197,0,0,15,5543,179,30257
2026/8/2,23:30,29110,1295,10355,7628,335,1771,1605,0,546,0,0,189,0,-225,5,5410,195,29109
2026/8/3,0:00,28076,1294,10118,7649,335,1816,1155,0,543,0,0,156,0,-1238,4,6069,173,28074
2026/8/3,0:30,26905,1294,9350,7655,335,1756,1146,0,543,0,0,145,0,-1889,0,6349,220,26904
2026/8/3,1:00,26122,1295,9146,7656,336,1776,1137,0,542,0,0,147,0,-2472,0,6368,192,26123
2026/8/3,1:30,25511,1295,9376,7657,335,1799,1119,0,542,0,0,153,0,-3393,1,6425,202,25511
2026/8/3,2:00,25075,1295,9585,7662,336,1764,1110,0,543,0,0,173,0,-3935,6,6333,203,25075
2026/8/3,2:30,24859,1295,9476,7657,334,1757,1155,0,543,0,0,163,0,-4133,6,6405,201,24859
2026/8/3,3:00,24797,1294,9415,7655,336,1755,1278,0,545,0,0,164,0,-4002,0,6151,205,24796
2026/8/3,3:30,24907,1294,9465,7659,335,1749,1279,0,545,0,0,168,0,-3959,0,6171,200,24906
2026/8/3,4:00,24921,1295,9337,7661,336,1736,1272,0,545,0,0,167,0,-3952,0,6322,203,24922
2026/8/3,4:30,25156,1294,9453,7661,336,1738,1244,0,545,0,0,165,0,-3544,1,6095,167,25155
2026/8/3,5:00,25864,1294,9609,7660,336,1776,1225,0,544,55,0,162,0,-3310,2,6287,224,25864
2026/8/3,5:30,26255,1295,9881,7660,336,1778,1230,0,544,149,0,170,0,-3237,3,6258,187,26254
2026/8/3,6:00,27313,1295,10556,7580,336,1761,1159,0,545,325,0,152,0,-2812,2,6244,171,27314
2026/8/3,6:30,28587,1295,11712,7465,341,1761,1164,0,544,571,0,163,0,-2317,4,5731,153,28587
2026/8/3,7:00,30480,1295,12587,7482,347,1776,1163,0,542,890,0,164,0,-1559,2,5569,221,30479
2026/8/3,7:30,32411,1294,13200,7615,346,1814,1165,0,542,1237,0,165,0,-1023,11,5868,178,32412
2026/8/3,8:00,34613,1294,14669,7662,347,1806,1173,0,536,1499,0,169,0,348,3,4886,221,34613
2026/8/3,8:30,36663,1294,16564,7660,346,1794,1166,0,534,1745,0,167,0,613,13,4543,224,36663
2026/8/3,9:00,38194,1293,17780,7659,346,1758,1202,0,529,2055,0,165,0,1081,10,4095,220,38193
2026/8/3,9:30,38499,1295,17732,7662,347,1758,1195,0,528,2178,0,166,0,1348,7,4048,235,38499
2026/8/3,10:00,38275,1295,17386,7658,345,1754,1170,0,526,2536,0,168,0,1173,10,4038,216,38275
2026/8/3,10:30,38497,1295,17178,7660,349,1760,1153,0,526,3166,0,168,0,762,7,4244,230,38498
2026/8/3,11:00,38186,1295,17016,7659,350,1779,1135,0,528,3591,0,167,0,552,12,3871,232,38187
2026/8/3,11:30,37783,1295,16301,7660,404,1771,1127,0,528,4304,0,169,0,285,4,3699,236,37783
2026/8/3,12:00,37224,1293,14857,7663,440,1772,1138,0,526,5305,0,173,0,132,0,3701,225,37225
2026/8/3,12:30,37685,1294,15060,7662,441,1786,1167,0,526,5732,0,173,0,111,0,3508,225,37685
2026/8/3,13:00,38827,1293,16306,7659,440,1837,1322,0,524,5327,0,176,0,314,0,3400,228,38826
2026/8/3,13:30,38983,1294,16566,7658,439,1866,1345,0,525,4783,0,193,0,512,3,3569,231,38984
2026/8/3,14:00,38800,1294,16427,7661,439,1850,1656,0,525,4299,0,197,0,623,12,3588,230,38801
2026/8/3,14:30,38953,1294,16413,7662,439,1821,1659,0,525,4314,0,198,0,740,13,3643,233,38954
2026/8/3,15:00,38752,1294,15118,7658,438,1803,2001,0,528,3830,0,186,0,1965,2,3702,226,38751
2026/8/3,15:30,39009,1294,14964,7656,437,1767,2042,0,529,3081,0,182,0,3071,16,3753,217,39009
2026/8/3,16:00,38746,1294,15200,7659,436,1798,2212,0,531,2289,0,181,0,3199,16,3704,227,38746
2026/8/3,16:30,38432,1294,15565,7657,436,1843,2235,0,533,1657,0,177,0,3228,27,3564,215,38431
2026/8/3,17:00,37666,1294,15737,7660,437,1826,2256,0,535,958,0,186,0,3175,29,3343,230,37666
2026/8/3,17:30,37221,1294,15660,7660,438,1795,2256,0,535,397,0,189,0,3318,31,3432,218,37223
2026/8/3,18:00,36864,1295,15404,7660,437,1767,2161,0,537,86,0,185,0,3697,27,3386,222,36864
2026/8/3,18:30,36846,1295,15308,7660,437,1797,2183,0,538,0,0,191,0,3719,28,3459,230,36845
2026/8/3,19:00,36184,1295,14744,7659,438,1778,2180,0,539,0,0,194,0,3522,29,3589,216,36183
2026/8/3,19:30,35406,1295,14274,7663,439,1811,2157,0,540,0,0,199,0,3124,19,3653,233,35407
2026/8/3,20:00,34344,1295,13944,7580,438,1816,1987,0,542,0,0,206,0,2636,12,3688,199,34343
2026/8/3,20:30,33619,1294,14147,7511,438,1767,1983,0,542,0,0,196,0,1890,5,3633,212,33618
2026/8/3,21:00,32614,1295,13202,7513,438,1778,1963,0,544,0,0,195,0,1899,1,3574,211,32613
2026/8/3,21:30,31606,1294,12544,7513,439,1777,1933,0,544,0,0,205,0,1361,2,3762,232,31606
2026/8/3,22:00,31142,1295,13446,7514,435,1813,1375,0,545,0,0,205,0,617,0,3682,216,31143
2026/8/3,22:30,30450,1295,13292,7512,428,1808,1358,0,545,0,0,200,0,9,0,3846,156,30449
2026/8/3,23:00,29627,1295,12505,7515,429,1836,1246,0,545,0,0,196,0,0,2,3852,206,29627
2026/8/3,23:30,28582,1296,11700,7512,428,1815,1242,0,545,0,0,197,0,-46,0,3668,224,28581
2026/8/4,0:00,27410,1296,10780,7267,375,1834,1171,0,540,0,0,198,0,-916,6,4674,185,27410
2026/8/4,0:30,26313,1295,10075,6820,330,1794,1165,0,540,0,0,195,0,-972,6,4825,240,26313
2026/8/4,1:00,25605,1295,9639,6805,332,1814,1165,0,540,0,0,194,0,-1110,3,4727,200,25604
2026/8/4,1:30,25184,1295,9537,6800,331,1784,1157,0,540,0,0,191,0,-1641,0,4983,206,25183
2026/8/4,2:00,24748,1295,9537,6802,330,1767,1157,0,540,0,0,183,0,-2033,8,4952,210,24748
2026/8/4,2:30,24637,1296,9634,6822,331,1751,1153,0,540,0,0,180,0,-2361,0,5084,208,24638
2026/8/4,3:00,24732,1296,9625,6904,331,1745,1246,0,542,0,0,187,0,-2508,0,5152,213,24733
2026/8/4,3:30,24723,1296,9497,7070,331,1763,1270,0,541,0,0,186,0,-2574,0,5141,202,24723
2026/8/4,4:00,24919,1295,9561,7613,331,1742,1266,0,542,0,0,186,0,-2972,0,5144,209,24917
2026/8/4,4:30,25007,1295,10061,7666,331,1706,1245,0,541,0,0,182,0,-3137,1,4938,178,25007
2026/8/4,5:00,25048,1294,10384,7612,332,1676,1231,0,541,67,0,201,0,-3129,1,4623,216,25049
2026/8/4,5:30,25208,1295,10207,7596,332,1626,1254,0,541,588,0,177,0,-3641,0,5050,184,25209
2026/8/4,6:00,26017,1294,10473,7474,332,1648,1212,0,543,1426,0,179,0,-3674,0,4948,162,26017
2026/8/4,6:30,27037,1295,10298,7508,339,1655,1214,0,543,2653,0,180,0,-3670,2,4817,203,27037
2026/8/4,7:00,28782,1295,10863,7636,343,1685,1204,0,540,4055,0,167,0,-3656,2,4441,207,28782
2026/8/4,7:30,30457,1295,11343,7663,344,1676,1209,0,540,5455,0,184,0,-3649,2,4226,169,30457
2026/8/4,8:00,32839,1295,12179,7665,343,1657,1213,0,534,6940,0,178,0,-3326,2,3957,201,32838
2026/8/4,8:30,35499,1295,12765,7661,344,1669,1206,0,532,8337,0,183,0,-2537,3,3829,212,35499
2026/8/4,9:00,37550,1294,12580,7662,343,1712,1262,0,528,9356,0,164,0,-1570,6,3990,224,37551
2026/8/4,9:30,38460,1294,12213,7658,343,1720,1244,0,527,9958,0,173,0,-989,6,4076,236,38459
2026/8/4,10:00,39176,1294,12142,7658,344,1652,1196,0,527,10545,0,167,0,-640,2,4071,219,39177
2026/8/4,10:30,39799,1293,12278,7662,344,1698,1186,0,526,10956,0,153,0,-542,3,4009,233,39799
2026/8/4,11:00,40165,1295,12507,7662,365,1749,1171,0,528,11057,0,165,0,-570,0,4000,236,40165
2026/8/4,11:30,40187,1294,12290,7661,418,1705,1154,0,528,11106,0,164,0,-371,0,3998,239,40186
2026/8/4,12:00,39647,1294,11393,7659,439,1712,1181,0,527,11218,0,165,0,-451,1,4274,234,39646
2026/8/4,12:30,39496,1294,11804,7661,438,1737,1199,0,527,10960,0,174,0,-658,1,4131,226,39494
2026/8/4,13:00,40511,1294,12709,7661,438,1747,1203,0,524,10686,0,174,0,-9,3,3846,234,40510
2026/8/4,13:30,40920,1292,13771,7660,439,1757,1212,0,524,10030,0,172,0,0,2,3825,235,40919
2026/8/4,14:00,40762,1293,14249,7659,440,1747,1342,0,524,9041,0,171,0,0,4,4049,244,40763
2026/8/4,14:30,40917,1292,15018,7662,439,1757,1373,0,523,8268,0,168,0,0,4,4169,246,40919
2026/8/4,15:00,40811,1293,15851,7660,441,1773,1502,0,526,7189,0,167,0,9,2,4156,240,40809
2026/8/4,15:30,40881,1293,16494,7660,440,1762,1575,0,527,5885,0,163,0,991,7,3847,236,40880
2026/8/4,16:00,40711,1293,16639,7654,441,1755,2283,0,528,4574,0,154,0,1405,13,3742,229,40710
2026/8/4,16:30,40485,1293,17481,7652,442,1739,2310,0,529,3270,0,149,0,1932,24,3447,217,40485
2026/8/4,17:00,39614,1293,17813,7652,442,1749,2317,0,533,1963,0,152,0,2121,22,3323,234,39614
2026/8/4,17:30,38908,1292,17797,7656,441,1733,2326,0,533,917,0,153,0,2139,33,3677,211,38908
2026/8/4,18:00,38146,1292,17745,7655,441,1720,2206,0,535,241,0,149,0,2059,27,3861,215,38146
2026/8/4,18:30,37875,1291,17705,7658,442,1722,2230,0,536,1,0,155,0,1990,27,3904,214,37875
2026/8/4,19:00,37145,1290,17295,7660,443,1699,2247,0,537,0,0,160,0,1587,24,3993,210,37145
2026/8/4,19:30,36176,1291,17286,7659,444,1687,2243,0,536,0,0,163,0,733,23,3879,233,36177
2026/8/4,20:00,35081,1290,16629,7659,444,1719,2131,0,541,0,0,159,0,483,8,3798,221,35082
2026/8/4,20:30,34214,1290,15995,7660,443,1722,2105,0,541,0,0,167,0,236,6,3822,228,34215
2026/8/4,21:00,33046,1290,15275,7654,445,1696,1655,0,542,0,0,159,0,303,2,3817,207,33045
2026/8/4,21:30,31989,1290,14244,7658,445,1680,1655,0,543,0,0,151,0,270,8,3821,224,31989
2026/8/4,22:00,31487,1193,13418,7659,439,1676,1904,0,544,0,0,146,0,326,2,3984,195,31486
2026/8/4,22:30,30722,1127,12739,7659,435,1709,1898,0,545,0,0,147,0,237,2,4004,219,30721
2026/8/4,23:00,29836,1126,12546,7622,434,1686,1655,0,544,0,0,154,0,71,1,3781,215,29835
2026/8/4,23:30,28711,1128,11641,7542,434,1615,1640,0,544,0,0,133,0,0,0,3880,154,28711
2026/8/5,0:00,27503,1128,10908,7506,379,1584,1134,0,465,0,0,138,0,0,2,4045,214,27503
2026/8/5,0:30,26382,1128,9703,7455,338,1586,1123,0,464,0,0,116,0,0,0,4254,214,26381
2026/8/5,1:00,25550,1129,9608,7185,337,1560,1091,0,465,0,0,120,0,-224,0,4085,194,25550
2026/8/5,1:30,25017,1129,9480,6984,336,1566,1078,0,465,0,0,117,0,-990,0,4658,194,25017
2026/8/5,2:00,24643,1132,9168,7164,337,1566,1079,0,465,0,0,116,0,-1415,0,4829,203,24644
2026/8/5,2:30,24455,1140,8947,7331,337,1577,1092,0,464,0,0,111,0,-1630,0,4883,203,24455
2026/8/5,3:00,24450,1148,9348,7374,337,1548,1228,0,467,0,0,120,0,-1952,0,4635,197,24450
2026/8/5,3:30,24450,1155,9391,7514,337,1503,1271,0,467,0,0,116,0,-2035,0,4534,197,24450
2026/8/5,4:00,24540,1163,9383,7518,338,1488,1264,0,467,0,0,112,0,-1920,0,4554,172,24539
2026/8/5,4:30,24726,1170,9347,7512,337,1552,1244,0,467,0,0,109,0,-1622,0,4438,172,24726
2026/8/5,5:00,24890,1178,9474,7516,338,1515,1240,0,466,60,0,108,0,-1616,1,4452,159,24891
2026/8/5,5:30,25101,1186,9372,7515,337,1477,1240,0,465,512,0,99,0,-1568,0,4308,159,25102
2026/8/5,6:00,25715,1193,9086,7514,338,1532,1142,0,466,1262,0,97,0,-1938,1,4835,187,25715
2026/8/5,6:30,26662,1200,8880,7512,343,1562,1143,0,466,2513,0,108,0,-2117,1,4861,188,26660
2026/8/5,7:00,28255,1208,9421,7340,349,1598,1148,0,464,4132,0,101,0,-2392,1,4679,206,28255
2026/8/5,7:30,30020,1215,10432,6523,349,1610,1154,0,463,5914,0,94,0,-2880,1,4942,201,30018
2026/8/5,8:00,32290,1223,11867,6643,350,1594,1154,0,458,7785,0,108,0,-2963,1,3863,207,32290
2026/8/5,8:30,35017,1230,12469,7201,348,1573,1150,0,456,9549,0,116,0,-2578,1,3286,216,35017
2026/8/5,9:00,37280,1237,12366,7306,349,1561,1143,0,452,10946,0,125,0,-1796,5,3379,208,37281
2026/8/5,9:30,38357,1246,12196,7176,348,1564,1135,0,452,11790,0,128,0,-1420,4,3503,234,38356
2026/8/5,10:00,39112,1254,12107,6476,347,1579,1117,0,451,12951,0,128,0,-1160,6,3632,224,39112
2026/8/5,10:30,40255,1261,12474,6272,347,1585,1089,0,451,14022,0,131,0,-1040,6,3422,234,40254
2026/8/5,11:00,41209,1269,12869,6150,367,1605,1080,0,452,14684,0,136,0,-1189,4,3555,227,41209
2026/8/5,11:30,41803,1275,13515,6192,421,1584,1062,0,452,14847,0,138,0,-1116,4,3200,228,41802
2026/8/5,12:00,41607,1284,13268,5926,441,1582,1166,0,450,14511,0,140,0,-790,6,3398,225,41607
2026/8/5,12:30,41520,1290,13590,5715,441,1574,1173,0,449,13968,0,140,0,-425,6,3377,221,41519
2026/8/5,13:00,42864,1291,14744,6288,441,1563,1221,0,447,13502,0,142,0,-4,0,3003,226,42864
2026/8/5,13:30,43543,1291,15459,6891,440,1553,1229,0,448,12742,0,139,0,-2,2,3133,218,43543
2026/8/5,14:00,43678,1291,16040,7357,440,1570,1364,0,448,11451,0,137,0,-3,13,3345,225,43678
2026/8/5,14:30,43775,1291,16945,7499,440,1599,1377,0,447,10106,0,132,0,2,15,3702,220,43775
2026/8/5,15:00,43731,1290,18167,7507,439,1606,1494,0,448,8424,0,124,0,818,3,3188,222,43730
2026/8/5,15:30,43766,1291,18744,7500,440,1598,1539,0,449,6633,0,109,0,1488,12,3746,218,43767
2026/8/5,16:00,43882,1290,18930,7502,440,1610,2236,0,451,4931,0,96,0,2076,23,4067,230,43882
2026/8/5,16:30,43616,1291,19543,7506,442,1587,2296,0,453,3336,0,85,0,2422,35,4397,225,43618
2026/8/5,17:00,42691,1292,19547,7501,441,1577,2317,0,457,1950,0,88,0,2524,42,4731,224,42691
2026/8/5,17:30,42005,1292,19842,7500,440,1552,2339,0,456,906,0,69,0,2302,47,5043,217,42005
2026/8/5,18:00,41183,1292,19727,7503,442,1575,2318,0,459,224,0,86,0,2269,50,5021,215,41181
2026/8/5,18:30,40941,1292,19652,7502,441,1560,2330,0,460,1,0,89,0,2223,50,5113,227,40940
2026/8/5,19:00,40121,1292,18454,7504,442,1501,2327,0,462,0,0,91,0,2106,33,5702,206,40120
2026/8/5,19:30,39037,1292,17606,7506,443,1485,2333,0,462,0,0,86,0,2247,16,5330,231,39037
2026/8/5,20:00,37812,1291,16493,7505,443,1515,2242,0,464,0,0,84,0,2120,14,5426,215,37812
2026/8/5,20:30,36838,1291,15589,7501,443,1500,2196,0,465,0,0,86,0,1947,8,5584,229,36839
2026/8/5,21:00,35542,1293,14973,7505,444,1525,1731,0,466,0,0,83,0,1743,1,5573,204,35541
2026/8/5,21:30,34410,1293,14747,7505,444,1488,1723,0,466,0,0,81,0,991,1,5449,222,34410
2026/8/5,22:00,33627,1293,14059,7503,439,1515,1992,0,467,0,0,82,0,780,0,5299,199,33628
2026/8/5,22:30,32636,1292,13973,7506,433,1494,1978,0,468,0,0,76,0,51,0,5143,222,32636
2026/8/5,23:00,31629,1292,13173,7504,432,1510,1722,0,467,0,0,61,0,0,2,5254,212,31629
2026/8/5,23:30,30464,1292,12209,7507,434,1499,1704,0,468,0,0,72,0,0,2,5085,193,30465
2026/8/6,0:00,29043,1293,11196,7501,379,1498,1176,0,462,0,0,55,0,-68,5,5368,178,29043
2026/8/6,0:30,27924,1293,10225,7487,337,1520,1172,0,462,0,0,59,0,-533,7,5669,226,27924
2026/8/6,1:00,27062,1293,10047,7216,337,1502,1143,0,462,0,0,63,0,-950,4,5744,201,27062
2026/8/6,1:30,26337,1293,10294,6737,337,1481,1153,0,462,0,0,61,0,-974,2,5278,213,26337
2026/8/6,2:00,25820,1293,10343,6511,337,1468,1152,0,462,0,0,63,0,-977,8,4949,212,25821
2026/8/6,2:30,25683,1293,10353,6450,338,1470,1170,0,462,0,0,53,0,-977,8,4851,211,25682
2026/8/6,3:00,25632,1293,10340,6811,338,1465,1275,0,464,0,0,69,0,-1226,8,4582,214,25633
2026/8/6,3:30,25587,1293,10319,6683,337,1448,1283,0,464,0,0,69,0,-1248,9,4725,207,25589
2026/8/6,4:00,25587,1293,10402,6533,337,1432,1274,0,464,0,0,66,0,-1247,8,4815,209,25586
2026/8/6,4:30,25793,1294,10735,6514,337,1439,1243,0,463,0,0,62,0,-1244,7,4761,183,25794
2026/8/6,5:00,26038,1293,11062,6317,337,1478,1242,0,463,56,0,58,0,-1163,8,4672,213,26036
2026/8/6,5:30,26281,1294,11036,6294,337,1506,1239,0,462,483,0,46,0,-1303,4,4708,175,26281
2026/8/6,6:00,27104,1293,11158,6652,337,1479,1191,0,464,1038,0,49,0,-1496,0,4755,184,27104
2026/8/6,6:30,28232,1294,11486,7019,343,1473,1200,0,464,1921,0,53,0,-1952,0,4714,218,28233
2026/8/6,7:00,29994,1294,10832,7307,348,1460,1165,0,461,3063,0,46,0,-2124,1,5914,229,29996
2026/8/6,7:30,31964,1293,11925,6891,348,1479,1167,0,461,4451,0,58,0,-2173,1,5880,183,31964
2026/8/6,8:00,34574,1294,13059,7078,349,1463,1185,0,454,5797,0,52,0,-1475,2,5120,198,34576
2026/8/6,8:30,37482,1294,13783,7399,348,1483,1186,0,450,7175,0,53,0,-168,1,4268,211,37483
2026/8/6,9:00,39966,1294,15001,7407,347,1498,1171,0,448,8372,0,66,0,0,1,4144,217,39966
2026/8/6,9:30,41350,1294,15581,7425,347,1514,1176,0,448,9149,0,54,0,-2,1,4123,239,41349
2026/8/6,10:00,42669,1294,15398,7506,348,1524,1174,0,447,10144,0,61,0,-1,1,4551,224,42671
2026/8/6,10:30,43915,1294,15309,7503,348,1528,1163,0,447,10988,0,61,0,0,1,5037,237,43916
2026/8/6,11:00,45089,1294,16017,7503,367,1524,1155,0,448,11440,0,71,0,0,1,5035,234,45089
2026/8/6,11:30,45310,1294,15896,7504,421,1487,1140,0,448,11527,0,90,0,0,1,5270,234,45312
2026/8/6,12:00,45161,1294,14394,7504,440,1466,1244,0,448,11743,0,91,0,0,4,6294,238,45160
2026/8/6,12:30,45333,1293,15302,7506,441,1463,1249,0,449,11591,0,93,0,0,3,5707,236,45333
2026/8/6,13:00,46484,1293,16923,7502,441,1535,1424,0,446,11168,0,94,0,0,5,5415,237,46483
2026/8/6,13:30,46362,1293,18255,7502,441,1584,1429,0,448,10356,0,96,0,1,7,4713,236,46361
2026/8/6,14:00,46371,1292,18787,7505,441,1628,1564,0,446,9848,0,97,0,124,7,4400,233,46372
2026/8/6,14:30,47016,1290,19879,7502,441,1636,1574,0,448,9284,0,93,0,585,6,4050,230,47018
2026/8/6,15:00,47041,1294,20183,7504,440,1699,1634,0,448,8191,0,88,0,1192,4,4130,232,47039
2026/8/6,15:30,47547,1293,21031,7493,442,1696,1657,0,449,6843,0,84,0,1858,21,4458,222,47547
2026/8/6,16:00,47557,1293,21604,7502,441,1691,2083,0,450,5183,0,79,0,2558,28,4421,223,47556
2026/8/6,16:30,47441,1292,22240,7498,441,1712,2144,0,452,3596,0,67,0,3226,42,4513,218,47441
2026/8/6,17:00,46581,1291,22283,7497,442,1738,2204,0,455,2107,0,70,0,3353,49,4888,204,46581
2026/8/6,17:30,45894,1293,23029,7495,443,1744,2229,0,456,990,0,65,0,3377,56,4524,193,45894
2026/8/6,18:00,44882,1292,22950,7494,442,1762,2175,0,458,252,0,59,0,3079,53,4672,194,44882
2026/8/6,18:30,44450,1291,23068,7494,443,1680,2186,0,459,1,0,77,0,3165,54,4339,194,44451
2026/8/6,19:00,43547,1291,22610,7498,442,1525,2165,0,461,0,0,76,0,2521,46,4699,213,43547
2026/8/6,19:30,42411,1291,21865,7497,444,1594,2165,0,460,0,0,78,0,1703,16,5076,222,42411
2026/8/6,20:00,41132,1290,21156,7497,446,1612,2114,0,463,0,0,78,0,1252,12,4996,216,41132
2026/8/6,20:30,40148,1291,21282,7496,445,1644,2077,0,464,0,0,80,0,1407,8,3723,232,40149
2026/8/6,21:00,38753,1291,20387,7490,446,1675,1657,0,464,0,0,83,0,1356,3,3693,207,38752
2026/8/6,21:30,37510,1292,19015,7490,446,1737,1659,0,464,0,0,87,0,624,5,4462,230,37511
2026/8/6,22:00,36591,1292,18341,7491,439,1781,1870,0,465,0,0,84,0,45,2,4570,210,36590
2026/8/6,22:30,35425,1293,17406,7492,432,1678,1849,0,465,0,0,83,0,-170,0,4664,233,35425
2026/8/6,23:00,34341,1293,16022,7494,432,1702,1576,0,465,0,0,95,0,0,4,5034,223,34340
2026/8/6,23:30,33015,1293,14733,7495,431,1690,1568,0,465,0,0,93,0,0,0,5078,170,33016
2026/8/7,0:00,31446,1292,13468,7037,379,1714,1202,0,467,0,0,109,0,0,8,5602,168,31446
2026/8/7,0:30,30127,1293,11978,6746,337,1695,1195,0,466,0,0,93,0,0,5,6095,224,30127
2026/8/7,1:00,29095,1292,11340,6684,337,1718,1183,0,467,0,0,97,0,-408,10,6183,191,29094
2026/8/7,1:30,28426,1292,11375,6531,337,1713,1175,0,467,0,0,97,0,-1215,8,6447,200,28427
2026/8/7,2:00,27815,1293,11387,6533,336,1710,1146,0,467,0,0,92,0,-1855,8,6492,205,27814
2026/8/7,2:30,27593,1293,11776,6537,337,1692,1167,0,467,0,0,94,0,-2449,5,6474,200,27593
2026/8/7,3:00,27357,1293,11820,6535,336,1689,1249,0,468,0,0,105,0,-2687,6,6339,204,27357
2026/8/7,3:30,27211,1293,11764,6533,335,1654,1281,0,468,0,0,106,0,-2718,4,6296,195,27211
2026/8/7,4:00,27367,1292,11919,6534,336,1647,1292,0,468,0,0,107,0,-2724,3,6295,198,27367
2026/8/7,4:30,27415,1292,12699,6529,337,1644,1267,0,467,0,0,98,0,-3366,2,6276,171,27416
2026/8/7,5:00,27648,1292,13093,6539,336,1681,1266,0,467,51,0,105,0,-3544,2,6164,195,27647
2026/8/7,5:30,28143,1292,13164,6539,336,1696,1266,0,465,619,0,95,0,-3486,2,6006,151,28145
2026/8/7,6:00,29430,1293,13587,6540,337,1707,1182,0,467,1563,0,88,0,-3353,2,5848,171,29432
2026/8/7,6:30,31180,1293,13662,6540,343,1737,1194,0,467,2953,0,90,0,-3202,2,5902,198,31179
2026/8/7,7:00,33975,1293,13674,6538,351,1714,1179,0,465,4534,0,87,0,-2261,0,6213,188,33975
2026/8/7,7:30,36749,1293,14084,6535,351,1723,1181,0,464,6082,0,89,0,-1343,1,6153,137,36750
2026/8/7,8:00,40061,1293,14842,6540,351,1731,1206,0,458,7634,0,90,0,-171,1,5903,181,40059
2026/8/7,8:30,43124,1292,16601,6645,351,1723,1210,0,445,9141,0,92,0,0,1,5440,184,43125
2026/8/7,9:00,45560,1293,17661,6730,351,1724,1198,0,443,10443,0,96,0,16,2,5410,191,45558
2026/8/7,9:30,47139,1292,18221,6731,350,1702,1197,0,441,11448,0,113,0,150,2,5282,211,47140
2026/8/7,10:00,48039,1293,17942,6733,350,1700,1167,0,439,12248,0,112,0,28,3,5791,233,48039
2026/8/7,10:30,48656,1293,17627,6726,351,1736,1162,0,439,12853,0,109,0,0,6,6119,236,48657
2026/8/7,11:00,49174,1293,17939,6731,351,1726,1146,0,439,13197,0,113,0,0,1,5998,238,49172
2026/8/7,11:30,49550,1293,17978,6729,351,1695,1140,0,440,13220,0,117,0,0,1,6343,243,49550
2026/8/7,12:00,48890,1293,17388,6728,371,1719,1200,0,438,12969,0,114,0,0,4,6438,228,48890
2026/8/7,12:30,48764,1292,17544,6728,426,1736,1205,0,439,12581,0,113,0,0,5,6473,219,48761
2026/8/7,13:00,49395,1291,19132,6727,441,1735,1337,0,438,11933,0,117,0,0,18,6005,220,49394
2026/8/7,13:30,49455,1292,20297,6728,440,1707,1350,0,439,11165,0,122,0,95,5,5599,216,49455
2026/8/7,14:00,49030,1291,20503,6727,440,1744,1512,0,438,10188,0,126,0,287,10,5540,224,49030
2026/8/7,14:30,48820,1292,21044,6720,440,1749,1523,0,439,9301,0,124,0,359,9,5604,216,48820
2026/8/7,15:00,48340,1292,21656,6722,441,1752,1757,0,449,8106,0,118,0,963,1,4876,207,48340
2026/8/7,15:30,48398,1292,22660,6722,441,1743,1816,0,451,6648,0,112,0,1938,25,4347,204,48399
2026/8/7,16:00,48367,1292,22816,6724,441,1749,2218,0,452,5020,0,100,0,3271,29,4061,194,48367
2026/8/7,16:30,47801,1292,22852,6722,441,1782,2275,0,454,3411,0,86,0,2758,50,5491,188,47802
2026/8/7,17:00,46208,1291,22804,6719,442,1789,2340,0,458,1990,0,91,0,2495,39,5563,188,46209
2026/8/7,17:30,44985,1292,22922,6718,442,1756,2263,0,457,934,0,88,0,3010,53,4862,187,44984
2026/8/7,18:00,43744,1290,22880,6723,443,1758,2256,0,461,215,0,85,0,2627,56,4762,189,43745
2026/8/7,18:30,43196,1291,22223,6730,443,1756,2267,0,461,0,0,83,0,2300,56,5396,188,43194
2026/8/7,19:00,42366,1292,21940,6729,443,1714,2246,0,466,0,0,94,0,2651,35,4569,188,42367
2026/8/7,19:30,41389,1292,21693,6734,443,1709,2248,0,466,0,0,107,0,2392,21,4085,199,41389
2026/8/7,20:00,40137,1292,20155,6734,445,1718,2097,0,468,0,0,105,0,2494,12,4407,210,40137
2026/8/7,20:30,39174,1292,19252,6731,444,1718,2068,0,469,0,0,104,0,2644,7,4213,234,39176
2026/8/7,21:00,37889,1291,18195,6739,445,1717,1780,0,470,0,0,102,0,1103,4,5846,197,37889
2026/8/7,21:30,36683,1291,18595,6734,445,1718,1772,0,470,0,0,107,0,895,8,4434,215,36684
2026/8/7,22:00,36062,1291,18423,6735,441,1700,1993,0,471,0,0,107,0,295,0,4390,216,36062
2026/8/7,22:30,34966,1290,17787,6733,436,1708,1990,0,471,0,0,106,0,0,0,4211,234,34966
2026/8/7,23:00,33917,1291,15793,6706,435,1743,1732,0,471,0,0,109,0,0,12,5397,227,33916
2026/8/7,23:30,32627,1292,14684,6276,435,1751,1727,0,471,0,0,110,0,0,2,5700,178,32626
2026/8/8,0:00,31332,1292,14976,6041,435,1718,1236,0,507,0,0,94,0,0,2,4873,157,31331
2026/8/8,0:30,29923,1292,13885,5898,435,1706,1234,0,459,0,0,84,0,0,0,4721,209,29923
2026/8/8,1:00,28889,1292,13133,5789,383,1723,1254,0,507,0,0,88,0,-107,0,4583,243,28888
2026/8/8,1:30,28273,1291,12146,5593,340,1734,1252,0,507,0,0,84,0,-1092,29,6137,252,28273
2026/8/8,2:00,27535,1292,11767,5442,340,1739,1244,0,460,0,0,69,0,-1275,15,6192,248,27533
2026/8/8,2:30,27243,1291,12083,5433,341,1691,1240,0,461,0,0,58,0,-1590,8,5978,249,27243
2026/8/8,3:00,26979,1292,11660,5448,341,1665,1319,0,510,0,0,62,0,-1765,9,6184,255,26980
2026/8/8,3:30,26834,1293,11740,5523,341,1620,1350,0,510,0,0,60,0,-1899,8,6047,242,26835
2026/8/8,4:00,26740,1293,11879,5591,340,1550,1367,0,511,0,0,60,0,-2019,8,5925,236,26741
2026/8/8,4:30,26585,1293,11781,5640,341,1610,1359,0,463,0,0,47,0,-2093,8,5936,201,26586
2026/8/8,5:00,26629,1293,11476,5763,341,1667,1367,0,510,46,0,41,0,-1981,8,5926,172,26629
2026/8/8,5:30,26666,1293,11424,5706,341,1674,1366,0,510,525,0,49,0,-2184,7,5739,216,26666
2026/8/8,6:00,27179,1292,11593,5595,341,1698,1283,0,464,1321,0,31,0,-2834,1,6168,226,27179
2026/8/8,6:30,28018,1292,11250,5589,347,1736,1295,0,510,2561,0,35,0,-3086,0,6292,195,28016
2026/8/8,7:00,29560,1291,11318,5595,351,1721,1287,0,508,4067,0,35,0,-3292,1,6454,224,29560
2026/8/8,7:30,31463,1292,11854,5592,351,1727,1275,0,506,5680,0,37,0,-3283,2,6233,197,31463
2026/8/8,8:00,33867,1293,12386,5592,351,1715,1267,0,502,7314,0,59,0,-2976,2,6139,224,33868
2026/8/8,8:30,36397,1293,12729,5595,351,1686,1262,0,501,8852,0,63,0,-2343,1,6187,220,36397
2026/8/8,9:00,38401,1293,12467,5595,351,1707,1283,0,498,10139,0,66,0,-1578,1,6349,230,38401
2026/8/8,9:30,39671,1293,12373,5594,350,1703,1271,0,498,11237,0,67,0,-1332,1,6395,222,39672
2026/8/8,10:00,40626,1291,12156,5592,351,1678,1273,0,497,12384,0,43,0,-1331,2,6464,225,40625
2026/8/8,10:30,41516,1292,12225,5597,350,1666,1280,0,497,13233,0,45,0,-1330,3,6443,214,41515
2026/8/8,11:00,42071,1291,12332,5595,351,1688,1275,0,498,13658,0,48,0,-1327,2,6442,218,42071
2026/8/8,11:30,42438,1292,12916,5590,350,1677,1274,0,498,13903,0,53,0,-1326,1,5997,213,42438
2026/8/8,12:00,42530,1292,13135,5594,350,1624,1240,0,496,13892,0,81,0,-1098,2,5711,211,42530
2026/8/8,12:30,42514,1292,12931,5594,351,1618,1239,0,496,13574,0,77,0,-1076,1,6207,210,42514
2026/8/8,13:00,42796,1292,13695,5695,349,1610,1258,0,495,12898,0,75,0,-986,1,6151,263,42796
2026/8/8,13:30,43037,1292,14267,5788,349,1629,1265,0,494,12016,0,77,0,-302,3,5904,257,43039
2026/8/8,14:00,43155,1291,15326,5783,349,1647,1300,0,492,10610,0,76,0,0,3,6015,262,43154
2026/8/8,14:30,42848,1291,16652,5785,350,1677,1317,0,494,8917,0,82,0,0,16,6008,258,42847
2026/8/8,15:00,42548,1291,17575,5785,350,1629,1442,0,493,7386,0,58,0,138,0,6145,256,42548
2026/8/8,15:30,42209,1290,17891,5788,351,1626,1487,0,495,5750,0,64,0,1273,10,5928,255,42208
2026/8/8,16:00,41600,1292,18146,5791,370,1635,1611,0,496,4082,0,60,0,2185,11,5665,255,41599
2026/8/8,16:30,40823,1292,18228,5790,400,1666,1627,0,497,2493,0,45,0,2722,27,5784,252,40823
2026/8/8,17:00,39906,1292,17928,5790,443,1611,1681,0,500,1348,0,43,0,2941,40,6040,251,39908
2026/8/8,17:30,39078,1292,17863,5786,443,1627,1718,0,501,595,0,39,0,3338,52,5570,253,39077
2026/8/8,18:00,38361,1292,17758,5790,442,1625,1872,0,504,122,0,35,0,3409,52,5196,264,38361
2026/8/8,18:30,38189,1290,17534,5791,441,1653,1812,0,504,0,0,31,0,3615,50,5198,267,38186
2026/8/8,19:00,37640,1290,17004,5790,445,1660,1815,0,506,0,0,31,0,3963,45,4831,260,37640
2026/8/8,19:30,36826,1289,16694,5795,444,1633,1822,0,506,0,0,33,0,3977,30,4326,277,36826
2026/8/8,20:00,35853,1290,16635,5957,445,1668,1680,0,508,0,0,37,0,3236,14,4119,263,35852
2026/8/8,20:30,35046,1290,16104,5998,445,1676,1644,0,508,0,0,36,0,2742,4,4320,278,35045
2026/8/8,21:00,33990,1290,15715,6205,445,1700,1620,0,508,0,0,38,0,1967,0,4253,249,33990
2026/8/8,21:30,33034,1290,14438,6552,443,1699,1577,0,509,0,0,39,0,1376,7,4843,260,33033
2026/8/8,22:00,32370,1289,14352,6556,438,1662,1539,0,509,0,0,30,0,933,10,4786,265,32369
2026/8/8,22:30,31484,1289,12566,6555,428,1674,1541,0,510,0,0,47,0,1586,1,5078,210,31485
2026/8/8,23:00,30765,1288,12197,6559,430,1656,1541,0,509,0,0,44,0,1447,12,4879,204,30766
2026/8/8,23:30,29550,1289,12235,6224,430,1641,1489,0,509,0,0,44,0,195,3,5267,225,29551
2026/8/9,0:00,28415,1289,11934,5630,429,1639,1491,0,500,0,0,47,0,-7,10,5198,256,28416
2026/8/9,0:30,27017,1289,11178,5282,429,1656,1480,0,451,0,0,27,0,-134,6,5091,261,27016
2026/8/9,1:00,26272,1289,11001,5190,378,1638,1501,0,499,0,0,32,0,-791,0,5251,283,26271
2026/8/9,1:30,25508,1289,10853,5143,335,1636,1499,0,500,0,0,42,0,-1709,6,5583,330,25507
2026/8/9,2:00,24990,1289,10584,5084,334,1632,1583,0,499,0,0,40,0,-1727,8,5372,292,24990
2026/8/9,2:30,24734,1289,10464,5087,335,1651,1574,0,452,0,0,26,0,-2264,8,5821,291,24734
2026/8/9,3:00,24628,1288,10267,5035,335,1650,1567,0,502,0,0,19,0,-2293,2,5964,291,24627
2026/8/9,3:30,24522,1289,10164,5013,335,1637,1592,0,502,0,0,17,0,-2290,2,5978,282,24521
2026/8/9,4:00,24381,1289,10101,5015,335,1631,1624,0,501,0,0,28,0,-2377,1,5957,277,24382
2026/8/9,4:30,24361,1289,10459,5013,335,1653,1609,0,454,0,0,21,0,-2546,2,5826,246,24361
2026/8/9,5:00,24244,1290,10184,5013,334,1717,1572,0,501,42,0,23,0,-2600,3,5864,299,24242
2026/8/9,5:30,23923,1290,9668,4983,336,1727,1540,0,501,542,0,26,0,-2598,4,5636,267,23922
2026/8/9,6:00,24333,1290,9641,4964,336,1724,1399,0,454,1304,0,19,0,-3148,1,6092,257,24333
2026/8/9,6:30,24981,1290,9457,4964,342,1708,1405,0,502,2224,0,28,0,-3371,7,6201,224,24981
2026/8/9,7:00,26125,1289,9939,4964,351,1712,1382,0,499,3258,0,27,0,-3582,2,6078,205,26124
2026/8/9,7:30,27421,1289,10295,5137,352,1718,1362,0,498,4623,0,20,0,-3943,1,5807,261,27420
2026/8/9,8:00,29554,1289,10337,5612,351,1698,1359,0,496,6238,0,33,0,-3631,0,5481,290,29553
2026/8/9,8:30,31497,1289,9903,6065,350,1697,1353,0,494,7694,0,38,0,-3476,1,5810,280,31498
2026/8/9,9:00,33377,1290,9896,6203,351,1691,1351,0,492,9066,0,30,0,-3360,1,6054,312,33377
2026/8/9,9:30,34611,1290,10017,6074,350,1680,1360,0,492,10277,0,55,0,-3348,1,6065,298,34611
2026/8/9,10:00,35359,1290,10335,5437,350,1670,1351,0,492,11373,0,71,0,-3340,1,6024,306,35360
2026/8/9,10:30,36669,1291,10813,5096,350,1680,1354,0,491,12575,0,64,0,-2827,1,5470,312,36670
2026/8/9,11:00,37493,1290,10727,4849,349,1706,1356,0,492,13071,0,58,0,-2522,1,5806,310,37493
2026/8/9,11:30,37906,1289,11156,4771,350,1662,1339,0,492,13056,0,50,0,-2225,1,5654,311,37906
2026/8/9,12:00,38423,1291,11489,4699,349,1658,1362,0,489,13112,0,46,0,-1516,1,5145,299,38424
2026/8/9,12:30,38682,1289,11514,4762,350,1693,1359,0,489,12827,0,46,0,-1011,3,5060,302,38683
2026/8/9,13:00,39057,1290,11241,4982,348,1698,1375,0,489,12252,0,51,0,-939,3,5944,323,39057
2026/8/9,13:30,39042,1291,12109,5056,350,1667,1368,0,489,11370,0,51,0,-877,3,5849,318,39044
2026/8/9,14:00,39106,1290,12427,5115,344,1626,1397,0,488,10456,0,56,0,-509,1,6094,320,39105
2026/8/9,14:30,39195,1289,13006,5444,339,1601,1403,0,489,9269,0,56,0,70,4,5919,307,39196
2026/8/9,15:00,39345,1288,13573,5779,358,1600,1513,0,488,7807,0,53,0,1733,0,4843,310,39345
2026/8/9,15:30,39253,1287,13525,5843,388,1591,1538,0,489,5997,0,48,0,2926,3,5310,307,39252
2026/8/9,16:00,38682,1286,13672,5828,431,1594,1631,0,490,4101,0,39,0,4078,8,5216,307,38681
2026/8/9,16:30,38121,1285,15138,5690,431,1596,1633,0,491,2472,0,35,0,4596,25,4416,313,38121
2026/8/9,17:00,37678,1284,15785,5620,432,1631,1613,0,493,1315,0,36,0,4708,42,4407,312,37678
2026/8/9,17:30,37531,1285,16443,5620,431,1582,1619,0,493,537,0,35,0,4655,49,4469,313,37531
2026/8/9,18:00,37301,1285,16665,5623,432,1595,1563,0,495,98,0,33,0,4427,50,4718,316,37300
2026/8/9,18:30,37140,1285,17111,5621,433,1581,1570,0,496,0,0,37,0,3641,52,4991,321,37139
2026/8/9,19:00,36548,1285,17321,5624,434,1579,1599,0,499,0,0,40,0,3444,49,4373,302,36549
2026/8/9,19:30,35671,1285,16926,5624,433,1597,1606,0,498,0,0,40,0,3289,34,4020,318,35670
2026/8/9,20:00,34749,1284,16409,5547,433,1624,1469,0,499,0,0,46,0,3280,18,3827,312,34748
2026/8/9,20:30,33713,1285,15887,5434,433,1628,1471,0,499,0,0,50,0,2681,6,4014,325,33713
2026/8/9,21:00,32641,1284,15271,5427,433,1611,1473,0,500,0,0,43,0,2653,1,3623,322,32641
2026/8/9,21:30,31340,1285,13365,5426,434,1639,1432,0,500,0,0,52,0,1906,22,4967,311,31339
2026/8/9,22:00,30492,1286,13633,5423,432,1640,1399,0,500,0,0,53,0,1254,13,4619,240,30492
2026/8/9,22:30,29603,1287,12820,5428,429,1645,1377,0,500,0,0,51,0,1212,1,4595,258,29603
2026/8/9,23:00,28956,1288,12319,5399,379,1627,1367,0,501,0,0,46,0,1228,7,4526,269,28956
2026/8/9,23:30,27907,1288,11899,5192,335,1573,1326,0,502,0,0,53,0,458,0,4978,304,27908
2026/8/10,0:00,26854,1288,11492,5188,334,1574,1302,0,499,0,0,44,0,-520,4,5375,273,26853
2026/8/10,0:30,25670,1287,10755,5143,335,1616,1294,0,451,0,0,35,0,-971,4,5444,276,25669
2026/8/10,1:00,25020,1288,10594,4993,335,1594,1349,0,499,0,0,48,0,-1389,6,5391,312,25020
2026/8/10,1:30,24462,1288,10081,4777,334,1602,1338,0,499,0,0,50,0,-2199,8,6363,322,24463
2026/8/10,2:00,24145,1290,10390,4601,335,1623,1330,0,499,0,0,61,0,-2535,5,6225,323,24147
2026/8/10,2:30,23871,1291,10443,4555,335,1602,1330,0,452,0,0,61,0,-2981,5,6457,322,23872
2026/8/10,3:00,23913,1291,10590,4557,335,1587,1346,0,502,0,0,64,0,-3128,6,6439,323,23912
2026/8/10,3:30,23958,1292,10705,4555,334,1583,1444,0,501,0,0,62,0,-3067,3,6225,320,23957
2026/8/10,4:00,24030,1292,10716,4657,335,1614,1474,0,502,0,0,61,0,-2940,3,6010,306,24030
2026/8/10,4:30,24077,1290,10531,4712,335,1620,1472,0,453,0,0,54,0,-2923,3,6254,275,24076
2026/8/10,5:00,24407,1292,10734,4894,335,1630,1475,0,501,39,0,70,0,-2920,3,6113,243,24409
2026/8/10,5:30,24439,1291,10368,4912,335,1639,1442,0,500,455,0,66,0,-2966,0,6150,248,24440
2026/8/10,6:00,25320,1293,10756,5145,335,1618,1359,0,453,1317,0,67,0,-3162,0,5876,262,25319
2026/8/10,6:30,26237,1294,10332,4860,343,1627,1362,0,501,2659,0,75,0,-3149,1,6062,270,26237
2026/8/10,7:00,28314,1294,10934,4558,351,1637,1367,0,498,4429,0,87,0,-3054,3,5899,311,28314
2026/8/10,7:30,30521,1294,11218,4440,351,1617,1343,0,497,6268,0,109,0,-2758,2,5873,267,30521
2026/8/10,8:00,33101,1294,11604,4548,350,1640,1326,0,491,7975,0,115,0,-2068,2,5516,309,33102
2026/8/10,8:30,35482,1293,12120,4774,349,1602,1312,0,490,9628,0,120,0,-1659,3,5138,312,35482
2026/8/10,9:00,37670,1293,11832,5029,350,1619,1307,0,486,10977,0,124,0,-743,1,5081,316,37672
2026/8/10,9:30,38962,1292,11342,5436,350,1639,1291,0,487,11926,0,121,0,-274,1,5024,327,38962
2026/8/10,10:00,39884,1292,11020,5617,370,1619,1276,0,486,12708,0,142,0,-7,1,5037,323,39884
2026/8/10,10:30,40404,1293,10443,5624,425,1605,1263,0,439,13275,0,133,0,0,2,5571,330,40403
2026/8/10,11:00,40972,1293,10674,5623,443,1602,1272,0,442,13593,0,170,0,0,2,5542,316,40972
2026/8/10,11:30,41157,1292,10719,5623,444,1622,1236,0,442,13594,0,177,0,0,1,5684,323,41157
2026/8/10,12:00,40765,1292,10283,5624,440,1587,1216,0,440,13600,0,187,0,0,1,5770,325,40765
2026/8/10,12:30,40804,1291,10557,5627,440,1586,1220,0,441,13622,0,196,0,0,1,5499,323,40803
2026/8/10,13:00,41112,1290,11742,5624,441,1585,1225,0,438,13245,0,197,0,0,8,4990,327,41112
2026/8/10,13:30,40725,1290,11799,5628,440,1610,1228,0,439,12382,0,189,0,0,3,5391,327,40726
2026/8/10,14:00,40247,1289,12234,5626,441,1593,1216,0,445,11300,0,189,0,0,10,5577,327,40247
2026/8/10,14:30,39957,1290,12952,5625,441,1613,1218,0,446,10156,0,180,0,12,5,5716,302,39956
2026/8/10,15:00,39595,1291,14591,5620,442,1570,1312,0,445,8697,0,168,0,866,1,4283,310,39596
2026/8/10,15:30,39690,1290,15591,5619,442,1530,1339,0,447,7018,0,158,0,1622,1,4326,306,39689
2026/8/10,16:00,39397,1290,16439,5626,442,1499,1548,0,449,5143,0,158,0,2361,11,4118,315,39399
2026/8/10,16:30,38938,1290,16966,5626,443,1487,1580,0,449,3389,0,162,0,2718,30,4492,306,38938
2026/8/10,17:00,37942,1289,17617,5620,445,1486,1606,0,454,1904,0,163,0,2850,44,4154,308,37940
2026/8/10,17:30,37116,1289,18133,5619,444,1454,1631,0,454,853,0,162,0,3074,50,3655,299,37117
2026/8/10,18:00,36173,1289,17820,5621,446,1455,1794,0,457,175,0,165,0,3230,49,3392,280,36173
2026/8/10,18:30,35813,1289,17370,5627,446,1476,1778,0,458,0,0,174,0,3266,53,3606,271,35814
2026/8/10,19:00,34981,1290,16466,5631,447,1512,1786,0,461,0,0,179,0,3230,48,3671,261,34982
2026/8/10,19:30,33907,1290,15518,5628,447,1520,1786,0,460,0,0,174,0,2990,37,3772,284,33906
2026/8/10,20:00,32765,1290,15285,5629,448,1499,1370,0,462,0,0,170,0,2369,11,3977,256,32766
2026/8/10,20:30,31930,1290,15308,5628,447,1480,1369,0,462,0,0,153,0,1459,3,4057,275,31931
2026/8/10,21:00,30711,1290,14587,5625,448,1493,1353,0,463,0,0,154,0,1052,0,3988,257,30710
2026/8/10,21:30,29543,1288,13467,5627,448,1514,1303,0,463,0,0,176,0,69,7,4901,280,29543
2026/8/10,22:00,28891,1289,13279,5627,442,1529,1284,0,464,0,0,183,0,0,5,4542,248,28892
2026/8/10,22:30,28077,1289,12004,5621,434,1522,1258,0,463,0,0,183,0,0,0,5030,273,28077
2026/8/10,23:00,27566,1289,11727,5547,432,1487,1250,0,464,0,0,179,0,0,8,4936,245,27564
2026/8/10,23:30,26511,1290,10692,5434,433,1462,1234,0,465,0,0,164,0,0,3,5142,192,26511
2026/8/11,0:00,25491,1291,9958,5409,381,1475,1214,0,457,0,0,178,0,0,4,4965,160,25492
2026/8/11,0:30,24475,1291,9704,4998,337,1495,1210,0,456,0,0,161,0,0,0,4597,225,24474
2026/8/11,1:00,23806,1291,9943,4810,337,1491,1236,0,457,0,0,170,0,-197,0,4021,247,23806
2026/8/11,1:30,23015,1290,8664,4613,337,1525,1233,0,458,0,0,173,0,-1081,12,5535,257,23016
2026/8/11,2:00,22670,1290,8699,4555,338,1542,1230,0,457,0,0,178,0,-1784,2,5919,244,22670
2026/8/11,2:30,22501,1290,8989,4555,338,1565,1209,0,457,0,0,180,0,-1905,1,5565,256,22500
2026/8/11,3:00,22401,1289,9175,4472,337,1530,1177,0,459,0,0,195,0,-2388,0,5905,250,22401
2026/8/11,3:30,22298,1290,9438,4450,337,1539,1271,0,459,0,0,194,0,-2576,0,5660,236,22298
2026/8/11,4:00,22371,1290,9470,4409,337,1546,1300,0,460,0,0,198,0,-2674,0,5785,250,22371
2026/8/11,4:30,22478,1290,9533,4519,336,1530,1295,0,460,0,0,181,0,-2823,0,5930,226,22477
2026/8/11,5:00,22555,1291,9990,4601,338,1539,1293,0,459,36,0,192,0,-2904,6,5463,253,22557
2026/8/11,5:30,22333,1290,9822,4598,338,1542,1265,0,458,258,0,193,0,-2904,0,5265,208,22333
2026/8/11,6:00,22587,1289,10231,4607,337,1539,1220,0,460,785,0,192,0,-2699,0,4368,257,22586
2026/8/11,6:30,22800,1291,9079,4635,346,1550,1221,0,460,1506,0,213,0,-2927,2,5200,226,22802
2026/8/11,7:00,23840,1290,9102,4666,354,1507,1247,0,457,2444,0,222,0,-2927,1,5264,215,23842
2026/8/11,7:30,25128,1291,9082,4661,353,1553,1277,0,455,3177,0,230,0,-2866,0,5725,189,25127
2026/8/11,8:00,26782,1292,9365,4659,354,1500,1275,0,451,3749,0,228,0,-2356,1,6044,220,26782
2026/8/11,8:30,27915,1292,9848,4694,354,1477,1275,0,449,4074,0,236,0,-1937,1,5904,249,27916
2026/8/11,9:00,28574,1292,10080,4574,354,1489,1233,0,446,4352,0,247,0,-2110,0,6356,262,28575
2026/8/11,9:30,28545,1291,10652,4327,353,1466,1224,0,446,4523,0,266,0,-2119,0,5872,243,28544
2026/8/11,10:00,28743,1291,10212,3846,353,1460,1187,0,445,5138,0,280,0,-1576,0,5852,255,28743
2026/8/11,10:30,29392,1290,9979,3995,354,1491,1176,0,445,6105,0,294,0,-1963,0,5967,259,29392
2026/8/11,11:00,30272,1290,11664,3801,353,1507,1169,0,446,6531,0,305,0,-2618,0,5575,249,30272
2026/8/11,11:30,31159,1290,12186,3589,353,1516,1151,0,446,6644,0,337,0,-2088,0,5485,250,31159
2026/8/11,12:00,31442,1291,11708,3466,351,1487,1151,0,444,6048,0,354,0,-1295,0,6189,248,31442
2026/8/11,12:30,30708,1291,11394,3399,353,1474,1138,0,444,5112,0,339,0,-684,0,6195,252,30707
2026/8/11,13:00,30945,1291,11465,3518,352,1503,1186,0,442,5065,0,364,0,-551,0,6054,256,30945
2026/8/11,13:30,31335,1292,11316,3713,352,1505,1188,0,443,4905,0,369,0,-229,9,6211,262,31336
2026/8/11,14:00,31567,1292,11749,3882,348,1510,1218,0,445,4261,0,373,0,-109,4,6340,252,31565
2026/8/11,14:30,31820,1290,12113,4151,344,1499,1237,0,444,3739,0,358,0,17,9,6362,258,31821
2026/8/11,15:00,31827,1292,12178,4547,345,1515,1371,0,445,3004,0,341,0,1057,1,5493,238,31827
2026/8/11,15:30,32187,1290,12650,4609,344,1483,1386,0,445,2099,0,346,0,1624,2,5666,242,32186
2026/8/11,16:00,31947,1291,12059,4790,344,1467,1479,0,448,1199,0,381,0,2686,8,5568,225,31945
2026/8/11,16:30,31759,1292,12065,5076,343,1486,1503,0,449,733,0,370,0,3158,24,5032,228,31759
2026/8/11,17:00,31607,1292,12116,5372,343,1470,1528,0,453,437,0,379,0,3056,39,4891,231,31607
2026/8/11,17:30,31672,1292,12537,5440,344,1478,1566,0,472,224,0,342,0,2947,50,4751,229,31672
2026/8/11,18:00,31854,1292,12796,5418,343,1465,1698,0,476,53,0,354,0,3478,56,4178,246,31853
2026/8/11,18:30,31996,1290,13049,5418,343,1478,1718,0,477,0,0,330,0,3187,58,4405,244,31997
2026/8/11,19:00,31768,1289,12434,5437,344,1479,1649,0,479,0,0,299,0,3777,49,4276,257,31769
2026/8/11,19:30,31275,1288,11992,5564,344,1535,1636,0,479,0,0,345,0,3552,35,4237,266,31273
2026/8/11,20:00,30382,1287,12194,5584,345,1509,1382,0,480,0,0,352,0,2991,16,3990,252,30382
2026/8/11,20:30,29812,1288,12832,5584,342,1492,1388,0,483,0,0,365,0,1680,3,4092,265,29814
2026/8/11,21:00,28812,1288,12240,5587,344,1467,1406,0,484,0,0,332,0,1059,0,4348,257,28812
2026/8/11,21:30,27721,1287,11692,5582,342,1474,1406,0,484,0,0,325,0,128,11,4784,205,27720
2026/8/11,22:00,27128,1287,11474,5582,341,1494,1396,0,485,0,0,332,0,0,6,4492,238,27127
2026/8/11,22:30,26355,1287,10256,5576,336,1518,1364,0,485,0,0,332,0,0,0,4941,260,26355
2026/8/11,23:00,25882,1285,10193,5152,337,1549,1386,0,486,0,0,319,0,-108,0,5045,238,25882
2026/8/11,23:30,25073,1287,10313,4535,336,1488,1387,0,490,0,0,264,0,-324,0,5029,268,25073
2026/8/12,0:00,24234,1286,10409,4195,337,1509,1477,0,485,0,0,289,0,-1162,6,5225,178,24234
2026/8/12,0:30,23370,1288,10048,4080,338,1503,1491,0,486,0,0,258,0,-1181,0,4836,222,23369
2026/8/12,1:00,22723,1289,9853,4081,337,1501,1504,0,487,0,0,261,0,-1181,2,4408,180,22722
2026/8/12,1:30,22204,1289,8779,4051,337,1489,1513,0,490,0,0,245,0,-1399,0,5217,193,22204
2026/8/12,2:00,21866,1289,8866,3987,337,1515,1525,0,489,0,0,234,0,-1532,2,4959,194,21865
2026/8/12,2:30,21877,1289,8931,3985,336,1484,1526,0,492,0,0,228,0,-1648,0,4974,281,21878
2026/8/12,3:00,21898,1288,9404,3968,337,1432,1465,0,493,0,0,218,0,-1647,0,4661,277,21896
2026/8/12,3:30,21919,1288,9358,3925,337,1440,1509,0,495,0,0,215,0,-1512,1,4604,258,21918
2026/8/12,4:00,22100,1288,9143,3888,337,1451,1526,0,496,0,0,203,0,-1460,1,4934,292,22099
2026/8/12,4:30,22204,1288,9207,3890,338,1506,1547,0,498,0,0,182,0,-1432,2,4919,261,22206
2026/8/12,5:00,22581,1289,9193,3891,337,1494,1561,0,498,33,0,177,0,-1431,2,5243,296,22583
2026/8/12,5:30,22802,1289,9480,3890,338,1510,1535,0,498,149,0,165,0,-1428,2,5119,255,22802
2026/8/12,6:00,23422,1289,9585,3892,338,1523,1524,0,499,367,0,158,0,-951,2,4989,208,23423
2026/8/12,6:30,24042,1289,9682,3890,343,1528,1521,0,499,588,0,146,0,-725,2,5030,249,24042
2026/8/12,7:00,25047,1288,9759,3888,353,1497,1537,0,496,773,0,140,0,-417,5,5424,302,25045
2026/8/12,7:30,25960,1287,9870,3889,353,1491,1559,0,496,1134,0,146,0,-14,5,5487,257,25960
2026/8/12,8:00,27198,1288,10696,4025,352,1489,1647,0,487,1621,0,141,0,-5,5,5161,291,27198
2026/8/12,8:30,28430,1288,10885,4193,352,1528,1656,0,486,2240,0,146,0,0,3,5365,289,28431
2026/8/12,9:00,29625,1290,11405,4466,352,1537,1654,0,483,3072,0,168,0,0,2,4886,311,29626
2026/8/12,9:30,29184,1290,10604,4558,352,1583,1651,0,483,3399,0,166,0,-42,2,4839,299,29184
2026/8/12,10:00,30048,1291,10379,4565,349,1583,1668,0,482,4685,0,165,0,-795,3,5376,296,30047
2026/8/12,10:30,30554,1292,10064,4567,354,1583,1656,0,482,5580,0,161,0,-1012,3,5511,314,30555
2026/8/12,11:00,31235,1292,10138,4566,354,1581,1579,0,483,6546,0,155,0,-1097,4,5339,294,31234
2026/8/12,11:30,31876,1291,10015,4556,410,1582,1557,0,485,7420,0,141,0,-1292,4,5390,317,31876
2026/8/12,12:00,32243,1293,9963,4596,443,1555,1544,0,483,7959,0,124,0,-1095,3,5067,308,32243
2026/8/12,12:30,32380,1292,10167,4555,442,1501,1545,0,484,8168,0,116,0,-1229,1,5024,313,32379
2026/8/12,13:00,32966,1291,10448,4581,442,1499,1802,0,481,8120,0,107,0,-1313,0,5202,305,32965
2026/8/12,13:30,33454,1293,10731,4568,442,1510,1831,0,483,7813,0,108,0,-808,5,5174,304,33454
2026/8/12,14:00,33488,1294,10532,4640,441,1487,1861,0,483,7069,0,108,0,-31,5,5282,318,33489
2026/8/12,14:30,33491,1294,10380,4699,441,1511,1894,0,484,6608,0,107,0,0,10,5751,312,33491
2026/8/12,15:00,33519,1294,10736,4824,442,1560,2054,0,484,5821,0,90,0,0,4,5908,302,33519
2026/8/12,15:30,33577,1294,11144,5272,442,1530,2080,0,485,4865,0,99,0,0,6,6049,311,33577
2026/8/12,16:00,33414,1293,11539,5425,441,1467,2588,0,487,3582,0,93,0,18,6,6161,315,33415
2026/8/12,16:30,33167,1294,11747,5432,441,1474,2592,0,488,2450,0,94,0,1257,20,5582,297,33168
2026/8/12,17:00,33081,1293,12273,5431,445,1478,2549,0,491,1422,0,92,0,1840,48,5407,312,33081
2026/8/12,17:30,32868,1294,13162,5427,444,1509,2503,0,492,559,0,84,0,2031,55,5006,304,32870
2026/8/12,18:00,32770,1294,13418,5433,445,1488,2405,0,495,90,0,81,0,2051,57,5218,296,32771
2026/8/12,18:30,32927,1294,13417,5429,445,1440,2411,0,496,0,0,66,0,2517,52,5055,305,32927
2026/8/12,19:00,32543,1294,12774,5384,445,1470,2326,0,498,0,0,84,0,2666,47,5265,289,32542
2026/8/12,19:30,31907,1294,12855,5383,446,1458,2305,0,498,0,0,106,0,1682,30,5550,300,31907
2026/8/12,20:00,31100,1293,12637,5463,445,1472,2130,0,500,0,0,108,0,874,8,5864,306,31100
2026/8/12,20:30,30514,1293,12399,5574,445,1455,2118,0,500,0,0,112,0,611,4,5681,321,30513
2026/8/12,21:00,29437,1293,11438,5579,446,1482,1742,0,499,0,0,111,0,341,2,6239,265,29437
2026/8/12,21:30,28642,1293,10935,5581,445,1492,1741,0,500,0,0,108,0,33,8,6264,242,28642
2026/8/12,22:00,27868,1294,10820,5409,442,1493,1534,0,501,0,0,96,0,0,5,6019,256,27869
2026/8/12,22:30,27145,1294,10292,5276,438,1510,1537,0,501,0,0,91,0,-1,0,5933,274,27145
2026/8/12,23:00,26498,1294,10558,5180,385,1487,1539,0,502,0,0,88,0,-390,5,5580,271,26499
2026/8/12,23:30,25526,1294,9928,5130,341,1477,1530,0,503,0,0,75,0,-646,4,5579,310,25525
2026/8/13,0:00,24624,1294,10241,5203,341,1480,1533,0,496,0,0,85,0,-653,9,4334,262,24625
2026/8/13,0:30,23706,1293,9940,5321,341,1477,1527,0,495,0,0,87,0,-1357,0,4265,316,23705
2026/8/13,1:00,23026,1294,9470,5446,341,1516,1515,0,497,0,0,73,0,-1455,0,4055,274,23026
2026/8/13,1:30,22603,1294,9189,5569,341,1494,1534,0,497,0,0,70,0,-1454,0,3777,294,22605
2026/8/13,2:00,22305,1294,9043,5582,342,1496,1518,0,498,0,0,67,0,-1639,0,3809,296,22306
2026/8/13,2:30,22209,1294,9060,5582,341,1534,1503,0,498,0,0,62,0,-1674,2,3705,302,22209
2026/8/13,3:00,22155,1293,8852,5579,342,1519,1408,0,499,0,0,65,0,-1818,3,4110,303,22155
2026/8/13,3:30,22200,1293,9222,5531,342,1483,1405,0,499,0,0,81,0,-2134,1,4178,299,22200
2026/8/13,4:00,22259,1293,9714,5556,342,1456,1411,0,500,0,0,87,0,-2257,0,3859,297,22258
2026/8/13,4:30,22281,1294,9517,5479,343,1469,1413,0,500,0,0,88,0,-2606,6,4541,237,22281
2026/8/13,5:00,22567,1294,9923,5199,343,1489,1423,0,499,30,0,95,0,-2263,8,4242,285,22567
2026/8/13,5:30,22557,1294,9474,4777,343,1493,1426,0,499,299,0,97,0,-2054,5,4661,243,22557
2026/8/13,6:00,23129,1294,9896,4609,342,1514,1434,0,500,793,0,87,0,-1346,0,3786,221,23130
2026/8/13,6:30,23940,1293,9883,4610,348,1470,1404,0,500,1546,0,90,0,-1024,0,3539,281,23940
2026/8/13,7:00,25257,1293,10085,4608,352,1479,1359,0,497,2478,0,88,0,-919,2,3653,282,25257
2026/8/13,7:30,26257,1293,10112,4567,351,1479,1346,0,496,3367,0,79,0,-918,2,3836,247,26257
2026/8/13,8:00,27729,1293,10323,4091,352,1488,1411,0,489,4264,0,77,0,-427,2,4092,273,27728
2026/8/13,8:30,29101,1293,10106,4327,352,1463,1410,0,489,4886,0,77,0,-20,3,4428,285,29099
2026/8/13,9:00,30033,1293,9247,4713,352,1465,1398,0,484,5401,0,81,0,-62,3,5358,300,30033
2026/8/13,9:30,30524,1293,9767,4663,353,1446,1404,0,484,5691,0,93,0,-747,3,5777,298,30525
2026/8/13,10:00,31806,1293,9998,4658,372,1469,1405,0,483,6336,0,95,0,-630,4,6024,298,31805
2026/8/13,10:30,32451,1293,9987,4710,426,1556,1411,0,483,6384,0,89,0,-339,5,6140,307,32452
2026/8/13,11:00,32682,1293,10174,4825,444,1589,1206,0,484,6124,0,87,0,-258,5,6400,309,32682
2026/8/13,11:30,32716,1293,10339,4834,444,1645,1292,0,484,5805,0,109,0,-260,5,6409,318,32717
2026/8/13,12:00,33179,1293,10587,5283,444,1690,1326,0,482,5608,0,97,0,-266,4,6315,315,33178
2026/8/13,12:30,33098,1293,10788,5369,442,1662,1353,0,481,5093,0,104,0,-241,7,6421,325,33097
2026/8/13,13:00,33039,1293,10849,5491,443,1630,1340,0,479,4746,0,79,0,1,3,6366,318,33038
2026/8/13,13:30,33001,1294,10978,5595,444,1633,1359,0,480,4362,0,78,0,5,3,6458,313,33002
2026/8/13,14:00,32846,1294,10944,5598,444,1643,1390,0,479,4024,0,106,0,3,1,6611,309,32846
2026/8/13,14:30,33031,1294,11762,5611,443,1651,1426,0,479,3603,0,97,0,153,3,6194,316,33032
2026/8/13,15:00,32553,1293,11651,5648,445,1660,1506,0,480,2484,0,70,0,1471,1,5530,314,32553
2026/8/13,15:30,32082,1293,11561,5654,444,1661,1513,0,483,1723,0,66,0,1980,0,5388,314,32080
2026/8/13,16:00,31902,1291,11476,5654,446,1657,1997,0,486,1194,0,92,0,2081,11,5199,318,31902
2026/8/13,16:30,31881,1291,11786,5662,447,1676,2021,0,486,759,0,64,0,2633,22,4722,313,31882
2026/8/13,17:00,31826,1293,11984,5662,447,1556,2031,0,490,436,0,84,0,3227,48,4248,321,31827
2026/8/13,17:30,31703,1293,12306,5660,445,1489,2066,0,490,174,0,80,0,3727,48,3624,302,31704
2026/8/13,18:00,31701,1293,12037,5659,446,1443,2455,0,493,36,0,79,0,3775,46,3634,304,31700
2026/8/13,18:30,31650,1293,12284,5660,445,1461,2472,0,494,0,0,79,0,3426,48,3691,297,31650
2026/8/13,19:00,31287,1292,12425,5664,448,1416,2478,0,496,0,0,78,0,3003,50,3638,298,31286
2026/8/13,19:30,30667,1292,12864,5593,448,1386,2388,0,496,0,0,80,0,2138,31,3635,314,30665
2026/8/13,20:00,29998,1293,12573,5502,448,1388,2142,0,497,0,0,78,0,2354,19,3398,305,29997
2026/8/13,20:30,29344,1292,12942,5524,448,1409,2124,0,496,0,0,69,0,1229,9,3485,317,29344
2026/8/13,21:00,28622,1293,13315,5522,448,1378,1897,0,497,0,0,72,0,405,3,3488,304,28622
2026/8/13,21:30,27673,1293,11886,5617,447,1393,1889,0,497,0,0,73,0,62,9,4189,318,27673
2026/8/13,22:00,26994,1294,11867,5715,442,1413,1516,0,498,0,0,75,0,0,10,3893,271,26994
2026/8/13,22:30,26197,1294,10617,5713,437,1383,1491,0,499,0,0,70,0,0,2,4393,297,26196
2026/8/13,23:00,25559,1294,10670,5695,387,1384,1475,0,498,0,0,71,0,0,0,3841,244,25559
2026/8/13,23:30,24723,1293,9780,5681,344,1387,1471,0,499,0,0,69,0,-60,0,4036,224,24724
2026/8/14,0:00,23938,1294,9140,5639,344,1352,1522,0,477,0,0,38,0,-506,4,4466,169,23939
2026/8/14,0:30,23106,1292,8782,5525,343,1344,1512,0,476,0,0,33,0,-1246,0,4827,216,23104
2026/8/14,1:00,22546,1293,9100,5687,343,1327,1502,0,478,0,0,38,0,-2111,0,4667,222,22546
2026/8/14,1:30,21919,1294,9164,5584,343,1376,1488,0,478,0,0,50,0,-3597,2,5502,236,21920
2026/8/14,2:00,21631,1294,9279,5716,343,1337,1501,0,479,0,0,52,0,-3885,0,5271,244,21631
2026/8/14,2:30,21493,1294,9117,5720,343,1353,1484,0,480,0,0,55,0,-3880,0,5291,238,21495
2026/8/14,3:00,21531,1294,9546,5436,344,1322,1476,0,482,0,0,55,0,-3871,0,5202,246,21532
2026/8/14,3:30,21498,1294,9630,5055,343,1325,1483,0,482,0,0,53,0,-3848,0,5422,258,21497
2026/8/14,4:00,21513,1293,10051,4981,344,1367,1398,0,482,0,0,55,0,-3843,2,5154,229,21513
2026/8/14,4:30,21728,1293,10241,4942,344,1341,1406,0,483,0,0,52,0,-3876,3,5285,214,21728
2026/8/14,5:00,21976,1293,9817,4788,343,1322,1395,0,480,27,0,51,0,-3010,8,5230,232,21976
2026/8/14,5:30,22110,1294,9593,4539,343,1359,1376,0,480,143,0,54,0,-2438,11,5171,185,22110
2026/8/14,6:00,22489,1295,9791,4422,344,1367,1375,0,480,426,0,48,0,-2409,2,5108,241,22490
2026/8/14,6:30,22985,1295,8954,4213,349,1346,1373,0,481,1037,0,56,0,-2418,3,6017,278,22984
2026/8/14,7:00,24208,1295,9235,4094,352,1377,1368,0,479,2005,0,57,0,-2410,6,6069,283,24210
2026/8/14,7:30,25361,1295,9254,3694,352,1362,1366,0,479,3218,0,56,0,-2005,5,6014,270,25360
2026/8/14,8:00,26812,1294,9148,3500,352,1340,1463,0,472,4538,0,49,0,-1001,4,5350,302,26811
2026/8/14,8:30,28380,1294,9167,3419,353,1355,1481,0,471,5957,0,58,0,-600,7,5101,317,28380
2026/8/14,9:00,29994,1293,8706,3395,353,1327,1493,0,466,7200,0,44,0,-847,3,6246,314,29993
2026/8/14,9:30,30503,1294,8683,3388,351,1296,1483,0,467,7879,0,45,0,-757,2,6072,301,30504
2026/8/14,10:00,31750,1294,8378,3390,352,1324,1493,0,465,9216,0,57,0,-528,2,6038,269,31750
2026/8/14,10:30,32730,1294,8672,3390,351,1375,1493,0,466,10135,0,60,0,-481,4,5694,278,32731
2026/8/14,11:00,33512,1294,8812,3392,351,1387,1487,0,467,10405,0,62,0,-84,4,5651,285,33513
2026/8/14,11:30,33951,1295,9394,3392,351,1344,1409,0,466,10462,0,64,0,73,2,5409,291,33952
2026/8/14,12:00,34505,1294,10130,3394,371,1299,1406,0,465,10552,0,66,0,88,2,5156,281,34504
2026/8/14,12:30,34832,1293,10843,3648,424,1265,1406,0,465,10364,0,63,0,295,1,4478,287,34832
2026/8/14,13:00,34902,1294,10802,3855,431,1279,1403,0,462,9855,0,62,0,482,1,4694,282,34902
2026/8/14,13:30,34716,1293,10517,4147,430,1308,1403,0,462,9322,0,63,0,516,8,4970,278,34717
2026/8/14,14:00,35121,1294,10774,4546,430,1371,1359,0,461,8707,0,71,0,697,3,5131,277,35121
2026/8/14,14:30,34902,1295,10789,4898,443,1382,1393,0,461,7593,0,78,0,755,7,5520,288,34902
2026/8/14,15:00,34675,1295,10189,5417,429,1319,1484,0,463,6493,0,64,0,1528,4,5703,287,34675
2026/8/14,15:30,35018,1294,10392,5600,431,1289,1506,0,464,5494,0,68,0,2805,4,5375,296,35018
2026/8/14,16:00,35048,1294,10530,5805,446,1316,1841,0,466,4046,0,73,0,3255,6,5664,305,35047
2026/8/14,16:30,34749,1293,11850,5809,446,1334,1859,0,469,2615,0,62,0,3278,9,5438,287,34749
2026/8/14,17:00,34361,1294,12552,5811,446,1358,2116,0,473,1450,0,67,0,3425,27,5051,291,34361
2026/8/14,17:30,34052,1293,13161,5809,447,1410,2148,0,474,569,0,60,0,3656,49,4696,281,34053
2026/8/14,18:00,33967,1294,13607,5812,446,1393,2433,0,477,87,0,58,0,4016,50,3994,299,33966
2026/8/14,18:30,34194,1294,13755,5811,446,1391,2368,0,477,0,0,59,0,4211,46,4038,297,34193
2026/8/14,19:00,33710,1294,13421,5812,447,1385,2388,0,479,0,0,65,0,4049,40,4025,303,33708
2026/8/14,19:30,32993,1294,13102,5811,446,1476,2357,0,479,0,0,66,0,3621,41,3987,313,32993
2026/8/14,20:00,32156,1294,13088,5811,448,1522,2043,0,480,0,0,58,0,3098,29,3969,316,32156
2026/8/14,20:30,31337,1294,12890,5811,449,1519,2042,0,480,0,0,60,0,2503,9,3964,316,31337
2026/8/14,21:00,30428,1293,12567,5809,449,1625,1782,0,480,0,0,67,0,2085,4,3990,276,30427
2026/8/14,21:30,29598,1294,12060,5814,448,1676,1776,0,480,0,0,69,0,1206,36,4458,281,29598
2026/8/14,22:00,29141,1293,12257,5810,444,1673,1456,0,482,0,0,73,0,1413,18,3948,273,29140
2026/8/14,22:30,28348,1294,11058,5810,440,1654,1426,0,482,0,0,70,0,1341,7,4539,227,28348
2026/8/14,23:00,27810,1294,10868,5812,441,1669,1408,0,482,0,0,71,0,1034,8,4537,186,27810
2026/8/14,23:30,26639,1294,10205,5810,438,1641,1399,0,481,0,0,59,0,607,6,4489,209,26638
2026/8/15,0:00,25511,1294,9937,5771,385,1589,1412,0,480,0,0,46,0,209,8,4215,165,25511
2026/8/15,0:30,24480,1294,9109,5653,343,1562,1413,0,479,0,0,40,0,4,4,4358,222,24481
2026/8/15,1:00,23888,1292,9724,5600,343,1581,1450,0,479,0,0,48,0,-990,0,4153,207,23887
2026/8/15,1:30,23319,1293,9078,5540,344,1623,1444,0,478,0,0,42,0,-2424,10,5676,215,23319
2026/8/15,2:00,22874,1292,8715,5463,343,1603,1439,0,479,0,0,46,0,-2617,2,5849,260,22874
2026/8/15,2:30,22679,1293,8842,5366,343,1595,1356,0,480,0,0,55,0,-2629,2,5717,259,22679
2026/8/15,3:00,22670,1293,9239,5441,343,1610,1354,0,481,0,0,53,0,-2960,2,5557,257,22670
2026/8/15,3:30,22551,1294,8973,5546,343,1624,1376,0,481,0,0,60,0,-3122,3,5727,246,22551
2026/8/15,4:00,22550,1294,9167,5614,344,1648,1406,0,480,0,0,53,0,-3312,2,5618,235,22549
2026/8/15,4:30,22568,1294,9319,5660,343,1645,1401,0,481,0,0,60,0,-3293,6,5443,208,22567
2026/8/15,5:00,22583,1294,9285,5786,343,1664,1391,0,480,24,0,49,0,-3295,18,5293,251,22583
2026/8/15,5:30,22408,1293,9017,5811,344,1663,1361,0,479,427,0,50,0,-3287,0,5031,219,22408
2026/8/15,6:00,22876,1293,8835,5734,344,1656,1327,0,480,1168,0,35,0,-2963,0,4724,242,22875
2026/8/15,6:30,23412,1293,8199,5569,349,1642,1334,0,481,2114,0,46,0,-3367,0,5508,244,23412
2026/8/15,7:00,24466,1294,8227,4972,354,1696,1346,0,478,3277,0,52,0,-3092,0,5554,308,24466
2026/8/15,7:30,26027,1294,7968,4882,354,1680,1354,0,477,4629,0,68,0,-2812,0,5847,287,26028
2026/8/15,8:00,27626,1294,8103,4818,353,1649,1426,0,474,5466,0,49,0,-2509,0,6187,316,27626
2026/8/15,8:30,28845,1294,7952,4862,353,1665,1439,0,471,6303,0,54,0,-2120,0,6264,308,28845
2026/8/15,9:00,30260,1294,8201,4709,352,1616,1445,0,468,7209,0,57,0,-1578,0,6180,307,30260
2026/8/15,9:30,30891,1293,8596,4606,353,1640,1443,0,469,7535,0,71,0,-1425,1,6002,307,30891
2026/8/15,10:00,31285,1294,8918,4433,353,1660,1366,0,467,8030,0,46,0,-1531,1,5950,299,31286
2026/8/15,10:30,31645,1293,8813,4603,351,1625,1374,0,469,8574,0,42,0,-2088,1,6285,302,31644
2026/8/15,11:00,31705,1293,8885,4627,351,1579,1386,0,468,8942,0,44,0,-1843,0,5673,298,31703
2026/8/15,11:30,31947,1294,8728,4869,351,1611,1378,0,468,9301,0,44,0,-1425,1,5023,303,31946
2026/8/15,12:00,31858,1294,8821,4873,352,1668,1398,0,466,9386,0,46,0,-1346,1,4609,288,31856
2026/8/15,12:30,31802,1294,8441,4925,353,1633,1396,0,466,9365,0,46,0,-1346,1,4938,291,31803
2026/8/15,13:00,31870,1294,9058,4882,352,1606,1399,0,464,9151,0,49,0,-1288,1,4622,280,31870
2026/8/15,13:30,31594,1293,8931,4784,352,1610,1391,0,465,8565,0,68,0,-1099,1,4950,282,31593
2026/8/15,14:00,31178,1293,8988,5005,354,1606,1387,0,465,7700,0,70,0,-766,1,4802,273,31178
2026/8/15,14:30,31513,1293,9159,4904,354,1630,1415,0,466,6931,0,66,0,-219,1,5234,278,31512
2026/8/15,15:00,31419,1293,9699,5440,372,1635,1444,0,466,5649,0,64,0,430,1,4647,278,31418
2026/8/15,15:30,31212,1294,10129,5668,428,1638,1463,0,468,4358,0,63,0,1302,0,4117,284,31212
2026/8/15,16:00,30962,1294,9287,5747,445,1635,1645,0,470,3138,0,74,0,2092,2,4856,277,30962
2026/8/15,16:30,30725,1294,9262,5761,446,1643,1656,0,471,2047,0,69,0,4029,14,3764,269,30725
2026/8/15,17:00,30868,1294,9121,5805,447,1652,1662,0,472,1138,0,67,0,5449,26,3427,307,30867
2026/8/15,17:30,31090,1294,8825,5812,447,1677,1677,0,473,437,0,66,0,6456,52,3572,302,31090
2026/8/15,18:00,31257,1292,8852,5814,445,1669,1773,0,476,60,0,66,0,6770,61,3666,312,31256
2026/8/15,18:30,31554,1293,9175,5814,445,1669,1715,0,476,0,0,67,0,6882,58,3642,319,31555
2026/8/15,19:00,31220,1292,8970,5815,446,1621,1712,0,478,0,0,65,0,6656,57,3811,300,31223
2026/8/15,19:30,30781,1292,9658,5812,446,1564,1686,0,477,0,0,58,0,5615,38,3821,313,30780
2026/8/15,20:00,29942,1293,10986,5817,448,1534,1492,0,479,0,0,59,0,3560,27,3938,308,29941
2026/8/15,20:30,29385,1293,11913,5813,448,1566,1487,0,479,0,0,61,0,2127,12,3868,318,29385
2026/8/15,21:00,28494,1293,11298,5734,447,1578,1462,0,480,0,0,57,0,1959,9,3886,290,28493
2026/8/15,21:30,27633,1293,10825,5622,448,1588,1467,0,480,0,0,54,0,1570,21,3966,297,27631
2026/8/15,22:00,27312,1293,10700,5685,443,1640,1445,0,480,0,0,53,0,1349,2,3947,276,27313
2026/8/15,22:30,26590,1293,10409,5552,438,1641,1412,0,480,0,0,57,0,1003,2,4012,292,26591
2026/8/15,23:00,25946,1293,10257,5757,385,1590,1409,0,480,0,0,57,0,467,5,3995,251,25946
2026/8/15,23:30,25167,1292,9685,5959,342,1613,1391,0,480,0,0,58,0,87,3,4065,192,25167
2026/8/16,0:00,24145,1293,8498,5872,341,1567,1438,0,471,0,0,52,0,1,4,4442,166,24145
2026/8/16,0:30,23094,1294,8788,5048,342,1582,1421,0,471,0,0,47,0,-528,2,4409,218,23094
2026/8/16,1:00,22435,1294,9105,4741,343,1587,1395,0,471,0,0,50,0,-1290,0,4546,193,22435
2026/8/16,1:30,21949,1294,9276,4374,343,1600,1409,0,472,0,0,51,0,-2206,5,5124,207,21949
2026/8/16,2:00,21520,1294,8950,4160,342,1635,1430,0,472,0,0,46,0,-2512,10,5479,214,21520
2026/8/16,2:30,21534,1293,8888,4073,343,1543,1348,0,472,0,0,46,0,-2536,9,5840,217,21536
2026/8/16,3:00,21479,1294,9574,4072,343,1472,1344,0,474,0,0,50,0,-2505,5,5103,254,21480
2026/8/16,3:30,21552,1293,9632,4070,343,1494,1366,0,475,0,0,55,0,-2467,7,5039,245,21552
2026/8/16,4:00,21522,1294,10502,4159,343,1466,1369,0,472,0,0,55,0,-1534,1,3147,248,21522
2026/8/16,4:30,21594,1294,9677,4188,343,1474,1364,0,474,0,0,56,0,-2307,14,4798,219,21594
2026/8/16,5:00,21617,1294,9404,4250,342,1543,1342,0,472,22,0,57,0,-2339,15,4955,259,21616
2026/8/16,5:30,21350,1294,8449,4284,342,1583,1323,0,472,294,0,58,0,-2332,10,5348,224,21349
2026/8/16,6:00,21502,1294,8154,4224,342,1598,1316,0,474,1034,0,53,0,-2392,4,5180,220,21501
2026/8/16,6:30,21861,1293,8347,4222,347,1659,1326,0,474,2134,0,53,0,-3274,6,5092,182,21861
2026/8/16,7:00,22722,1293,7984,4234,351,1571,1326,0,471,3462,0,53,0,-3527,0,5239,266,22723
2026/8/16,7:30,23838,1293,8875,4047,351,1554,1329,0,471,4872,0,59,0,-4326,1,5044,270,23840
2026/8/16,8:00,25217,1292,9522,3679,351,1535,1427,0,466,5941,0,63,0,-4373,0,5001,314,25218
2026/8/16,8:30,26249,1294,9336,3679,350,1531,1416,0,466,6874,0,64,0,-3979,0,4916,302,26249
2026/8/16,9:00,27491,1294,8791,3588,350,1552,1409,0,464,7715,0,55,0,-3345,0,5357,262,27492
2026/8/16,9:30,28152,1294,8887,3761,350,1521,1413,0,463,7958,0,89,0,-3190,1,5347,258,28152
2026/8/16,10:00,28907,1294,9490,3717,351,1488,1384,0,462,8177,0,96,0,-2924,1,5079,294,28909
2026/8/16,10:30,29117,1294,9426,3764,350,1497,1384,0,463,8034,0,98,0,-2878,1,5394,291,29118
2026/8/16,11:00,29073,1292,9156,3980,350,1463,1320,0,463,7792,0,87,0,-2876,1,5752,291,29071
2026/8/16,11:30,29158,1293,8789,4081,350,1439,1322,0,464,7735,0,62,0,-2867,1,6195,294,29158
2026/8/16,12:00,29382,1292,8665,4427,351,1547,1286,0,462,7662,0,79,0,-2682,1,6029,263,29382
2026/8/16,12:30,29434,1293,8906,4466,350,1618,1288,0,461,7577,0,70,0,-2613,1,5744,273,29434
2026/8/16,13:00,29469,1294,8251,4500,350,1605,1325,0,460,7401,0,72,0,-2436,2,6346,298,29468
2026/8/16,13:30,29390,1294,8604,4680,351,1581,1326,0,463,7204,0,74,0,-1794,1,5305,300,29389
2026/8/16,14:00,29131,1294,8545,5156,350,1568,1355,0,462,6627,0,76,0,-1437,1,4846,288,29131
2026/8/16,14:30,29582,1294,8515,5266,350,1651,1392,0,462,6354,0,67,0,-1310,1,5257,283,29582
2026/8/16,15:00,29502,1293,9022,5433,351,1684,1448,0,462,5553,0,65,0,-689,0,4592,289,29503
2026/8/16,15:30,29792,1293,8853,5616,349,1641,1457,0,462,4743,0,70,0,-72,1,5087,291,29791
2026/8/16,16:00,30166,1293,9797,5975,350,1634,1592,0,464,3694,0,74,0,77,2,4904,309,30165
2026/8/16,16:30,30409,1293,10182,6314,350,1605,1606,0,465,2430,0,65,0,761,6,5031,302,30410
2026/8/16,17:00,30445,1294,10668,6678,351,1627,1693,0,466,1299,0,68,0,2358,31,3604,309,30446
2026/8/16,17:30,30822,1293,11272,6797,351,1616,1690,0,467,499,0,71,0,3016,54,3386,310,30822
2026/8/16,18:00,31044,1294,11701,6796,348,1656,1729,0,470,58,0,68,0,3050,56,3511,309,31046
2026/8/16,18:30,31442,1293,11876,6798,348,1654,1737,0,470,0,0,71,0,3268,54,3562,310,31441
2026/8/16,19:00,31225,1293,11575,6718,348,1647,1655,0,472,0,0,74,0,3176,54,3901,311,31224
2026/8/16,19:30,30865,1291,11226,6607,347,1640,1623,0,472,0,0,76,0,2998,49,4219,316,30864
2026/8/16,20:00,30227,1292,10760,6599,348,1672,1466,0,472,0,0,78,0,2851,34,4348,307,30227
2026/8/16,20:30,29553,1291,10714,6597,349,1652,1468,0,472,0,0,75,0,2480,15,4131,308,29552
2026/8/16,21:00,28907,1292,11037,6599,348,1632,1455,0,474,0,0,63,0,2044,6,3676,280,28906
2026/8/16,21:30,27963,1294,10443,6596,347,1613,1443,0,473,0,0,58,0,1259,8,4136,294,27964
2026/8/16,22:00,27235,1294,10183,6600,343,1565,1394,0,474,0,0,54,0,857,0,4204,267,27235
2026/8/16,22:30,26581,1294,10187,6600,341,1585,1359,0,473,0,0,52,0,341,0,4089,259,26580
2026/8/16,23:00,25971,1294,9612,6640,341,1645,1335,0,475,0,0,55,0,82,0,4333,160,25972
2026/8/16,23:30,25119,1294,9805,6721,341,1690,1309,0,475,0,0,56,0,-2,0,3248,181,25118
2026/8/17,0:00,24265,1293,8196,6782,341,1707,1362,0,474,0,0,54,0,-506,6,4328,227,24264
2026/8/17,0:30,23254,1293,7877,6865,343,1664,1356,0,473,0,0,41,0,-1644,2,4714,270,23254
2026/8/17,1:00,22553,1292,7971,6685,342,1669,1350,0,473,0,0,37,0,-2291,0,4766,259,22553
2026/8/17,1:30,22035,1293,8495,6580,342,1653,1344,0,473,0,0,35,0,-2501,1,4111,209,22035
2026/8/17,2:00,21785,1294,8330,6585,343,1673,1315,0,474,0,0,37,0,-2499,1,3985,247,21785
2026/8/17,2:30,21672,1294,8439,6586,343,1654,1229,0,474,0,0,39,0,-2497,0,3864,247,21672
2026/8/17,3:00,21743,1293,8378,6590,343,1675,1241,0,475,0,0,37,0,-2491,0,3947,255,21743
2026/8/17,3:30,21934,1294,8273,6584,344,1694,1274,0,476,0,0,40,0,-2487,1,4193,248,21934
2026/8/17,4:00,22039,1293,8295,6776,343,1688,1289,0,475,0,0,40,0,-2603,1,4192,249,22038
2026/8/17,4:30,22330,1294,8645,6963,344,1722,1301,0,476,0,0,40,0,-2370,8,3683,224,22330
2026/8/17,5:00,22617,1293,8305,6969,344,1694,1287,0,475,20,0,42,0,-2120,9,4042,257,22617
2026/8/17,5:30,22764,1293,8320,6926,344,1716,1270,0,474,305,0,41,0,-2195,2,4045,223,22764
2026/8/17,6:00,23736,1294,8897,6929,344,1775,1291,0,474,914,0,33,0,-2588,1,4093,279,23736
2026/8/17,6:30,25060,1294,9215,6963,348,1764,1289,0,474,1740,0,31,0,-2322,0,4033,231,25060
2026/8/17,7:00,26987,1294,9417,6963,353,1762,1300,0,472,2678,0,47,0,-1913,1,4384,229,26987
2026/8/17,7:30,28979,1294,10106,6960,353,1779,1283,0,471,3785,0,52,0,-1341,0,3954,283,28979
2026/8/17,8:00,31256,1294,10324,6964,353,1770,1342,0,469,4939,0,57,0,-360,0,3797,308,31257
2026/8/17,8:30,33478,1293,10767,6923,352,1783,1296,0,470,6398,0,58,0,-188,1,4014,311,33478
2026/8/17,9:00,35811,1293,12046,7047,352,1744,1251,0,466,7788,0,68,0,-561,0,4031,286,35811
2026/8/17,9:30,36962,1293,12075,7160,351,1733,1241,0,465,8630,0,75,0,-343,1,3980,302,36963
2026/8/17,10:00,37978,1294,11789,7155,349,1744,1224,0,464,9492,0,80,0,7,1,4085,294,37978
2026/8/17,10:30,38482,1294,11704,7159,353,1776,1220,0,465,10222,0,82,0,-335,1,4242,301,38484
2026/8/17,11:00,39447,1294,12896,7156,353,1789,1120,0,468,10862,0,83,0,-1077,1,4204,297,39446
2026/8/17,11:30,39837,1294,12776,7157,409,1794,1122,0,469,10949,0,84,0,-1071,1,4549,304,39837
2026/8/17,12:00,39228,1294,12382,7157,442,1836,1136,0,467,10781,0,84,0,-1250,1,4620,278,39228
2026/8/17,12:30,39364,1292,13030,7157,442,1739,1161,0,467,10484,0,84,0,-1256,1,4483,280,39364
2026/8/17,13:00,40246,1293,13919,7156,441,1718,1185,0,463,9910,0,85,0,-414,3,4215,271,40245
2026/8/17,13:30,40745,1293,13817,7153,440,1721,1182,0,463,9101,0,81,0,-12,5,5231,271,40746
2026/8/17,14:00,40947,1293,15144,7151,444,1711,1154,0,462,8131,0,79,0,115,6,4976,279,40945
2026/8/17,14:30,41096,1294,15860,7153,444,1695,1182,0,462,6908,0,74,0,997,8,4749,270,41096
2026/8/17,15:00,40616,1294,16188,7154,442,1716,1309,0,463,5500,0,68,0,1408,3,4794,277,40616
2026/8/17,15:30,40469,1294,17120,7155,443,1698,1335,0,464,4080,0,60,0,1974,7,4566,274,40470
2026/8/17,16:00,40185,1294,17508,7154,443,1726,1826,0,466,2827,0,56,0,2924,18,3665,279,40186
2026/8/17,16:30,39519,1294,17141,7148,442,1725,1864,0,466,1822,0,53,0,3223,37,4036,267,39518
2026/8/17,17:00,38364,1294,16637,7153,443,1729,2311,0,469,990,0,52,0,2627,46,4324,291,38366
2026/8/17,17:30,37990,1293,17203,7154,443,1718,2325,0,469,404,0,50,0,2408,51,4189,284,37991
2026/8/17,18:00,37820,1292,17313,7153,443,1716,2329,0,473,50,0,40,0,2645,53,4000,313,37820
2026/8/17,18:30,37881,1294,16922,7153,443,1773,2267,0,474,0,0,57,0,2569,51,4562,316,37881
2026/8/17,19:00,37151,1294,16735,7157,446,1722,2277,0,475,0,0,59,0,1667,44,4981,294,37151
2026/8/17,19:30,36286,1294,16820,7074,445,1695,2268,0,475,0,0,65,0,1273,34,4535,306,36284
2026/8/17,20:00,35217,1294,17472,7010,445,1696,2055,0,477,0,0,68,0,572,20,3819,289,35217
2026/8/17,20:30,34505,1294,17288,7077,445,1707,2074,0,477,0,0,51,0,0,11,3781,300,34505
2026/8/17,21:00,33337,1293,16302,7154,445,1701,1858,0,479,0,0,63,0,0,4,3777,261,33337
2026/8/17,21:30,32275,1293,15525,7158,445,1734,1852,0,478,0,0,63,0,0,0,3445,281,32274
2026/8/17,22:00,31544,1292,14475,7157,441,1714,1826,0,479,0,0,63,0,0,2,3850,245,31544
2026/8/17,22:30,30676,1293,13391,7155,437,1709,1779,0,479,0,0,63,0,0,1,4105,263,30675
2026/8/17,23:00,29868,1294,13319,7165,438,1770,1268,0,479,0,0,64,0,0,0,3855,217,29869
2026/8/17,23:30,28748,1294,12425,7159,438,1755,1243,0,480,0,0,65,0,0,0,3666,222,28747
2026/8/18,0:00,27455,1294,11207,7161,382,1736,1265,0,471,0,0,52,0,-114,7,3862,133,27456
2026/8/18,0:30,26382,1294,10688,7161,340,1727,1250,0,469,0,0,47,0,-604,3,3822,184,26381
2026/8/18,1:00,25593,1293,10177,7160,341,1715,1256,0,469,0,0,45,0,-996,0,3943,189,25592
2026/8/18,1:30,24965,1293,10152,7167,341,1705,1249,0,470,0,0,43,0,-1391,0,3742,195,24966
2026/8/18,2:00,24603,1293,9918,7164,340,1720,1252,0,471,0,0,41,0,-1693,0,3899,197,24602
2026/8/18,2:30,24410,1293,10096,7165,340,1698,1168,0,471,0,0,41,0,-1807,2,3746,197,24410
2026/8/18,3:00,24382,1294,10037,7167,340,1671,1151,0,472,0,0,38,0,-1914,5,3922,200,24383
2026/8/18,3:30,24412,1294,10381,7170,341,1680,1153,0,473,0,0,48,0,-2230,0,3910,194,24414
2026/8/18,4:00,24451,1294,10628,7170,340,1683,1128,0,469,0,0,45,0,-2399,0,3911,183,24452
2026/8/18,4:30,24654,1294,11253,7168,341,1704,1133,0,469,0,0,44,0,-2642,0,3733,157,24654
2026/8/18,5:00,24876,1294,11311,7168,341,1677,1148,0,467,18,0,45,0,-2557,1,3751,212,24876
2026/8/18,5:30,25087,1293,10766,7169,340,1668,1166,0,467,417,0,43,0,-2208,0,3790,174,25085
2026/8/18,6:00,26028,1294,9989,7165,340,1659,1219,0,468,1352,0,34,0,-1623,1,3920,210,26028
2026/8/18,6:30,27374,1293,9545,7069,345,1712,1219,0,467,2699,0,33,0,-1507,0,4244,254,27373
2026/8/18,7:00,29751,1294,10218,6502,348,1688,1206,0,465,4328,0,40,0,-1347,4,4706,298,29750
2026/8/18,7:30,32225,1294,10733,6263,348,1662,1206,0,464,6021,0,47,0,-525,3,4448,260,32224
2026/8/18,8:00,35322,1294,11247,6889,349,1633,1253,0,460,7615,0,45,0,-6,2,4244,297,35322
2026/8/18,8:30,38311,1294,12583,7151,349,1669,1256,0,458,9003,0,62,0,-3,3,4173,312,38310
2026/8/18,9:00,40237,1294,13404,7156,349,1622,1243,0,455,10170,0,52,0,98,3,4115,275,40236
2026/8/18,9:30,41654,1294,13734,7156,349,1630,1234,0,456,11290,0,53,0,149,4,4010,294,41653
2026/8/18,10:00,42423,1294,13764,7159,349,1612,1224,0,455,12119,0,61,0,154,3,3963,266,42423
2026/8/18,10:30,43322,1293,13682,7158,348,1635,1226,0,456,12508,0,83,0,89,3,4561,280,43322
2026/8/18,11:00,43787,1292,13825,7154,369,1673,1152,0,457,12445,0,84,0,89,3,5002,241,43786
2026/8/18,11:30,43969,1294,13974,7157,421,1708,1158,0,458,12556,0,85,0,89,4,4831,235,43970
2026/8/18,12:00,43361,1294,13098,7153,442,1704,1175,0,457,12633,0,87,0,89,3,4989,238,43362
2026/8/18,12:30,43420,1294,13441,7152,442,1674,1203,0,456,12370,0,88,0,89,1,4979,231,43420
2026/8/18,13:00,44514,1294,15292,7150,443,1602,1278,0,454,11820,0,89,0,300,1,4560,233,44516
2026/8/18,13:30,44803,1294,15896,7152,442,1602,1275,0,454,10990,0,88,0,668,3,4714,227,44805
2026/8/18,14:00,44913,1292,16861,7154,443,1549,1266,0,454,9801,0,84,0,1507,4,4268,230,44913
2026/8/18,14:30,44605,1293,16839,7149,442,1549,1267,0,454,8458,0,79,0,2204,11,4636,223,44604
2026/8/18,15:00,44229,1292,17563,7154,441,1604,1510,0,455,7050,0,72,0,2821,2,4040,224,44228
2026/8/18,15:30,44004,1293,17888,7152,440,1597,1569,0,456,5649,0,64,0,3262,8,4363,263,44004
2026/8/18,16:00,43885,1293,18719,7154,441,1619,1925,0,458,4213,0,55,0,3938,25,3777,267,43884
2026/8/18,16:30,43143,1293,18994,7152,440,1608,1943,0,458,2655,0,52,0,4595,35,3657,261,43143
2026/8/18,17:00,41839,1293,19297,7154,442,1612,2409,0,462,1395,0,55,0,3937,36,3418,328,41838
2026/8/18,17:30,41023,1293,19741,7155,439,1555,2426,0,461,516,0,60,0,3550,54,3456,319,41025
2026/8/18,18:00,40530,1292,19904,7156,439,1570,2409,0,465,59,0,62,0,3305,53,3491,325,40530
2026/8/18,18:30,40507,1292,19950,7151,438,1615,2306,0,466,0,0,68,0,3508,54,3335,324,40507
2026/8/18,19:00,39522,1292,19666,7156,439,1590,2318,0,467,0,0,74,0,2324,38,3838,320,39522
2026/8/18,19:30,38518,1292,19477,7154,439,1570,2327,0,467,0,0,75,0,1857,20,3501,341,38520
2026/8/18,20:00,37340,1293,18581,7158,441,1549,2066,0,469,0,0,74,0,1275,15,4130,289,37340
2026/8/18,20:30,36557,1293,17720,7159,441,1509,2063,0,469,0,0,72,0,1193,12,4326,299,36556
2026/8/18,21:00,35348,1292,17035,7153,440,1524,1731,0,471,0,0,72,0,1159,1,4224,245,35347
2026/8/18,21:30,34031,1293,16318,7157,440,1544,1702,0,470,0,0,74,0,279,7,4491,257,34032
2026/8/18,22:00,33225,1293,16011,7157,437,1497,1668,0,471,0,0,73,0,0,0,4406,213,33226
2026/8/18,22:30,32258,1291,15191,7160,432,1520,1629,0,471,0,0,70,0,0,1,4259,235,32259
2026/8/18,23:00,31334,1291,14867,7157,427,1571,1206,0,471,0,0,68,0,-87,7,4163,192,31333
2026/8/18,23:30,30111,1290,14381,7161,429,1629,1191,0,472,0,0,62,0,-645,3,3968,170,30111
2026/8/19,0:00,28780,1290,13049,7161,372,1614,1195,0,471,0,0,65,0,-1518,5,4898,178,28780
2026/8/19,0:30,27525,1290,12395,7160,329,1605,1190,0,470,0,0,53,0,-2249,5,5053,225,27526
2026/8/19,1:00,26665,1290,12540,7161,326,1628,1179,0,470,0,0,56,0,-2777,3,4592,196,26664
2026/8/19,1:30,26016,1291,12376,7163,326,1616,1170,0,471,0,0,54,0,-2946,1,4286,208,26016
2026/8/19,2:00,25542,1291,12174,7161,326,1606,1164,0,472,0,0,52,0,-3131,0,4220,209,25544
2026/8/19,2:30,25369,1290,12182,7163,326,1593,1079,0,472,0,0,52,0,-3341,0,4343,209,25368
2026/8/19,3:00,25219,1290,12074,7164,327,1566,1075,0,473,0,0,48,0,-3326,3,4317,209,25220
2026/8/19,3:30,25183,1290,12346,7170,327,1569,1077,0,473,0,0,54,0,-3500,6,4169,202,25183
2026/8/19,4:00,25262,1290,12313,7172,327,1629,1054,0,473,0,0,49,0,-3517,8,4265,201,25264
2026/8/19,4:30,25487,1292,12502,7171,326,1601,1077,0,473,0,0,57,0,-3508,8,4310,177,25486
2026/8/19,5:00,25703,1291,13033,7171,326,1531,1087,0,472,17,0,48,0,-3627,6,4136,209,25700
2026/8/19,5:30,25911,1291,12910,7175,328,1501,1107,0,472,447,0,54,0,-3627,3,4079,171,25911
2026/8/19,6:00,26916,1292,12912,7168,326,1461,1137,0,473,1426,0,44,0,-3612,1,4124,165,26917
2026/8/19,6:30,28244,1292,12524,7165,328,1489,1140,0,473,2802,0,49,0,-3793,4,4508,262,28243
2026/8/19,7:00,30468,1290,11867,7161,330,1511,1143,0,470,4558,0,53,0,-3379,2,5190,272,30468
2026/8/19,7:30,33043,1292,12189,7164,332,1556,1146,0,469,6366,0,58,0,-2911,0,5150,234,33045
2026/8/19,8:00,36295,1291,12389,7160,331,1611,1213,0,464,7844,0,68,0,-1651,4,5267,304,36295
2026/8/19,8:30,38884,1291,12955,7154,332,1670,1211,0,463,9086,0,72,0,-146,1,4483,311,38883
2026/8/19,9:00,40809,1291,13730,7157,352,1664,1192,0,459,10316,0,73,0,6,2,4315,252,40809
2026/8/19,9:30,42269,1291,13979,7156,406,1641,1179,0,457,11531,0,75,0,58,1,4221,274,42269
2026/8/19,10:00,43114,1291,13362,7159,427,1574,1071,0,456,12412,0,50,0,97,2,4980,233,43114
2026/8/19,10:30,44064,1291,14197,7156,423,1576,1064,0,457,13015,0,73,0,99,3,4470,239,44063
2026/8/19,11:00,44708,1290,14675,7154,413,1551,1078,0,458,13403,0,68,0,102,2,4280,234,44708
2026/8/19,11:30,45004,1290,13932,7150,412,1585,1082,0,459,13629,0,77,0,51,2,5105,229,45003
2026/8/19,12:00,44637,1290,13134,7146,414,1608,1352,0,458,13673,0,80,0,-342,1,5586,237,44637
2026/8/19,12:30,44746,1289,13905,7148,413,1662,1365,0,458,13388,0,82,0,-652,1,5456,230,44745
2026/8/19,13:00,45776,1291,15167,7152,414,1653,1358,0,456,12775,0,85,0,-220,3,5407,234,45775
2026/8/19,13:30,45956,1291,16270,7148,414,1674,1374,0,458,11917,0,86,0,90,5,5001,228,45956
2026/8/19,14:00,45945,1291,16803,7147,414,1736,1496,0,457,10820,0,84,0,201,10,5255,230,45944
2026/8/19,14:30,45871,1291,17186,7149,415,1755,1504,0,456,9550,0,77,0,1336,14,4918,221,45872
2026/8/19,15:00,45796,1290,18131,7149,415,1682,1624,0,458,8139,0,68,0,2297,6,4300,236,45795
2026/8/19,15:30,45926,1288,18786,7153,416,1647,1670,0,459,6466,0,63,0,2972,16,4719,272,45927
2026/8/19,16:00,45816,1289,19006,7153,417,1667,2005,0,461,4716,0,57,0,3827,31,4903,283,45815
2026/8/19,16:30,45315,1289,19393,7151,416,1685,2037,0,462,3015,0,50,0,4644,38,4860,274,45314
2026/8/19,17:00,43989,1289,19424,7150,417,1702,2338,0,465,1597,0,52,0,4279,43,4925,305,43986
2026/8/19,17:30,43011,1290,20222,7150,418,1726,2343,0,465,608,0,52,0,4653,56,3733,295,43011
2026/8/19,18:00,42139,1290,20384,7153,420,1747,2338,0,469,60,0,55,0,4060,59,3798,306,42139
2026/8/19,18:30,41877,1290,20277,7149,428,1745,2272,0,469,0,0,52,0,3958,60,3865,312,41877
2026/8/19,19:00,40871,1290,20078,7146,428,1734,2282,0,471,0,0,61,0,3100,42,3956,283,40871
2026/8/19,19:30,39796,1289,19887,7147,428,1726,2285,0,471,0,0,57,0,2207,23,3969,308,39797
2026/8/19,20:00,38615,1290,19134,7150,428,1757,2206,0,472,0,0,54,0,1895,10,3955,263,38614
2026/8/19,20:30,37630,1289,18377,7150,427,1787,2189,0,473,0,0,59,0,1598,10,3996,275,37630
2026/8/19,21:00,36325,1289,17944,7150,428,1770,1799,0,475,0,0,59,0,1129,3,4035,245,36326
2026/8/19,21:30,35202,1290,17176,7153,427,1738,1775,0,474,0,0,67,0,537,29,4276,261,35203
2026/8/19,22:00,34342,1290,16845,7153,425,1754,1772,0,475,0,0,62,0,162,3,4170,231,34342
2026/8/19,22:30,33351,1290,16097,7153,423,1755,1749,0,475,0,0,62,0,0,1,4145,201,33351
2026/8/19,23:00,32339,1290,15297,7153,423,1762,1387,0,475,0,0,65,0,-1,9,4281,198,32339
2026/8/19,23:30,31056,1290,14171,7158,424,1699,1362,0,475,0,0,70,0,-294,2,4481,217,31055
2026/8/20,0:00,29595,1288,12799,7154,369,1697,1197,0,471,0,0,80,0,-1075,10,5438,167,29595
2026/8/20,0:30,28332,1289,12388,7158,327,1740,1184,0,470,0,0,74,0,-1738,10,5212,218,28332
2026/8/20,1:00,27412,1289,12412,7161,326,1723,1163,0,470,0,0,67,0,-2452,7,5049,196,27411
2026/8/20,1:30,26725,1289,12270,7165,325,1743,1156,0,471,0,0,61,0,-3170,2,5202,211,26725
2026/8/20,2:00,26243,1289,12277,7163,328,1734,1161,0,472,0,0,53,0,-3754,2,5307,213,26245
2026/8/20,2:30,26057,1289,12413,7163,326,1736,1077,0,471,0,0,54,0,-3888,3,5203,210,26057
2026/8/20,3:00,25938,1289,12496,7163,327,1756,1081,0,472,0,0,51,0,-4169,4,5256,211,25937
2026/8/20,3:30,25924,1290,12681,7166,328,1737,1089,0,473,0,0,41,0,-4157,6,5066,204,25924
2026/8/20,4:00,25967,1290,12652,7165,327,1738,1094,0,472,0,0,46,0,-4153,3,5138,196,25968
2026/8/20,4:30,26112,1290,12624,7164,327,1715,1105,0,472,0,0,33,0,-4198,2,5403,174,26111
2026/8/20,5:00,26412,1290,12695,7168,327,1707,1117,0,471,15,0,36,0,-4137,6,5513,204,26412
2026/8/20,5:30,26491,1290,12664,7166,328,1736,1122,0,472,418,0,46,0,-4003,2,5079,170,26490
2026/8/20,6:00,27614,1290,12623,7165,329,1725,1132,0,472,1361,0,39,0,-3896,2,5145,227,27614
2026/8/20,6:30,29284,1290,13047,7163,330,1716,1132,0,472,2688,0,48,0,-3875,2,5055,215,29283
2026/8/20,7:00,31683,1290,13223,7158,333,1746,1118,0,470,4323,0,50,0,-3668,7,5376,258,31684
2026/8/20,7:30,34337,1290,14019,7153,333,1733,1120,0,471,6020,0,58,0,-3641,9,5558,216,34339
2026/8/20,8:00,37591,1290,15097,7155,334,1717,1193,0,465,7525,0,60,0,-2569,1,5063,259,37590
2026/8/20,8:30,40674,1290,15641,7155,335,1668,1196,0,462,9078,0,67,0,-979,2,4486,273,40674
2026/8/20,9:00,43421,1290,16034,7154,354,1676,1178,0,459,10716,0,64,0,-29,1,4272,251,43420
2026/8/20,9:30,45037,1290,16289,7154,408,1775,1169,0,458,11883,0,69,0,56,1,4213,272,45037
2026/8/20,10:00,45910,1290,16189,7154,429,1727,1140,0,457,12567,0,74,0,86,2,4523,271,45909
2026/8/20,10:30,46500,1290,15945,7150,428,1625,1063,0,456,12945,0,76,0,102,1,5143,275,46499
2026/8/20,11:00,47045,1290,16229,7150,427,1693,1043,0,458,13187,0,76,0,143,1,5105,242,47044
2026/8/20,11:30,47435,1290,16666,7146,427,1730,1054,0,459,13173,0,79,0,143,2,5027,239,47435
2026/8/20,12:00,46635,1289,15272,7143,426,1725,1276,0,459,12842,0,80,0,143,1,5741,237,46634
2026/8/20,12:30,46893,1290,16309,7145,425,1729,1293,0,459,12303,0,78,0,144,1,5490,228,46894
2026/8/20,13:00,47796,1289,18389,7144,425,1730,1350,0,457,11489,0,76,0,152,4,5065,227,47797
2026/8/20,13:30,48135,1289,19481,7147,426,1742,1368,0,457,10403,0,73,0,916,13,4589,230,48134
2026/8/20,14:00,47974,1289,19955,7146,424,1751,1479,0,456,8976,0,69,0,1273,4,4924,228,47974
2026/8/20,14:30,48014,1287,20798,7146,425,1759,1514,0,457,7501,0,51,0,1625,6,5217,228,48014
2026/8/20,15:00,47349,1286,20663,7141,426,1726,1631,0,458,5813,0,43,0,2292,3,5644,224,47350
2026/8/20,15:30,47027,1288,21151,7144,425,1741,1718,0,459,4305,0,42,0,3667,18,4833,236,47027
2026/8/20,16:00,46411,1288,21280,7152,424,1706,2095,0,461,2933,0,18,0,4088,44,4665,258,46412
2026/8/20,16:30,45427,1289,21725,7150,425,1709,2483,0,462,1702,0,12,0,4235,37,3949,251,45429
2026/8/20,17:00,44106,1289,21358,7154,424,1738,2435,0,465,897,0,32,0,4077,52,3911,275,44107
2026/8/20,17:30,43250,1288,21304,7154,425,1731,2442,0,465,336,0,32,0,3888,59,3865,262,43251
2026/8/20,18:00,42690,1286,21522,7157,426,1770,2436,0,469,29,0,32,0,3342,50,3890,279,42688
2026/8/20,18:30,42377,1288,21630,7160,426,1758,2364,0,469,0,0,34,0,3258,49,3663,277,42376
2026/8/20,19:00,41336,1287,21318,7158,426,1753,2368,0,471,0,0,37,0,2780,39,3419,279,41335
2026/8/20,19:30,40317,1288,21013,7159,427,1733,2390,0,470,0,0,36,0,1831,24,3656,290,40317
2026/8/20,20:00,39134,1289,20172,7161,428,1764,2326,0,471,0,0,36,0,1322,12,3887,267,39135
2026/8/20,20:30,38193,1289,19607,7158,427,1724,2284,0,473,0,0,34,0,945,4,3967,279,38191
2026/8/20,21:00,37010,1289,18143,7157,428,1720,1897,0,473,0,0,36,0,883,2,4737,245,37010
2026/8/20,21:30,35805,1289,17391,7161,428,1738,1874,0,473,0,0,35,0,619,20,4513,264,35805
2026/8/20,22:00,34899,1288,17173,7158,429,1729,1846,0,472,0,0,29,0,293,2,4300,181,34900
2026/8/20,22:30,33970,1288,16569,7155,425,1721,1841,0,473,0,0,34,0,27,2,4281,156,33972
2026/8/20,23:00,32930,1287,15649,7151,422,1727,1522,0,474,0,0,34,0,0,4,4483,177,32930
2026/8/20,23:30,31637,1288,14230,7157,423,1715,1517,0,473,0,0,30,0,0,2,4597,206,31638
2026/8/21,0:00,30245,1289,12484,7084,369,1740,1327,0,490,0,0,27,0,-315,6,5570,174,30245
2026/8/21,0:30,29047,1289,12752,7050,327,1710,1302,0,490,0,0,27,0,-1464,8,5328,229,29048
2026/8/21,1:00,28053,1289,13190,7013,327,1709,1275,0,490,0,0,27,0,-2316,4,4850,194,28052
2026/8/21,1:30,27344,1289,12894,6988,327,1790,1277,0,490,0,0,24,0,-2479,4,4533,209,27346
2026/8/21,2:00,26857,1288,12198,6963,327,1828,1256,0,491,0,0,27,0,-2671,6,4930,213,26856
2026/8/21,2:30,26689,1287,12252,6988,326,1783,1172,0,490,0,0,19,0,-2893,4,5048,212,26688
2026/8/21,3:00,26544,1288,12391,7016,327,1753,1187,0,492,0,0,22,0,-3346,10,5191,212,26543
2026/8/21,3:30,26514,1288,13007,7125,327,1739,1188,0,493,0,0,21,0,-3734,10,4847,204,26515
2026/8/21,4:00,26590,1289,12906,7156,327,1716,1203,0,492,0,0,20,0,-3809,10,5014,266,26590
2026/8/21,4:30,26755,1289,13735,7158,326,1648,1214,0,492,0,0,22,0,-3885,6,4508,242,26755
2026/8/21,5:00,27051,1289,14018,7158,327,1573,1205,0,492,13,0,19,0,-4028,2,4778,205,27051
2026/8/21,5:30,27313,1289,14191,7157,327,1499,1197,0,491,282,0,16,0,-4123,3,4798,186,27313
2026/8/21,6:00,28290,1289,13624,7156,326,1455,1184,0,491,888,0,25,0,-3910,3,5547,212,28290
2026/8/21,6:30,29704,1288,13458,7153,332,1440,1187,0,492,1718,0,28,0,-3601,3,5974,232,29704
2026/8/21,7:00,32344,1288,14047,7152,335,1406,1176,0,489,2892,0,29,0,-2633,5,5917,240,32343
2026/8/21,7:30,34755,1288,14465,7152,335,1398,1183,0,490,3795,0,32,0,-1481,10,5890,196,34753
2026/8/21,8:00,37644,1288,15860,7152,334,1412,1277,0,485,4421,0,51,0,-37,6,5145,251,37645
2026/8/21,8:30,39646,1289,16731,7150,334,1458,1254,0,482,5019,0,58,0,309,9,5289,264,39646
2026/8/21,9:00,41461,1289,17214,7151,333,1466,1224,0,477,6240,0,58,0,393,6,5361,250,41462
2026/8/21,9:30,43337,1290,18314,7151,334,1475,1201,0,475,7455,0,61,0,513,5,4794,269,43337
2026/8/21,10:00,44368,1290,18296,7156,354,1422,1184,0,474,7857,0,63,0,657,5,5353,257,44368
2026/8/21,10:30,44752,1290,18206,7153,408,1421,1097,0,475,7884,0,68,0,735,5,5742,268,44752
2026/8/21,11:00,45680,1289,18167,7156,427,1446,1120,0,476,8346,0,68,0,677,3,6284,223,45682
2026/8/21,11:30,46291,1290,18528,7156,425,1452,1148,0,477,8597,0,71,0,680,3,6234,230,46291
2026/8/21,12:00,45953,1288,18317,7157,425,1502,1297,0,477,8329,0,74,0,427,2,6435,223,45953
2026/8/21,12:30,45208,1289,18443,7154,424,1474,1285,0,476,7702,0,71,0,178,2,6492,218,45208
2026/8/21,13:00,45514,1288,18486,7146,425,1435,1382,0,473,7512,0,72,0,407,1,6646,239,45512
2026/8/21,13:30,44822,1288,18110,7145,424,1435,1398,0,472,7468,0,71,0,405,6,6365,234,44821
2026/8/21,14:00,44643,1284,18114,7147,427,1417,1517,0,473,7609,0,68,0,519,3,5831,234,44643
2026/8/21,14:30,44935,1286,18381,7146,426,1428,1549,0,472,7238,0,63,0,1101,8,5605,232,44935
2026/8/21,15:00,45191,1287,18204,7149,427,1445,1684,0,475,6265,0,55,0,2516,5,5448,230,45190
2026/8/21,15:30,45235,1288,19761,7146,427,1471,1735,0,476,4880,0,52,0,3483,29,4258,228,45234
2026/8/21,16:00,44935,1287,21159,7144,429,1486,1973,0,478,3464,0,49,0,3747,36,3456,227,44935
2026/8/21,16:30,43974,1287,21109,7149,428,1505,2009,0,480,2136,0,45,0,4060,28,3526,213,43975
2026/8/21,17:00,42567,1289,20601,7152,429,1483,2400,0,483,1115,0,43,0,3854,48,3402,268,42567
2026/8/21,17:30,41741,1288,20976,7151,429,1486,2434,0,483,393,0,39,0,3632,52,3121,257,41741
2026/8/21,18:00,41069,1288,20712,7154,435,1438,2446,0,487,32,0,38,0,3299,53,3428,260,41070
2026/8/21,18:30,40825,1288,20010,7159,449,1389,2403,0,486,0,0,38,0,3228,46,4071,257,40824
2026/8/21,19:00,39865,1288,19821,7157,461,1412,2423,0,488,0,0,40,0,2473,36,4005,260,39864
2026/8/21,19:30,38928,1286,19657,7159,461,1445,2435,0,488,0,0,39,0,1684,23,3980,271,38928
2026/8/21,20:00,37712,1287,19421,7159,460,1513,2401,0,490,0,0,27,0,853,10,3843,248,37712
2026/8/21,20:30,36832,1286,18796,7157,461,1460,2399,0,491,0,0,26,0,306,6,4186,257,36831
2026/8/21,21:00,35773,1287,17895,7154,461,1405,2074,0,491,0,0,28,0,152,0,4535,291,35773
2026/8/21,21:30,34655,1287,16301,7153,460,1387,2042,0,491,0,0,39,0,447,30,4722,296,34655
2026/8/21,22:00,33961,1287,16089,7158,458,1477,2020,0,490,0,0,30,0,33,1,4618,299,33960
2026/8/21,22:30,33105,1287,15115,7159,456,1559,1981,0,492,0,0,30,0,0,0,4734,293,33106
2026/8/21,23:00,32247,1287,15071,7157,458,1551,1591,0,491,0,0,38,0,0,0,4366,237,32247
2026/8/21,23:30,31011,1286,13617,7159,457,1594,1593,0,491,0,0,27,0,-192,0,4722,259,31013
2026/8/22,0:00,29775,1286,12653,7120,456,1650,1410,0,487,0,0,19,0,-554,4,5067,175,29773
2026/8/22,0:30,28576,1285,11770,7000,457,1628,1400,0,487,0,0,32,0,-582,0,4875,225,28577
2026/8/22,1:00,27652,1285,11599,6951,403,1683,1384,0,487,0,0,25,0,-699,0,4293,240,27651
2026/8/22,1:30,26964,1287,11461,6889,359,1687,1368,0,488,0,0,32,0,-1923,1,5072,244,26965
2026/8/22,2:00,26499,1286,11685,6817,359,1681,1347,0,488,0,0,31,0,-2718,0,5276,247,26499
2026/8/22,2:30,26217,1286,11759,6812,359,1701,1255,0,488,0,0,28,0,-3258,1,5534,251,26216
2026/8/22,3:00,26094,1287,12058,6822,359,1700,1252,0,489,0,0,29,0,-3600,0,5447,251,26094
2026/8/22,3:30,26060,1287,11958,6898,359,1693,1258,0,491,0,0,34,0,-3597,0,5435,243,26059
2026/8/22,4:00,25919,1285,11710,6960,359,1676,1262,0,489,0,0,28,0,-3591,0,5476,265,25919
2026/8/22,4:30,25990,1286,12082,7011,358,1604,1274,0,490,0,0,32,0,-3780,0,5395,238,25990
2026/8/22,5:00,26027,1285,12178,7134,359,1617,1265,0,491,12,0,21,0,-4075,4,5471,265,26027
2026/8/22,5:30,25665,1286,11185,7163,358,1623,1265,0,491,263,0,32,0,-3700,0,5468,232,25666
2026/8/22,6:00,26015,1287,11157,7161,359,1621,1260,0,495,836,0,29,0,-3747,0,5334,223,26015
2026/8/22,6:30,26412,1288,10440,7158,361,1664,1256,0,495,1751,0,29,0,-3845,1,5548,267,26413
2026/8/22,7:00,28058,1288,10336,7159,362,1710,1246,0,493,3011,0,34,0,-3587,0,5687,319,28058
2026/8/22,7:30,29763,1288,10116,7157,352,1662,1245,0,493,4144,0,33,0,-3047,0,6023,296,29762
2026/8/22,8:00,31828,1287,10198,7157,337,1575,1325,0,490,5232,0,47,0,-2253,2,6106,323,31826
2026/8/22,8:30,33758,1287,10345,7153,332,1424,1330,0,486,6572,0,50,0,-1825,2,6286,314,33756
2026/8/22,9:00,35964,1287,11080,6975,332,1341,1322,0,485,7879,0,53,0,-1249,4,6142,313,35964
2026/8/22,9:30,36991,1287,11018,6893,333,1383,1307,0,484,8607,0,58,0,-1046,5,6351,310,36990
2026/8/22,10:00,38093,1288,10976,6891,333,1441,1289,0,482,9558,0,64,0,-979,1,6441,308,38093
2026/8/22,10:30,38825,1288,11299,6893,338,1424,1208,0,482,9916,0,66,0,-926,6,6522,309,38825
2026/8/22,11:00,39328,1288,11296,6893,353,1413,1195,0,482,10014,0,67,0,-394,2,6419,300,39328
2026/8/22,11:30,39579,1288,11327,6890,363,1408,1176,0,483,9819,0,69,0,0,5,6454,298,39580
2026/8/22,12:00,39451,1287,11778,6893,364,1405,1195,0,481,9377,0,69,0,-105,9,6407,292,39452
2026/8/22,12:30,38972,1285,11562,6893,363,1420,1197,0,481,8946,0,65,0,0,8,6463,288,38971
2026/8/22,13:00,39747,1287,12418,6938,373,1429,1196,0,479,8846,0,48,0,0,8,6432,293,39747
2026/8/22,13:30,40024,1286,13353,7146,383,1396,1197,0,479,8040,0,61,0,0,7,6385,290,40023
2026/8/22,14:00,39907,1287,14240,7147,412,1357,1257,0,478,6652,0,57,0,316,3,6415,287,39908
2026/8/22,14:30,39066,1287,14707,7146,478,1323,1292,0,479,5246,0,51,0,472,4,6295,284,39064
2026/8/22,15:00,38111,1287,15403,7145,496,1329,1365,0,479,4052,0,37,0,1098,1,5129,289,38110
2026/8/22,15:30,37915,1288,15734,7149,496,1289,1389,0,481,3178,0,38,0,1719,5,4859,289,37914
2026/8/22,16:00,37166,1288,16245,7152,496,1328,1718,0,482,2060,0,35,0,2070,21,3956,316,37167
2026/8/22,16:30,36443,1287,15512,7150,497,1397,1760,0,482,1271,0,32,0,2426,33,4287,308,36442
2026/8/22,17:00,36148,1288,16497,7155,498,1362,1779,0,484,743,0,30,0,2544,40,3411,317,36148
2026/8/22,17:30,35963,1286,16895,7152,497,1309,1790,0,484,236,0,28,0,2599,55,3315,318,35964
2026/8/22,18:00,35906,1286,16805,7157,502,1310,1870,0,486,17,0,27,0,2752,55,3314,324,35905
2026/8/22,18:30,35798,1288,16832,7160,502,1315,1881,0,487,0,0,26,0,2705,57,3218,328,35799
2026/8/22,19:00,35151,1287,16442,7159,501,1374,1781,0,487,0,0,27,0,2333,51,3400,309,35151
2026/8/22,19:30,34508,1287,16100,7159,502,1416,1753,0,488,0,0,27,0,2070,20,3364,322,34508
2026/8/22,20:00,33703,1286,15749,7165,504,1400,1562,0,490,0,0,27,0,1781,7,3429,302,33702
2026/8/22,20:30,33015,1286,15419,7161,504,1360,1550,0,491,0,0,25,0,1381,4,3525,309,33015
2026/8/22,21:00,32133,1285,14907,7162,503,1357,1356,0,492,0,0,25,0,1177,1,3584,283,32132
2026/8/22,21:30,31243,1285,14633,7161,504,1361,1354,0,491,0,0,27,0,461,26,3651,287,31241
2026/8/22,22:00,30617,1285,14036,7159,505,1375,1285,0,492,0,0,26,0,77,6,4094,277,30617
2026/8/22,22:30,29881,1286,13629,7161,505,1428,1267,0,493,0,0,27,0,0,0,3879,206,29881
2026/8/22,23:00,29244,1287,13113,7122,451,1460,1269,0,492,0,0,29,0,0,5,3776,240,29244
2026/8/22,23:30,28309,1287,12373,7035,408,1436,1261,0,492,0,0,28,0,0,0,3725,263,28308
2026/8/23,0:00,27420,1288,11365,6969,407,1408,1328,0,488,0,0,20,0,0,6,3966,175,27420
2026/8/23,0:30,26248,1288,10633,6845,408,1430,1323,0,489,0,0,27,0,0,1,3575,229,26248
2026/8/23,1:00,25560,1287,9804,6795,408,1417,1322,0,488,0,0,13,0,-93,0,3921,196,25558
2026/8/23,1:30,24989,1288,9292,6741,407,1392,1313,0,490,0,0,14,0,-633,0,4481,205,24990
2026/8/23,2:00,25143,1287,9392,6662,408,1436,1232,0,490,0,0,15,0,-825,1,4851,195,25144
2026/8/23,2:30,24623,1288,9045,6660,408,1354,1222,0,489,0,0,15,0,-958,1,4900,200,24624
2026/8/23,3:00,24485,1289,9082,6659,408,1351,1211,0,491,0,0,17,0,-1127,2,4904,199,24486
2026/8/23,3:30,24423,1288,9004,6741,409,1377,1203,0,491,0,0,17,0,-1126,2,4824,192,24422
2026/8/23,4:00,24324,1289,8958,6799,408,1416,1204,0,490,0,0,17,0,-1160,3,4654,247,24325
2026/8/23,4:30,24343,1289,8872,6855,408,1427,1216,0,492,0,0,22,0,-1000,3,4541,220,24345
2026/8/23,5:00,24409,1289,8882,6969,409,1397,1228,0,490,10,0,17,0,-707,4,4220,202,24410
2026/8/23,5:30,24051,1288,8364,7007,409,1396,1236,0,490,308,0,20,0,-816,4,4176,169,24051
2026/8/23,6:00,24189,1288,8460,7012,409,1378,1240,0,491,846,0,28,0,-1039,0,3933,144,24190
2026/8/23,6:30,24654,1287,8091,7013,411,1381,1244,0,493,1543,0,29,0,-1282,0,4254,190,24654
2026/8/23,7:00,25639,1288,8218,7012,408,1448,1234,0,490,2363,0,30,0,-1396,0,4291,253,25639
2026/8/23,7:30,26716,1289,8410,7011,408,1486,1239,0,490,3330,0,36,0,-1640,1,4423,234,26717
2026/8/23,8:00,27956,1288,8381,7005,408,1468,1320,0,487,4118,0,42,0,-1658,1,4813,282,27955
2026/8/23,8:30,29173,1289,9024,7004,409,1542,1320,0,486,4971,0,40,0,-2265,1,5082,271,29174
2026/8/23,9:00,30562,1289,9378,6810,407,1600,1286,0,484,5765,0,39,0,-1927,2,5134,295,30562
2026/8/23,9:30,31524,1287,9249,6642,408,1534,1274,0,484,6425,0,31,0,-1793,0,5694,290,31525
2026/8/23,10:00,32440,1288,9538,6522,408,1529,1177,0,483,7075,0,33,0,-1793,2,5865,314,32441
2026/8/23,10:30,32786,1287,9469,6452,408,1581,1170,0,485,7662,0,36,0,-2027,3,5945,315,32786
2026/8/23,11:00,33353,1288,9512,6391,407,1652,1159,0,488,8322,0,48,0,-2274,3,6064,293,33353
2026/8/23,11:30,34239,1288,9826,6317,408,1651,1152,0,492,9050,0,50,0,-2463,3,6167,296,34237
2026/8/23,12:00,35011,1288,10144,6354,407,1621,1160,0,490,9533,0,52,0,-2583,3,6269,271,35009
2026/8/23,12:30,35518,1288,10654,6356,408,1569,1165,0,489,9547,0,49,0,-2577,3,6292,275,35518
2026/8/23,13:00,35360,1288,10556,6423,407,1546,1169,0,488,8945,0,57,0,-2109,2,6366,221,35359
2026/8/23,13:30,35498,1288,10543,6314,407,1596,1163,0,489,8422,0,53,0,-1425,2,6431,215,35498
2026/8/23,14:00,35153,1287,10856,6080,406,1551,1223,0,488,7414,0,43,0,-663,2,6247,218,35152
2026/8/23,14:30,35120,1288,11178,6200,407,1564,1254,0,488,6385,0,47,0,-46,0,6139,217,35121
2026/8/23,15:00,34784,1287,12759,6647,408,1571,1331,0,489,5087,0,38,0,147,1,4803,217,34785
2026/8/23,15:30,35051,1288,13831,6798,408,1604,1353,0,490,3963,0,36,0,557,2,4500,221,35051
2026/8/23,16:00,35348,1288,14802,6851,408,1634,1632,0,490,3000,0,33,0,909,9,4026,266,35348
2026/8/23,16:30,35608,1288,15814,6927,407,1598,1700,0,491,1965,0,32,0,1210,28,3885,263,35608
2026/8/23,17:00,35814,1288,15758,6998,406,1562,1803,0,483,1025,0,34,0,2023,56,4073,305,35814
2026/8/23,17:30,36107,1288,15797,6996,406,1532,1809,0,484,328,0,31,0,2652,71,4406,306,36106
2026/8/23,18:00,36343,1287,15663,6996,406,1526,1925,0,487,19,0,32,0,3335,73,4295,300,36344
2026/8/23,18:30,36460,1287,15732,6999,406,1538,1857,0,487,0,0,33,0,3454,75,4293,300,36461
2026/8/23,19:00,36041,1286,15108,7001,406,1560,1785,0,489,0,0,33,0,3528,72,4487,285,36040
2026/8/23,19:30,35397,1287,14618,6999,406,1596,1752,0,488,0,0,33,0,3541,42,4342,294,35398
2026/8/23,20:00,34622,1288,15408,6998,406,1578,1540,0,490,0,0,35,0,2106,22,4466,283,34620
2026/8/23,20:30,34037,1288,16250,6996,405,1571,1533,0,491,0,0,37,0,745,13,4416,291,34036
2026/8/23,21:00,33069,1289,16220,6999,406,1616,1378,0,491,0,0,37,0,188,5,4182,258,33069
2026/8/23,21:30,32006,1289,15370,7001,405,1579,1369,0,491,0,0,37,0,0,19,4175,271,32006
2026/8/23,22:00,31394,1288,14575,6999,406,1571,1342,0,491,0,0,39,0,0,3,4427,252,31393
2026/8/23,22:30,30418,1287,13481,7001,406,1593,1305,0,492,0,0,39,0,17,0,4525,271,30417
2026/8/23,23:00,29722,1288,12463,7039,406,1680,1294,0,491,0,0,39,0,209,6,4591,216,29722
2026/8/23,23:30,28556,1288,10921,7117,405,1719,1293,0,491,0,0,30,0,-39,0,5181,150,28556
2026/8/24,0:00,27489,1289,10168,7141,407,1688,1347,0,488,0,0,33,0,-1210,3,5964,172,27490
2026/8/24,0:30,26432,1289,8862,7146,407,1699,1342,0,488,0,0,20,0,-1617,2,6571,224,26433
2026/8/24,1:00,25584,1289,8902,6979,406,1705,1323,0,486,0,0,23,0,-1935,5,6203,198,25584
2026/8/24,1:30,25109,1289,8870,6952,406,1706,1308,0,488,0,0,23,0,-2326,5,6177,211,25109
2026/8/24,2:00,24744,1289,9353,6864,407,1698,1194,0,488,0,0,24,0,-3334,6,6546,209,24744
2026/8/24,2:30,24605,1288,9540,6866,407,1695,1195,0,487,0,0,26,0,-3599,7,6484,209,24605
2026/8/24,3:00,24578,1289,9632,6801,406,1697,1201,0,489,0,0,30,0,-3684,5,6499,213,24578
2026/8/24,3:30,24583,1289,10016,6494,406,1685,1205,0,489,0,0,29,0,-3697,5,6457,205,24583
2026/8/24,4:00,24836,1289,10722,6402,406,1659,1221,0,488,0,0,33,0,-3892,2,6311,194,24835
2026/8/24,4:30,25094,1290,10920,6182,406,1719,1232,0,489,0,0,40,0,-3517,1,6166,165,25093
2026/8/24,5:00,25531,1290,11074,6187,406,1702,1236,0,488,9,0,37,0,-3124,8,6048,170,25531
2026/8/24,5:30,25954,1290,11097,6185,407,1719,1237,0,488,324,0,47,0,-3081,8,6105,128,25954
2026/8/24,6:00,27298,1291,11691,6201,407,1776,1234,0,489,1093,0,35,0,-2975,2,5842,212,27298
2026/8/24,6:30,28954,1290,12489,6461,407,1768,1233,0,491,2266,0,50,0,-3387,2,5677,207,28954
2026/8/24,7:00,31726,1289,13445,6794,406,1738,1217,0,490,3788,0,49,0,-3893,3,6150,250,31726
2026/8/24,7:30,34476,1289,14046,6996,405,1732,1216,0,497,5367,0,55,0,-3382,2,6048,205,34476
2026/8/24,8:00,37803,1289,14389,7092,404,1726,1334,0,494,6878,0,58,0,-1846,1,5709,276,37804
2026/8/24,8:30,41016,1290,15335,7145,404,1743,1312,0,494,8389,0,68,0,-64,4,4614,282,41016
2026/8/24,9:00,43667,1290,17024,7141,403,1728,1276,0,494,9713,0,63,0,0,1,4263,271,43667
2026/8/24,9:30,44977,1290,17467,7140,403,1706,1259,0,499,10769,0,68,0,0,3,4084,289,44977
2026/8/24,10:00,46100,1290,17452,7138,403,1730,1160,0,501,11908,0,83,0,0,1,4165,270,46101
2026/8/24,10:30,47068,1290,17099,7133,407,1708,1155,0,505,12799,0,81,0,0,1,4612,278,47068
2026/8/24,11:00,47783,1289,17459,7133,409,1687,1153,0,512,13464,0,78,0,0,11,4345,243,47783
2026/8/24,11:30,48552,1289,17897,7131,464,1649,1165,0,524,13907,0,93,0,0,11,4179,242,48551
2026/8/24,12:00,48411,1288,16773,7130,496,1521,1420,0,528,13933,0,69,0,0,1,5019,233,48411
2026/8/24,12:30,48454,1288,17733,7131,496,1488,1423,0,534,13631,0,70,0,0,1,4425,233,48453
2026/8/24,13:00,49458,1289,20122,7128,495,1483,1416,0,531,13002,0,62,0,112,1,3542,274,49457
2026/8/24,13:30,49948,1289,21275,7133,496,1493,1421,0,531,12052,0,69,0,377,3,3541,269,49949
2026/8/24,14:00,49804,1289,21905,7128,495,1509,1429,0,530,10894,0,59,0,576,3,3713,275,49805
2026/8/24,14:30,49683,1288,22826,7121,496,1515,1478,0,531,9672,0,83,0,780,12,3608,273,49683
2026/8/24,15:00,49397,1288,23099,7132,496,1469,2000,0,535,8162,0,54,0,1453,1,3436,273,49398
2026/8/24,15:30,49495,1287,24000,7122,495,1443,2036,0,541,6417,0,67,0,2157,10,3613,307,49495
2026/8/24,16:00,49136,1287,24246,7122,497,1484,2423,0,544,4540,0,55,0,3227,29,3360,321,49135
2026/8/24,16:30,48389,1286,24385,7121,495,1481,2565,0,517,2823,0,41,0,3636,36,3686,315,48387
2026/8/24,17:00,46979,1287,24417,7118,498,1480,2445,0,546,1418,0,49,0,3839,56,3515,311,46979
2026/8/24,17:30,45900,1287,24474,7122,497,1488,2450,0,547,482,0,48,0,3769,64,3372,300,45900
2026/8/24,18:00,44953,1287,24507,7129,498,1502,2444,0,549,25,0,53,0,3370,58,3231,300,44953
2026/8/24,18:30,44511,1287,24418,7130,498,1499,2389,0,550,0,0,59,0,3140,52,3191,299,44512
2026/8/24,19:00,43273,1286,23482,7131,499,1492,2414,0,552,0,0,77,0,2492,39,3515,294,43273
2026/8/24,19:30,42102,1285,22941,7131,499,1490,2401,0,552,0,0,77,0,1858,18,3544,306,42102
2026/8/24,20:00,40848,1286,22006,7131,499,1483,2375,0,554,0,0,64,0,1503,8,3648,291,40848
2026/8/24,20:30,39896,1284,21420,7131,500,1468,2345,0,555,0,0,69,0,832,8,3982,303,39897
2026/8/24,21:00,38524,1284,20125,7131,499,1489,1662,0,555,0,0,79,0,814,3,4591,291,38523
2026/8/24,21:30,37331,1284,19075,7135,499,1520,1676,0,555,0,0,105,0,982,28,4166,306,37331
2026/8/24,22:00,36481,1284,17848,7133,499,1479,2116,0,555,0,0,117,0,765,11,4430,244,36481
2026/8/24,22:30,35354,1284,17320,7132,499,1466,2102,0,556,0,0,120,0,154,12,4447,263,35355
2026/8/24,23:00,34178,1283,16489,7128,499,1453,2083,0,555,0,0,126,0,0,1,4331,230,34178
2026/8/24,23:30,32721,1283,15390,7138,500,1424,2028,0,528,0,0,127,0,0,0,4130,172,32720
2026/8/25,0:00,31181,1282,13243,7129,448,1461,1299,0,540,0,0,116,0,-68,14,5548,170,31182
2026/8/25,0:30,29920,1283,12539,7138,405,1485,1287,0,540,0,0,127,0,-1357,6,6247,220,29920
2026/8/25,1:00,28782,1283,11700,7137,404,1445,1242,0,539,0,0,153,0,-1970,7,6647,197,28784
2026/8/25,1:30,28143,1284,11280,7138,404,1447,1234,0,541,0,0,165,0,-2335,8,6768,209,28143
2026/8/25,2:00,27670,1284,11307,7140,405,1412,1155,0,541,0,0,149,0,-2638,9,6697,209,27670
2026/8/25,2:30,27350,1284,11263,7138,403,1422,1153,0,540,0,0,127,0,-2932,8,6736,208,27350
2026/8/25,3:00,27274,1284,11540,7136,406,1442,1154,0,543,0,0,130,0,-3193,8,6612,213,27275
2026/8/25,3:30,27324,1284,11587,7139,405,1460,1130,0,542,0,0,122,0,-3189,7,6630,206,27323
2026/8/25,4:00,27187,1283,11396,7133,404,1462,1109,0,542,0,0,117,0,-3183,8,6710,206,27187
2026/8/25,4:30,27412,1284,11902,7140,405,1397,1111,0,555,0,0,111,0,-3357,8,6677,180,27413
2026/8/25,5:00,27840,1283,12658,7138,405,1353,1147,0,541,8,0,109,0,-3449,8,6425,214,27840
2026/8/25,5:30,28171,1285,12840,7141,404,1327,1153,0,541,354,0,113,0,-3813,5,6650,172,28172
2026/8/25,6:00,29427,1285,13755,7145,404,1415,1166,0,542,1326,0,100,0,-4455,2,6537,203,29425
2026/8/25,6:30,31033,1285,14088,7141,406,1481,1170,0,543,2723,0,99,0,-4304,2,6135,264,31033
2026/8/25,7:00,33555,1286,14560,7143,405,1479,1158,0,540,4494,0,86,0,-3484,7,5605,276,33555
2026/8/25,7:30,36291,1286,14462,7135,405,1458,1163,0,553,6421,0,112,0,-2760,5,5814,236,36290
2026/8/25,8:00,39957,1286,15450,7132,407,1506,1298,0,548,8337,0,126,0,-1465,5,5036,291,39957
2026/8/25,8:30,43541,1286,16487,7131,406,1528,1302,0,546,10025,0,146,0,-313,11,4679,307,43541
2026/8/25,9:00,46338,1286,17422,7131,407,1509,1297,0,543,11439,0,136,0,0,1,4906,262,46339
2026/8/25,9:30,47998,1285,18008,7134,414,1543,1288,0,543,12633,0,168,0,0,1,4702,278,47997
2026/8/25,10:00,49054,1286,17911,7135,416,1539,1317,0,540,13578,0,159,0,0,1,4904,268,49054
2026/8/25,10:30,49873,1287,17849,7130,414,1564,1305,0,541,14240,0,184,0,0,1,5082,276,49873
2026/8/25,11:00,50556,1287,17858,7131,435,1589,1295,0,542,14650,0,198,0,0,1,5303,267,50556
2026/8/25,11:30,51041,1287,17752,7126,490,1577,1294,0,543,14779,0,220,0,0,1,5702,271,51042
2026/8/25,12:00,50581,1287,16595,7128,505,1590,1464,0,541,14645,0,210,0,0,1,6332,283,50581
2026/8/25,12:30,50783,1285,17286,7125,505,1574,1472,0,539,14190,0,208,0,0,1,6318,281,50784
2026/8/25,13:00,51915,1285,19994,7123,504,1610,1616,0,536,13371,0,231,0,3,3,5365,272,51913
2026/8/25,13:30,52385,1284,21524,7129,504,1612,1648,0,536,12354,0,237,0,111,10,5167,269,52385
2026/8/25,14:00,52399,1284,22922,7122,504,1595,1626,0,536,11098,0,241,0,853,9,4333,276,52399
2026/8/25,14:30,52127,1285,23341,7119,504,1585,1663,0,536,9707,0,242,0,1011,3,4854,276,52126
2026/8/25,15:00,51907,1282,24241,7116,505,1571,2186,0,538,8209,0,235,0,1323,2,4426,273,51907
2026/8/25,15:30,51773,1281,25317,7110,505,1549,2226,0,539,6456,0,225,0,2236,15,4046,268,51773
2026/8/25,16:00,51681,1284,25952,7114,512,1551,2491,0,540,4660,0,204,0,3172,42,3887,273,51682
2026/8/25,16:30,51326,1283,26124,7109,512,1576,2582,0,527,2902,0,189,0,4528,55,3675,264,51326
2026/8/25,17:00,49899,1283,26101,7136,511,1592,2604,0,544,1439,0,164,0,4305,53,3901,266,49899
2026/8/25,17:30,48420,1283,25630,7136,511,1562,2569,0,545,464,0,160,0,4334,64,3909,253,48420
2026/8/25,18:00,47328,1282,24983,7141,513,1563,2558,0,547,20,0,178,0,4319,57,3896,271,47328
2026/8/25,18:30,46848,1283,24567,7178,513,1557,2537,0,548,0,0,193,0,4217,53,3932,271,46849
2026/8/25,19:00,45804,1284,23663,7174,509,1552,2405,0,550,0,0,218,0,4283,32,3875,259,45804
2026/8/25,19:30,44705,1283,23190,7177,510,1550,2371,0,550,0,0,213,0,3600,17,3973,271,44705
2026/8/25,20:00,43252,1284,22647,7239,508,1532,2357,0,552,0,0,211,0,2827,9,3836,251,43253
2026/8/25,20:30,42200,1283,21763,7370,509,1550,2338,0,553,0,0,207,0,2638,6,3717,267,42201
2026/8/25,21:00,40665,1282,19427,7409,510,1547,1592,0,554,0,0,191,0,2812,9,5080,251,40664
2026/8/25,21:30,39318,1283,17830,7543,510,1542,1604,0,554,0,0,211,0,3123,28,4822,268,39318
2026/8/25,22:00,38445,1282,19289,7587,510,1558,1908,0,554,0,0,206,0,676,20,4644,211,38445
2026/8/25,22:30,37280,1282,18161,7705,508,1549,1882,0,555,0,0,194,0,34,0,5185,227,37282
2026/8/25,23:00,36035,1283,16892,7946,506,1536,1860,0,554,0,0,192,0,0,0,5059,206,36034
2026/8/25,23:30,34481,1283,14804,7979,506,1523,1810,0,541,0,0,171,0,-64,2,5754,172,34481
2026/8/26,0:00,33025,1283,15031,7973,457,1540,1649,0,516,0,0,216,0,-1177,9,5379,151,33027
2026/8/26,0:30,31468,1283,14388,7972,414,1561,1654,0,534,0,0,222,0,-2826,3,6052,210,31467
2026/8/26,1:00,30453,1282,14267,8048,414,1548,1652,0,515,0,0,213,0,-3361,1,5700,172,30451
2026/8/26,1:30,29654,1282,13471,8064,414,1561,1645,0,516,0,0,206,0,-4155,0,6462,187,29653
2026/8/26,2:00,29099,1283,14388,8064,414,1519,1568,0,518,0,0,180,0,-5234,2,6213,185,29100
2026/8/26,2:30,28723,1282,14015,8063,414,1536,1566,0,516,0,0,171,0,-5327,2,6297,187,28722
2026/8/26,3:00,28502,1284,13733,8068,415,1520,1559,0,519,0,0,164,0,-5311,2,6361,190,28504
2026/8/26,3:30,28338,1284,13627,8068,415,1541,1555,0,518,0,0,133,0,-5300,3,6315,180,28339
2026/8/26,4:00,28297,1284,13492,8068,413,1551,1561,0,517,0,0,116,0,-5291,1,6400,185,28297
2026/8/26,4:30,28476,1284,13834,8074,415,1562,1566,0,536,0,0,107,0,-5270,0,6216,154,28478
2026/8/26,5:00,28692,1284,13768,8070,413,1546,1553,0,518,7,0,88,0,-4878,1,6070,252,28692
2026/8/26,5:30,29098,1283,14069,8072,414,1513,1559,0,517,335,0,80,0,-4821,2,5871,203,29097
2026/8/26,6:00,30601,1284,14267,8072,413,1549,1547,0,519,1297,0,77,0,-4977,2,6314,236,30600
2026/8/26,6:30,32441,1283,14391,8071,415,1542,1541,0,520,2666,0,77,0,-4718,1,6388,263,32440
2026/8/26,7:00,34825,1284,14653,8071,415,1502,1219,0,517,4455,0,72,0,-3723,2,6104,256,34827
2026/8/26,7:30,37590,1284,14786,8064,416,1494,1217,0,517,6391,0,67,0,-2941,2,6090,201,37588
2026/8/26,8:00,41538,1284,15626,8063,416,1503,1287,0,530,8138,0,80,0,-1993,4,6419,180,41537
2026/8/26,8:30,45273,1284,17749,8057,417,1505,1288,0,528,9533,0,77,0,-1057,1,5710,182,45274
2026/8/26,9:00,48275,1285,18564,8058,419,1509,1276,0,525,10562,0,80,0,-92,3,5899,188,48276
2026/8/26,9:30,50131,1285,19282,8060,419,1510,1249,0,524,11178,0,83,0,0,2,6347,192,50131
2026/8/26,10:00,51085,1284,20294,8053,412,1524,1172,0,522,11257,0,76,0,0,3,6285,202,51084
2026/8/26,10:30,51573,1284,20528,8059,411,1525,1193,0,523,11371,0,103,0,201,4,6166,206,51574
2026/8/26,11:00,51897,1284,20712,8056,432,1574,1233,0,527,11372,0,99,0,196,5,6209,199,51898
2026/8/26,11:30,52011,1285,20874,8052,485,1594,1221,0,527,11346,0,100,0,283,3,6042,200,52012
2026/8/26,12:00,51408,1285,20751,8054,500,1619,1194,0,507,10802,0,95,0,9,4,6386,203,51409
2026/8/26,12:30,51041,1285,21268,8054,502,1631,1197,0,518,9947,0,91,0,171,3,6179,195,51041
2026/8/26,13:00,51508,1285,22155,8053,501,1607,1344,0,541,9354,0,65,0,1143,3,5256,201,51508
2026/8/26,13:30,51021,1285,22198,8048,501,1586,1378,0,542,8811,0,92,0,1962,6,4397,214,51020
2026/8/26,14:00,51028,1284,22625,8046,502,1588,1524,0,549,8505,0,90,0,2016,6,4076,217,51028
2026/8/26,14:30,51105,1285,23179,8049,502,1585,1558,0,554,7996,0,88,0,2038,15,4040,215,51104
2026/8/26,15:00,51314,1284,23355,8049,503,1576,1750,0,556,7218,0,77,0,2685,3,4040,218,51314
2026/8/26,15:30,52203,1284,23424,8051,505,1579,1807,0,539,5990,0,64,0,4811,25,3910,213,52202
2026/8/26,16:00,52272,1285,23952,8054,507,1613,2372,0,550,4369,0,51,0,5716,46,3549,207,52271
2026/8/26,16:30,51830,1284,24935,8059,508,1642,2387,0,548,2759,0,35,0,5984,52,3436,201,51830
2026/8/26,17:00,50302,1284,24955,8072,508,1660,2388,0,557,1389,0,56,0,5729,56,3464,185,50303
2026/8/26,17:30,49279,1284,24895,8064,507,1629,2405,0,578,444,0,46,0,5714,63,3464,184,49277
2026/8/26,18:00,48197,1284,24470,8060,510,1652,2425,0,581,14,0,46,0,5449,45,3445,216,48197
2026/8/26,18:30,47695,1284,24454,8065,510,1645,2426,0,581,0,0,48,0,4984,52,3432,215,47696
2026/8/26,19:00,46455,1284,23873,8065,510,1614,2346,0,583,0,0,56,0,4346,24,3529,225,46455
2026/8/26,19:30,45182,1283,23285,8078,512,1581,2321,0,582,0,0,54,0,3384,14,3845,245,45184
2026/8/26,20:00,43759,1284,22436,8074,512,1572,2235,0,584,0,0,53,0,2343,16,4390,260,43759
2026/8/26,20:30,42718,1284,20996,8076,512,1552,2204,0,586,0,0,48,0,1082,14,6092,272,42718
2026/8/26,21:00,41414,1284,20428,8074,513,1494,1777,0,586,0,0,45,0,699,8,6313,193,41414
2026/8/26,21:30,40008,1284,20259,7885,513,1492,1778,0,586,0,0,49,0,540,18,5393,209,40006
2026/8/26,22:00,38868,1283,20004,7545,513,1481,1665,0,586,0,0,53,0,230,10,5311,189,38870
2026/8/26,22:30,37654,1283,18739,7399,512,1471,1653,0,588,0,0,57,0,36,5,5706,205,37654
2026/8/26,23:00,36438,1284,17256,7343,513,1458,1657,0,587,0,0,59,0,0,5,6082,193,36437
2026/8/26,23:30,34866,1284,15467,7209,512,1486,1620,0,567,0,0,58,0,0,2,6512,149,34866
2026/8/27,0:00,33368,1285,14814,7132,461,1482,1524,0,582,0,0,72,0,-398,10,6233,172,33369
2026/8/27,0:30,32025,1284,14454,7132,417,1480,1534,0,582,0,0,62,0,-1481,8,6322,232,32026
2026/8/27,1:00,30806,1285,14460,7131,418,1473,1527,0,569,0,0,54,0,-2340,3,5981,245,30806
2026/8/27,1:30,29874,1284,14281,7141,417,1496,1525,0,570,0,0,43,0,-3390,2,6246,259,29874
2026/8/27,2:00,29213,1284,14336,7152,417,1474,1487,0,571,0,0,42,0,-4300,9,6484,259,29215
2026/8/27,2:30,28822,1284,14403,7152,418,1498,1546,0,569,0,0,40,0,-4730,3,6379,260,28822
2026/8/27,3:00,28648,1285,14155,7151,417,1495,1610,0,572,0,0,42,0,-4861,7,6516,259,28648
2026/8/27,3:30,28494,1286,14240,7150,416,1482,1632,0,571,0,0,48,0,-5103,7,6512,252,28493
2026/8/27,4:00,28416,1286,14451,7151,417,1451,1617,0,572,0,0,51,0,-5305,6,6480,239,28416
2026/8/27,4:30,28506,1285,15000,7149,417,1441,1632,0,585,0,0,61,0,-5594,4,6316,209,28505
2026/8/27,5:00,28877,1286,16187,7141,417,1365,1650,0,569,6,0,53,0,-5831,2,5862,171,28878
2026/8/27,5:30,29239,1286,16219,7146,418,1322,1672,0,571,112,0,52,0,-5739,3,5933,244,29239
2026/8/27,6:00,30116,1285,16451,7144,418,1200,1688,0,572,278,0,56,0,-5122,2,5871,274,30117
2026/8/27,6:30,31441,1285,16397,7144,417,1237,1670,0,573,713,0,65,0,-4830,2,6550,217,31440
2026/8/27,7:00,33324,1286,17199,7148,438,1245,1466,0,570,1180,0,58,0,-4221,1,6688,267,33325
2026/8/27,7:30,34518,1285,16296,7146,492,1295,1474,0,569,1692,0,66,0,-2592,1,6573,221,34518
2026/8/27,8:00,37018,1286,16858,7147,514,1338,1570,0,564,2823,0,73,0,-1125,2,5753,213,37016
2026/8/27,8:30,39530,1286,17722,7142,515,1344,1610,0,576,3756,0,76,0,-31,10,5300,225,39531
2026/8/27,9:00,42158,1286,20405,7142,513,1323,1603,0,573,4690,0,78,0,0,4,4299,243,42159
2026/8/27,9:30,43599,1286,21768,7144,512,1306,1603,0,571,4651,0,75,0,330,3,4091,257,43597
2026/8/27,10:00,43794,1287,21401,7138,513,1286,1630,0,568,4085,0,77,0,872,11,4646,281,43795
2026/8/27,10:30,44053,1287,21675,7140,511,1331,1655,0,556,3877,0,80,0,932,10,4707,294,44055
2026/8/27,11:00,44685,1287,22561,7134,510,1337,1599,0,570,3800,0,94,0,946,13,4536,297,44684
2026/8/27,11:30,44778,1287,22929,7135,511,1333,1581,0,571,3367,0,92,0,945,10,4714,303,44778
2026/8/27,12:00,43728,1287,22379,7130,510,1340,1554,0,558,2845,0,81,0,876,3,4857,309,43729
2026/8/27,12:30,42566,1287,21856,7130,510,1368,1540,0,559,2127,0,91,0,812,1,4990,295,42566
2026/8/27,13:00,42202,1287,22082,7138,510,1359,1671,0,569,1696,0,114,0,1382,3,4059,332,42202
2026/8/27,13:30,41511,1287,21301,7138,510,1352,1694,0,569,1778,0,123,0,1392,15,4019,331,41509
2026/8/27,14:00,41304,1286,20955,7145,512,1352,1825,0,571,1813,0,119,0,1312,14,4071,330,41305
2026/8/27,14:30,40700,1287,20794,7146,510,1359,1822,0,571,1393,0,109,0,1309,21,4045,332,40698
2026/8/27,15:00,40022,1287,20190,7137,512,1357,1809,0,572,1238,0,123,0,1369,22,4080,326,40022
2026/8/27,15:30,40139,1287,19626,7141,509,1346,1827,0,573,995,0,139,0,2273,27,4073,323,40139
2026/8/27,16:00,39812,1287,18591,7141,511,1349,2155,0,575,594,0,143,0,2674,47,4410,334,39811
2026/8/27,16:30,39220,1285,18072,7139,512,1368,2175,0,576,295,0,141,0,3015,47,4283,312,39220
2026/8/27,17:00,38429,1286,16980,7138,513,1356,2465,0,579,135,0,139,0,3335,45,4132,326,38429
2026/8/27,17:30,38096,1287,16283,7138,512,1352,2486,0,579,62,0,133,0,3598,46,4294,326,38096
2026/8/27,18:00,37783,1287,16510,7136,514,1337,2486,0,582,4,0,131,0,3367,39,4067,322,37782
2026/8/27,18:30,37517,1287,15486,7135,513,1305,2465,0,584,0,0,139,0,4223,35,4017,328,37517
2026/8/27,19:00,36847,1287,14859,7065,512,1281,2443,0,584,0,0,129,0,4346,23,4006,311,36846
2026/8/27,19:30,35833,1287,14030,6995,512,1299,2444,0,584,0,0,114,0,4210,17,4008,332,35832
2026/8/27,20:00,34987,1286,13631,6952,461,1310,2339,0,586,0,0,112,0,3956,7,4027,318,34985
2026/8/27,20:30,34402,1287,14139,6950,418,1295,2324,0,586,0,0,122,0,2899,6,4045,331,34402
2026/8/27,21:00,33182,1286,13830,6950,420,1316,1884,0,559,0,0,123,0,2402,0,4106,308,33184
2026/8/27,21:30,32304,1287,14555,6948,420,1269,1893,0,587,0,0,135,0,621,16,4247,326,32304
2026/8/27,22:00,31843,1288,14421,6951,419,1268,2041,0,586,0,0,153,0,0,7,4384,324,31842
2026/8/27,22:30,31074,1288,13276,6950,418,1265,2020,0,588,0,0,160,0,0,0,4834,274,31073
2026/8/27,23:00,30376,1288,12823,6954,420,1271,1922,0,587,0,0,164,0,-272,0,4954,265,30376
2026/8/27,23:30,29355,1287,12776,6952,420,1280,1910,0,559,0,0,160,0,-1285,1,5003,292,29355
2026/8/28,0:00,28121,1286,12384,6950,420,1391,1576,0,601,0,0,142,0,-2563,3,5634,297,28121
2026/8/28,0:30,27035,1287,12159,6955,419,1443,1571,0,600,0,0,148,0,-3481,1,5665,268,27035
2026/8/28,1:00,26456,1287,11956,6956,420,1452,1547,0,598,0,0,144,0,-3924,0,5709,312,26457
2026/8/28,1:30,26018,1288,11775,6957,419,1471,1542,0,587,0,0,134,0,-4074,0,5597,322,26018
2026/8/28,2:00,25607,1289,11837,6959,420,1471,1525,0,588,0,0,153,0,-4555,0,5593,327,25607
2026/8/28,2:30,25483,1289,11864,6977,421,1480,1532,0,599,0,0,169,0,-4921,0,5750,324,25484
2026/8/28,3:00,25501,1289,11714,7008,420,1500,1541,0,589,0,0,175,0,-5012,0,5955,322,25501
2026/8/28,3:30,25584,1288,11305,7060,421,1509,1544,0,589,0,0,196,0,-5064,0,6420,316,25584
2026/8/28,4:00,25557,1287,11047,7060,420,1542,1539,0,589,0,0,184,0,-4598,0,6179,307,25556
2026/8/28,4:30,25770,1288,11251,7061,420,1557,1537,0,590,0,0,165,0,-4618,0,6242,278,25771
2026/8/28,5:00,26081,1288,11606,7062,420,1515,1523,0,588,5,0,156,0,-4385,0,6056,246,26080
2026/8/28,5:30,26400,1286,11286,7012,420,1520,1515,0,588,147,0,178,0,-4467,0,6624,290,26399
2026/8/28,6:00,27222,1288,12305,6974,416,1527,1369,0,590,434,0,182,0,-4784,2,6637,282,27222
2026/8/28,6:30,28354,1289,12745,6973,417,1528,1369,0,590,801,0,174,0,-4117,1,6348,236,28354
2026/8/28,7:00,30005,1289,12847,6992,435,1539,1363,0,588,1338,0,188,0,-3562,1,6701,287,30006
2026/8/28,7:30,31653,1289,13086,7027,489,1523,1361,0,587,2475,0,208,0,-2693,1,6019,282,31654
2026/8/28,8:00,33942,1288,13734,7126,510,1541,1358,0,581,4114,0,215,0,-2319,0,5528,266,33942
2026/8/28,8:30,36508,1288,14290,6961,511,1558,1358,0,592,6300,0,241,0,-1719,3,4852,273,36508
2026/8/28,9:00,40145,1289,15330,6495,509,1569,1366,0,590,8942,0,247,0,-694,3,4191,308,40145
2026/8/28,9:30,41765,1289,15318,6894,519,1545,1367,0,589,9864,0,251,0,-176,3,3981,323,41767
2026/8/28,10:00,43249,1289,15546,7092,517,1523,1439,0,585,10885,0,257,0,-250,1,4047,318,43249
2026/8/28,10:30,44209,1289,15720,6995,515,1534,1464,0,573,11782,0,265,0,-250,0,3994,327,44208
2026/8/28,11:00,46073,1289,16829,6884,516,1548,1500,0,575,12373,0,269,0,-41,1,4014,316,46073
2026/8/28,11:30,46900,1290,18142,6839,515,1540,1443,0,588,11772,0,276,0,25,0,4159,312,46901
2026/8/28,12:00,46057,1290,17202,6865,516,1534,1612,0,575,10046,0,249,0,7,0,5852,310,46058
2026/8/28,12:30,43796,1289,16221,6913,515,1554,1627,0,573,8261,0,235,0,9,6,6282,310,43795
2026/8/28,13:00,46055,1289,17877,6966,515,1525,1989,0,584,8921,0,222,0,1193,2,4663,309,46055
2026/8/28,13:30,46543,1289,17831,7012,514,1523,1992,0,585,7945,0,231,0,1776,4,5524,319,46545
2026/8/28,14:00,46364,1288,18829,7120,511,1546,1990,0,585,6585,0,214,0,2137,18,5227,312,46362
2026/8/28,14:30,46884,1289,20597,7122,512,1539,1991,0,585,5425,0,199,0,1649,23,5633,321,46885
2026/8/28,15:00,45499,1289,21036,7121,509,1552,2018,0,586,3785,0,176,0,1864,25,5216,321,45498
2026/8/28,15:30,44656,1289,21270,7104,509,1537,2029,0,587,2715,0,157,0,2439,30,4671,319,44656
2026/8/28,16:00,44567,1289,20827,7081,509,1559,2277,0,590,2163,0,148,0,3424,45,4349,306,44567
2026/8/28,16:30,44509,1289,20671,7107,508,1578,2289,0,591,1561,0,136,0,4352,46,4073,307,44508
2026/8/28,17:00,43527,1288,19898,7119,511,1543,2479,0,594,741,0,131,0,4462,37,4407,318,43528
2026/8/28,17:30,42950,1288,19742,7132,510,1538,2506,0,594,173,0,127,0,4403,38,4591,307,42949
2026/8/28,18:00,42603,1288,19774,7132,511,1562,2498,0,597,4,0,121,0,3730,36,5046,303,42602
2026/8/28,18:30,42204,1288,20162,7141,511,1562,2481,0,599,0,0,121,0,3147,33,4862,297,42204
2026/8/28,19:00,41200,1289,20459,7144,512,1548,2490,0,599,0,0,103,0,2619,19,4104,314,41200
2026/8/28,19:30,40116,1289,20522,7148,513,1556,2407,0,599,0,0,94,0,1591,16,4056,324,40115
2026/8/28,20:00,39018,1289,20017,7152,461,1558,2084,0,600,0,0,87,0,1402,8,4049,311,39018
2026/8/28,20:30,37964,1289,18980,7154,418,1579,2082,0,600,0,0,79,0,1096,6,4361,319,37963
2026/8/28,21:00,36765,1289,18495,7153,420,1545,1786,0,588,0,0,69,0,805,0,4309,307,36766
2026/8/28,21:30,35320,1288,16037,7152,419,1531,1809,0,602,0,0,87,0,126,12,5937,321,35321
2026/8/28,22:00,34572,1289,14968,7151,418,1562,1901,0,602,0,0,87,0,101,8,6161,324,34572
2026/8/28,22:30,33558,1289,14046,7153,419,1542,1899,0,602,0,0,87,0,99,1,6144,277,33558
2026/8/28,23:00,32544,1290,13096,7154,420,1532,1892,0,603,0,0,94,0,97,0,6103,263,32544
2026/8/28,23:30,31191,1290,11457,7152,418,1526,1849,0,591,0,0,77,0,8,0,6532,289,31189
2026/8/29,0:00,29715,1290,11472,7115,411,1521,1570,0,603,0,0,90,0,0,8,5302,332,29714
2026/8/29,0:30,28465,1290,10637,6998,411,1548,1572,0,602,0,0,81,0,0,2,5006,317,28464
2026/8/29,1:00,27465,1290,10254,6947,411,1543,1545,0,589,0,0,71,0,0,0,4502,313,27465
2026/8/29,1:30,26743,1290,9780,6884,410,1538,1547,0,603,0,0,75,0,0,0,4292,325,26744
2026/8/29,2:00,26047,1290,9359,6817,411,1537,1536,0,590,0,0,57,0,-34,0,4158,326,26047
2026/8/29,2:30,25752,1289,9628,6806,410,1529,1535,0,590,0,0,65,0,-481,0,4101,281,25753
2026/8/29,3:00,25422,1290,9513,6819,409,1487,1525,0,591,0,0,62,0,-538,0,3985,279,25422
2026/8/29,3:30,25292,1291,9332,6898,410,1481,1513,0,591,0,0,65,0,-537,1,3979,268,25292
2026/8/29,4:00,25215,1291,9292,6964,411,1469,1428,0,591,0,0,57,0,-537,0,4001,248,25215
2026/8/29,4:30,25192,1291,8964,7016,410,1441,1431,0,591,0,0,67,0,-642,0,4400,225,25194
2026/8/29,5:00,25478,1290,8969,7146,409,1470,1449,0,590,4,0,70,0,-1225,3,5030,273,25478
2026/8/29,5:30,25196,1290,8846,7166,409,1437,1465,0,589,113,0,67,0,-1798,3,5325,284,25196
2026/8/29,6:00,25446,1289,9169,7170,410,1443,1469,0,591,355,0,67,0,-2248,2,5435,295,25447
2026/8/29,6:30,25767,1290,9288,7163,410,1478,1476,0,590,645,0,64,0,-2214,1,5311,265,25767
2026/8/29,7:00,26260,1289,9530,7165,414,1468,1489,0,588,806,0,63,0,-1857,1,5069,234,26259
2026/8/29,7:30,27079,1290,9977,7169,414,1503,1497,0,587,1032,0,60,0,-1382,0,4673,258,27078
2026/8/29,8:00,28410,1291,10693,7166,414,1491,1589,0,584,1092,0,60,0,-736,0,4437,329,28410
2026/8/29,8:30,29502,1291,11555,7171,414,1475,1601,0,596,1094,0,64,0,0,3,3918,321,29503
2026/8/29,9:00,30581,1290,12316,6985,414,1470,1603,0,580,1254,0,43,0,0,0,4307,319,30581
2026/8/29,9:30,30750,1290,12466,6906,413,1497,1602,0,593,1094,0,69,0,0,0,4505,315,30750
2026/8/29,10:00,31372,1289,12627,6904,414,1511,1606,0,576,1230,0,67,0,-1,0,4839,310,31372
2026/8/29,10:30,31485,1290,12867,6907,414,1522,1613,0,576,1124,0,72,0,0,3,4780,316,31484
2026/8/29,11:00,31247,1289,12428,6905,421,1513,1587,0,578,1033,0,81,0,-175,9,5272,305,31246
2026/8/29,11:30,31066,1289,12682,6911,422,1462,1519,0,578,1087,0,80,0,-268,9,4984,312,31067
2026/8/29,12:00,30760,1289,13225,6908,423,1461,1547,0,576,1092,0,82,0,-347,9,4182,313,30760
2026/8/29,12:30,30205,1290,13045,6913,423,1439,1554,0,575,1023,0,91,0,-617,0,4149,320,30205
2026/8/29,13:00,30402,1289,12388,6950,443,1461,1592,0,589,999,0,99,0,-695,3,4968,314,30400
2026/8/29,13:30,30462,1290,12219,7172,472,1478,1587,0,588,909,0,100,0,-346,2,4667,323,30461
2026/8/29,14:00,30210,1289,11619,7178,518,1502,1683,0,587,748,0,102,0,-190,0,4856,319,30211
2026/8/29,14:30,30150,1289,11926,7179,518,1499,1693,0,587,669,0,102,0,164,0,4201,324,30151
2026/8/29,15:00,29787,1289,11797,7018,517,1528,1705,0,587,500,0,100,0,213,2,4215,317,29788
2026/8/29,15:30,29667,1289,11661,6895,517,1543,1711,0,589,395,0,107,0,259,7,4379,315,29667
2026/8/29,16:00,29790,1289,11493,6733,517,1526,1969,0,591,322,0,116,0,390,24,4506,314,29790
2026/8/29,16:30,29840,1290,11735,6823,517,1494,1990,0,592,267,0,115,0,403,28,4276,311,29841
2026/8/29,17:00,29839,1290,11575,6877,517,1507,2011,0,593,141,0,118,0,638,37,4231,305,29840
2026/8/29,17:30,30059,1290,11604,6919,517,1483,2046,0,593,49,0,117,0,1349,44,3742,307,30060
2026/8/29,18:00,30232,1290,11644,6885,518,1484,2057,0,596,2,0,120,0,1679,43,3594,320,30232
2026/8/29,18:30,30024,1289,11371,6800,517,1490,2070,0,598,0,0,123,0,1736,41,3668,322,30025
2026/8/29,19:00,29662,1290,11146,6799,517,1495,2073,0,598,0,0,121,0,1717,21,3573,311,29661
2026/8/29,19:30,29098,1289,10721,6799,518,1500,2052,0,598,0,0,119,0,1412,20,3750,320,29098
2026/8/29,20:00,28504,1290,10416,6798,517,1504,1726,0,599,0,0,113,0,1393,12,3809,328,28505
2026/8/29,20:30,27863,1291,10146,6274,517,1499,1709,0,586,0,0,105,0,1465,8,3934,330,27864
2026/8/29,21:00,27135,1291,9501,5907,518,1480,1670,0,587,0,0,105,0,1850,0,3914,311,27134
2026/8/29,21:30,26388,1291,8980,5266,519,1514,1659,0,601,0,0,105,0,2331,22,3862,237,26387
2026/8/29,22:00,26158,1291,8848,4851,466,1491,1633,0,601,0,0,89,0,2337,10,4241,301,26159
2026/8/29,22:30,25610,1291,8572,4670,423,1478,1624,0,601,0,0,101,0,2304,2,4228,316,25610
2026/8/29,23:00,25133,1290,8524,4330,422,1455,1629,0,601,0,0,103,0,2251,4,4227,297,25133
2026/8/29,23:30,24356,1291,9314,4175,422,1366,1619,0,587,0,0,90,0,1207,2,4011,272,24356
2026/8/30,0:00,23788,1290,9270,4341,432,1372,1680,0,603,0,0,87,0,494,6,3906,307,23788
2026/8/30,0:30,22968,1292,9046,4442,431,1369,1684,0,603,0,0,85,0,-254,2,3987,282,22969
2026/8/30,1:00,22408,1292,8612,4520,433,1398,1679,0,603,0,0,85,0,-287,2,3751,322,22410
2026/8/30,1:30,21818,1292,8592,4517,432,1406,1677,0,604,0,0,97,0,-2243,6,5103,335,21818
2026/8/30,2:00,21587,1292,9359,4398,432,1416,1683,0,591,0,0,88,0,-2877,4,4862,339,21587
2026/8/30,2:30,21554,1292,9133,4399,432,1420,1682,0,604,0,0,90,0,-2776,2,4936,339,21553
2026/8/30,3:00,21627,1291,9390,4483,432,1440,1609,0,593,0,0,78,0,-2770,2,4740,340,21628
2026/8/30,3:30,21806,1292,9421,4571,432,1413,1627,0,593,0,0,64,0,-2775,2,4834,333,21807
2026/8/30,4:00,21838,1290,9349,4569,432,1404,1636,0,591,0,0,59,0,-2897,2,5076,327,21838
2026/8/30,4:30,21952,1291,9516,4690,433,1391,1640,0,607,0,0,73,0,-2874,3,4883,300,21953
2026/8/30,5:00,22180,1292,9582,4816,433,1369,1628,0,591,3,0,65,0,-2835,7,4949,279,22179
2026/8/30,5:30,22034,1292,9483,4896,432,1329,1633,0,591,113,0,66,0,-3110,6,5053,250,22034
2026/8/30,6:00,22153,1292,9431,4904,432,1381,1630,0,593,205,0,55,0,-2808,4,4729,307,22155
2026/8/30,6:30,22109,1292,8852,4935,432,1364,1636,0,593,295,0,54,0,-2976,7,5308,317,22109
2026/8/30,7:00,22483,1291,8704,4984,436,1372,1634,0,591,588,0,54,0,-3138,7,5671,289,22483
2026/8/30,7:30,23181,1290,9005,4969,438,1354,1635,0,590,1144,0,51,0,-3065,9,5489,272,23181
2026/8/30,8:00,24005,1291,9387,5063,439,1318,1725,0,601,1634,0,61,0,-2803,2,5040,247,24005
2026/8/30,8:30,24837,1290,9393,5249,439,1327,1735,0,594,2282,0,59,0,-2584,4,4723,325,24836
2026/8/30,9:00,25816,1291,10019,5213,261,1314,1731,0,586,2796,0,56,0,-1908,1,4134,322,25816
2026/8/30,9:30,26355,1291,9888,5310,229,1327,1726,0,578,3115,0,57,0,-1576,0,4090,319,26354
2026/8/30,10:00,27059,1292,9448,5471,228,1262,1717,0,564,3555,0,53,0,-1002,0,4161,311,27060
2026/8/30,10:30,27130,1291,8639,5568,228,1269,1708,0,564,3961,0,45,0,-985,0,4525,316,27129
2026/8/30,11:00,27381,1291,9063,5634,228,1216,1669,0,565,4348,0,46,0,-1090,0,4086,324,27380
2026/8/30,11:30,27876,1290,9048,5707,226,1069,1658,0,565,4802,0,50,0,-1100,0,4236,324,27875
2026/8/30,12:00,28006,1292,8960,6036,229,1057,1562,0,560,4802,0,48,0,-1327,0,4464,325,28008
2026/8/30,12:30,27970,1291,8633,6272,228,1048,1559,0,556,4980,0,46,0,-1877,0,4909,325,27970
2026/8/30,13:00,28951,1291,9170,6441,248,1063,1568,0,559,5170,0,49,0,-2574,0,5637,328,28950
2026/8/30,13:30,29146,1292,8851,6733,303,1070,1581,0,559,4517,0,47,0,-2109,0,5980,323,29147
2026/8/30,14:00,28238,1292,8360,6823,323,1109,1615,0,559,3830,0,49,0,-1938,1,5918,296,28237
2026/8/30,14:30,28905,1292,8652,6930,323,1091,1626,0,559,4058,0,48,0,-1814,3,5846,290,28904
2026/8/30,15:00,28852,1293,9293,7011,323,1101,1696,0,565,3273,0,42,0,-817,0,4755,318,28853
2026/8/30,15:30,28779,1292,10228,7011,321,1133,1694,0,572,2429,0,38,0,-761,1,4506,315,28779
2026/8/30,16:00,29111,1292,10678,7006,321,1071,1943,0,576,1755,0,37,0,-167,16,4265,319,29112
2026/8/30,16:30,29700,1291,11986,7008,321,1049,1954,0,582,1103,0,33,0,140,21,3893,317,29698
2026/8/30,17:00,30165,1291,12254,7008,322,1062,1956,0,590,508,0,32,0,863,43,3882,353,30164
2026/8/30,17:30,30881,1292,12035,7007,322,1070,1961,0,594,129,0,30,0,2134,55,3897,355,30881
2026/8/30,18:00,31365,1293,12098,7016,321,1118,2037,0,598,3,0,29,0,2493,52,3957,350,31365
2026/8/30,18:30,31742,1293,12503,7013,323,1074,2042,0,604,0,0,35,0,2519,60,3927,350,31743
2026/8/30,19:00,31532,1293,11799,7012,322,1081,2044,0,603,0,0,34,0,3110,42,3843,347,31530
2026/8/30,19:30,31121,1293,11143,7009,322,1081,2040,0,604,0,0,34,0,3366,32,3843,353,31120
2026/8/30,20:00,30525,1292,11129,7012,325,1050,1801,0,603,0,0,36,0,3132,14,3779,352,30525
2026/8/30,20:30,29999,1292,11247,7013,324,1064,1793,0,590,0,0,30,0,2362,10,3916,359,30000
2026/8/30,21:00,29202,1291,11601,7012,270,1022,1780,0,591,0,0,33,0,1437,2,3859,305,29203
2026/8/30,21:30,28492,1291,12112,7013,227,1081,1773,0,605,0,0,40,0,196,10,3819,324,28491
2026/8/30,22:00,27875,1292,11300,7018,229,1039,1765,0,605,0,0,39,0,0,12,4261,316,27876
2026/8/30,22:30,27093,1292,10550,7015,228,1036,1739,0,605,0,0,38,0,0,3,4291,294,27091
2026/8/30,23:00,26686,1292,10359,7018,229,1038,1691,0,605,0,0,40,0,0,1,4215,199,26687
2026/8/30,23:30,25784,1292,9299,7014,228,1069,1671,0,591,0,0,25,0,-116,1,4491,219,25784
2026/8/31,0:00,25080,1292,9047,7013,229,1148,1736,0,602,0,0,33,0,-846,2,4509,315,25080
2026/8/31,0:30,24066,1291,8600,6923,229,1114,1746,0,601,0,0,31,0,-1340,0,4589,283,24067
2026/8/31,1:00,23566,1291,8703,6547,228,1142,1757,0,602,0,0,31,0,-1347,0,4294,317,23565
2026/8/31,1:30,22976,1291,8313,6430,232,1232,1745,0,603,0,0,32,0,-1786,0,4559,324,22975
2026/8/31,2:00,22671,1292,8160,6399,274,1188,1770,0,590,0,0,26,0,-1962,0,4605,328,22670
2026/8/31,2:30,22731,1292,8299,6537,326,1197,1776,0,603,0,0,32,0,-1793,0,4134,326,22729
2026/8/31,3:00,22862,1292,8353,6025,356,1204,1799,0,591,0,0,26,0,-1939,0,4822,333,22862
2026/8/31,3:30,22862,1292,9073,5766,350,1202,1722,0,591,0,0,29,0,-1940,0,4452,325,22862
2026/8/31,4:00,23086,1292,9195,5741,351,1240,1733,0,591,0,0,32,0,-1648,0,4237,321,23085
2026/8/31,4:30,23425,1291,8831,5872,350,1263,1730,0,604,0,0,43,0,-1248,1,4395,293,23425
2026/8/31,5:00,23800,1292,9250,5959,351,1290,1731,0,590,3,0,42,0,-1273,1,4309,257,23802
2026/8/31,5:30,24144,1291,9518,6002,349,1314,1738,0,589,188,0,43,0,-1468,2,4315,263,24144
2026/8/31,6:00,25026,1291,9819,6323,347,1270,1730,0,591,637,0,49,0,-1348,1,3993,323,25026
2026/8/31,6:30,25982,1292,10005,6125,349,1300,1731,0,591,1404,0,70,0,-1186,1,4023,277,25982
2026/8/31,7:00,27494,1292,11043,5770,348,1338,1725,0,589,2435,0,76,0,-1380,0,3985,273,27494
2026/8/31,7:30,29210,1292,11865,5706,348,1353,1727,0,588,3554,0,78,0,-1406,0,3784,321,29210
2026/8/31,8:00,31263,1292,12383,5705,346,1290,1824,0,597,4491,0,90,0,-580,0,3503,322,31263
2026/8/31,8:30,33410,1291,12669,5944,348,1273,1811,0,595,5353,0,92,0,-72,4,3772,330,33410
2026/8/31,9:00,34861,1290,13018,6536,346,1311,1789,0,593,5826,0,95,0,0,0,3772,284,34860
2026/8/31,9:30,35431,1290,12640,6900,347,1324,1790,0,592,6098,0,101,0,-5,3,4047,305,35432
2026/8/31,10:00,36027,1290,12656,7018,347,1358,1766,0,574,6757,0,98,0,-261,4,4086,334,36027
2026/8/31,10:30,36296,1291,13238,7018,345,1365,1745,0,575,6925,0,105,0,-59,8,3400,341,36297
2026/8/31,11:00,36720,1292,13223,7017,347,1405,1709,0,577,7027,0,111,0,0,6,3679,327,36720
2026/8/31,11:30,36842,1291,14304,7017,344,1426,1619,0,578,6807,0,115,0,-1,13,3004,325,36842
2026/8/31,12:00,36249,1291,13385,7013,342,1416,1601,0,575,6716,0,112,0,-46,6,3508,329,36248
2026/8/31,12:30,36544,1291,12897,7014,361,1449,1595,0,575,6739,0,116,0,-230,1,4410,326,36544
2026/8/31,13:00,37971,1289,15304,7009,392,1444,1624,0,587,6403,0,125,0,279,1,3198,314,37969
2026/8/31,13:30,38318,1290,15773,7008,434,1441,1628,0,587,5553,0,122,0,1398,4,2768,312,38318
2026/8/31,14:00,37975,1289,14895,7011,434,1402,1717,0,587,4350,0,120,0,1839,16,4026,290,37976
2026/8/31,14:30,37885,1289,13987,7008,436,1388,1730,0,588,3675,0,129,0,1852,21,5501,283,37887
2026/8/31,15:00,37621,1289,15036,7008,437,1405,1897,0,591,2985,0,120,0,2356,14,4168,316,37622
2026/8/31,15:30,37830,1289,15964,7010,435,1447,1914,0,592,2322,0,113,0,2780,17,3638,309,37830
2026/8/31,16:00,37883,1289,16022,7013,434,1481,2373,0,594,1674,0,109,0,3099,40,3438,318,37884
2026/8/31,16:30,37685,1289,16276,7007,432,1525,2412,0,596,1007,0,110,0,3167,47,3501,314,37683
2026/8/31,17:00,36840,1288,15741,7013,434,1584,2663,0,598,423,0,112,0,3324,50,3294,316,36840
2026/8/31,17:30,36617,1287,15578,7014,435,1596,2672,0,598,86,0,115,0,3407,44,3482,303,36617
2026/8/31,18:00,36436,1287,15449,7014,434,1612,2680,0,600,1,0,117,0,3233,39,3657,314,36437
2026/8/31,18:30,36021,1287,14990,7014,433,1616,2687,0,602,0,0,114,0,3215,41,3708,313,36020
2026/8/31,19:00,35151,1288,14631,7014,434,1598,2689,0,601,0,0,115,0,2776,28,3666,312,35152
2026/8/31,19:30,34309,1288,14225,7015,434,1623,2686,0,603,0,0,110,0,2223,21,3753,326,34307
2026/8/31,20:00,33426,1288,13717,7021,434,1618,2593,0,603,0,0,111,0,1945,8,3783,305,33426
2026/8/31,20:30,32622,1289,13685,7017,436,1594,2590,0,591,0,0,103,0,1450,7,3539,322,32623
2026/8/31,21:00,31573,1289,13154,7020,437,1596,2152,0,591,0,0,102,0,1783,0,3137,313,31574
2026/8/31,21:30,30652,1288,12395,7023,436,1609,2147,0,605,0,0,103,0,217,6,4491,332,30652
2026/8/31,22:00,30143,1289,11615,7023,436,1676,2307,0,606,0,0,94,0,0,5,4805,289,30145
2026/8/31,22:30,29372,1288,11303,7019,435,1641,2262,0,605,0,0,88,0,0,0,4463,267,29371
2026/8/31,23:00,28590,1289,10658,7059,435,1693,2251,0,605,0,0,90,0,-1,3,4240,269,28591
2026/8/31,23:30,27459,1290,9951,6731,436,1740,2205,0,592,0,0,85,0,-109,2,4246,290,27459
