単位[MW平均],,,供給力
DATE,TIME,エリア需要,原子力,火力(LNG),火力(石炭),火力(石油),火力(その他),水力,地熱,バイオマス,太陽光発電実績,太陽光出力制御量,風力発電実績,風力出力制御量,揚水,蓄電池,連系線,その他,合計
2026/6/1,0:00,23214,1311,11373,5190,58,880,1157,0,428,0,0,126,0,207,3,2318,164,23215
2026/6/1,0:30,22203,1311,10189,5196,58,869,1180,0,429,0,0,125,0,230,2,2406,208,22203
2026/6/1,1:00,21746,1311,9948,5195,58,854,1161,0,430,0,0,122,0,213,1,2249,204,21746
2026/6/1,1:30,21298,1311,9558,5195,58,874,1160,0,430,0,0,144,0,250,1,2111,206,21298
2026/6/1,2:00,21054,1310,9754,5194,58,879,1147,0,429,0,0,108,0,284,0,1682,208,21053
2026/6/1,2:30,21076,1310,10293,5195,59,852,1149,0,430,0,0,105,0,278,0,1201,204,21076
2026/6/1,3:00,21350,1311,10560,5193,58,873,1148,0,429,0,0,96,0,760,0,716,206,21350
2026/6/1,3:30,21513,1311,9969,5198,58,875,1150,0,430,0,0,100,0,1146,2,1070,204,21513
2026/6/1,4:00,21656,1311,9917,5194,59,863,1152,0,431,0,0,95,0,1330,5,1104,196,21657
2026/6/1,4:30,21546,1311,10271,4833,59,834,1140,0,431,9,0,87,0,1642,3,752,173,21545
2026/6/1,5:00,21833,1311,10700,4144,59,854,1225,0,430,536,0,114,0,1324,2,980,155,21834
2026/6/1,5:30,21997,1311,10881,3848,58,860,1241,0,429,1445,0,81,0,348,2,1368,126,21998
2026/6/1,6:00,22519,1311,10099,3565,58,873,1344,0,431,2819,0,62,0,-865,0,2644,177,22518
2026/6/1,6:30,23703,1310,10277,3202,58,882,1351,0,430,4690,0,105,0,-2046,1,3269,173,23702
2026/6/1,7:00,25361,1310,9796,3154,58,885,1373,0,429,6759,0,77,0,-2689,1,4042,166,25361
2026/6/1,7:30,27309,1311,9903,3205,56,884,1286,0,430,8771,0,77,0,-2838,3,4040,180,27308
2026/6/1,8:00,29871,1311,10145,3297,56,881,1339,0,424,10609,0,71,0,-2863,3,4356,243,29872
2026/6/1,8:30,32333,1311,10851,3299,57,880,1349,0,423,12201,0,69,0,-3106,3,4748,247,32332
2026/6/1,9:00,34435,1311,11973,3299,57,835,1345,0,418,13553,0,82,0,-2903,3,4249,214,34436
2026/6/1,9:30,35967,1310,12067,3301,55,783,1345,0,417,14644,0,81,0,-2803,3,4534,230,35967
2026/6/1,10:00,37072,1310,12580,3430,54,773,1356,0,417,15396,0,81,0,-3148,3,4602,218,37072
2026/6/1,10:30,37882,1309,13327,3635,54,777,1347,0,417,15629,0,83,0,-3600,3,4676,226,37883
2026/6/1,11:00,38159,1309,13405,3877,54,826,1387,0,419,15612,0,84,0,-3325,1,4284,228,38161
2026/6/1,11:30,38421,1310,12633,4078,57,844,1385,0,418,15774,0,78,0,-2902,1,4514,231,38421
2026/6/1,12:00,38154,1309,12212,4194,58,802,1432,0,417,15722,0,71,0,-2744,1,4450,229,38153
2026/6/1,12:30,38022,1310,12063,4449,58,794,1429,0,417,15105,0,81,0,-2536,1,4617,234,38022
2026/6/1,13:00,39250,1311,13178,4850,58,816,1415,0,414,14086,0,98,0,-1838,3,4625,235,39251
2026/6/1,13:30,39217,1310,13752,5035,58,836,1436,0,414,12637,0,103,0,-1278,9,4679,225,39216
2026/6/1,14:00,39037,1310,13695,5194,58,868,1513,0,415,11271,0,111,0,-285,14,4649,225,39038
2026/6/1,14:30,38825,1310,15066,5200,58,887,1511,0,414,9831,0,108,0,-167,6,4384,218,38826
2026/6/1,15:00,38883,1309,16460,5200,59,890,1546,0,416,8357,0,115,0,36,8,4267,219,38882
2026/6/1,15:30,38527,1309,17615,5196,58,782,1551,0,416,6404,0,122,0,901,15,3944,214,38527
2026/6/1,16:00,37604,1309,17903,5195,59,753,1799,0,418,4814,0,92,0,1548,2,3480,231,37603
2026/6/1,16:30,37101,1310,18142,5193,59,827,2521,0,418,3489,0,74,0,1852,10,2982,224,37101
2026/6/1,17:00,36287,1310,18467,5215,59,820,2551,0,422,2251,0,84,0,2428,14,2421,245,36287
2026/6/1,17:30,35785,1310,18782,5293,59,821,2603,0,421,1172,0,111,0,3008,44,1930,232,35786
2026/6/1,18:00,35145,1310,18821,5290,59,840,2638,0,422,395,0,182,0,2701,46,2200,242,35146
2026/6/1,18:30,34743,1310,18896,5291,59,875,2671,0,422,3,0,197,0,3350,43,1381,247,34745
2026/6/1,19:00,34239,1310,18841,5218,59,872,2600,0,424,0,0,212,0,3110,43,1290,261,34240
2026/6/1,19:30,33235,1309,18868,5192,59,786,1925,0,426,0,0,206,0,2613,33,1551,267,33235
2026/6/1,20:00,32267,1310,18765,5196,58,768,1752,0,427,0,0,220,0,2241,24,1298,208,32267
2026/6/1,20:30,31512,1309,18535,5196,58,771,1692,0,426,0,0,207,0,1818,15,1264,222,31513
2026/6/1,21:00,30431,1308,18276,5197,58,751,1632,0,427,0,0,201,0,1415,3,966,198,30432
2026/6/1,21:30,29448,1308,18049,5194,58,767,1562,0,426,0,0,150,0,1136,2,579,216,29447
2026/6/1,22:00,28881,1308,17497,5197,58,771,1511,0,426,0,0,145,0,1003,2,763,201,28882
2026/6/1,22:30,28149,1309,16617,5193,58,777,1505,0,426,0,0,180,0,345,3,1517,219,28149
2026/6/1,23:00,27394,1308,16415,5195,58,777,1495,0,427,0,0,179,0,68,3,1283,184,27392
2026/6/1,23:30,26346,1308,15983,5196,58,772,1479,0,426,0,0,160,0,0,0,786,177,26345
2026/6/2,0:00,25396,1308,14357,5215,58,789,1157,0,423,0,0,140,0,0,1,1752,196,25396
2026/6/2,0:30,24305,1308,13153,5226,58,799,1172,0,424,0,0,139,0,-222,2,2001,246,24306
2026/6/2,1:00,23561,1308,12259,5229,58,776,1162,0,426,0,0,145,0,-283,0,2269,211,23560
2026/6/2,1:30,23117,1308,12090,5288,58,777,1157,0,426,0,0,145,0,-657,2,2309,214,23117
2026/6/2,2:00,22855,1308,12033,5299,57,811,1149,0,426,0,0,135,0,-693,3,2107,219,22854
2026/6/2,2:30,22852,1308,12105,5299,57,792,1180,0,427,0,0,141,0,-806,2,2131,215,22851
2026/6/2,3:00,22961,1309,12269,5297,57,793,1180,0,428,0,0,134,0,-692,1,1967,218,22961
2026/6/2,3:30,23177,1309,12372,5314,58,802,1188,0,430,0,0,131,0,-509,4,1863,215,23177
2026/6/2,4:00,23252,1309,12676,5411,57,804,1203,0,431,0,0,114,0,9,2,1025,211,23252
2026/6/2,4:30,23058,1309,11884,5559,57,835,1214,0,432,9,0,96,0,10,1,1464,187,23057
2026/6/2,5:00,22972,1309,11595,5722,58,843,1300,0,431,344,0,90,0,11,1,1048,220,22972
2026/6/2,5:30,22797,1309,10954,5758,58,856,1312,0,430,987,0,94,0,-60,0,913,186,22797
2026/6/2,6:00,23284,1310,10706,5350,58,835,1298,0,432,1888,0,91,0,-1256,0,2308,264,23284
2026/6/2,6:30,24426,1309,11530,4906,59,827,1301,0,433,2899,0,124,0,-1989,0,2761,266,24426
2026/6/2,7:00,25769,1309,11785,4873,58,833,1295,0,430,3733,0,112,0,-2174,0,3257,258,25769
2026/6/2,7:30,27203,1309,12829,4845,58,865,1205,0,431,4722,0,115,0,-2054,0,2660,218,27203
2026/6/2,8:00,29410,1309,14486,4822,58,850,1182,0,426,5513,0,89,0,-1474,1,1902,246,29410
2026/6/2,8:30,31438,1309,14665,5264,58,864,1181,0,425,5947,0,149,0,-1328,0,2644,260,31438
2026/6/2,9:00,32741,1309,15298,5383,57,854,1197,0,423,6018,0,143,0,-1053,0,2896,215,32740
2026/6/2,9:30,33301,1309,15886,5417,57,866,1197,0,422,6174,0,148,0,-1058,5,2649,229,33301
2026/6/2,10:00,33629,1309,16207,5481,57,863,1193,0,423,6274,0,153,0,-1052,0,2501,219,33628
2026/6/2,10:30,33657,1309,16446,5606,57,874,1181,0,422,6052,0,153,0,-1054,0,2381,229,33656
2026/6/2,11:00,33585,1309,16045,5621,57,862,1148,0,424,5809,0,160,0,-1024,5,2945,224,33585
2026/6/2,11:30,33485,1309,16400,5623,55,877,1144,0,423,5452,0,160,0,-1044,11,2850,226,33486
2026/6/2,12:00,32492,1310,15632,5537,55,891,1142,0,425,4842,0,149,0,-1226,0,3512,224,32493
2026/6/2,12:30,32014,1309,15952,5571,55,926,1135,0,425,4295,0,176,0,-1139,0,3090,221,32016
2026/6/2,13:00,33052,1309,16843,5618,55,875,1139,0,421,3932,0,171,0,-447,7,2908,221,33052
2026/6/2,13:30,33086,1309,16283,5616,55,815,1155,0,422,3543,0,174,0,-173,17,3646,225,33087
2026/6/2,14:00,33107,1309,16608,5618,57,791,1150,0,422,3455,0,172,0,24,27,3249,225,33107
2026/6/2,14:30,33422,1309,17301,5619,57,799,1173,0,422,3307,0,173,0,886,9,2138,228,33421
2026/6/2,15:00,33288,1310,17759,5620,57,819,1217,0,423,2755,0,176,0,699,10,2222,223,33290
2026/6/2,15:30,33498,1309,18203,5618,57,810,1230,0,423,1919,0,186,0,906,26,2597,215,33499
2026/6/2,16:00,33387,1309,18686,5626,57,847,1447,0,425,1118,0,192,0,1427,19,2002,233,33388
2026/6/2,16:30,33117,1309,18705,5649,57,853,1468,0,425,608,0,194,0,1424,22,2189,215,33118
2026/6/2,17:00,32396,1309,18699,5651,56,811,1594,0,429,328,0,204,0,1574,17,1473,250,32395
2026/6/2,17:30,32125,1308,18878,5695,56,809,1599,0,427,152,0,162,0,1597,34,1147,261,32125
2026/6/2,18:00,32055,1309,19058,5853,56,853,1650,0,430,41,0,201,0,1745,35,554,269,32054
2026/6/2,18:30,32133,1310,19210,5882,56,918,1580,0,430,1,0,207,0,2023,24,215,279,32135
2026/6/2,19:00,31496,1309,18684,5921,56,943,1591,0,433,0,0,219,0,1890,19,167,265,31497
2026/6/2,19:30,30864,1309,18588,6051,57,991,1594,0,433,0,0,201,0,1622,18,-283,284,30865
2026/6/2,20:00,30148,1309,18267,6104,57,1020,1330,0,435,0,0,199,0,1243,18,-88,254,30148
2026/6/2,20:30,29470,1308,17788,6280,57,985,1314,0,434,0,0,189,0,791,13,49,263,29471
2026/6/2,21:00,28601,1308,17275,6338,57,941,1203,0,435,0,0,187,0,609,3,-5,250,28601
2026/6/2,21:30,27781,1309,16413,6343,57,943,1204,0,434,0,0,187,0,605,1,21,265,27782
2026/6/2,22:00,27295,1308,16023,6375,57,965,1194,0,435,0,0,184,0,523,0,13,217,27294
2026/6/2,22:30,26601,1309,14794,6374,57,1001,1190,0,435,0,0,169,0,49,4,1006,213,26601
2026/6/2,23:00,26051,1309,14215,6373,57,1042,1198,0,435,0,0,173,0,0,1,1103,146,26052
2026/6/2,23:30,25231,1309,13341,6374,57,1061,1200,0,434,0,0,160,0,0,2,1130,164,25232
2026/6/3,0:00,24179,1309,12812,6370,59,1068,1320,0,431,0,0,164,0,0,1,493,152,24179
2026/6/3,0:30,23368,1309,12333,6325,58,1056,1363,0,432,0,0,172,0,0,0,115,206,23369
2026/6/3,1:00,22890,1309,11220,6324,58,1046,1362,0,433,0,0,168,0,0,1,763,207,22891
2026/6/3,1:30,22486,1308,10841,6367,57,966,1301,0,433,0,0,176,0,0,2,822,212,22485
2026/6/3,2:00,22409,1309,10746,6373,57,900,1315,0,433,0,0,179,0,0,2,879,216,22409
2026/6/3,2:30,22393,1309,10605,6374,58,898,1328,0,433,0,0,176,0,0,2,997,213,22393
2026/6/3,3:00,22531,1310,10424,6372,57,946,1349,0,435,0,0,199,0,0,4,1223,214,22533
2026/6/3,3:30,22606,1310,10864,6374,58,938,1381,0,435,0,0,184,0,0,2,850,210,22606
2026/6/3,4:00,22777,1310,11093,6372,57,913,1355,0,435,0,0,180,0,0,2,848,212,22777
2026/6/3,4:30,22890,1310,11446,6372,57,870,1369,0,435,10,0,174,0,-121,1,774,193,22890
2026/6/3,5:00,23091,1310,11823,6372,57,846,1382,0,435,77,0,205,0,-137,3,529,190,23092
2026/6/3,5:30,23405,1309,11889,6372,58,786,1388,0,434,103,0,202,0,-14,0,682,196,23405
2026/6/3,6:00,24111,1309,11653,6375,58,800,1406,0,436,165,0,252,0,0,0,1455,202,24111
2026/6/3,6:30,25171,1309,12198,6372,58,842,1443,0,427,244,0,267,0,0,0,1781,229,25170
2026/6/3,7:00,26386,1309,12558,6375,59,869,1412,0,414,302,0,330,0,0,2,2485,272,26387
2026/6/3,7:30,27657,1309,13640,6305,59,910,1403,0,399,368,0,344,0,0,1,2690,231,27659
2026/6/3,8:00,29252,1310,14976,6085,58,887,1476,0,375,444,0,360,0,103,2,2886,289,29251
2026/6/3,8:30,30644,1310,16509,6083,59,861,1477,0,363,519,0,378,0,235,8,2540,303,30645
2026/6/3,9:00,31652,1310,17001,6084,58,827,1506,0,353,618,0,398,0,581,19,2622,274,31651
2026/6/3,9:30,31858,1310,17696,6083,58,825,1483,0,347,688,0,380,0,573,16,2104,294,31857
2026/6/3,10:00,31773,1310,16810,6083,58,837,1387,0,346,790,0,385,0,432,19,3047,270,31774
2026/6/3,10:30,31784,1310,17016,6084,58,825,1372,0,344,952,0,432,0,393,10,2705,283,31784
2026/6/3,11:00,31738,1310,17691,6084,58,797,1362,0,346,1057,0,451,0,273,12,2028,270,31739
2026/6/3,11:30,31649,1311,16581,6087,55,805,1368,0,346,1112,0,451,0,2,17,3240,273,31648
2026/6/3,12:00,30723,1310,15745,5979,55,826,1356,0,344,1149,0,441,0,0,1,3241,277,30724
2026/6/3,12:30,29943,1310,15319,5484,55,801,1319,0,344,1412,0,449,0,0,0,3175,274,29942
2026/6/3,13:00,30987,1310,16743,5359,55,794,1289,0,343,1586,0,467,0,0,4,2769,266,30985
2026/6/3,13:30,30979,1310,16097,5316,55,789,1271,0,343,1728,0,468,0,-5,15,3300,292,30979
2026/6/3,14:00,30866,1310,16231,5269,55,774,1272,0,343,1898,0,464,0,0,9,2922,318,30865
2026/6/3,14:30,30469,1310,16100,5273,56,784,1300,0,343,1973,0,466,0,-4,9,2548,313,30471
2026/6/3,15:00,29580,1310,15331,5272,56,775,1298,0,343,1868,0,483,0,0,8,2527,309,29580
2026/6/3,15:30,29640,1310,15640,5273,56,774,1295,0,344,1789,0,457,0,0,11,2380,311,29640
2026/6/3,16:00,29768,1310,16391,5313,55,766,1490,0,345,1676,0,436,0,16,9,1640,321,29768
2026/6/3,16:30,29673,1310,16774,5354,55,747,1505,0,347,1527,0,431,0,429,9,883,302,29673
2026/6/3,17:00,29682,1310,17069,5442,55,744,1505,0,349,1331,0,406,0,430,8,717,315,29681
2026/6/3,17:30,30021,1309,17402,5556,56,747,1495,0,349,894,0,378,0,826,24,682,304,30022
2026/6/3,18:00,30188,1310,17181,6172,56,790,1495,0,351,346,0,359,0,1027,22,771,306,30186
2026/6/3,18:30,30191,1310,17258,6371,56,754,1488,0,351,3,0,354,0,1189,23,717,316,30190
2026/6/3,19:00,30079,1310,17480,6374,57,762,1449,0,353,0,0,317,0,1312,17,354,294,30079
2026/6/3,19:30,29491,1311,17310,6378,56,756,1353,0,354,0,0,328,0,1343,14,16,272,29491
2026/6/3,20:00,28875,1310,17124,6373,56,756,1214,0,355,0,0,369,0,1341,14,-333,295,28874
2026/6/3,20:30,28280,1310,16523,6377,56,775,1201,0,354,0,0,356,0,900,11,106,312,28281
2026/6/3,21:00,27606,1310,16047,6375,57,764,1138,0,355,0,0,394,0,862,2,1,302,27607
2026/6/3,21:30,26852,1310,15329,6374,57,748,1139,0,354,0,0,377,0,739,1,114,309,26851
2026/6/3,22:00,26281,1310,14406,6375,56,750,1126,0,355,0,0,357,0,897,0,358,291,26281
2026/6/3,22:30,25755,1310,13892,6374,56,727,1117,0,355,0,0,357,0,826,1,432,307,25754
2026/6/3,23:00,25209,1310,12895,6374,56,753,1119,0,355,0,0,338,0,908,1,786,314,25209
2026/6/3,23:30,24369,1310,11818,6373,56,753,1117,0,354,0,0,318,0,904,4,1103,258,24368
2026/6/4,0:00,23510,1310,10642,6370,56,750,1166,0,351,0,0,312,0,622,2,1660,270,23511
2026/6/4,0:30,22585,1311,9929,6374,56,751,1195,0,353,0,0,317,0,57,0,1925,317,22585
2026/6/4,1:00,22111,1310,10083,6370,56,752,1178,0,352,0,0,301,0,0,2,1366,341,22111
2026/6/4,1:30,21745,1311,9845,6373,56,786,1166,0,352,0,0,353,0,0,0,1158,346,21746
2026/6/4,2:00,21633,1311,9906,6373,56,771,1179,0,352,0,0,356,0,0,0,1021,310,21635
2026/6/4,2:30,21774,1311,9864,6375,56,768,1115,0,353,0,0,310,0,0,1,1311,310,21774
2026/6/4,3:00,21908,1311,9938,6372,56,756,1116,0,353,0,0,355,0,0,2,1340,308,21907
2026/6/4,3:30,22156,1311,10070,6373,56,758,1114,0,354,0,0,360,0,0,4,1452,303,22155
2026/6/4,4:00,22244,1311,10324,6374,56,781,1109,0,353,0,0,364,0,0,0,1233,339,22244
2026/6/4,4:30,22200,1311,10281,6372,56,780,1106,0,353,10,0,361,0,-119,0,1378,311,22200
2026/6/4,5:00,22404,1311,10262,6371,56,786,1108,0,352,320,0,363,0,-139,0,1324,289,22403
2026/6/4,5:30,22352,1311,9756,6242,56,802,1103,0,352,749,0,368,0,-65,0,1422,257,22353
2026/6/4,6:00,22697,1312,9213,5670,56,792,1125,0,354,1422,0,359,0,-534,0,2681,247,22697
2026/6/4,6:30,23205,1311,9519,5656,57,769,1126,0,353,2034,0,379,0,-964,1,2660,304,23205
2026/6/4,7:00,24254,1311,9690,5656,57,756,1122,0,352,2527,0,378,0,-970,1,3082,292,24254
2026/6/4,7:30,25174,1311,9638,5493,57,755,1107,0,352,3132,0,366,0,-969,1,3678,254,25175
2026/6/4,8:00,26760,1311,10721,5532,56,765,1183,0,346,4177,0,366,0,-968,1,3011,259,26760
2026/6/4,8:30,28357,1311,11171,5611,56,755,1197,0,346,5907,0,365,0,-969,1,2333,274,28358
2026/6/4,9:00,30120,1311,11154,5553,55,749,1155,0,342,7923,0,362,0,-1025,0,2249,292,30120
2026/6/4,9:30,31093,1310,11293,5518,55,750,1155,0,341,8946,0,351,0,-1261,0,2331,304,31093
2026/6/4,10:00,31212,1310,11482,5586,55,786,1073,0,340,8773,0,347,0,-1291,1,2421,328,31211
2026/6/4,10:30,31362,1310,11574,5874,55,824,1093,0,340,8712,0,351,0,-1223,2,2124,327,31363
2026/6/4,11:00,31298,1310,10927,6015,55,811,1090,0,341,9051,0,350,0,-1248,2,2268,327,31299
2026/6/4,11:30,31447,1309,11136,5559,55,820,1101,0,342,9711,0,350,0,-1642,2,2382,322,31447
2026/6/4,12:00,31001,1310,10895,5530,55,838,1114,0,340,10019,0,354,0,-1870,2,2084,331,31002
2026/6/4,12:30,30804,1310,10968,5687,55,832,1132,0,340,9595,0,352,0,-2045,2,2247,328,30803
2026/6/4,13:00,31629,1309,11611,5655,55,797,1137,0,338,8924,0,346,0,-1967,1,3103,321,31630
2026/6/4,13:30,31664,1309,11966,5873,55,788,1173,0,338,7930,0,338,0,-1190,6,2757,321,31664
2026/6/4,14:00,32298,1310,12085,6088,55,790,1269,0,339,7257,0,331,0,-410,6,2847,331,32298
2026/6/4,14:30,31911,1310,12555,6089,55,788,1286,0,339,6037,0,314,0,0,10,2799,329,31911
2026/6/4,15:00,31254,1310,12268,6091,55,785,1394,0,339,4921,0,305,0,0,12,3462,312,31254
2026/6/4,15:30,31615,1309,13622,6088,55,820,1427,0,340,3903,0,281,0,193,24,3239,313,31614
2026/6/4,16:00,31310,1309,14283,6088,55,824,1639,0,342,2696,0,273,0,489,12,2980,320,31310
2026/6/4,16:30,30959,1309,14698,6088,55,831,1666,0,345,1708,0,273,0,1286,18,2376,305,30958
2026/6/4,17:00,30502,1308,14515,6110,55,845,1698,0,348,1044,0,275,0,1422,19,2553,309,30501
2026/6/4,17:30,30473,1309,15484,6188,56,810,1724,0,349,534,0,273,0,1503,33,1911,300,30474
2026/6/4,18:00,30549,1310,15314,6381,55,781,1751,0,352,183,0,267,0,1667,26,2178,284,30549
2026/6/4,18:30,30685,1310,15733,6478,55,787,1758,0,352,2,0,280,0,1950,41,1647,292,30685
2026/6/4,19:00,30301,1310,15608,6403,56,842,1679,0,352,0,0,285,0,1927,33,1503,303,30301
2026/6/4,19:30,29666,1310,15365,6378,55,869,1676,0,354,0,0,282,0,1641,22,1396,318,29666
2026/6/4,20:00,28987,1310,14872,6378,55,867,1553,0,355,0,0,286,0,1334,15,1656,305,28986
2026/6/4,20:30,28303,1310,14186,6375,55,836,1520,0,354,0,0,282,0,913,14,2139,319,28303
2026/6/4,21:00,27416,1310,13773,6378,55,816,1379,0,357,0,0,272,0,790,4,1975,308,27417
2026/6/4,21:30,26550,1311,12567,6376,55,826,1344,0,357,0,0,237,0,978,2,2203,292,26548
2026/6/4,22:00,26193,1311,12389,6376,55,826,1300,0,357,0,0,257,0,746,4,2271,302,26194
2026/6/4,22:30,25587,1311,12411,6376,55,871,1296,0,357,0,0,235,0,257,2,2100,316,25587
2026/6/4,23:00,25135,1312,12148,6375,55,856,1304,0,357,0,0,264,0,0,0,2192,272,25135
2026/6/4,23:30,24252,1311,11591,6347,55,841,1292,0,358,0,0,259,0,0,1,1995,201,24251
2026/6/5,0:00,23319,1311,11008,6014,55,849,1338,0,353,0,0,185,0,0,0,1970,236,23319
2026/6/5,0:30,22341,1311,10288,5804,55,819,1366,0,354,0,0,176,0,0,1,1886,280,22340
2026/6/5,1:00,21836,1312,9598,5617,55,807,1364,0,354,0,0,199,0,0,0,2221,309,21836
2026/6/5,1:30,21565,1311,9401,5559,55,820,1368,0,354,0,0,222,0,0,1,2139,336,21566
2026/6/5,2:00,21431,1311,9728,5666,55,851,1364,0,354,0,0,231,0,0,1,1537,333,21431
2026/6/5,2:30,21598,1312,9699,5921,55,844,1361,0,355,0,0,276,0,0,0,1442,333,21598
2026/6/5,3:00,21725,1312,10110,6343,55,830,1287,0,356,0,0,236,0,0,0,863,333,21725
2026/6/5,3:30,21835,1312,10186,6372,55,827,1289,0,356,0,0,243,0,0,0,862,331,21833
2026/6/5,4:00,21975,1312,10441,6252,56,818,1285,0,355,0,0,283,0,0,0,868,305,21975
2026/6/5,4:30,21859,1312,10082,6076,56,811,1287,0,355,10,0,305,0,0,0,1280,285,21859
2026/6/5,5:00,21911,1312,10147,5845,56,827,1275,0,353,465,0,312,0,0,0,1042,276,21910
2026/6/5,5:30,21810,1311,10179,4930,57,863,1276,0,352,1195,0,315,0,0,1,1094,238,21811
2026/6/5,6:00,22336,1311,9497,4470,57,866,1288,0,354,2293,0,333,0,-31,1,1640,257,22336
2026/6/5,6:30,23173,1312,9514,3980,57,910,1301,0,354,3602,0,356,0,-579,2,2090,274,23173
2026/6/5,7:00,24620,1312,9769,3520,57,938,1311,0,352,4690,0,359,0,-668,2,2683,296,24621
2026/6/5,7:30,25964,1311,9254,3553,57,940,1287,0,352,5432,0,376,0,-96,2,3257,238,25963
2026/6/5,8:00,27609,1312,9880,3615,57,979,1366,0,346,5620,0,378,0,0,2,3826,229,27610
2026/6/5,8:30,28971,1311,10828,3618,57,979,1375,0,345,5574,0,383,0,55,2,4191,253,28971
2026/6/5,9:00,30167,1311,11209,3625,56,982,1365,0,343,5709,0,358,0,546,6,4402,255,30167
2026/6/5,9:30,30058,1311,11116,3623,55,993,1362,0,343,5468,0,328,0,885,10,4304,259,30057
2026/6/5,10:00,29611,1311,11016,3623,55,1012,1341,0,342,5301,0,330,0,586,10,4414,270,29611
2026/6/5,10:30,30198,1311,11404,3625,55,1023,1330,0,341,5813,0,316,0,269,8,4411,292,30198
2026/6/5,11:00,29938,1311,11537,3681,55,1043,1253,0,342,5797,0,288,0,164,6,4263,198,29938
2026/6/5,11:30,29731,1311,11205,3617,55,1087,1246,0,342,5957,0,278,0,161,11,4262,198,29730
2026/6/5,12:00,28859,1311,10061,3486,56,1088,1245,0,343,6193,0,293,0,0,8,4577,199,28860
2026/6/5,12:30,28772,1311,10144,3507,56,1091,1249,0,342,6311,0,293,0,-418,13,4676,199,28774
2026/6/5,13:00,29750,1311,11527,4012,56,1075,1263,0,340,6063,0,302,0,-254,6,3854,196,29751
2026/6/5,13:30,29612,1311,11367,4479,56,1019,1292,0,339,5410,0,308,0,-38,5,3868,197,29613
2026/6/5,14:00,30368,1311,11303,4754,55,997,1372,0,340,5332,0,306,0,99,9,4294,195,30367
2026/6/5,14:30,30377,1311,11721,5314,55,1014,1380,0,340,4618,0,303,0,31,10,4084,195,30376
2026/6/5,15:00,30113,1311,11731,5559,55,951,1388,0,341,3764,0,271,0,82,10,4455,194,30112
2026/6/5,15:30,30320,1311,12970,5577,56,875,1438,0,341,2919,0,304,0,173,18,4146,193,30321
2026/6/5,16:00,29929,1311,13526,5645,56,863,1719,0,342,1947,0,257,0,377,7,3685,193,29928
2026/6/5,16:30,29708,1311,13773,5707,56,861,1743,0,344,1272,0,304,0,572,16,3557,194,29710
2026/6/5,17:00,29472,1311,13824,5746,55,882,1771,0,349,778,0,321,0,667,27,3505,235,29471
2026/6/5,17:30,29289,1310,14008,5833,56,847,1794,0,349,416,0,300,0,865,39,3246,226,29289
2026/6/5,18:00,29220,1311,14240,5979,56,820,1823,0,351,152,0,274,0,1285,49,2671,209,29220
2026/6/5,18:30,29440,1310,14561,6087,56,821,1823,0,351,2,0,303,0,1402,46,2462,217,29441
2026/6/5,19:00,29249,1311,14322,6199,56,858,1747,0,352,0,0,267,0,1325,46,2537,228,29248
2026/6/5,19:30,28641,1311,13532,6377,56,849,1727,0,353,0,0,264,0,1120,35,2775,243,28642
2026/6/5,20:00,28051,1311,13365,6375,56,864,1571,0,354,0,0,285,0,1007,18,2590,255,28051
2026/6/5,20:30,27479,1311,13226,6379,56,861,1529,0,355,0,0,280,0,1002,12,2199,269,27479
2026/6/5,21:00,26720,1311,13372,6376,56,856,1363,0,355,0,0,280,0,898,2,1568,283,26720
2026/6/5,21:30,25979,1310,12639,6376,55,833,1321,0,355,0,0,266,0,303,1,2227,292,25978
2026/6/5,22:00,25605,1311,12941,6299,55,804,1283,0,355,0,0,256,0,59,2,1980,262,25607
2026/6/5,22:30,25075,1310,11689,6276,55,835,1269,0,355,0,0,228,0,58,9,2714,276,25074
2026/6/5,23:00,24613,1310,11055,6280,54,854,1261,0,353,0,0,215,0,59,4,2876,291,24612
2026/6/5,23:30,23670,1311,10610,6281,55,852,1239,0,351,0,0,194,0,12,0,2556,210,23671
2026/6/6,0:00,22875,1311,10922,6196,55,754,1316,0,353,0,0,163,0,-254,0,1827,232,22875
2026/6/6,0:30,21971,1311,10745,6182,55,674,1343,0,353,0,0,165,0,-259,1,1130,272,21972
2026/6/6,1:00,21432,1311,10470,6133,55,620,1346,0,354,0,0,158,0,-259,1,966,277,21432
2026/6/6,1:30,21109,1311,9968,6085,55,560,1353,0,353,0,0,152,0,-258,2,1246,282,21109
2026/6/6,2:00,21020,1311,10113,5996,55,599,1296,0,354,0,0,156,0,-258,2,1116,281,21021
2026/6/6,2:30,21073,1311,9961,5995,55,626,1300,0,354,0,0,156,0,-2,2,1026,287,21071
2026/6/6,3:00,21131,1311,10098,5994,55,615,1307,0,355,0,0,151,0,0,1,963,281,21131
2026/6/6,3:30,21310,1311,10104,5995,55,637,1307,0,356,0,0,146,0,0,2,1121,277,21311
2026/6/6,4:00,21331,1312,9966,5995,55,623,1328,0,355,0,0,142,0,0,2,1290,263,21331
2026/6/6,4:30,21337,1311,10263,5996,56,622,1322,0,355,11,0,139,0,0,3,1015,244,21337
2026/6/6,5:00,21238,1311,9988,5994,56,624,1320,0,354,196,0,123,0,73,2,955,242,21238
2026/6/6,5:30,20840,1311,9663,5844,56,645,1320,0,354,385,0,118,0,83,1,842,217,20839
2026/6/6,6:00,20566,1311,8940,5282,55,660,1327,0,355,857,0,112,0,-381,0,1769,278,20565
2026/6/6,6:30,20616,1311,8703,4756,55,691,1327,0,355,1574,0,95,0,-1131,0,2623,256,20615
2026/6/6,7:00,21349,1311,8937,4558,56,704,1307,0,350,2417,0,128,0,-1291,0,2575,297,21349
2026/6/6,7:30,21928,1311,8593,4360,56,714,1281,0,349,3277,0,128,0,-1543,0,3129,274,21929
2026/6/6,8:00,22190,1311,8296,4059,55,712,1339,0,345,4397,0,134,0,-1826,0,3100,267,22189
2026/6/6,8:30,22953,1311,7977,3533,56,730,1349,0,343,6163,0,112,0,-2168,0,3256,292,22954
2026/6/6,9:00,23913,1311,8130,3005,55,745,1351,0,342,8201,0,135,0,-2726,5,3088,270,23912
2026/6/6,9:30,24661,1310,8563,2437,56,770,1341,0,342,9916,0,130,0,-3051,0,2531,315,24660
2026/6/6,10:00,25167,1310,8259,2153,55,743,1257,0,342,11166,0,119,0,-3046,0,2511,297,25166
2026/6/6,10:30,25783,1309,7445,1992,54,793,1234,0,341,12224,0,122,0,-3305,0,3269,304,25782
2026/6/6,11:00,26441,1310,7542,1963,56,803,1224,0,342,12856,0,122,0,-3359,1,3284,298,26442
2026/6/6,11:30,26379,1310,7602,1967,56,814,1220,0,343,12995,0,123,0,-3358,1,3008,298,26379
2026/6/6,12:00,26328,1310,7737,1966,56,845,1190,0,341,13370,0,122,0,-3487,3,2586,290,26329
2026/6/6,12:30,26356,1310,7788,1964,56,840,1181,0,342,13695,0,100,0,-3581,3,2372,286,26356
2026/6/6,13:00,26834,1310,8374,1964,56,881,1173,0,337,13768,0,114,0,-3400,0,1973,284,26834
2026/6/6,13:30,26620,1310,7931,2045,56,905,1191,0,337,13076,0,83,0,-3330,0,2727,288,26619
2026/6/6,14:00,26440,1310,7916,2139,56,915,1220,0,337,12286,0,105,0,-3581,2,3458,278,26441
2026/6/6,14:30,26249,1310,8987,2449,56,935,1223,0,338,11162,0,59,0,-2979,2,2428,279,26249
2026/6/6,15:00,26026,1310,9424,2778,55,918,1243,0,337,9636,0,88,0,-2010,1,1968,278,26026
2026/6/6,15:30,26060,1310,9759,3254,55,904,1257,0,338,7905,0,96,0,-344,1,1243,281,26059
2026/6/6,16:00,26408,1310,9354,4243,55,933,1643,0,338,6002,0,41,0,424,2,1778,284,26407
2026/6/6,16:30,26312,1310,10398,4939,56,961,1674,0,338,4024,0,45,0,675,4,1603,284,26311
2026/6/6,17:00,26316,1310,10884,5223,56,981,1677,0,339,2319,0,85,0,916,10,2234,283,26317
2026/6/6,17:30,26337,1310,11562,5430,56,993,1701,0,339,1104,0,67,0,1369,45,2078,284,26338
2026/6/6,18:00,26353,1310,11828,5686,56,987,1755,0,343,331,0,92,0,1705,44,1942,274,26353
2026/6/6,18:30,26694,1310,12136,5706,55,986,1799,0,342,4,0,54,0,2663,45,1316,277,26693
2026/6/6,19:00,26964,1310,12161,5819,55,990,1827,0,343,0,0,67,0,2576,46,1498,272,26964
2026/6/6,19:30,26606,1309,12248,5991,55,999,1821,0,344,0,0,32,0,2219,46,1261,280,26605
2026/6/6,20:00,26134,1309,12211,5996,56,1003,1405,0,345,0,0,44,0,2014,37,1459,255,26134
2026/6/6,20:30,25613,1310,11724,5994,56,999,1384,0,345,0,0,91,0,1601,28,1815,267,25614
2026/6/6,21:00,24994,1310,11873,5995,56,958,1370,0,345,0,0,84,0,1449,4,1295,255,24994
2026/6/6,21:30,24341,1310,11110,5995,56,917,1355,0,345,0,0,93,0,1157,2,1740,263,24343
2026/6/6,22:00,24067,1310,11275,5994,56,897,1301,0,345,0,0,52,0,1251,3,1339,243,24066
2026/6/6,22:30,23606,1310,10176,5994,56,898,1276,0,345,0,0,77,0,964,11,2240,260,23607
2026/6/6,23:00,23145,1309,10172,5955,56,968,1278,0,344,0,0,85,0,449,7,2278,244,23145
2026/6/6,23:30,22448,1310,10065,5870,56,975,1258,0,342,0,0,100,0,131,3,2075,264,22449
2026/6/7,0:00,21714,1309,9737,5786,55,942,1341,0,342,0,0,56,0,0,4,2023,119,21714
2026/6/7,0:30,20940,1310,9354,5709,56,937,1366,0,342,0,0,56,0,-1,0,1643,169,20941
2026/6/7,1:00,20410,1310,9240,5449,56,923,1346,0,343,0,0,38,0,-13,2,1524,193,20411
2026/6/7,1:30,20186,1310,8760,5471,56,921,1331,0,342,0,0,45,0,-26,2,1776,198,20186
2026/6/7,2:00,20071,1310,9288,5443,56,933,1306,0,342,0,0,41,0,-26,2,1177,199,20071
2026/6/7,2:30,20115,1310,9365,5439,55,935,1223,0,343,0,0,38,0,-26,0,1228,205,20115
2026/6/7,3:00,20332,1310,9701,5347,55,931,1220,0,344,0,0,38,0,-25,0,1206,205,20332
2026/6/7,3:30,20474,1309,9762,5164,55,932,1216,0,345,0,0,39,0,-26,3,1479,196,20474
2026/6/7,4:00,20574,1310,10108,4909,55,942,1213,0,343,0,0,37,0,313,3,1108,231,20572
2026/6/7,4:30,20413,1310,9735,4590,55,932,1212,0,343,11,0,46,0,462,2,1502,212,20412
2026/6/7,5:00,20173,1310,10018,3875,56,930,1221,0,344,253,0,36,0,837,2,1071,220,20173
2026/6/7,5:30,19767,1310,9735,3565,55,923,1234,0,343,538,0,33,0,657,2,1176,195,19766
2026/6/7,6:00,19663,1310,9542,3154,55,899,1226,0,344,1003,0,29,0,-666,3,2526,238,19663
2026/6/7,6:30,19650,1310,9890,2558,56,895,1232,0,344,1464,0,39,0,-973,2,2615,218,19650
2026/6/7,7:00,19836,1310,9370,2309,55,891,1225,0,344,1781,0,32,0,-972,2,3229,260,19836
2026/6/7,7:30,20364,1309,9255,2365,56,888,1199,0,343,2366,0,57,0,-1034,2,3317,242,20365
2026/6/7,8:00,21256,1310,9281,2363,55,876,1264,0,341,2882,0,56,0,-449,0,2984,291,21254
2026/6/7,8:30,21883,1309,9541,2363,55,876,1277,0,340,2880,0,60,0,-400,0,3282,300,21883
2026/6/7,9:00,22628,1309,9213,2362,90,873,1290,0,339,3114,0,71,0,-407,6,4084,285,22629
2026/6/7,9:30,22966,1309,9628,2456,90,880,1284,0,339,3373,0,84,0,-830,4,4039,310,22966
2026/6/7,10:00,23048,1309,9838,2759,90,895,1196,0,339,3736,0,77,0,-1511,4,4082,234,23048
2026/6/7,10:30,23212,1310,9800,3100,90,897,1182,0,338,4395,0,81,0,-1764,4,3512,267,23212
2026/6/7,11:00,23589,1310,9058,3487,90,890,1150,0,339,5006,0,84,0,-1761,4,3664,269,23590
2026/6/7,11:30,24467,1310,9694,4019,55,888,1144,0,338,5211,0,85,0,-1783,0,3241,265,24467
2026/6/7,12:00,25119,1309,10429,4788,55,885,1115,0,336,4569,0,101,0,-2329,0,3593,267,25118
2026/6/7,12:30,24852,1309,10642,5366,55,892,1101,0,337,3470,0,96,0,-2329,0,3652,261,24852
2026/6/7,13:00,24731,1309,10451,5465,55,910,1095,0,337,2690,0,126,0,-2207,0,4243,258,24732
2026/6/7,13:30,24632,1309,10844,5466,55,882,1116,0,336,2178,0,131,0,-2189,7,4245,251,24631
2026/6/7,14:00,24737,1309,11415,5466,54,889,1139,0,337,1816,0,143,0,-1927,13,3823,260,24737
2026/6/7,14:30,24550,1308,11518,5467,55,877,1144,0,337,1396,0,93,0,-1190,0,3292,254,24551
2026/6/7,15:00,24629,1309,11846,5462,55,871,1148,0,336,1019,0,97,0,-378,0,2612,253,24630
2026/6/7,15:30,24860,1308,11304,5464,55,879,1164,0,336,769,0,154,0,-275,6,3444,253,24861
2026/6/7,16:00,25284,1308,11555,5463,54,886,1430,0,337,517,0,135,0,-275,1,3594,279,25284
2026/6/7,16:30,25811,1308,12399,5464,54,880,1471,0,337,325,0,161,0,-202,9,3327,277,25810
2026/6/7,17:00,26311,1307,12846,5464,54,880,1526,0,339,198,0,162,0,199,12,3041,282,26310
2026/6/7,17:30,26944,1307,13208,5461,55,871,1560,0,339,102,0,169,0,377,37,3174,285,26945
2026/6/7,18:00,27410,1307,13483,5537,54,887,1757,0,342,41,0,195,0,124,45,3330,308,27410
2026/6/7,18:30,27721,1308,13434,5552,55,900,1691,0,342,1,0,201,0,601,41,3281,315,27722
2026/6/7,19:00,27636,1308,12927,5666,56,897,1729,0,343,0,0,212,0,957,38,3200,302,27635
2026/6/7,19:30,27168,1308,12429,5841,56,890,1707,0,343,0,0,203,0,959,34,3099,300,27169
2026/6/7,20:00,26772,1308,12316,5842,56,891,1292,0,344,0,0,221,0,979,28,3209,288,26774
2026/6/7,20:30,26266,1308,11999,5845,56,854,1281,0,344,0,0,219,0,823,19,3261,258,26267
2026/6/7,21:00,25634,1309,12253,5844,56,859,1255,0,344,0,0,216,0,413,4,2879,203,25635
2026/6/7,21:30,25013,1309,12012,5843,56,864,1239,0,344,0,0,211,0,211,5,2707,212,25013
2026/6/7,22:00,24534,1310,12004,5842,55,869,1202,0,346,0,0,211,0,139,2,2360,193,24533
2026/6/7,22:30,23821,1310,11317,5845,56,871,1185,0,346,0,0,206,0,2,4,2476,204,23822
2026/6/7,23:00,23436,1310,11199,5883,56,894,1170,0,343,0,0,219,0,0,2,2162,198,23436
2026/6/7,23:30,22880,1310,10429,5967,55,892,1167,0,342,0,0,190,0,0,2,2320,207,22881
2026/6/8,0:00,22176,1310,9700,5990,58,906,1255,0,341,0,0,212,0,0,2,2254,148,22176
2026/6/8,0:30,21417,1310,9212,5995,58,942,1288,0,341,0,0,217,0,-11,2,1875,188,21417
2026/6/8,1:00,21055,1310,9247,5993,59,942,1288,0,342,0,0,218,0,-253,4,1709,196,21055
2026/6/8,1:30,20727,1310,8854,5993,59,986,1289,0,342,0,0,221,0,-259,2,1732,199,20728
2026/6/8,2:00,20772,1310,9000,5994,58,981,1209,0,342,0,0,220,0,-259,2,1714,201,20772
2026/6/8,2:30,20823,1310,9229,5994,58,1033,1212,0,342,0,0,205,0,-259,3,1492,202,20821
2026/6/8,3:00,21191,1311,8966,5991,58,1114,1347,0,343,0,0,233,0,-8,4,1631,201,21191
2026/6/8,3:30,21237,1311,9041,5995,58,1121,1347,0,345,0,0,263,0,-7,2,1565,197,21238
2026/6/8,4:00,21641,1311,9735,5993,58,1119,1268,0,343,0,0,260,0,-7,2,1351,205,21638
2026/6/8,4:30,21570,1311,10166,5994,58,1130,1268,0,343,11,0,235,0,-124,2,997,179,21570
2026/6/8,5:00,21851,1311,10357,5992,59,1128,1271,0,343,148,0,217,0,-141,2,979,185,21851
2026/6/8,5:30,21738,1311,9707,5996,58,1141,1270,0,342,298,0,235,0,-17,2,1240,155,21738
2026/6/8,6:00,22338,1311,9436,5994,58,1124,1233,0,342,623,0,179,0,0,2,1807,228,22337
2026/6/8,6:30,23142,1311,9277,5995,58,1142,1234,0,343,1008,0,168,0,-11,0,2430,185,23140
2026/6/8,7:00,24406,1311,9702,5998,58,1160,1232,0,342,1564,0,185,0,-8,2,2605,254,24405
2026/6/8,7:30,25436,1311,10195,5999,59,1129,1205,0,340,2101,0,199,0,-6,2,2691,212,25437
2026/6/8,8:00,26940,1311,10807,5997,58,1134,1268,0,334,2861,0,192,0,0,0,2749,229,26940
2026/6/8,8:30,28698,1311,11710,5999,58,1107,1280,0,333,3753,0,176,0,0,0,2736,237,28700
2026/6/8,9:00,30056,1311,12524,5999,58,1087,1312,0,330,4334,0,198,0,0,2,2666,235,30056
2026/6/8,9:30,30399,1311,12631,5998,58,1096,1301,0,329,4920,0,192,0,0,2,2314,247,30399
2026/6/8,10:00,30554,1311,13571,6000,58,1117,1208,0,330,5349,0,191,0,0,0,1179,241,30555
2026/6/8,10:30,31220,1311,13631,5999,58,1150,1188,0,329,6008,0,181,0,133,2,980,251,31221
2026/6/8,11:00,31069,1311,13842,6007,58,1167,1184,0,331,6003,0,173,0,0,2,747,245,31070
2026/6/8,11:30,31007,1311,13845,6021,58,1152,1188,0,331,5989,0,161,0,54,2,648,247,31007
2026/6/8,12:00,29945,1311,12367,6058,57,1118,1176,0,329,5880,0,157,0,0,0,1264,226,29943
2026/6/8,12:30,29623,1311,12066,6055,57,1134,1180,0,330,5914,0,149,0,0,0,1176,250,29622
2026/6/8,13:00,30739,1311,13919,6053,58,1110,1174,0,327,5717,0,140,0,487,3,198,243,30740
2026/6/8,13:30,31134,1311,14178,6062,58,1158,1216,0,326,5489,0,133,0,695,6,265,239,31136
2026/6/8,14:00,31594,1311,14777,6064,58,1194,1270,0,327,5432,0,127,0,479,8,313,234,31594
2026/6/8,14:30,31705,1311,15128,6064,58,1195,1294,0,327,5082,0,127,0,481,9,402,227,31705
2026/6/8,15:00,31517,1311,15417,6046,58,1203,1353,0,328,4465,0,127,0,521,13,425,250,31517
2026/6/8,15:30,31987,1311,16502,5996,58,1210,1361,0,328,3532,0,131,0,775,18,518,248,31988
2026/6/8,16:00,31983,1311,16771,5999,58,1210,1562,0,331,2605,0,125,0,1255,3,503,252,31985
2026/6/8,16:30,31933,1311,17398,5996,58,1204,1568,0,332,1757,0,100,0,1467,15,486,242,31934
2026/6/8,17:00,31394,1311,17525,5996,58,1204,1552,0,335,976,0,104,0,1488,11,600,231,31391
2026/6/8,17:30,31397,1310,17948,5994,58,1202,1544,0,335,470,0,110,0,1652,39,512,223,31397
2026/6/8,18:00,31327,1310,17858,5994,58,1190,2136,0,338,156,0,122,0,1516,23,421,205,31327
2026/6/8,18:30,31438,1310,17964,5995,58,1194,2135,0,339,3,0,129,0,1838,39,215,220,31439
2026/6/8,19:00,31091,1310,17900,5994,57,1197,2139,0,339,0,0,131,0,1567,30,210,217,31091
2026/6/8,19:30,30394,1310,17581,5996,57,1191,2118,0,341,0,0,76,0,1211,20,267,226,30394
2026/6/8,20:00,29581,1311,17566,5993,57,1182,1392,0,342,0,0,80,0,963,20,459,215,29580
2026/6/8,20:30,29062,1311,17449,5994,59,1166,1372,0,342,0,0,102,0,655,15,369,229,29063
2026/6/8,21:00,28141,1310,16996,5995,59,1140,1191,0,342,0,0,85,0,571,6,222,223,28140
2026/6/8,21:30,27485,1310,16362,5994,59,1145,1173,0,343,0,0,98,0,67,2,693,238,27484
2026/6/8,22:00,27228,1311,16554,5993,59,1147,1141,0,343,0,0,117,0,55,2,311,196,27229
2026/6/8,22:30,26561,1311,15334,5993,59,1163,1110,0,343,0,0,181,0,181,12,662,211,26560
2026/6/8,23:00,26055,1310,15121,5994,59,1171,1114,0,341,0,0,202,0,53,2,495,193,26055
2026/6/8,23:30,25161,1311,14353,5995,59,1172,1109,0,339,0,0,203,0,0,2,410,208,25161
2026/6/9,0:00,24241,1310,13112,5909,59,1139,1186,0,339,0,0,208,0,0,3,816,159,24240
2026/6/9,0:30,23265,1310,12397,5726,59,1061,1197,0,339,0,0,137,0,-202,5,1029,207,23265
2026/6/9,1:00,22673,1310,12534,5557,60,1004,1207,0,339,0,0,130,0,-410,2,739,202,22674
2026/6/9,1:30,22451,1310,11987,5494,60,1018,1236,0,339,0,0,122,0,-410,3,1086,207,22452
2026/6/9,2:00,22286,1309,12025,5392,60,1027,1186,0,339,0,0,119,0,-409,3,1027,209,22287
2026/6/9,2:30,22300,1309,12046,5381,59,1035,1200,0,340,0,0,113,0,-409,2,1015,208,22299
2026/6/9,3:00,22469,1309,12287,5381,59,1039,1220,0,341,0,0,118,0,-409,2,909,211,22467
2026/6/9,3:30,22611,1310,12648,5380,59,1047,1236,0,342,0,0,116,0,-408,2,676,203,22611
2026/6/9,4:00,22695,1310,12818,5381,59,1063,1242,0,340,0,0,119,0,-408,2,566,202,22694
2026/6/9,4:30,22770,1310,13023,5381,59,1074,1250,0,340,11,0,115,0,-408,2,434,180,22771
2026/6/9,5:00,22939,1311,13176,5381,59,1072,1235,0,341,124,0,111,0,-525,2,392,260,22939
2026/6/9,5:30,23053,1310,13012,5383,59,1062,1246,0,340,217,0,107,0,-810,2,896,229,23053
2026/6/9,6:00,23685,1310,12768,5381,59,1065,1264,0,340,364,0,134,0,-1017,2,1763,251,23684
2026/6/9,6:30,24322,1310,13818,5380,60,1069,1258,0,341,507,0,112,0,-1737,3,1990,210,24321
2026/6/9,7:00,25217,1310,13317,5382,60,1068,1263,0,339,769,0,100,0,-1230,6,2592,242,25218
2026/6/9,7:30,26159,1310,13200,5343,60,1067,1242,0,338,1123,0,112,0,-621,8,2775,204,26161
2026/6/9,8:00,27749,1310,13770,5381,60,1056,1301,0,334,1588,0,142,0,-227,8,2802,222,27747
2026/6/9,8:30,29202,1310,14437,5384,60,1047,1314,0,332,2242,0,163,0,-43,10,2705,241,29202
2026/6/9,9:00,30605,1310,14979,5382,94,1047,1327,0,330,3004,0,178,0,101,18,2585,250,30605
2026/6/9,9:30,30924,1311,15387,5381,58,1062,1326,0,330,3349,0,153,0,156,11,2133,267,30924
2026/6/9,10:00,30644,1310,14503,5374,58,1071,1313,0,330,3452,0,146,0,-236,9,3049,266,30645
2026/6/9,10:30,30773,1310,14569,5373,94,1050,1288,0,329,4071,0,151,0,-299,13,2540,284,30773
2026/6/9,11:00,31202,1310,14977,5375,93,1061,1198,0,331,4822,0,166,0,-160,17,1735,278,31203
2026/6/9,11:30,31452,1309,15497,5377,94,1069,1175,0,332,4948,0,171,0,-1236,11,2425,281,31453
2026/6/9,12:00,30519,1309,15690,5374,59,1071,1149,0,330,4589,0,192,0,-2081,6,2587,244,30519
2026/6/9,12:30,29643,1309,14911,5374,59,1052,1145,0,330,4370,0,224,0,-2483,3,3093,255,29642
2026/6/9,13:00,31141,1310,15696,5373,59,1044,1146,0,329,4313,0,229,0,-1143,4,2547,233,31140
2026/6/9,13:30,30765,1309,15568,5372,59,1053,1145,0,328,3989,0,215,0,-759,8,2245,232,30764
2026/6/9,14:00,31151,1309,15876,5374,59,1058,1155,0,329,4084,0,279,0,-607,14,1985,235,31150
2026/6/9,14:30,31041,1309,15516,5374,58,1062,1154,0,328,3732,0,203,0,226,2,1845,231,31040
2026/6/9,15:00,30983,1309,16224,5375,59,1055,1197,0,328,3363,0,225,0,125,15,1469,240,30984
2026/6/9,15:30,31561,1309,16535,5371,59,1051,1212,0,329,2664,0,296,0,447,23,2027,237,31560
2026/6/9,16:00,30992,1309,16161,5333,59,1049,1554,0,331,1761,0,265,0,989,9,1914,258,30992
2026/6/9,16:30,31062,1310,16090,5372,59,1064,1612,0,332,1399,0,294,0,1349,19,1916,246,31062
2026/6/9,17:00,30855,1309,16412,5374,59,1068,1983,0,336,978,0,290,0,1330,15,1471,230,30855
2026/6/9,17:30,31087,1310,16508,5374,59,1065,1995,0,336,583,0,285,0,1406,34,1915,217,31087
2026/6/9,18:00,31088,1310,16724,5372,59,1059,2000,0,339,214,0,294,0,1457,41,2012,207,31088
2026/6/9,18:30,31246,1310,16855,5371,59,1066,1995,0,340,4,0,302,0,1782,31,1916,215,31246
2026/6/9,19:00,30923,1309,17078,5373,59,1060,1998,0,340,0,0,302,0,1911,29,1250,215,30924
2026/6/9,19:30,30308,1310,16711,5373,59,1036,1898,0,341,0,0,291,0,1557,22,1470,240,30308
2026/6/9,20:00,29537,1310,16499,5373,59,1052,1665,0,342,0,0,286,0,1236,18,1448,249,29537
2026/6/9,20:30,28936,1310,16090,5372,59,1058,1649,0,342,0,0,243,0,812,14,1728,258,28935
2026/6/9,21:00,28126,1310,16170,5373,59,1074,1346,0,342,0,0,234,0,991,6,965,256,28126
2026/6/9,21:30,27367,1310,15596,5372,59,1064,1347,0,343,0,0,224,0,680,2,1101,272,27370
2026/6/9,22:00,27024,1310,15687,5373,59,1066,1226,0,343,0,0,231,0,466,2,1005,255,27023
2026/6/9,22:30,26297,1310,14601,5371,59,1068,1206,0,343,0,0,206,0,213,4,1645,271,26297
2026/6/9,23:00,25719,1310,14613,5371,58,1068,1193,0,341,0,0,206,0,214,3,1149,192,25718
2026/6/9,23:30,24929,1310,13629,5374,58,1066,1193,0,339,0,0,215,0,214,4,1318,209,24929
2026/6/10,0:00,24024,1309,12098,5368,55,1062,1259,0,339,0,0,196,0,70,2,2142,122,24022
2026/6/10,0:30,23064,1309,11403,5372,56,1044,1286,0,339,0,0,220,0,0,0,1862,173,23064
2026/6/10,1:00,22541,1310,11273,5371,56,1058,1286,0,339,0,0,213,0,0,2,1431,202,22541
2026/6/10,1:30,22156,1310,10810,5370,55,1057,1288,0,339,0,0,181,0,0,2,1534,209,22155
2026/6/10,2:00,22063,1310,10823,5373,56,1072,1299,0,339,0,0,212,0,0,2,1366,212,22064
2026/6/10,2:30,22147,1310,10857,5375,55,1076,1322,0,340,0,0,186,0,0,2,1414,210,22147
2026/6/10,3:00,22310,1310,11444,5373,56,1066,1324,0,340,0,0,163,0,1,2,1024,207,22310
2026/6/10,3:30,22509,1310,11803,5371,55,1063,1248,0,342,0,0,141,0,91,2,877,207,22510
2026/6/10,4:00,22575,1310,12060,5372,55,1077,1242,0,340,0,0,135,0,92,2,691,198,22574
2026/6/10,4:30,22480,1310,12164,5224,55,1086,1243,0,340,11,0,124,0,85,2,662,174,22480
2026/6/10,5:00,22530,1310,12433,4885,55,1052,1248,0,339,227,0,117,0,0,2,655,206,22529
2026/6/10,5:30,22487,1310,12869,4213,56,1014,1248,0,339,510,0,110,0,-129,0,772,174,22486
2026/6/10,6:00,23105,1310,13051,3877,55,1030,1236,0,340,989,0,161,0,-1053,0,1923,186,23105
2026/6/10,6:30,23796,1310,12430,3670,55,926,1240,0,339,1702,0,152,0,-1051,0,2878,145,23796
2026/6/10,7:00,24765,1310,12555,3489,55,878,1225,0,338,2563,0,144,0,-1112,0,3142,177,24764
2026/6/10,7:30,25589,1310,12053,3573,55,893,1223,0,336,3485,0,135,0,-1096,2,3437,184,25590
2026/6/10,8:00,27318,1310,12580,3298,55,864,1218,0,333,4761,0,118,0,-1078,0,3598,261,27318
2026/6/10,8:30,28849,1309,12783,3010,55,870,1226,0,331,5681,0,136,0,-295,12,3438,292,28848
2026/6/10,9:00,30233,1310,13005,2924,54,878,1306,0,329,6635,0,133,0,0,13,3352,293,30232
2026/6/10,9:30,30634,1310,13279,2836,55,869,1282,0,329,7308,0,133,0,0,8,2916,307,30632
2026/6/10,10:00,30143,1310,12853,2839,55,902,1278,0,329,7299,0,132,0,0,5,2842,298,30142
2026/6/10,10:30,30383,1310,12350,2838,55,902,1276,0,328,7914,0,104,0,-33,0,3027,312,30383
2026/6/10,11:00,30621,1310,12001,2837,55,879,1265,0,330,8456,0,135,0,-525,2,3582,294,30621
2026/6/10,11:30,30465,1309,12028,2840,55,874,1174,0,330,8953,0,132,0,-1222,0,3693,298,30464
2026/6/10,12:00,29520,1309,11779,2842,55,884,1141,0,329,9266,0,126,0,-2157,0,3654,292,29520
2026/6/10,12:30,29417,1308,11962,2840,55,884,1137,0,329,9507,0,126,0,-2629,1,3614,282,29416
2026/6/10,13:00,30261,1307,12204,2838,56,869,1153,0,327,9393,0,125,0,-1990,1,3704,273,30260
2026/6/10,13:30,30714,1308,12046,2901,56,885,1167,0,327,9263,0,114,0,-1103,1,3477,272,30714
2026/6/10,14:00,30958,1306,11707,3092,56,914,1170,0,328,8983,0,122,0,-397,0,3411,267,30959
2026/6/10,14:30,31109,1307,12470,3316,57,922,1209,0,327,8384,0,100,0,54,0,2698,264,31108
2026/6/10,15:00,30890,1308,12076,3655,57,931,1372,0,327,7319,0,122,0,-5,6,3440,281,30889
2026/6/10,15:30,31134,1309,13110,4255,56,912,1409,0,328,6077,0,130,0,-3,10,3265,277,31135
2026/6/10,16:00,31010,1308,14405,4857,56,907,1758,0,329,4687,0,109,0,0,7,2282,305,31010
2026/6/10,16:30,31001,1309,15521,5228,56,888,1786,0,332,3374,0,93,0,347,7,1768,293,31002
2026/6/10,17:00,30372,1309,14867,5376,55,881,1914,0,335,2107,0,99,0,656,11,2455,306,30371
2026/6/10,17:30,29951,1309,15080,5373,56,908,1856,0,335,1092,0,123,0,832,25,2673,289,29951
2026/6/10,18:00,29807,1310,15348,5374,55,901,1897,0,338,413,0,122,0,1294,39,2427,289,29807
2026/6/10,18:30,30016,1310,15217,5372,56,909,1898,0,338,8,0,121,0,1819,42,2623,305,30018
2026/6/10,19:00,29960,1310,15565,5266,56,893,1907,0,338,0,0,124,0,1889,38,2290,283,29959
2026/6/10,19:30,29580,1310,14964,5205,56,909,1898,0,338,0,0,124,0,1785,33,2656,302,29580
2026/6/10,20:00,28775,1310,14512,5116,56,889,1765,0,340,0,0,123,0,1822,18,2546,278,28775
2026/6/10,20:30,28217,1310,14792,5094,56,866,1735,0,340,0,0,124,0,1593,19,2003,286,28218
2026/6/10,21:00,27349,1310,14970,5088,56,889,1375,0,341,0,0,125,0,1703,3,1226,263,27349
2026/6/10,21:30,26531,1310,14602,5087,56,848,1359,0,341,0,0,102,0,1195,3,1352,277,26532
2026/6/10,22:00,26202,1310,14703,5087,57,845,1245,0,341,0,0,76,0,1380,1,882,276,26203
2026/6/10,22:30,25672,1310,13787,5087,57,840,1240,0,341,0,0,123,0,658,8,1955,266,25672
2026/6/10,23:00,25118,1310,13701,5085,56,829,1239,0,339,0,0,122,0,259,5,2015,158,25118
2026/6/10,23:30,24208,1311,13793,5084,56,849,1197,0,337,0,0,118,0,0,0,1294,168,24207
2026/6/11,0:00,23292,1310,12544,5084,57,917,1295,0,332,0,0,52,0,0,0,1572,129,23292
2026/6/11,0:30,22422,1310,11478,5083,57,1044,1329,0,331,0,0,56,0,0,5,1552,176,22421
2026/6/11,1:00,21825,1310,11051,5095,56,1025,1357,0,332,0,0,50,0,0,2,1351,195,21824
2026/6/11,1:30,21563,1311,10686,5105,56,996,1357,0,332,0,0,52,0,0,2,1464,203,21564
2026/6/11,2:00,21425,1311,10467,5105,56,1023,1355,0,332,0,0,42,0,0,2,1527,204,21424
2026/6/11,2:30,21510,1311,10744,5112,56,1022,1271,0,332,0,0,68,0,0,3,1386,205,21510
2026/6/11,3:00,21720,1311,11027,5157,56,1002,1283,0,334,0,0,74,0,0,2,1270,204,21720
2026/6/11,3:30,21850,1311,11386,5173,56,1039,1282,0,335,0,0,66,0,42,2,959,199,21850
2026/6/11,4:00,22025,1311,11437,5166,56,1044,1285,0,334,0,0,86,0,94,1,1005,206,22025
2026/6/11,4:30,21762,1311,11474,4911,56,1017,1293,0,333,11,0,45,0,92,3,1033,182,21761
2026/6/11,5:00,21780,1311,11993,4290,56,1036,1292,0,332,458,0,33,0,20,0,781,178,21780
2026/6/11,5:30,21666,1311,11589,3551,56,1013,1296,0,332,1177,0,22,0,-1,2,1175,145,21668
2026/6/11,6:00,22209,1311,10359,3076,55,1038,1273,0,334,2325,0,76,0,-395,1,2526,229,22208
2026/6/11,6:30,22853,1311,10473,2788,55,1046,1276,0,335,3899,0,77,0,-1439,1,2845,186,22853
2026/6/11,7:00,24009,1311,10416,2737,55,1027,1270,0,332,5467,0,69,0,-1994,0,3084,235,24009
2026/6/11,7:30,25076,1311,10699,2711,55,1014,1267,0,332,6871,0,75,0,-2275,0,2774,242,25076
2026/6/11,8:00,26805,1311,10645,2652,55,1023,1200,0,329,8391,0,66,0,-2057,0,2886,304,26805
2026/6/11,8:30,28815,1311,10259,2679,55,1017,1205,0,328,10106,0,64,0,-1563,1,3036,317,28815
2026/6/11,9:00,30587,1311,10551,2716,56,1001,1253,0,325,11578,0,60,0,-1363,1,2803,297,30589
2026/6/11,9:30,31651,1311,10694,2710,56,1013,1230,0,325,12452,0,72,0,-738,5,2210,311,31651
2026/6/11,10:00,31634,1311,10226,2699,56,1003,1215,0,324,12688,0,76,0,-664,3,2405,293,31635
2026/6/11,10:30,32443,1311,10302,2698,56,1016,1212,0,323,13093,0,68,0,-956,3,3009,307,32442
2026/6/11,11:00,32812,1311,10286,2698,57,1072,1164,0,324,12823,0,64,0,-689,7,3404,290,32811
2026/6/11,11:30,32275,1310,10423,2696,57,1029,1117,0,324,12289,0,58,0,-776,4,3450,295,32276
2026/6/11,12:00,31767,1310,9836,2699,57,988,1110,0,324,12400,0,56,0,-903,6,3601,283,31767
2026/6/11,12:30,31706,1310,10224,2714,57,1005,1109,0,325,12181,0,57,0,-1092,3,3528,286,31707
2026/6/11,13:00,32926,1310,11556,2779,57,996,1113,0,321,11520,0,71,0,-448,5,3386,261,32927
2026/6/11,13:30,33040,1310,12210,2886,57,999,1108,0,322,10448,0,69,0,200,4,3168,260,33041
2026/6/11,14:00,33299,1306,12850,3202,57,1000,1114,0,322,9573,0,90,0,3,3,3521,256,33297
2026/6/11,14:30,32912,1309,13848,3788,57,1024,1153,0,320,8169,0,78,0,-34,5,2950,246,32913
2026/6/11,15:00,32762,1309,14432,4325,57,1040,1474,0,321,6746,0,94,0,-196,0,2897,265,32764
2026/6/11,15:30,32877,1310,15426,4927,56,1041,1487,0,322,5145,0,95,0,0,14,2795,259,32877
2026/6/11,16:00,32410,1309,15756,5234,56,1025,1532,0,323,3569,0,92,0,218,0,2991,304,32409
2026/6/11,16:30,32065,1309,16185,5270,56,1016,1535,0,324,2482,0,101,0,743,4,2744,296,32065
2026/6/11,17:00,31259,1309,16252,5309,56,1018,1528,0,327,1462,0,105,0,849,9,2723,311,31258
2026/6/11,17:30,31011,1310,16461,5315,56,1018,1559,0,327,757,0,103,0,1128,24,2653,299,31010
2026/6/11,18:00,30820,1310,16648,5315,56,1039,1571,0,330,272,0,108,0,1274,30,2563,304,30820
2026/6/11,18:30,31210,1309,17161,5315,56,1040,1584,0,331,6,0,119,0,1580,32,2367,310,31210
2026/6/11,19:00,30888,1308,16606,5314,56,1046,1521,0,331,0,0,132,0,1740,36,2508,291,30889
2026/6/11,19:30,30267,1309,16200,5316,56,1005,1499,0,332,0,0,140,0,1672,26,2405,307,30267
2026/6/11,20:00,29547,1309,16026,5316,56,1002,1411,0,332,0,0,148,0,2734,28,903,280,29545
2026/6/11,20:30,28919,1309,15962,5315,56,1019,1400,0,333,0,0,148,0,1672,9,1403,292,28918
2026/6/11,21:00,28075,1310,15979,5315,56,935,1382,0,333,0,0,152,0,1455,6,886,266,28075
2026/6/11,21:30,27312,1310,15041,5317,56,877,1373,0,333,0,0,158,0,1115,4,1482,246,27312
2026/6/11,22:00,26948,1310,14891,5314,56,913,1355,0,333,0,0,156,0,1111,2,1307,201,26949
2026/6/11,22:30,26324,1309,14013,5315,56,1002,1357,0,333,0,0,154,0,921,9,1640,215,26324
2026/6/11,23:00,25770,1309,14007,5314,56,1032,1254,0,330,0,0,148,0,786,16,1333,186,25771
2026/6/11,23:30,24875,1310,12893,5315,56,1047,1222,0,329,0,0,138,0,736,3,1617,209,24875
2026/6/12,0:00,23905,1311,12001,5311,56,1010,1218,0,333,0,0,71,0,340,4,2129,120,23904
2026/6/12,0:30,22983,1311,11328,5316,56,1004,1243,0,332,0,0,76,0,45,6,2098,167,22982
2026/6/12,1:00,22366,1310,10627,5314,56,1000,1239,0,333,0,0,58,0,36,5,2196,191,22365
2026/6/12,1:30,22058,1310,10544,5312,56,999,1233,0,333,0,0,57,0,0,2,2010,202,22058
2026/6/12,2:00,21866,1310,10476,5315,56,1001,1227,0,333,0,0,70,0,0,2,1870,205,21865
2026/6/12,2:30,21975,1310,10907,5316,56,1002,1145,0,333,0,0,62,0,0,1,1640,203,21975
2026/6/12,3:00,22128,1310,11206,5313,56,996,1150,0,337,0,0,57,0,0,2,1493,207,22127
2026/6/12,3:30,22243,1310,11409,5315,57,1006,1140,0,337,0,0,60,0,0,2,1409,198,22243
2026/6/12,4:00,22412,1310,11496,5315,57,1022,1132,0,336,0,0,76,0,0,5,1459,203,22411
2026/6/12,4:30,22160,1310,11365,5313,57,984,1126,0,335,11,0,98,0,0,1,1378,181,22159
2026/6/12,5:00,22183,1310,11371,5348,57,995,1118,0,335,437,0,45,0,-2,0,1002,167,22183
2026/6/12,5:30,22107,1310,10296,5419,56,982,1137,0,334,1073,0,66,0,-267,0,1565,137,22108
2026/6/12,6:00,22645,1311,9819,5448,56,980,1134,0,336,2136,0,50,0,-1197,0,2317,256,22646
2026/6/12,6:30,23543,1310,9754,5369,56,999,1139,0,336,3426,0,59,0,-1435,1,2282,246,23542
2026/6/12,7:00,24931,1310,9581,5294,56,1009,1135,0,334,4826,0,67,0,-1566,0,2644,241,24931
2026/6/12,7:30,26099,1310,9017,5453,55,1001,1135,0,333,6109,0,65,0,-1596,0,2965,251,26098
2026/6/12,8:00,27827,1310,9119,5553,55,954,1137,0,331,7893,0,51,0,-1889,2,3010,300,27826
2026/6/12,8:30,30310,1310,10109,5550,56,965,1138,0,329,9647,0,59,0,-1886,1,2718,314,30310
2026/6/12,9:00,32396,1310,10921,5552,55,941,1180,0,328,11002,0,71,0,-1884,3,2617,299,32395
2026/6/12,9:30,33323,1309,11008,5553,55,927,1162,0,327,11719,0,84,0,-1881,2,2739,317,33321
2026/6/12,10:00,33627,1310,11008,5549,55,897,1136,0,327,12172,0,85,0,-1554,5,2343,294,33627
2026/6/12,10:30,34133,1310,11304,5551,55,897,1122,0,327,12627,0,88,0,-1663,4,2207,305,34134
2026/6/12,11:00,34732,1310,11362,5550,55,881,1036,0,329,12843,0,79,0,-1279,4,2266,295,34731
2026/6/12,11:30,35328,1310,11265,5552,55,904,1030,0,326,12487,0,83,0,-706,3,2719,299,35327
2026/6/12,12:00,34710,1311,11355,5549,54,950,1026,0,326,11306,0,79,0,-814,3,3267,297,34709
2026/6/12,12:30,33623,1311,11631,5552,54,925,1027,0,326,9678,0,79,0,-856,7,3592,297,33623
2026/6/12,13:00,34141,1311,12439,5553,55,907,1034,0,332,8560,0,89,0,-42,3,3635,266,34142
2026/6/12,13:30,33916,1310,12686,5549,56,932,1026,0,341,7343,0,90,0,688,5,3633,258,33917
2026/6/12,14:00,33084,1310,13180,5546,56,927,1023,0,352,6373,0,97,0,262,6,3671,281,33084
2026/6/12,14:30,31464,1310,12223,5546,56,936,1053,0,352,5986,0,92,0,-84,5,3711,279,31465
2026/6/12,15:00,31700,1309,12904,5544,56,918,1118,0,356,6196,0,97,0,-1,2,2921,280,31700
2026/6/12,15:30,31900,1309,14078,5546,56,954,1091,0,358,5460,0,99,0,-2,25,2650,276,31900
2026/6/12,16:00,31765,1309,14060,5546,56,953,1373,0,364,4469,0,87,0,616,2,2670,261,31766
2026/6/12,16:30,31765,1309,14804,5548,56,958,1392,0,365,3306,0,75,0,1204,20,2479,249,31765
2026/6/12,17:00,31253,1310,14526,5544,56,972,1301,0,372,2043,0,81,0,1595,11,3150,292,31253
2026/6/12,17:30,31012,1310,14955,5366,56,958,1358,0,372,1039,0,84,0,1996,41,3188,288,31011
2026/6/12,18:00,30572,1309,15187,5012,55,951,1671,0,376,381,0,73,0,2523,30,2705,299,30572
2026/6/12,18:30,30628,1308,15323,5008,55,966,1704,0,377,10,0,92,0,2714,35,2730,306,30628
2026/6/12,19:00,30479,1309,15259,5010,55,976,1690,0,380,0,0,100,0,2763,39,2619,280,30480
2026/6/12,19:30,29869,1309,15220,5009,55,1008,1671,0,381,0,0,87,0,2312,33,2487,298,29870
2026/6/12,20:00,29038,1309,14853,5009,55,985,1621,0,383,0,0,78,0,2061,15,2396,273,29038
2026/6/12,20:30,28459,1309,14275,5011,55,1001,1608,0,385,0,0,86,0,1788,14,2643,285,28460
2026/6/12,21:00,27527,1309,13521,5013,56,1008,1549,0,386,0,0,60,0,1258,10,3094,264,27528
2026/6/12,21:30,26763,1309,13770,5011,56,1008,1529,0,386,0,0,106,0,541,8,2776,263,26763
2026/6/12,22:00,26515,1308,13687,4984,55,1003,1515,0,386,0,0,68,0,337,6,2896,269,26514
2026/6/12,22:30,25843,1309,13185,4872,55,1034,1496,0,386,0,0,103,0,34,3,3124,243,25844
2026/6/12,23:00,25307,1308,13394,4814,56,985,1073,0,384,0,0,107,0,0,2,2954,231,25308
2026/6/12,23:30,24433,1308,12926,4693,56,979,1055,0,382,0,0,78,0,0,0,2712,243,24432
2026/6/13,0:00,23556,1308,12651,4642,57,979,1133,0,340,0,0,76,0,174,4,1958,234,23556
2026/6/13,0:30,22687,1309,11347,4700,57,964,1164,0,340,0,0,110,0,240,3,2179,275,22688
2026/6/13,1:00,22155,1309,10516,4698,57,944,1162,0,340,0,0,111,0,352,7,2412,247,22155
2026/6/13,1:30,21724,1309,10245,4700,57,945,1155,0,337,0,0,88,0,333,5,2301,249,21724
2026/6/13,2:00,21579,1309,10017,4701,57,955,1145,0,332,0,0,74,0,306,0,2425,258,21579
2026/6/13,2:30,21610,1310,9931,4704,57,980,1147,0,331,0,0,82,0,302,2,2505,260,21611
2026/6/13,3:00,21747,1309,10109,4705,57,1005,1067,0,334,0,0,58,0,502,1,2332,268,21747
2026/6/13,3:30,21840,1309,10236,4695,57,957,1062,0,333,0,0,54,0,637,2,2234,264,21840
2026/6/13,4:00,21869,1308,9962,4456,56,959,1045,0,335,0,0,94,0,954,4,2426,270,21869
2026/6/13,4:30,21488,1309,9784,4141,57,952,1038,0,330,11,0,66,0,1056,4,2489,251,21488
2026/6/13,5:00,21159,1310,9658,3840,57,952,1041,0,320,518,0,35,0,1107,1,2041,279,21159
2026/6/13,5:30,20611,1309,9351,3491,57,950,1042,0,318,1269,0,29,0,869,2,1663,261,20611
2026/6/13,6:00,20632,1310,8321,3219,57,975,1066,0,319,2445,0,38,0,-238,2,2844,275,20633
2026/6/13,6:30,20875,1309,7796,3124,57,959,1072,0,319,3985,0,59,0,-1320,2,3263,250,20875
2026/6/13,7:00,21794,1308,7394,2874,57,974,1068,0,316,5843,0,55,0,-2175,1,3839,240,21794
2026/6/13,7:30,22458,1308,6911,2646,56,948,1050,0,316,7760,0,53,0,-2526,2,3635,300,22459
2026/6/13,8:00,23647,1308,7491,2550,56,902,1048,0,313,9670,0,68,0,-2406,1,2328,318,23647
2026/6/13,8:30,24960,1308,7511,2517,56,908,1038,0,312,11088,0,64,0,-2233,1,2072,318,24960
2026/6/13,9:00,26084,1308,7049,2519,56,914,1111,0,309,12254,0,50,0,-2212,1,2420,306,26085
2026/6/13,9:30,27040,1308,6768,2516,56,930,1111,0,309,13418,0,43,0,-2922,1,3195,307,27040
2026/6/13,10:00,28055,1308,7127,2438,56,916,1106,0,332,14351,0,43,0,-3360,1,3449,289,28056
2026/6/13,10:30,28623,1308,7438,2420,56,891,1085,0,331,14760,0,43,0,-3427,1,3426,292,28624
2026/6/13,11:00,28870,1308,7466,2419,55,889,987,0,332,14902,0,39,0,-3034,1,3218,288,28870
2026/6/13,11:30,28987,1307,7232,2424,56,892,986,0,340,15030,0,50,0,-2661,1,3043,288,28988
2026/6/13,12:00,29480,1307,7212,2423,55,884,982,0,349,15267,0,65,0,-2539,1,3191,282,29479
2026/6/13,12:30,29425,1307,7358,2436,55,902,985,0,357,14952,0,50,0,-2509,1,3252,279,29425
2026/6/13,13:00,29705,1308,7374,2422,55,884,981,0,354,14320,0,66,0,-1722,1,3398,264,29705
2026/6/13,13:30,29648,1308,7234,2568,55,891,1021,0,354,13404,0,74,0,-1001,2,3477,260,29647
2026/6/13,14:00,29476,1308,7262,2936,55,865,1072,0,354,12120,0,62,0,-106,4,3288,257,29477
2026/6/13,14:30,28895,1308,7637,3478,55,885,1071,0,354,10724,0,59,0,277,0,2793,256,28897
2026/6/13,15:00,29395,1308,8678,3969,54,891,1209,0,355,9446,0,66,0,278,2,2875,263,29394
2026/6/13,15:30,29380,1307,9887,4238,54,907,1201,0,355,7569,0,65,0,613,1,2923,260,29380
2026/6/13,16:00,29453,1307,10835,4272,54,907,1325,0,364,5754,0,74,0,849,4,3425,282,29452
2026/6/13,16:30,29488,1307,12901,4338,55,930,1350,0,372,3958,0,62,0,980,4,2950,281,29488
2026/6/13,17:00,29091,1306,13548,4458,55,932,1277,0,374,2326,0,81,0,1522,4,2917,292,29092
2026/6/13,17:30,29005,1307,14068,4460,55,955,1298,0,375,1177,0,84,0,2039,22,2866,298,29004
2026/6/13,18:00,28882,1307,14235,4460,55,941,1479,0,378,460,0,65,0,2384,32,2788,298,28882
2026/6/13,18:30,29018,1307,14024,4460,55,953,1460,0,378,12,0,77,0,3243,32,2714,302,29017
2026/6/13,19:00,29224,1307,13776,4460,55,935,1455,0,378,0,0,97,0,3565,35,2871,291,29225
2026/6/13,19:30,28799,1307,13590,4459,54,964,1435,0,380,0,0,95,0,3230,32,2953,299,28798
2026/6/13,20:00,28083,1306,13606,4460,55,967,1241,0,380,0,0,97,0,2894,32,2768,277,28083
2026/6/13,20:30,27522,1306,13513,4459,56,964,1238,0,380,0,0,84,0,2446,16,2774,286,27522
2026/6/13,21:00,26788,1306,13448,4486,55,959,1265,0,380,0,0,55,0,1863,9,2690,272,26788
2026/6/13,21:30,26000,1306,13278,4550,54,960,1262,0,381,0,0,87,0,1295,1,2546,281,26001
2026/6/13,22:00,25637,1307,13355,4577,55,970,1141,0,379,0,0,50,0,1221,2,2336,245,25638
2026/6/13,22:30,25035,1307,12730,4586,54,985,1123,0,380,0,0,70,0,1042,8,2571,180,25036
2026/6/13,23:00,24701,1307,12512,4613,54,949,1127,0,381,0,0,92,0,805,6,2663,191,24700
2026/6/13,23:30,23755,1307,12092,4623,54,961,1123,0,381,0,0,51,0,405,3,2553,203,23756
2026/6/14,0:00,22983,1306,11577,4585,54,971,1162,0,378,0,0,60,0,285,8,2461,137,22984
2026/6/14,0:30,22195,1306,10655,4538,54,956,1189,0,377,0,0,107,0,84,4,2744,181,22195
2026/6/14,1:00,21648,1307,10163,4459,54,956,1185,0,378,0,0,95,0,0,2,2864,186,21649
2026/6/14,1:30,21160,1307,9644,4475,54,982,1177,0,378,0,0,84,0,-3,3,2864,195,21160
2026/6/14,2:00,21069,1308,9626,4644,55,980,1085,0,378,0,0,95,0,-6,4,2701,200,21070
2026/6/14,2:30,21069,1308,9632,4853,55,967,1070,0,379,0,0,81,0,-6,2,2529,199,21069
2026/6/14,3:00,21137,1307,9779,4916,55,962,1061,0,381,0,0,89,0,-6,3,2388,201,21136
2026/6/14,3:30,21308,1307,10210,4931,55,955,1052,0,380,0,0,86,0,-6,4,2139,194,21307
2026/6/14,4:00,21260,1307,10198,4932,55,967,1051,0,380,0,0,59,0,-6,4,2112,200,21259
2026/6/14,4:30,20827,1307,9546,4932,55,972,1057,0,378,11,0,86,0,-6,2,2312,174,20826
2026/6/14,5:00,20561,1308,9055,4890,55,962,1056,0,378,488,0,80,0,-377,2,2487,178,20562
2026/6/14,5:30,20057,1307,9267,4858,56,948,1081,0,378,1025,0,75,0,-1934,2,2839,155,20057
2026/6/14,6:00,19793,1307,9132,4717,55,970,1084,0,379,1711,0,45,0,-3135,2,3283,243,19793
2026/6/14,6:30,20020,1307,9175,4587,56,972,1078,0,379,2746,0,47,0,-4086,2,3538,220,20021
2026/6/14,7:00,20731,1307,8750,4546,56,964,1083,0,377,4066,0,67,0,-4508,2,3765,256,20731
2026/6/14,7:30,21644,1307,8682,4652,55,899,1061,0,377,5487,0,71,0,-4901,2,3714,238,21644
2026/6/14,8:00,22674,1307,8524,4703,55,902,1132,0,377,6973,0,65,0,-4233,0,2603,264,22672
2026/6/14,8:30,23906,1307,8315,4672,54,864,1139,0,377,8605,0,75,0,-3749,0,1974,273,23906
2026/6/14,9:00,25206,1306,8570,4446,55,863,1111,0,375,9998,0,86,0,-3660,1,1755,300,25206
2026/6/14,9:30,26309,1306,8646,4327,55,850,1023,0,374,10924,0,89,0,-3902,1,2318,295,26306
2026/6/14,10:00,26979,1306,8755,4306,55,885,1023,0,375,11484,0,91,0,-4138,1,2526,311,26980
2026/6/14,10:30,27496,1306,8861,4261,55,893,1021,0,373,11416,0,93,0,-4481,2,3390,305,27495
2026/6/14,11:00,27389,1307,8978,4245,56,908,1019,0,375,10969,0,100,0,-4341,3,3473,298,27390
2026/6/14,11:30,27112,1307,8994,4219,56,945,1016,0,374,10564,0,107,0,-4280,1,3515,294,27112
2026/6/14,12:00,27023,1306,9197,4204,56,914,1013,0,373,10465,0,112,0,-4311,1,3407,284,27021
2026/6/14,12:30,27121,1307,9609,4207,56,897,1008,0,372,10444,0,112,0,-3609,1,2432,285,27121
2026/6/14,13:00,27810,1306,10111,4255,56,908,1008,0,373,9814,0,119,0,-2905,0,2487,277,27809
2026/6/14,13:30,27537,1306,10144,4518,56,891,1026,0,373,8269,0,123,0,-2513,0,3067,276,27536
2026/6/14,14:00,26733,1306,10369,4547,56,900,1022,0,372,6530,0,130,0,-1874,0,3119,257,26734
2026/6/14,14:30,26450,1307,10586,4591,56,888,1022,0,373,5477,0,134,0,-403,0,2158,260,26449
2026/6/14,15:00,26489,1307,11118,4617,56,901,1126,0,372,4451,0,140,0,336,0,1773,292,26489
2026/6/14,15:30,26492,1307,12163,4636,56,862,1150,0,373,3283,0,137,0,733,2,1501,290,26493
2026/6/14,16:00,26660,1307,12701,4670,56,930,1291,0,373,2318,0,139,0,798,4,1766,308,26661
2026/6/14,16:30,26840,1306,13349,4705,56,951,1310,0,373,1504,0,142,0,1128,10,1700,307,26841
2026/6/14,17:00,27394,1306,13359,4739,55,958,1307,0,375,980,0,141,0,1263,3,2599,310,27395
2026/6/14,17:30,27983,1306,13912,4787,55,945,1333,0,375,467,0,148,0,1735,32,2576,313,27984
2026/6/14,18:00,28529,1306,14082,4823,55,936,1472,0,378,138,0,150,0,2009,39,2870,270,28528
2026/6/14,18:30,29076,1306,14420,4860,55,937,1483,0,378,3,0,159,0,2129,43,3028,275,29076
2026/6/14,19:00,29064,1306,14287,4892,55,929,1492,0,378,0,0,166,0,2095,46,3148,271,29065
2026/6/14,19:30,28791,1306,14252,4930,55,942,1477,0,379,0,0,173,0,1925,38,3041,273,28791
2026/6/14,20:00,28188,1306,14006,4930,55,967,1466,0,379,0,0,170,0,1503,34,3120,251,28187
2026/6/14,20:30,27672,1306,13895,4932,55,974,1440,0,380,0,0,157,0,1099,29,3172,234,27673
2026/6/14,21:00,26826,1306,13362,4929,55,981,1285,0,379,0,0,132,0,1091,15,3065,226,26826
2026/6/14,21:30,26202,1305,12736,4931,55,977,1285,0,380,0,0,149,0,893,8,3249,234,26202
2026/6/14,22:00,25620,1306,12497,4932,55,996,1213,0,379,0,0,85,0,1085,8,2829,233,25618
2026/6/14,22:30,24923,1306,11987,4930,55,995,1181,0,379,0,0,112,0,927,15,2787,249,24923
2026/6/14,23:00,24401,1306,11812,4968,55,990,1219,0,380,0,0,88,0,613,6,2734,229,24400
2026/6/14,23:30,23566,1307,11410,5050,56,997,1197,0,380,0,0,88,0,474,4,2399,205,23567
2026/6/15,0:00,22734,1307,11365,4998,55,962,1135,0,376,0,0,98,0,401,0,1914,123,22734
2026/6/15,0:30,21823,1307,10704,4888,55,953,1160,0,376,0,0,67,0,26,2,2121,165,21824
2026/6/15,1:00,21400,1308,10240,4881,56,966,1159,0,376,0,0,90,0,-251,6,2377,192,21400
2026/6/15,1:30,20942,1308,10114,4882,55,948,1159,0,376,0,0,87,0,-560,7,2368,199,20943
2026/6/15,2:00,20853,1307,10392,4885,55,927,1091,0,376,0,0,81,0,-787,8,2320,199,20854
2026/6/15,2:30,20847,1307,10351,4881,56,968,1123,0,376,0,0,71,0,-807,7,2313,199,20845
2026/6/15,3:00,21110,1307,10406,4883,56,1019,1120,0,379,0,0,65,0,-430,2,2102,201,21110
2026/6/15,3:30,21237,1308,10237,4915,56,1026,1122,0,379,0,0,121,0,-81,2,1958,195,21238
2026/6/15,4:00,21531,1308,10612,4933,56,966,1110,0,378,0,0,92,0,-6,2,1887,193,21531
2026/6/15,4:30,21816,1308,10720,4936,56,974,1108,0,377,10,0,113,0,-6,1,2051,167,21815
2026/6/15,5:00,22274,1308,10932,4935,56,904,1120,0,376,75,0,129,0,-6,3,2272,170,22274
2026/6/15,5:30,22435,1308,11223,4943,56,795,1135,0,377,134,0,136,0,-6,2,2196,138,22437
2026/6/15,6:00,23120,1307,11684,4942,57,801,1139,0,378,247,0,137,0,-6,2,2289,143,23120
2026/6/15,6:30,23650,1307,11788,4932,57,793,1143,0,378,434,0,154,0,-6,2,2448,220,23650
2026/6/15,7:00,24752,1306,12264,5018,57,816,1132,0,375,951,0,149,0,0,2,2473,211,24754
2026/6/15,7:30,25793,1307,11992,5072,56,849,1110,0,374,1834,0,153,0,0,0,2876,171,25794
2026/6/15,8:00,27295,1307,12451,5034,57,881,1099,0,371,2763,0,165,0,0,2,2862,302,27294
2026/6/15,8:30,28513,1307,12188,5134,57,897,1114,0,371,3790,0,158,0,0,12,3173,312,28513
2026/6/15,9:00,29915,1307,12245,5143,57,885,1202,0,368,5193,0,157,0,0,8,3052,300,29917
2026/6/15,9:30,30773,1307,12386,5137,57,872,1202,0,366,6077,0,157,0,0,20,2882,310,30773
2026/6/15,10:00,30247,1307,12415,4988,57,901,1186,0,368,5558,0,166,0,0,12,3021,269,30248
2026/6/15,10:30,31319,1306,12696,5012,57,892,1170,0,366,6029,0,162,0,1,2,3339,286,31318
2026/6/15,11:00,31443,1306,13222,5117,56,895,1076,0,368,5498,0,168,0,1,5,3449,280,31441
2026/6/15,11:30,31132,1307,13322,5139,55,901,1059,0,367,4915,0,165,0,1,0,3618,282,31131
2026/6/15,12:00,29717,1306,12129,5151,56,937,1024,0,367,4685,0,172,0,-17,0,3633,275,29718
2026/6/15,12:30,29532,1306,12104,5229,55,902,1008,0,366,4833,0,163,0,-342,2,3629,279,29534
2026/6/15,13:00,30093,1306,12987,5229,55,865,994,0,375,4668,0,174,0,-308,2,3495,252,30094
2026/6/15,13:30,29930,1306,13006,5273,55,861,1041,0,383,4441,0,172,0,-334,7,3464,255,29930
2026/6/15,14:00,31058,1306,13308,5352,55,890,1045,0,392,5164,0,172,0,-347,6,3449,266,31058
2026/6/15,14:30,30978,1305,13245,5349,55,909,1044,0,393,4913,0,173,0,-147,0,3476,263,30978
2026/6/15,15:00,30757,1305,12898,5477,55,882,1212,0,396,4491,0,175,0,0,2,3604,261,30758
2026/6/15,15:30,30924,1304,13218,5768,56,886,1236,0,398,3966,0,179,0,0,28,3626,259,30924
2026/6/15,16:00,31039,1304,14396,6116,55,873,1491,0,401,3416,0,186,0,107,5,2412,277,31039
2026/6/15,16:30,30976,1305,14969,6123,56,880,1498,0,404,2562,0,180,0,111,19,2608,262,30977
2026/6/15,17:00,30470,1306,15155,6206,56,839,1626,0,408,1683,0,177,0,489,10,2230,285,30470
2026/6/15,17:30,30281,1306,15591,6221,56,839,1642,0,410,916,0,173,0,774,26,2054,272,30280
2026/6/15,18:00,30204,1306,15630,6136,56,858,1619,0,414,366,0,170,0,1049,37,2257,306,30204
2026/6/15,18:30,30194,1306,15927,5831,56,856,1630,0,414,12,0,172,0,1398,39,2242,310,30193
2026/6/15,19:00,30013,1306,15709,5827,56,836,1665,0,417,0,0,172,0,1486,40,2226,272,30012
2026/6/15,19:30,29475,1306,15543,5829,56,842,1664,0,419,0,0,177,0,1304,22,2026,288,29476
2026/6/15,20:00,28721,1305,15501,5829,56,851,1599,0,421,0,0,174,0,1234,12,1459,280,28721
2026/6/15,20:30,28150,1306,15058,5829,56,848,1583,0,422,0,0,176,0,1206,11,1366,289,28150
2026/6/15,21:00,27413,1306,15009,5794,56,883,1220,0,423,0,0,174,0,1248,12,1031,258,27414
2026/6/15,21:30,26570,1306,14034,5779,56,841,1215,0,423,0,0,162,0,819,4,1658,274,26571
2026/6/15,22:00,26397,1305,13999,5755,57,867,1164,0,422,0,0,140,0,411,4,2013,260,26397
2026/6/15,22:30,25799,1306,13187,5732,56,887,1131,0,424,0,0,166,0,255,4,2460,191,25799
2026/6/15,23:00,25205,1306,13286,5717,56,869,1137,0,423,0,0,165,0,166,1,1921,159,25206
2026/6/15,23:30,24337,1306,12122,5686,56,994,1138,0,422,0,0,160,0,0,0,2283,171,24338
2026/6/16,0:00,23491,1306,11525,5680,56,987,1082,0,422,0,0,92,0,0,2,2150,188,23490
2026/6/16,0:30,22576,1307,10596,5664,56,1011,1088,0,422,0,0,77,0,0,2,2115,239,22577
2026/6/16,1:00,21926,1308,9828,5592,56,986,1074,0,423,0,0,96,0,0,2,2354,207,21926
2026/6/16,1:30,21715,1307,9438,5589,56,982,1068,0,423,0,0,117,0,0,6,2518,211,21715
2026/6/16,2:00,21598,1309,9435,5590,56,992,995,0,422,0,0,132,0,0,2,2448,216,21597
2026/6/16,2:30,21529,1309,9557,5666,56,991,1012,0,423,0,0,72,0,0,2,2229,212,21529
2026/6/16,3:00,21750,1309,9699,5788,56,970,1017,0,425,0,0,115,0,0,2,2155,215,21751
2026/6/16,3:30,22079,1309,10032,5863,56,965,1014,0,425,0,0,113,0,0,2,2090,210,22079
2026/6/16,4:00,22177,1309,10155,5979,55,952,995,0,425,0,0,118,0,0,2,1979,208,22177
2026/6/16,4:30,21878,1308,10128,5984,56,968,987,0,424,10,0,114,0,6,2,1708,183,21878
2026/6/16,5:00,21928,1309,10128,5777,56,1002,986,0,418,543,0,54,0,47,4,1364,240,21928
2026/6/16,5:30,21615,1308,9239,4853,56,967,1003,0,419,1395,0,59,0,-57,2,2162,210,21616
2026/6/16,6:00,22021,1308,9125,4064,56,976,1031,0,419,2625,0,100,0,-944,1,3013,248,22022
2026/6/16,6:30,22747,1308,8910,3546,56,973,1043,0,419,4227,0,102,0,-1265,2,3190,236,22747
2026/6/16,7:00,24100,1308,8754,3248,56,1029,1045,0,417,6238,0,79,0,-2010,2,3711,222,24099
2026/6/16,7:30,25403,1308,8555,3271,56,992,1017,0,417,8435,0,86,0,-2422,2,3501,184,25402
2026/6/16,8:00,27312,1308,9134,3310,55,995,1025,0,414,10345,0,89,0,-1877,2,2311,201,27312
2026/6/16,8:30,29432,1307,9797,3437,55,967,1028,0,414,11952,0,89,0,-1488,3,1661,211,29433
2026/6/16,9:00,31187,1307,9998,3428,55,972,1109,0,410,13222,0,82,0,-1267,3,1664,205,31188
2026/6/16,9:30,32327,1308,10045,3608,55,990,1116,0,408,14239,0,79,0,-1097,3,1354,220,32328
2026/6/16,10:00,32834,1307,9839,4051,55,981,1124,0,409,14989,0,59,0,-1468,5,1317,165,32833
2026/6/16,10:30,33468,1308,9195,4611,55,969,1125,0,408,15556,0,78,0,-2193,4,2072,281,33469
2026/6/16,11:00,33817,1308,9395,4753,54,961,1041,0,409,15623,0,68,0,-2600,3,2532,270,33817
2026/6/16,11:30,33479,1307,9678,4645,54,972,1026,0,409,15300,0,70,0,-3083,3,2825,272,33478
2026/6/16,12:00,32728,1307,9166,4434,54,979,1006,0,408,15289,0,60,0,-3272,5,3019,274,32729
2026/6/16,12:30,32918,1308,10477,4437,54,1009,991,0,407,15122,0,54,0,-3514,3,2275,294,32917
2026/6/16,13:00,34342,1307,11644,4959,54,1021,979,0,406,14405,0,87,0,-2657,4,1860,273,34342
2026/6/16,13:30,34466,1307,12006,5437,54,1015,1011,0,406,12912,0,86,0,-1557,3,1515,271,34466
2026/6/16,14:00,34241,1307,10977,5862,54,976,1005,0,406,11233,0,82,0,-924,1,2983,277,34239
2026/6/16,14:30,34103,1306,11497,5966,54,965,1008,0,405,9332,0,83,0,-51,3,3265,271,34104
2026/6/16,15:00,33357,1306,12308,6027,54,979,1109,0,407,7342,0,72,0,0,3,3542,209,33358
2026/6/16,15:30,33080,1306,14098,6027,55,972,1145,0,408,5684,0,83,0,272,19,2801,210,33080
2026/6/16,16:00,32918,1305,14864,6027,56,982,1342,0,409,4227,0,86,0,1060,20,2329,212,32919
2026/6/16,16:30,32607,1305,15500,6026,56,978,1293,0,410,2864,0,85,0,1667,28,2184,211,32607
2026/6/16,17:00,31782,1304,15585,6026,56,1050,1302,0,413,1721,0,84,0,1775,15,2177,273,31781
2026/6/16,17:30,31550,1303,15859,6025,56,1034,1339,0,413,877,0,83,0,1844,23,2408,286,31550
2026/6/16,18:00,31597,1304,15976,6028,56,1017,1767,0,416,342,0,86,0,2271,27,2003,302,31595
2026/6/16,18:30,31787,1304,16119,6024,57,1044,1754,0,416,14,0,91,0,2622,30,2104,208,31787
2026/6/16,19:00,31566,1305,16276,6026,56,1055,1771,0,416,0,0,100,0,2325,26,2009,201,31566
2026/6/16,19:30,30667,1305,15361,6018,56,1024,1751,0,417,0,0,103,0,1862,19,2532,219,30667
2026/6/16,20:00,29963,1303,14523,6026,56,1018,1774,0,418,0,0,107,0,1634,15,2863,226,29963
2026/6/16,20:30,29352,1303,14968,6024,57,1012,1724,0,419,0,0,109,0,1586,8,1900,240,29350
2026/6/16,21:00,28404,1303,14754,6025,56,1037,1181,0,419,0,0,107,0,1713,3,1567,238,28403
2026/6/16,21:30,27583,1304,14238,6023,56,1011,1168,0,418,0,0,70,0,1424,3,1613,255,27583
2026/6/16,22:00,27232,1304,14243,6025,56,1008,1366,0,417,0,0,53,0,961,2,1566,230,27231
2026/6/16,22:30,26555,1305,13464,6027,56,1024,1358,0,419,0,0,121,0,407,3,2163,209,26556
2026/6/16,23:00,25934,1306,13085,6024,56,1026,1351,0,419,0,0,132,0,349,2,1989,195,25934
2026/6/16,23:30,25031,1306,12184,6025,57,1010,1345,0,419,0,0,121,0,115,2,2228,219,25031
2026/6/17,0:00,24138,1306,11567,6021,56,1018,1098,0,417,0,0,88,0,0,5,2426,136,24138
2026/6/17,0:30,23162,1306,10469,5993,55,1029,1093,0,416,0,0,117,0,0,2,2493,188,23161
2026/6/17,1:00,22527,1306,9901,5936,56,1011,1078,0,417,0,0,90,0,0,4,2532,197,22528
2026/6/17,1:30,22035,1307,9666,5937,56,1021,1000,0,417,0,0,79,0,0,1,2346,206,22036
2026/6/17,2:00,21795,1307,9686,5938,56,1010,1026,0,416,0,0,75,0,0,3,2071,208,21796
2026/6/17,2:30,21902,1307,9881,5936,56,1006,1076,0,417,0,0,77,0,0,3,1936,208,21903
2026/6/17,3:00,21974,1308,9869,5954,56,1012,1050,0,419,0,0,65,0,0,1,2033,206,21973
2026/6/17,3:30,22127,1308,10065,5975,56,1039,1051,0,419,0,0,83,0,0,0,1928,203,22127
2026/6/17,4:00,22323,1307,10401,5978,55,1031,1042,0,419,0,0,118,0,0,0,1769,204,22324
2026/6/17,4:30,22038,1307,10326,5844,56,1025,1039,0,417,10,0,58,0,0,0,1772,183,22037
2026/6/17,5:00,22198,1307,10372,5398,56,1021,1052,0,417,520,0,58,0,0,0,1765,232,22198
2026/6/17,5:30,22241,1308,10205,4777,56,1014,1061,0,418,1412,0,54,0,-395,0,2130,200,22240
2026/6/17,6:00,22743,1307,9537,4210,56,1026,1063,0,419,2759,0,63,0,-1254,2,3293,261,22742
2026/6/17,6:30,23425,1308,9334,4043,55,1047,1068,0,419,4552,0,92,0,-2054,1,3346,214,23425
2026/6/17,7:00,24930,1307,9029,3990,55,1010,1062,0,417,6587,0,110,0,-2499,0,3603,258,24929
2026/6/17,7:30,26320,1308,9169,4093,54,966,1036,0,417,8566,0,80,0,-2914,1,3328,215,26319
2026/6/17,8:00,28458,1308,9752,4179,54,929,1043,0,413,10390,0,103,0,-2796,2,2873,206,28456
2026/6/17,8:30,30582,1309,10662,4181,55,954,1046,0,413,12001,0,94,0,-2254,2,1897,221,30581
2026/6/17,9:00,32366,1308,10443,4320,55,938,1133,0,411,13416,0,104,0,-2130,3,2141,224,32366
2026/6/17,9:30,33481,1308,10167,4414,54,928,1132,0,409,14598,0,108,0,-1887,1,2036,213,33481
2026/6/17,10:00,34216,1307,10145,4779,54,940,1137,0,409,15480,0,115,0,-2274,3,1855,266,34216
2026/6/17,10:30,34840,1308,9916,5072,55,913,1129,0,407,16105,0,97,0,-2416,3,1951,299,34839
2026/6/17,11:00,35203,1308,9921,5173,56,919,1025,0,409,16417,0,109,0,-2564,1,2166,263,35203
2026/6/17,11:30,35415,1306,10532,5145,56,933,1010,0,409,16447,0,129,0,-2931,5,2130,245,35416
2026/6/17,12:00,34623,1306,10308,5395,56,943,1023,0,408,16238,0,118,0,-3416,4,2007,232,34622
2026/6/17,12:30,34382,1306,10390,5492,56,900,1020,0,407,15796,0,119,0,-3407,3,2037,263,34382
2026/6/17,13:00,35264,1305,11235,5997,56,892,1018,0,407,15040,0,145,0,-3047,5,1965,245,35263
2026/6/17,13:30,35759,1305,11587,6024,55,898,1048,0,403,14075,0,148,0,-1630,16,1586,243,35758
2026/6/17,14:00,35690,1305,11397,6025,56,895,1054,0,403,12622,0,147,0,-664,14,2171,265,35690
2026/6/17,14:30,35291,1303,11880,6016,56,893,1093,0,403,10819,0,151,0,124,4,2288,262,35292
2026/6/17,15:00,34568,1303,12436,6007,56,910,1134,0,404,8778,0,151,0,125,3,2997,264,34568
2026/6/17,15:30,34656,1302,13771,6013,56,879,1226,0,405,6939,0,151,0,356,14,3282,261,34655
2026/6/17,16:00,34229,1302,15077,6017,56,898,1291,0,407,5163,0,152,0,621,17,2966,262,34229
2026/6/17,16:30,33811,1302,15458,6016,57,964,1309,0,408,3441,0,156,0,1213,15,3225,249,33813
2026/6/17,17:00,32878,1302,15480,6018,57,941,1593,0,410,2119,0,180,0,1385,8,3130,256,32879
2026/6/17,17:30,32545,1301,15840,6022,56,984,1602,0,411,1125,0,189,0,1361,28,3382,244,32545
2026/6/17,18:00,32271,1303,16276,6019,56,975,1676,0,413,411,0,198,0,1497,28,3161,257,32270
2026/6/17,18:30,32428,1302,16346,6022,57,969,1686,0,414,15,0,200,0,2107,33,3005,272,32428
2026/6/17,19:00,32262,1304,16343,6018,56,976,1699,0,414,0,0,205,0,2136,21,2845,244,32261
2026/6/17,19:30,31621,1304,16109,6020,55,995,1701,0,416,0,0,209,0,1686,13,2842,271,31621
2026/6/17,20:00,30707,1304,15774,6018,55,988,1697,0,417,0,0,212,0,1192,14,2780,255,30706
2026/6/17,20:30,30088,1305,15547,6020,55,1002,1669,0,417,0,0,215,0,819,11,2768,260,30088
2026/6/17,21:00,29171,1306,15125,6018,55,976,1499,0,417,0,0,169,0,489,6,2860,252,29172
2026/6/17,21:30,28264,1306,14809,6018,55,980,1474,0,417,0,0,166,0,148,4,2682,205,28264
2026/6/17,22:00,27903,1307,14873,6020,55,996,1098,0,416,0,0,174,0,148,1,2643,173,27904
2026/6/17,22:30,27213,1307,13965,6018,55,969,1096,0,418,0,0,198,0,42,5,2950,189,27212
2026/6/17,23:00,26600,1308,13245,6020,55,958,1018,0,417,0,0,167,0,0,3,3205,203,26599
2026/6/17,23:30,25632,1308,12265,6018,56,980,1001,0,416,0,0,127,0,0,4,3239,219,25633
2026/6/18,0:00,24637,1308,12124,6021,56,964,1078,0,412,0,0,92,0,-3,4,2453,129,24638
2026/6/18,0:30,23741,1308,11176,6018,56,932,1084,0,412,0,0,103,0,-253,1,2725,178,23740
2026/6/18,1:00,23097,1308,11012,6018,56,970,1076,0,413,0,0,66,0,-409,2,2385,200,23097
2026/6/18,1:30,22753,1309,11023,6019,56,947,996,0,412,0,0,56,0,-409,1,2135,208,22753
2026/6/18,2:00,22509,1308,10835,6019,56,975,966,0,413,0,0,58,0,-408,2,2073,211,22508
2026/6/18,2:30,22556,1308,11067,6020,56,954,978,0,413,0,0,57,0,-407,2,1899,210,22557
2026/6/18,3:00,22742,1308,11027,6019,56,985,983,0,414,0,0,55,0,-408,2,2092,209,22742
2026/6/18,3:30,22892,1308,11447,5940,56,979,983,0,414,0,0,54,0,-526,2,2034,202,22893
2026/6/18,4:00,23027,1308,11185,5871,56,942,984,0,415,0,0,52,0,-384,1,2389,208,23027
2026/6/18,4:30,23222,1308,10984,5926,56,990,992,0,413,9,0,48,0,-137,2,2447,186,23224
2026/6/18,5:00,23569,1307,11044,6015,56,997,1006,0,413,81,0,41,0,-136,3,2563,180,23570
2026/6/18,5:30,23741,1308,10896,6021,56,912,1021,0,414,148,0,44,0,-297,2,3066,149,23740
2026/6/18,6:00,24548,1307,11332,5938,57,887,1061,0,415,325,0,56,0,-955,2,3912,210,24547
2026/6/18,6:30,25459,1307,11855,5850,57,882,1083,0,415,571,0,87,0,-830,2,3964,214,25457
2026/6/18,7:00,26727,1307,12661,5865,57,901,1091,0,413,1037,0,113,0,-818,2,3876,222,26727
2026/6/18,7:30,27804,1307,12822,5867,57,916,1072,0,413,1549,0,121,0,-336,1,3836,178,27803
2026/6/18,8:00,29356,1307,13503,5871,57,951,1082,0,410,2162,0,117,0,0,7,3620,269,29356
2026/6/18,8:30,31122,1307,14654,5869,56,960,1105,0,410,2641,0,127,0,20,21,3670,281,31121
2026/6/18,9:00,32426,1306,15404,5870,56,974,1091,0,407,3050,0,128,0,207,6,3674,252,32425
2026/6/18,9:30,32804,1307,15295,5868,56,994,1164,0,405,3631,0,126,0,0,15,3678,265,32804
2026/6/18,10:00,31870,1307,14219,5867,57,993,1169,0,403,3913,0,126,0,0,13,3582,220,31869
2026/6/18,10:30,32093,1307,13248,5869,57,988,1160,0,402,5384,0,120,0,-172,6,3491,232,32092
2026/6/18,11:00,32666,1307,13085,5869,58,942,1084,0,403,7024,0,118,0,-960,5,3509,222,32666
2026/6/18,11:30,32896,1307,13310,5873,57,965,1077,0,402,8025,0,115,0,-2118,5,3646,232,32896
2026/6/18,12:00,32529,1306,13581,5874,57,970,1075,0,402,8668,0,105,0,-3234,0,3507,219,32530
2026/6/18,12:30,32471,1305,13950,5875,57,977,1064,0,401,8582,0,110,0,-3642,0,3568,224,32471
2026/6/18,13:00,33245,1306,14384,5870,57,992,1062,0,400,8031,0,110,0,-2520,7,3317,230,33246
2026/6/18,13:30,33480,1305,14420,5911,57,987,1062,0,400,7749,0,107,0,-2032,3,3285,227,33481
2026/6/18,14:00,33970,1304,14633,5922,57,949,1092,0,402,7704,0,107,0,-1492,8,3057,227,33970
2026/6/18,14:30,34573,1305,14862,5919,57,943,1101,0,401,7280,0,105,0,-306,2,2678,226,34573
2026/6/18,15:00,34582,1305,15297,6026,57,936,1263,0,402,6365,0,105,0,0,4,2600,223,34583
2026/6/18,15:30,34882,1304,16205,6116,57,920,1268,0,402,5273,0,98,0,362,16,2633,229,34883
2026/6/18,16:00,34819,1304,16162,6115,57,884,1352,0,402,4109,0,94,0,863,14,3219,245,34820
2026/6/18,16:30,34388,1305,16805,6116,56,896,1379,0,403,3002,0,93,0,1423,8,2667,234,34387
2026/6/18,17:00,33811,1305,16735,6116,57,920,1409,0,406,1850,0,93,0,1809,8,2844,260,33812
2026/6/18,17:30,33262,1305,16957,6115,57,922,1421,0,406,917,0,92,0,2571,16,2237,247,33263
2026/6/18,18:00,33036,1305,17034,6119,56,882,1651,0,410,344,0,92,0,2830,22,2034,256,33035
2026/6/18,18:30,33112,1306,17126,6113,56,863,1642,0,411,16,0,92,0,2969,23,2234,261,33112
2026/6/18,19:00,32892,1305,17224,6115,56,878,1641,0,411,0,0,93,0,3344,22,1555,247,32891
2026/6/18,19:30,32327,1306,17356,6115,56,861,1631,0,412,0,0,95,0,2759,23,1448,267,32329
2026/6/18,20:00,31377,1305,17235,6117,56,851,1521,0,414,0,0,93,0,2011,11,1515,248,31377
2026/6/18,20:30,30780,1306,16832,6116,56,852,1510,0,413,0,0,94,0,1551,11,1782,257,30780
2026/6/18,21:00,29690,1307,16562,6116,57,879,1270,0,413,0,0,94,0,1045,4,1731,211,29689
2026/6/18,21:30,28814,1306,16287,6116,56,893,1228,0,413,0,0,96,0,450,2,1740,227,28814
2026/6/18,22:00,28364,1306,16134,6116,57,891,1315,0,413,0,0,93,0,195,1,1643,200,28364
2026/6/18,22:30,27510,1307,15592,6115,57,878,1314,0,414,0,0,67,0,0,2,1549,217,27512
2026/6/18,23:00,26924,1306,15093,6117,57,874,1328,0,413,0,0,58,0,0,2,1457,219,26924
2026/6/18,23:30,25917,1306,13908,6115,57,874,1323,0,413,0,0,94,0,0,2,1626,199,25917
2026/6/19,0:00,24991,1306,12646,6113,57,846,1002,0,407,0,0,51,0,0,1,2404,157,24990
2026/6/19,0:30,24088,1306,11285,6115,58,851,997,0,408,0,0,58,0,0,2,2802,207,24089
2026/6/19,1:00,23425,1306,11157,6117,57,847,992,0,409,0,0,59,0,-272,2,2553,198,23425
2026/6/19,1:30,23004,1306,10454,6115,58,927,991,0,407,0,0,57,0,-414,2,2892,208,23003
2026/6/19,2:00,22787,1307,10516,6118,57,962,988,0,409,0,0,48,0,-570,4,2735,212,22786
2026/6/19,2:30,22788,1307,10706,6117,57,967,1009,0,408,0,0,49,0,-820,4,2774,210,22788
2026/6/19,3:00,22904,1306,10743,6116,57,942,1034,0,410,0,0,42,0,-819,2,2857,212,22902
2026/6/19,3:30,23063,1306,10713,6115,58,916,1038,0,409,0,0,45,0,-518,2,2774,205,23063
2026/6/19,4:00,23095,1306,10611,6115,57,946,1112,0,409,0,0,52,0,-412,2,2693,204,23095
2026/6/19,4:30,22999,1305,10551,6147,57,959,1118,0,409,9,0,52,0,-412,3,2619,180,22997
2026/6/19,5:00,23156,1307,10468,6149,56,988,1138,0,408,469,0,48,0,-533,3,2485,171,23157
2026/6/19,5:30,23259,1307,9857,6184,56,965,1145,0,408,1197,0,38,0,-1144,2,3105,138,23258
2026/6/19,6:00,23993,1307,10076,6233,57,966,1145,0,409,2284,0,53,0,-2515,2,3748,229,23994
2026/6/19,6:30,24984,1306,10129,6234,57,987,1146,0,410,3732,0,64,0,-3163,1,3839,241,24983
2026/6/19,7:00,26634,1306,10261,6192,57,992,1079,0,408,5311,0,89,0,-3284,1,3963,259,26634
2026/6/19,7:30,28130,1306,9966,6315,57,935,1066,0,408,6845,0,85,0,-2937,1,3874,209,28130
2026/6/19,8:00,30453,1306,10095,6495,56,919,1075,0,404,8468,0,102,0,-2113,3,3385,259,30454
2026/6/19,8:30,33052,1306,11101,6623,55,937,1085,0,403,10038,0,102,0,-1989,2,3120,269,33052
2026/6/19,9:00,35232,1306,11448,6641,56,885,1052,0,400,11399,0,104,0,-1986,2,3683,242,35232
2026/6/19,9:30,36421,1304,11384,6650,55,882,1040,0,400,12350,0,104,0,-1683,1,3676,258,36421
2026/6/19,10:00,37127,1303,11205,6650,55,892,1014,0,398,13064,0,106,0,-1436,2,3658,215,37126
2026/6/19,10:30,37847,1306,11297,6699,56,890,989,0,398,13483,0,105,0,-1176,3,3568,229,37847
2026/6/19,11:00,38305,1306,11606,6778,56,940,983,0,399,13741,0,109,0,-1299,3,3458,225,38305
2026/6/19,11:30,38879,1306,11827,6780,56,928,977,0,399,14034,0,109,0,-1237,3,3467,230,38879
2026/6/19,12:00,38134,1306,11354,6784,56,939,978,0,398,13845,0,110,0,-1236,3,3375,222,38134
2026/6/19,12:30,38021,1306,11314,6780,56,918,993,0,398,13509,0,110,0,-985,3,3397,222,38021
2026/6/19,13:00,39179,1306,12362,6779,56,941,1000,0,396,12748,0,113,0,-239,2,3492,222,39178
2026/6/19,13:30,39424,1306,13568,6779,56,919,1016,0,396,11463,0,109,0,122,4,3468,216,39422
2026/6/19,14:00,39339,1306,15407,6778,56,910,1051,0,396,9970,0,102,0,266,6,2880,213,39341
2026/6/19,14:30,38730,1306,16114,6778,55,907,1059,0,396,8491,0,107,0,475,7,2818,218,38731
2026/6/19,15:00,38187,1305,15887,6774,56,919,1163,0,399,7171,0,106,0,667,19,3509,212,38187
2026/6/19,15:30,38023,1305,16837,6776,57,847,1162,0,399,5830,0,102,0,963,22,3476,248,38024
2026/6/19,16:00,37718,1305,17051,6772,57,838,1280,0,397,4613,0,101,0,1949,12,3093,252,37720
2026/6/19,16:30,37141,1304,17165,6774,57,833,1298,0,398,3327,0,90,0,3298,14,2343,240,37141
2026/6/19,17:00,36190,1303,17167,6775,57,891,1419,0,401,2085,0,85,0,2948,14,2799,246,36190
2026/6/19,17:30,35440,1302,17181,6776,57,916,1413,0,420,1057,0,74,0,3491,31,2490,232,35440
2026/6/19,18:00,34665,1302,17198,6774,57,942,1696,0,425,375,0,83,0,4141,28,1395,249,34665
2026/6/19,18:30,34376,1302,17346,6775,57,924,1718,0,425,15,0,76,0,4019,34,1433,252,34376
2026/6/19,19:00,34022,1302,17218,6777,57,966,1743,0,426,0,0,83,0,3675,33,1487,255,34022
2026/6/19,19:30,33307,1302,16843,6773,57,944,1741,0,428,0,0,86,0,3376,20,1464,271,33305
2026/6/19,20:00,32304,1302,16345,6773,57,961,1723,0,430,0,0,86,0,2399,19,1965,243,32303
2026/6/19,20:30,31560,1299,16260,6776,58,951,1697,0,431,0,0,58,0,1941,12,1822,254,31559
2026/6/19,21:00,30641,1300,15856,6775,57,918,1444,0,430,0,0,81,0,1942,7,1601,230,30641
2026/6/19,21:30,29463,1299,14753,6775,57,993,1406,0,430,0,0,56,0,1190,7,2306,192,29464
2026/6/19,22:00,29233,1300,14987,6773,57,959,1435,0,430,0,0,27,0,704,2,2396,162,29232
2026/6/19,22:30,28497,1300,14092,6774,57,948,1416,0,432,0,0,41,0,579,2,2680,176,28497
2026/6/19,23:00,27888,1301,13749,6774,58,936,1415,0,431,0,0,41,0,904,4,2077,199,27889
2026/6/19,23:30,26930,1301,12535,6772,58,943,1381,0,431,0,0,79,0,608,3,2600,219,26930
2026/6/20,0:00,25906,1302,11822,6773,57,924,915,0,428,0,0,88,0,448,2,3007,141,25907
2026/6/20,0:30,24853,1302,10925,6773,56,938,904,0,428,0,0,81,0,391,2,2863,190,24853
2026/6/20,1:00,24159,1303,9589,6774,55,939,911,0,429,0,0,82,0,325,2,3539,211,24159
2026/6/20,1:30,23512,1303,9278,6635,55,921,938,0,428,0,0,28,0,32,3,3681,211,23513
2026/6/20,2:00,23204,1303,9185,6656,54,966,933,0,430,0,0,30,0,-196,3,3624,215,23203
2026/6/20,2:30,23168,1305,9424,6775,55,926,918,0,430,0,0,31,0,-350,2,3437,214,23167
2026/6/20,3:00,23149,1306,9511,6773,55,926,915,0,430,0,0,31,0,-350,2,3335,215,23149
2026/6/20,3:30,23052,1306,9410,6776,54,906,916,0,430,0,0,34,0,-351,2,3358,210,23051
2026/6/20,4:00,23095,1307,9364,6776,54,925,982,0,430,0,0,36,0,-365,2,3379,205,23095
2026/6/20,4:30,23019,1306,9607,6774,55,925,986,0,429,8,0,39,0,-630,2,3338,180,23019
2026/6/20,5:00,22931,1306,9706,6774,54,919,997,0,429,132,0,37,0,-919,2,3328,166,22931
2026/6/20,5:30,22678,1306,9956,6776,55,953,997,0,430,239,0,36,0,-1543,2,3332,138,22677
2026/6/20,6:00,22725,1306,10091,6775,54,945,922,0,430,408,0,47,0,-2031,2,3581,195,22725
2026/6/20,6:30,22877,1306,9996,6776,55,919,933,0,432,675,0,48,0,-2253,3,3821,165,22876
2026/6/20,7:00,23530,1306,10249,6692,55,917,940,0,429,973,0,52,0,-2327,2,3994,248,23530
2026/6/20,7:30,24310,1306,10900,6615,54,897,946,0,428,1245,0,54,0,-2325,2,3965,225,24312
2026/6/20,8:00,25748,1306,11798,6535,55,920,952,0,426,1584,0,61,0,-1738,1,3632,215,25747
2026/6/20,8:30,26969,1306,12106,6488,54,897,940,0,425,1868,0,97,0,-1119,1,3666,240,26969
2026/6/20,9:00,28024,1306,12325,6441,54,915,923,0,424,2166,0,123,0,-532,2,3661,217,28025
2026/6/20,9:30,28467,1306,12488,6440,54,912,893,0,424,2348,0,130,0,-413,0,3640,246,28468
2026/6/20,10:00,28508,1306,12947,6444,54,902,848,0,422,2297,0,131,0,-670,0,3604,223,28508
2026/6/20,10:30,28850,1306,13071,6442,54,944,842,0,421,2382,0,133,0,-554,0,3592,219,28852
2026/6/20,11:00,28994,1306,12848,6444,53,931,849,0,422,2380,0,140,0,-298,7,3690,221,28993
2026/6/20,11:30,29288,1307,13282,6493,54,928,846,0,422,2380,0,139,0,-297,0,3515,219,29288
2026/6/20,12:00,29070,1308,13340,6537,53,928,850,0,422,2064,0,150,0,-297,2,3492,222,29071
2026/6/20,12:30,28526,1308,13027,6610,54,938,862,0,424,1709,0,150,0,-408,0,3634,219,28527
2026/6/20,13:00,28836,1308,13374,6643,53,922,881,0,423,1583,0,150,0,-376,11,3644,220,28836
2026/6/20,13:30,28857,1307,13382,6756,53,953,911,0,425,1452,0,142,0,-347,8,3593,221,28856
2026/6/20,14:00,28871,1308,13463,6780,54,973,928,0,426,1292,0,144,0,-347,7,3627,216,28871
2026/6/20,14:30,28811,1308,13577,6781,55,921,932,0,428,1053,0,140,0,-274,0,3672,219,28812
2026/6/20,15:00,28667,1308,13487,6777,55,902,916,0,428,753,0,150,0,0,15,3659,217,28667
2026/6/20,15:30,28584,1308,13508,6778,55,923,922,0,431,500,0,160,0,122,22,3640,216,28585
2026/6/20,16:00,28624,1308,13342,6778,55,934,1088,0,434,364,0,162,0,279,13,3648,218,28623
2026/6/20,16:30,28768,1308,13540,6782,56,948,1115,0,435,262,0,162,0,278,17,3652,213,28768
2026/6/20,17:00,28827,1308,13597,6779,55,929,1100,0,439,168,0,174,0,365,12,3655,246,28827
2026/6/20,17:30,29053,1308,13547,6778,55,972,1131,0,440,104,0,177,0,600,28,3668,247,29055
2026/6/20,18:00,29244,1308,13379,6779,55,967,1416,0,444,50,0,184,0,746,26,3640,250,29244
2026/6/20,18:30,29427,1308,13462,6779,55,998,1367,0,445,3,0,188,0,866,27,3677,252,29427
2026/6/20,19:00,29227,1307,13186,6779,55,996,1382,0,447,0,0,195,0,986,28,3624,242,29227
2026/6/20,19:30,28752,1308,12861,6780,56,966,1388,0,448,0,0,204,0,859,22,3598,261,28751
2026/6/20,20:00,28065,1309,12528,6781,56,968,1145,0,450,0,0,213,0,759,11,3630,216,28066
2026/6/20,20:30,27488,1309,12209,6779,55,972,1160,0,445,0,0,223,0,512,9,3620,195,27488
2026/6/20,21:00,26709,1310,11546,6780,56,990,1184,0,445,0,0,211,0,354,8,3615,209,26708
2026/6/20,21:30,26043,1310,10951,6779,56,927,1194,0,445,0,0,160,0,352,3,3650,215,26042
2026/6/20,22:00,25866,1309,10254,6761,55,936,1368,0,445,0,0,164,0,516,1,3852,205,25866
2026/6/20,22:30,25388,1309,9460,6603,54,947,1349,0,447,0,0,180,0,844,2,3978,215,25388
2026/6/20,23:00,24915,1308,9114,6537,54,965,1292,0,446,0,0,194,0,925,2,3875,205,24917
2026/6/20,23:30,24207,1310,8658,6457,54,949,1293,0,447,0,0,205,0,635,4,3972,222,24206
2026/6/21,0:00,23403,1309,8849,6215,54,941,1194,0,445,0,0,232,0,72,4,3929,158,23402
2026/6/21,0:30,22600,1309,8639,5836,54,963,1212,0,446,0,0,217,0,-247,2,3964,206,22601
2026/6/21,1:00,21982,1310,8440,5441,54,928,1230,0,446,0,0,223,0,-255,2,3950,213,21982
2026/6/21,1:30,21724,1309,8476,5107,54,923,1196,0,447,0,0,245,0,-254,2,3962,256,21723
2026/6/21,2:00,21702,1310,8578,4924,54,924,1208,0,448,0,0,274,0,-254,2,3977,258,21703
2026/6/21,2:30,21691,1310,8628,4887,54,919,1214,0,448,0,0,274,0,-254,4,3944,262,21690
2026/6/21,3:00,21794,1310,8520,4796,54,902,1223,0,450,0,0,283,0,-2,4,3968,285,21793
2026/6/21,3:30,21871,1310,8656,4722,54,921,1228,0,450,0,0,282,0,0,10,3958,279,21870
2026/6/21,4:00,21995,1311,8743,4592,54,943,1241,0,449,0,0,272,0,176,4,3936,274,21995
2026/6/21,4:30,21858,1311,8508,4525,54,966,1240,0,449,8,0,296,0,279,8,3968,248,21860
2026/6/21,5:00,22107,1311,8879,4955,54,958,1209,0,449,150,0,290,0,-416,5,3965,297,22106
2026/6/21,5:30,21821,1310,8844,5389,54,958,1209,0,450,399,0,254,0,-1272,6,3950,270,21821
2026/6/21,6:00,21874,1311,9172,5417,54,941,1202,0,449,746,0,250,0,-1841,8,3923,242,21874
2026/6/21,6:30,21887,1310,9239,5419,54,953,1199,0,451,1147,0,277,0,-2315,4,3934,214,21886
2026/6/21,7:00,22166,1310,9417,5417,56,975,1275,0,449,1707,0,280,0,-2762,2,3774,266,22166
2026/6/21,7:30,22641,1309,9643,5422,56,1017,1273,0,449,2537,0,291,0,-2718,5,3059,298,22641
2026/6/21,8:00,23527,1310,9888,5436,56,936,1268,0,447,3324,0,303,0,-2503,3,2773,287,23528
2026/6/21,8:30,24217,1309,9919,5512,60,913,1259,0,446,4017,0,291,0,-2499,2,2705,281,24215
2026/6/21,9:00,25386,1309,9854,5567,61,887,1247,0,445,5033,0,282,0,-2850,0,3262,290,25387
2026/6/21,9:30,25931,1309,10098,5448,61,948,1142,0,445,5654,0,279,0,-2905,0,3165,287,25931
2026/6/21,10:00,25814,1309,9554,5419,92,964,1109,0,443,6002,0,288,0,-2900,0,3237,296,25813
2026/6/21,10:30,27035,1308,9535,5399,126,912,1092,0,443,7079,0,276,0,-2894,0,3458,302,27036
2026/6/21,11:00,27352,1309,9280,5403,126,932,1085,0,445,7530,0,269,0,-2953,0,3626,300,27352
2026/6/21,11:30,27885,1308,9712,5410,128,956,1086,0,446,7937,0,260,0,-3317,0,3660,299,27885
2026/6/21,12:00,27894,1308,9671,5446,137,980,1086,0,444,8149,0,244,0,-3409,0,3536,301,27893
2026/6/21,12:30,28178,1309,9786,5507,137,986,1088,0,444,8526,0,230,0,-3629,1,3495,298,28178
2026/6/21,13:00,28243,1308,9599,5611,136,988,1096,0,444,8633,0,219,0,-3633,0,3536,306,28243
2026/6/21,13:30,28438,1308,9718,5895,143,1013,1114,0,444,8571,0,227,0,-3092,1,2797,301,28440
2026/6/21,14:00,28832,1308,9941,5939,148,956,1113,0,444,8593,0,227,0,-2458,1,2318,302,28832
2026/6/21,14:30,28983,1308,9969,5952,148,960,1137,0,445,8003,0,235,0,-2039,1,2561,302,28982
2026/6/21,15:00,28821,1308,9629,5951,148,959,1226,0,446,7054,0,240,0,-1532,1,3088,303,28821
2026/6/21,15:30,29034,1308,10124,5948,152,928,1243,0,447,5962,0,259,0,-746,1,3104,304,29034
2026/6/21,16:00,29450,1308,11291,6017,153,902,1369,0,447,4699,0,308,0,26,4,2625,300,29449
2026/6/21,16:30,29857,1308,12023,6050,153,973,1370,0,447,3301,0,313,0,541,23,3059,297,29858
2026/6/21,17:00,30119,1308,12656,6048,153,939,1312,0,449,1911,0,325,0,1078,23,3624,293,30119
2026/6/21,17:30,30350,1308,13117,6046,99,959,1319,0,449,884,0,338,0,1846,22,3673,291,30351
2026/6/21,18:00,30555,1308,13274,6048,56,962,1356,0,452,280,0,348,0,2530,24,3637,280,30555
2026/6/21,18:30,30899,1308,13307,6047,56,946,1284,0,452,11,0,341,0,3181,27,3658,281,30899
2026/6/21,19:00,30913,1308,13302,6047,56,908,1317,0,454,0,0,343,0,3196,34,3644,305,30914
2026/6/21,19:30,30582,1308,13221,6047,56,924,1328,0,454,0,0,345,0,2892,35,3657,317,30584
2026/6/21,20:00,29899,1307,12820,6046,56,903,1218,0,455,0,0,352,0,2736,19,3677,310,29899
2026/6/21,20:30,29346,1307,12526,6046,56,898,1198,0,455,0,0,348,0,2526,16,3648,322,29346
2026/6/21,21:00,28453,1308,12104,6049,56,952,1190,0,455,0,0,345,0,2103,5,3619,267,28453
2026/6/21,21:30,27606,1308,11890,6049,56,950,1190,0,454,0,0,347,0,1412,5,3668,275,27604
2026/6/21,22:00,26848,1308,11578,6045,55,953,1186,0,455,0,0,341,0,734,0,3913,279,26847
2026/6/21,22:30,26113,1308,11325,6045,54,929,1157,0,456,0,0,339,0,289,19,4002,189,26112
2026/6/21,23:00,25567,1308,10858,6087,54,968,1144,0,455,0,0,334,0,152,24,3941,242,25567
2026/6/21,23:30,24646,1307,9976,6169,54,967,1141,0,455,0,0,305,0,0,15,3995,262,24646
2026/6/22,0:00,23662,1307,9308,6140,55,944,1174,0,450,0,0,137,0,0,4,3866,278,23663
2026/6/22,0:30,22747,1307,8585,6072,55,967,1177,0,449,0,0,131,0,-201,2,3938,264,22746
2026/6/22,1:00,22119,1306,8613,6131,55,974,1185,0,450,0,0,129,0,-965,4,3954,283,22119
2026/6/22,1:30,21712,1307,8479,6146,55,981,1211,0,449,0,0,114,0,-1278,2,3963,283,21712
2026/6/22,2:00,21498,1307,8588,6014,55,934,1208,0,451,0,0,108,0,-1414,2,3954,291,21498
2026/6/22,2:30,21436,1306,8743,5604,55,952,1128,0,450,0,0,101,0,-1155,2,3959,289,21434
2026/6/22,3:00,21578,1307,9198,5240,56,969,1126,0,451,0,0,88,0,-1105,2,3955,292,21579
2026/6/22,3:30,21575,1307,9253,5105,55,963,1127,0,451,0,0,80,0,-744,6,3686,285,21574
2026/6/22,4:00,21802,1306,9351,5087,55,984,1122,0,450,0,0,82,0,-207,5,3288,278,21801
2026/6/22,4:30,21598,1307,9220,5084,55,1001,1118,0,449,8,0,74,0,-143,4,3169,252,21598
2026/6/22,5:00,21640,1306,9956,5082,55,986,1136,0,449,381,0,73,0,-801,4,2792,222,21641
2026/6/22,5:30,21542,1306,9873,4971,55,993,1137,0,450,1009,0,68,0,-1508,0,2998,191,21543
2026/6/22,6:00,22305,1306,10034,4886,55,980,1142,0,450,2140,0,80,0,-2815,0,3853,196,22307
2026/6/22,6:30,23559,1305,10205,4761,56,993,1149,0,451,3620,0,81,0,-3195,0,3944,190,23560
2026/6/22,7:00,25452,1305,10995,4535,58,972,1141,0,450,5223,0,85,0,-3239,0,3702,225,25452
2026/6/22,7:30,27014,1305,10995,4475,57,961,1143,0,450,6811,0,106,0,-3346,0,3835,220,27012
2026/6/22,8:00,29453,1305,11569,4251,57,980,1216,0,446,8905,0,107,0,-2855,0,3173,300,29454
2026/6/22,8:30,32306,1306,12255,4070,57,999,1216,0,445,10685,0,98,0,-1319,1,2191,303,32307
2026/6/22,9:00,34568,1305,13536,4003,57,1010,1179,0,444,11557,0,106,0,-549,2,1625,293,34568
2026/6/22,9:30,35666,1305,13982,4240,62,1000,1157,0,447,11845,0,114,0,-657,2,1864,305,35666
2026/6/22,10:00,36369,1305,14231,4536,61,944,1068,0,447,11952,0,136,0,-654,3,2040,299,36368
2026/6/22,10:30,36222,1305,13438,4857,117,980,1087,0,450,11272,0,147,0,-523,2,2784,306,36222
2026/6/22,11:00,36935,1305,12913,5002,151,1004,1099,0,454,11351,0,123,0,-399,2,3622,307,36934
2026/6/22,11:30,37233,1306,13263,5637,151,955,1119,0,459,10358,0,152,0,-146,2,3664,313,37233
2026/6/22,12:00,36100,1306,13486,6062,139,951,1131,0,461,8548,0,146,0,0,2,3562,306,36100
2026/6/22,12:30,35542,1306,14659,6195,127,941,1120,0,464,6787,0,165,0,0,2,3471,305,35542
2026/6/22,13:00,36141,1305,16495,6200,152,943,1107,0,464,5053,0,180,0,269,5,3659,307,36139
2026/6/22,13:30,35236,1305,16675,6199,153,949,1106,0,468,3356,0,203,0,957,10,3550,305,35236
2026/6/22,14:00,34671,1306,16806,6197,152,939,1115,0,470,2820,0,210,0,735,17,3598,306,34671
2026/6/22,14:30,34274,1306,16544,6198,153,938,1126,0,474,2826,0,196,0,635,7,3564,307,34274
2026/6/22,15:00,34155,1306,16137,6198,152,974,1138,0,477,2954,0,218,0,661,19,3609,313,34156
2026/6/22,15:30,34694,1306,16837,6195,153,961,1175,0,481,2813,0,209,0,639,22,3597,306,34694
2026/6/22,16:00,34585,1306,17349,6196,154,929,1458,0,484,2196,0,201,0,647,15,3340,309,34584
2026/6/22,16:30,33729,1305,16657,6195,154,945,1464,0,491,1530,0,206,0,1111,25,3354,294,33731
2026/6/22,17:00,33050,1305,16779,6195,101,946,1481,0,494,1236,0,200,0,1023,13,2967,311,33051
2026/6/22,17:30,33053,1304,17061,6196,58,952,1493,0,494,855,0,208,0,1228,24,2883,297,33053
2026/6/22,18:00,32728,1305,16935,6196,57,952,1764,0,497,348,0,183,0,1309,20,2877,285,32728
2026/6/22,18:30,32690,1305,16876,6197,57,977,1764,0,498,17,0,202,0,1473,23,3005,296,32690
2026/6/22,19:00,32302,1304,16442,6197,57,978,1778,0,499,0,0,153,0,1593,13,2983,305,32302
2026/6/22,19:30,31511,1304,15734,6197,57,933,1774,0,499,0,0,138,0,1519,14,3020,321,31510
2026/6/22,20:00,30616,1304,15366,6196,57,937,1316,0,501,0,0,137,0,1524,13,2959,306,30616
2026/6/22,20:30,30083,1303,14729,6196,55,938,1285,0,501,0,0,124,0,1479,7,3149,318,30084
2026/6/22,21:00,28981,1303,14118,6198,56,972,1283,0,500,0,0,115,0,1395,3,2751,287,28981
2026/6/22,21:30,28130,1303,13655,6199,55,950,1286,0,497,0,0,157,0,919,2,2799,306,28128
2026/6/22,22:00,27807,1302,13337,6197,56,975,1552,0,498,0,0,141,0,549,0,2909,291,27807
2026/6/22,22:30,27104,1303,12979,6197,56,990,1547,0,501,0,0,120,0,277,0,2829,305,27104
2026/6/22,23:00,26589,1303,12587,6198,56,926,1558,0,501,0,0,124,0,31,0,3003,303,26590
2026/6/22,23:30,25515,1304,12076,6129,56,955,1529,0,498,0,0,130,0,0,0,2595,243,25515
2026/6/23,0:00,24467,1305,11098,6115,55,965,1158,0,500,0,0,78,0,0,1,2925,267,24467
2026/6/23,0:30,23526,1304,10178,6046,55,941,1153,0,499,0,0,71,0,0,1,3001,278,23527
2026/6/23,1:00,22797,1302,9526,6065,55,938,1153,0,499,0,0,69,0,0,0,2882,309,22798
2026/6/23,1:30,22486,1303,8950,6064,55,947,1152,0,499,0,0,70,0,0,0,3132,314,22486
2026/6/23,2:00,22297,1302,8916,6063,55,939,1150,0,500,0,0,71,0,0,0,2984,318,22298
2026/6/23,2:30,22218,1303,8845,6065,55,959,1178,0,499,0,0,71,0,0,0,2927,315,22217
2026/6/23,3:00,22377,1304,9078,6063,56,984,1183,0,501,0,0,79,0,0,1,2809,320,22378
2026/6/23,3:30,22538,1304,9257,6065,55,939,1179,0,501,0,0,79,0,0,1,2847,312,22539
2026/6/23,4:00,22639,1305,9423,6055,55,822,1245,0,500,0,0,81,0,0,1,2847,306,22640
2026/6/23,4:30,22409,1303,9998,5786,55,741,1259,0,500,7,0,85,0,0,0,2393,280,22407
2026/6/23,5:00,22379,1304,10451,5194,56,700,1265,0,499,346,0,89,0,0,0,2217,259,22380
2026/6/23,5:30,22216,1304,10283,4842,55,685,1270,0,500,930,0,90,0,-185,0,2217,225,22216
2026/6/23,6:00,22770,1304,10290,4574,55,675,1248,0,504,1758,0,99,0,-881,0,2886,258,22770
2026/6/23,6:30,23475,1304,10417,4331,56,700,1173,0,505,2836,0,106,0,-1279,2,3078,248,23477
2026/6/23,7:00,24783,1304,10701,4243,55,716,1167,0,502,4213,0,132,0,-1786,0,3285,250,24782
2026/6/23,7:30,26323,1303,11350,4171,55,773,1166,0,503,5665,0,126,0,-2470,0,3413,268,26323
2026/6/23,8:00,28366,1303,11998,4415,55,767,1168,0,500,7018,0,118,0,-2510,0,3235,300,28367
2026/6/23,8:30,30253,1303,11807,4827,55,769,1165,0,499,8070,0,128,0,-1891,2,3209,309,30252
2026/6/23,9:00,31700,1303,11652,5168,55,768,1157,0,496,8919,0,108,0,-1371,1,3146,298,31700
2026/6/23,9:30,32494,1302,11250,5400,55,766,1148,0,496,9426,0,117,0,-1028,0,3251,310,32493
2026/6/23,10:00,32541,1304,10763,5719,55,772,1140,0,494,9374,0,93,0,-1160,2,3691,295,32542
2026/6/23,10:30,32674,1303,10907,5877,55,787,1136,0,494,9571,0,88,0,-1441,2,3584,312,32675
2026/6/23,11:00,33060,1304,10948,5940,75,785,1137,0,496,10115,0,84,0,-1700,2,3562,314,33062
2026/6/23,11:30,33312,1305,11166,5821,105,773,1143,0,496,10264,0,80,0,-1801,2,3645,313,33312
2026/6/23,12:00,32005,1304,11546,5037,153,806,1146,0,496,9699,0,77,0,-2224,2,3648,314,32004
2026/6/23,12:30,31458,1304,11566,4856,152,829,1143,0,497,9299,0,96,0,-2258,2,3662,309,31457
2026/6/23,13:00,32492,1304,11783,4925,152,784,1142,0,495,9118,0,100,0,-1260,4,3630,315,32492
2026/6/23,13:30,33174,1303,11914,5532,152,759,1134,0,495,8835,0,99,0,-617,4,3249,316,33175
2026/6/23,14:00,33249,1304,11998,5930,152,780,1127,0,492,7735,0,125,0,-290,8,3579,309,33249
2026/6/23,14:30,32951,1305,12701,6171,152,817,1127,0,496,6434,0,88,0,-12,11,3351,311,32952
2026/6/23,15:00,32678,1303,13449,6237,153,770,1121,0,497,5179,0,92,0,0,17,3550,308,32676
2026/6/23,15:30,32326,1304,13817,6245,153,793,1121,0,498,3771,0,111,0,595,20,3601,297,32326
2026/6/23,16:00,32091,1305,13769,6243,154,814,1415,0,499,2840,0,105,0,1018,29,3592,309,32092
2026/6/23,16:30,32107,1305,13944,6243,154,778,1429,0,499,2086,0,105,0,1651,31,3583,300,32108
2026/6/23,17:00,31581,1304,14345,6240,154,766,1422,0,502,1259,0,103,0,1555,32,3595,303,31580
2026/6/23,17:30,31345,1305,14245,6240,153,788,1447,0,502,598,0,99,0,2081,32,3560,295,31345
2026/6/23,18:00,31192,1304,13657,6241,155,762,1887,0,506,223,0,97,0,2614,30,3427,289,31192
2026/6/23,18:30,31342,1304,13870,6240,154,803,1883,0,506,11,0,72,0,2773,28,3404,295,31343
2026/6/23,19:00,31149,1304,13597,6240,154,828,1811,0,506,0,0,89,0,2888,28,3429,276,31150
2026/6/23,19:30,30478,1304,12999,6241,155,785,1795,0,506,0,0,86,0,2694,18,3597,297,30477
2026/6/23,20:00,29660,1305,13344,6242,155,759,1303,0,509,0,0,60,0,2156,11,3532,285,29661
2026/6/23,20:30,29109,1305,13264,6241,155,761,1283,0,508,0,0,84,0,1654,9,3528,317,29109
2026/6/23,21:00,28327,1305,12658,6244,155,773,1255,0,508,0,0,83,0,1449,4,3579,314,28327
2026/6/23,21:30,27464,1305,12262,6242,155,749,1263,0,503,0,0,36,0,1162,1,3516,271,27465
2026/6/23,22:00,27031,1304,11796,6242,156,747,1574,0,506,0,0,36,0,690,2,3682,295,27030
2026/6/23,22:30,26472,1305,11507,6242,156,735,1538,0,510,0,0,43,0,260,2,3863,311,26472
2026/6/23,23:00,25845,1303,11349,6240,156,745,1545,0,508,0,0,45,0,36,2,3680,235,25844
2026/6/23,23:30,25059,1303,10789,6244,99,750,1528,0,505,0,0,51,0,10,2,3525,254,25060
2026/6/24,0:00,24021,1305,11194,6189,56,726,1105,0,460,0,0,37,0,184,2,2600,163,24021
2026/6/24,0:30,23125,1305,10270,6077,55,751,1124,0,460,0,0,35,0,33,2,2797,216,23125
2026/6/24,1:00,22654,1305,9688,6057,55,769,1118,0,460,0,0,39,0,0,2,2967,194,22654
2026/6/24,1:30,22224,1306,9133,6009,55,765,1116,0,460,0,0,35,0,0,2,3143,201,22225
2026/6/24,2:00,22005,1305,8761,6137,54,796,1113,0,461,0,0,34,0,0,2,3136,205,22004
2026/6/24,2:30,21994,1303,9115,6197,55,785,1111,0,460,0,0,39,0,0,2,2727,200,21994
2026/6/24,3:00,22183,1305,9363,6204,55,783,1117,0,462,0,0,34,0,0,2,2655,203,22183
2026/6/24,3:30,22283,1306,9644,6237,55,783,1115,0,462,0,0,36,0,0,2,2446,198,22284
2026/6/24,4:00,22479,1305,9805,6237,55,793,1187,0,462,0,0,32,0,0,2,2398,202,22478
2026/6/24,4:30,22345,1306,9503,6256,55,796,1190,0,461,6,0,30,0,51,2,2511,178,22345
2026/6/24,5:00,22435,1306,9260,6259,55,828,1179,0,461,346,0,25,0,105,1,2431,178,22434
2026/6/24,5:30,22250,1306,9163,6211,55,846,1175,0,462,776,0,19,0,9,0,2083,145,22250
2026/6/24,6:00,22728,1305,9424,6283,55,842,1122,0,461,1509,0,16,0,-459,0,1916,254,22728
2026/6/24,6:30,23437,1305,9112,6262,55,861,1126,0,463,2407,0,53,0,-855,0,2444,204,23437
2026/6/24,7:00,24440,1305,9212,6152,55,857,1131,0,464,3264,0,27,0,-1091,1,2841,222,24440
2026/6/24,7:30,25221,1304,8964,6144,54,852,1112,0,465,4522,0,66,0,-1707,3,3168,273,25220
2026/6/24,8:00,27055,1304,9204,6143,54,848,1100,0,461,6599,0,77,0,-1948,2,2896,313,27053
2026/6/24,8:30,29732,1306,9844,6140,54,848,1100,0,460,8912,0,77,0,-1388,3,2048,327,29731
2026/6/24,9:00,31601,1306,9904,6141,54,842,1088,0,457,10117,0,67,0,-1301,3,2617,305,31600
2026/6/24,9:30,32353,1306,10438,6142,54,826,1085,0,457,10830,0,66,0,-1299,0,2124,325,32354
2026/6/24,10:00,32815,1305,10477,6139,54,823,1079,0,455,11516,0,54,0,-1505,0,2113,305,32815
2026/6/24,10:30,33304,1306,10502,6144,54,772,1069,0,455,11909,0,51,0,-1822,1,2545,319,33305
2026/6/24,11:00,33664,1305,10528,6143,74,770,1062,0,457,12123,0,39,0,-1821,1,2686,297,33664
2026/6/24,11:30,33912,1306,11349,5896,118,756,1059,0,457,12111,0,59,0,-1976,1,2465,309,33910
2026/6/24,12:00,32923,1304,12117,5190,149,743,1056,0,455,11623,0,28,0,-2675,0,2626,307,32923
2026/6/24,12:30,32499,1305,11793,5316,149,754,1061,0,455,10904,0,30,0,-2711,0,3138,304,32498
2026/6/24,13:00,33774,1305,12563,6109,150,714,1091,0,453,10321,0,31,0,-2119,0,2880,276,33774
2026/6/24,13:30,33861,1305,13179,6146,150,722,1149,0,453,9512,0,38,0,-2087,2,3024,269,33862
2026/6/24,14:00,33974,1305,13428,6141,151,723,1181,0,454,8514,0,62,0,-1409,13,3140,270,33973
2026/6/24,14:30,33563,1304,13635,6142,153,725,1185,0,454,7150,0,61,0,-182,0,2659,277,33563
2026/6/24,15:00,33090,1303,14124,6147,153,711,1180,0,454,5821,0,54,0,0,11,2853,279,33090
2026/6/24,15:30,33292,1303,15469,6252,152,718,1210,0,455,4561,0,82,0,0,28,2781,283,33294
2026/6/24,16:00,33431,1302,16484,6338,152,730,1508,0,456,3237,0,43,0,240,10,2620,309,33429
2026/6/24,16:30,33091,1302,16350,6339,152,732,1532,0,457,2060,0,60,0,465,23,3325,294,33091
2026/6/24,17:00,32486,1303,16363,6335,152,745,1499,0,459,1150,0,63,0,819,20,3258,319,32485
2026/6/24,17:30,32329,1303,16553,6286,151,794,1522,0,459,512,0,100,0,832,41,3463,312,32328
2026/6/24,18:00,32151,1304,16158,6237,152,829,1945,0,462,142,0,108,0,1140,33,3333,309,32152
2026/6/24,18:30,32362,1304,16398,6239,152,840,1934,0,462,6,0,95,0,1851,34,2724,323,32362
2026/6/24,19:00,32023,1305,15833,6237,153,878,1949,0,463,0,0,95,0,1657,27,3121,304,32022
2026/6/24,19:30,31279,1304,15598,6238,153,962,1921,0,463,0,0,72,0,1420,15,2813,321,31280
2026/6/24,20:00,30434,1304,15629,6235,154,979,1367,0,467,0,0,81,0,1293,13,2613,298,30433
2026/6/24,20:30,29819,1303,15444,6237,155,972,1349,0,467,0,0,86,0,1199,11,2310,285,29818
2026/6/24,21:00,28989,1304,14649,6238,155,1011,1294,0,467,0,0,77,0,1007,4,2523,259,28988
2026/6/24,21:30,28275,1305,14449,6237,155,1085,1300,0,462,0,0,75,0,937,1,1995,276,28277
2026/6/24,22:00,27959,1306,13887,6238,155,1103,1574,0,464,0,0,117,0,379,0,2451,286,27960
2026/6/24,22:30,27172,1306,12707,6237,155,1171,1543,0,469,0,0,103,0,20,0,3245,216,27172
2026/6/24,23:00,26626,1306,12077,6239,156,1261,1537,0,464,0,0,99,0,0,0,3277,211,26627
2026/6/24,23:30,25715,1305,11448,6238,156,1240,1520,0,464,0,0,90,0,0,0,3025,229,25715
2026/6/25,0:00,24839,1305,10943,6192,100,1203,1095,0,504,0,0,69,0,0,5,3190,233,24839
2026/6/25,0:30,23987,1306,10061,6144,57,1203,1110,0,504,0,0,63,0,0,4,3250,286,23988
2026/6/25,1:00,23389,1306,9253,6144,57,1228,1097,0,504,0,0,63,0,0,2,3488,247,23389
2026/6/25,1:30,23029,1306,8763,6143,57,1189,1082,0,504,0,0,64,0,-90,2,3751,257,23028
2026/6/25,2:00,22731,1307,8738,6146,57,1187,1088,0,505,0,0,67,0,-262,2,3640,256,22731
2026/6/25,2:30,22815,1307,8756,6141,57,1192,1117,0,505,0,0,68,0,-262,2,3674,258,22815
2026/6/25,3:00,22901,1306,8978,6143,57,1220,1137,0,506,0,0,74,0,-262,2,3481,258,22900
2026/6/25,3:30,23031,1306,9148,6145,57,1187,1138,0,506,0,0,73,0,-262,2,3479,252,23031
2026/6/25,4:00,23081,1306,9425,6145,57,1187,1139,0,505,0,0,73,0,-261,2,3256,247,23081
2026/6/25,4:30,23313,1307,9626,6142,57,1181,1146,0,505,5,0,77,0,-261,2,3301,225,23313
2026/6/25,5:00,23593,1306,9640,6150,56,1159,1227,0,505,72,0,82,0,-261,2,3368,287,23593
2026/6/25,5:30,23743,1307,9726,6189,56,1215,1242,0,506,100,0,80,0,-261,2,3327,254,23743
2026/6/25,6:00,24425,1307,10296,6191,56,1281,1243,0,506,191,0,86,0,-261,2,3243,285,24426
2026/6/25,6:30,25385,1307,11180,6213,56,1341,1252,0,511,300,0,97,0,-619,2,3440,304,25384
2026/6/25,7:00,26564,1307,11714,6235,56,1338,1247,0,508,441,0,123,0,-588,3,3873,308,26565
2026/6/25,7:30,27467,1307,12524,6241,56,1365,1157,0,508,635,0,120,0,-72,0,3364,263,27468
2026/6/25,8:00,28785,1307,13604,6241,55,1378,1170,0,504,955,0,143,0,0,5,3153,269,28784
2026/6/25,8:30,30476,1307,15172,6244,55,1352,1180,0,503,1437,0,145,0,0,14,2784,283,30476
2026/6/25,9:00,32010,1307,15403,6244,55,1344,1179,0,500,1815,0,152,0,124,10,3589,288,32010
2026/6/25,9:30,32631,1307,16002,6247,55,1370,1197,0,501,1998,0,163,0,125,13,3345,308,32631
2026/6/25,10:00,32613,1307,15697,6245,56,1381,1205,0,498,2085,0,164,0,125,7,3560,282,32612
2026/6/25,10:30,32923,1307,15936,6247,55,1373,1201,0,499,2088,0,168,0,125,6,3620,297,32922
2026/6/25,11:00,32580,1308,15917,6167,76,1297,1200,0,500,2080,0,156,0,1,6,3586,286,32580
2026/6/25,11:30,32446,1307,15698,6057,120,1284,1201,0,499,2255,0,175,0,0,6,3553,292,32447
2026/6/25,12:00,31552,1307,14950,6048,154,1287,1200,0,499,2254,0,139,0,0,0,3447,268,31553
2026/6/25,12:30,31430,1307,15196,6048,154,1225,1209,0,500,2154,0,130,0,0,1,3235,270,31429
2026/6/25,13:00,32470,1307,16003,6153,153,1129,1225,0,497,1988,0,174,0,-4,8,3576,261,32470
2026/6/25,13:30,32685,1306,16244,6241,152,1139,1225,0,495,1833,0,186,0,0,17,3581,264,32683
2026/6/25,14:00,32586,1306,16152,6242,152,1192,1233,0,496,1707,0,188,0,50,22,3582,264,32586
2026/6/25,14:30,32490,1306,17139,6242,152,1261,1266,0,496,1525,0,198,0,500,24,2115,265,32489
2026/6/25,15:00,32420,1306,17086,6245,151,1298,1283,0,497,1345,0,179,0,495,6,2259,271,32421
2026/6/25,15:30,32541,1306,16923,6241,151,1339,1261,0,498,978,0,202,0,495,20,2858,269,32541
2026/6/25,16:00,32642,1307,17001,6242,151,1322,1465,0,499,656,0,195,0,497,15,3021,270,32641
2026/6/25,16:30,32595,1307,17021,6242,151,1362,1486,0,499,456,0,183,0,519,9,3110,250,32595
2026/6/25,17:00,32167,1307,16991,6245,153,1343,1496,0,501,322,0,141,0,703,6,2659,301,32168
2026/6/25,17:30,32075,1306,16748,6242,152,1382,1523,0,501,189,0,129,0,696,16,2893,298,32075
2026/6/25,18:00,32011,1306,16376,6242,152,1420,2073,0,503,66,0,138,0,431,15,2995,294,32011
2026/6/25,18:30,32090,1306,16445,6244,153,1417,1961,0,504,5,0,174,0,442,12,3127,301,32091
2026/6/25,19:00,31553,1306,16661,6244,154,1435,1948,0,504,0,0,143,0,704,12,2155,288,31554
2026/6/25,19:30,30955,1306,15801,6241,153,1417,1935,0,506,0,0,140,0,700,13,2437,306,30955
2026/6/25,20:00,30372,1306,15756,6242,153,1403,1290,0,508,0,0,197,0,767,15,2446,288,30371
2026/6/25,20:30,29765,1305,14982,6244,152,1456,1294,0,508,0,0,192,0,702,10,2621,299,29765
2026/6/25,21:00,28982,1306,14089,6243,152,1575,1328,0,508,0,0,191,0,693,3,2649,246,28983
2026/6/25,21:30,28122,1306,13021,6246,152,1617,1374,0,504,0,0,175,0,576,2,2885,265,28123
2026/6/25,22:00,27556,1306,12647,6243,153,1593,1717,0,506,0,0,138,0,207,1,2823,221,27555
2026/6/25,22:30,26942,1306,12056,6243,153,1590,1727,0,511,0,0,174,0,38,3,2986,156,26943
2026/6/25,23:00,26432,1306,11764,6243,153,1601,1745,0,506,0,0,151,0,0,2,2794,166,26431
2026/6/25,23:30,25493,1307,10941,6246,153,1609,1741,0,506,0,0,90,0,0,2,2718,180,25493
2026/6/26,0:00,24704,1307,10152,6200,97,1597,1303,0,459,0,0,121,0,0,0,3250,218,24704
2026/6/26,0:30,23791,1306,9272,6199,54,1556,1309,0,459,0,0,78,0,-232,1,3569,218,23789
2026/6/26,1:00,23182,1306,9005,6242,54,1566,1318,0,458,0,0,68,0,-402,2,3356,209,23182
2026/6/26,1:30,22810,1305,9025,6245,54,1533,1327,0,459,0,0,73,0,-861,2,3439,209,22810
2026/6/26,2:00,22605,1305,8847,6244,54,1522,1344,0,459,0,0,67,0,-1084,2,3632,214,22606
2026/6/26,2:30,22654,1306,8888,6245,54,1538,1347,0,459,0,0,65,0,-1085,2,3620,214,22653
2026/6/26,3:00,22719,1306,9248,6246,54,1542,1358,0,460,0,0,66,0,-1083,2,3310,211,22720
2026/6/26,3:30,22886,1306,9816,6246,54,1530,1374,0,460,0,0,64,0,-842,2,2665,211,22886
2026/6/26,4:00,23054,1307,9738,6208,54,1573,1365,0,459,0,0,65,0,-422,2,2497,210,23056
2026/6/26,4:30,23084,1306,9759,6202,54,1560,1350,0,459,5,0,66,0,-501,2,2613,210,23085
2026/6/26,5:00,23486,1305,10155,6234,54,1521,1410,0,462,117,0,73,0,-683,2,2600,235,23485
2026/6/26,5:30,23684,1305,10044,6245,54,1482,1411,0,463,241,0,86,0,-772,2,2888,235,23684
2026/6/26,6:00,24371,1305,10692,6224,54,1394,1407,0,460,387,0,77,0,-1081,2,3225,227,24373
2026/6/26,6:30,25404,1305,11576,6144,54,1389,1423,0,465,492,0,110,0,-704,3,2919,227,25403
2026/6/26,7:00,26911,1306,12159,6145,74,1392,1318,0,463,591,0,76,0,-405,2,3462,327,26910
2026/6/26,7:30,28221,1307,12996,6145,118,1392,1306,0,462,743,0,73,0,-295,3,3642,328,28220
2026/6/26,8:00,29828,1307,14898,6212,152,1396,1304,0,459,1075,0,84,0,0,2,2552,387,29828
2026/6/26,8:30,31544,1306,16033,6244,152,1463,1291,0,458,1377,0,130,0,119,5,2580,387,31545
2026/6/26,9:00,32975,1306,16646,6244,151,1534,1291,0,453,1698,0,159,0,1098,15,2006,374,32975
2026/6/26,9:30,33562,1306,16758,6246,151,1587,1294,0,453,2102,0,165,0,1057,6,2062,374,33561
2026/6/26,10:00,33554,1307,16678,6246,152,1563,1304,0,450,2167,0,154,0,1060,9,2105,358,33553
2026/6/26,10:30,33711,1307,16758,6246,152,1571,1303,0,450,2472,0,171,0,870,8,2045,359,33712
2026/6/26,11:00,33656,1307,16968,6246,151,1552,1287,0,450,2764,0,181,0,543,3,1904,299,33655
2026/6/26,11:30,33324,1307,16307,6248,152,1530,1244,0,450,3546,0,172,0,447,7,1605,310,33325
2026/6/26,12:00,33650,1307,15721,6246,150,1528,1278,0,449,4111,0,163,0,312,2,2109,275,33651
2026/6/26,12:30,33522,1306,15474,6247,150,1538,1257,0,448,3403,0,167,0,311,2,2946,273,33522
2026/6/26,13:00,34157,1306,16302,6243,149,1545,1273,0,444,2483,0,236,0,367,4,3525,279,34156
2026/6/26,13:30,34360,1305,16716,6245,149,1528,1263,0,444,1865,0,237,0,842,10,3477,279,34360
2026/6/26,14:00,34373,1303,17359,6246,149,1517,1164,0,444,1496,0,239,0,1483,20,2670,282,34372
2026/6/26,14:30,34521,1304,17781,6244,148,1554,1168,0,445,1332,0,245,0,1852,21,2139,287,34520
2026/6/26,15:00,34043,1305,17452,6245,147,1535,1229,0,444,1116,0,252,0,1623,15,2376,304,34043
2026/6/26,15:30,34267,1306,17746,6246,147,1525,1231,0,445,848,0,260,0,1615,24,2569,304,34266
2026/6/26,16:00,34137,1306,17943,6244,147,1527,1383,0,448,490,0,268,0,2264,12,1779,326,34137
2026/6/26,16:30,33763,1306,17750,6245,147,1542,1386,0,449,311,0,258,0,1813,15,2223,318,33763
2026/6/26,17:00,33177,1306,17384,6240,148,1542,1464,0,450,209,0,253,0,1375,6,2480,320,33177
2026/6/26,17:30,32965,1306,17640,6244,148,1543,1503,0,450,140,0,255,0,1382,17,2030,306,32964
2026/6/26,18:00,32770,1305,16742,6243,149,1521,2060,0,452,75,0,262,0,1191,15,2412,343,32770
2026/6/26,18:30,32731,1305,17482,6246,149,1531,2063,0,452,6,0,252,0,1166,23,1709,348,32732
2026/6/26,19:00,32371,1304,17412,6244,150,1514,1980,0,455,0,0,277,0,1062,14,1643,316,32371
2026/6/26,19:30,31663,1305,16716,6244,149,1527,1958,0,456,0,0,281,0,985,9,1702,331,31663
2026/6/26,20:00,30756,1305,16279,6244,97,1554,1294,0,458,0,0,250,0,903,13,2048,311,30756
2026/6/26,20:30,30214,1305,15754,6244,54,1530,1292,0,457,0,0,248,0,718,7,2275,329,30213
2026/6/26,21:00,29370,1305,14937,6245,55,1520,1279,0,454,0,0,269,0,404,3,2581,318,29370
2026/6/26,21:30,28631,1305,13467,6243,54,1510,1290,0,453,0,0,334,0,321,7,3368,281,28633
2026/6/26,22:00,28388,1303,12746,6241,54,1550,1651,0,456,0,0,328,0,319,0,3462,277,28387
2026/6/26,22:30,27530,1304,12237,6235,55,1506,1640,0,461,0,0,347,0,334,8,3101,302,27530
2026/6/26,23:00,27107,1303,12130,6242,55,1502,1618,0,456,0,0,291,0,236,1,3010,262,27106
2026/6/26,23:30,26188,1303,11085,6246,55,1536,1578,0,456,0,0,285,0,214,2,3185,243,26188
2026/6/27,0:00,25282,1303,10234,6242,54,1481,1223,0,453,0,0,149,0,147,7,3752,237,25282
2026/6/27,0:30,24272,1303,9959,6242,54,1436,1239,0,452,0,0,143,0,-327,4,3482,285,24272
2026/6/27,1:00,23595,1303,9393,6245,54,1406,1237,0,452,0,0,141,0,-448,4,3516,293,23596
2026/6/27,1:30,23270,1303,9148,6240,53,1356,1263,0,453,0,0,155,0,-469,2,3471,295,23270
2026/6/27,2:00,23039,1303,8932,6242,53,1314,1250,0,453,0,0,164,0,-601,4,3620,304,23038
2026/6/27,2:30,23166,1303,9139,6244,54,1262,1243,0,452,0,0,177,0,-598,4,3585,301,23166
2026/6/27,3:00,23186,1303,8917,6243,54,1209,1166,0,453,0,0,180,0,-497,2,3855,302,23187
2026/6/27,3:30,23212,1304,9371,6236,53,1197,1169,0,454,0,0,157,0,-497,1,3471,297,23213
2026/6/27,4:00,23291,1304,9837,5905,54,1139,1171,0,454,0,0,147,0,-418,2,3399,297,23291
2026/6/27,4:30,23191,1305,9632,5557,53,1061,1166,0,453,4,0,138,0,-86,2,3636,270,23191
2026/6/27,5:00,23128,1304,9524,5443,53,1014,1170,0,454,128,0,135,0,168,2,3434,298,23127
2026/6/27,5:30,22689,1306,8722,5224,53,1027,1176,0,457,447,0,152,0,184,2,3668,272,22690
2026/6/27,6:00,22535,1305,8708,4998,53,993,1173,0,455,1193,0,156,0,-471,1,3731,240,22535
2026/6/27,6:30,22498,1305,8633,4430,53,966,1170,0,460,2396,0,155,0,-873,0,3590,214,22499
2026/6/27,7:00,23286,1305,8800,4369,54,991,1157,0,456,3342,0,149,0,-805,0,3214,256,23288
2026/6/27,7:30,23667,1303,8872,4231,54,1121,1165,0,455,3764,0,183,0,-652,0,2890,281,23667
2026/6/27,8:00,24795,1305,10166,4406,54,1132,1271,0,453,3994,0,160,0,-357,0,1928,283,24795
2026/6/27,8:30,25894,1305,10609,4871,54,1112,1271,0,452,3590,0,209,0,141,0,2002,279,25895
2026/6/27,9:00,26546,1305,11305,5071,74,1145,1268,0,450,3086,0,190,0,78,3,2260,312,26547
2026/6/27,9:30,27023,1305,11858,5195,117,1196,1259,0,451,3250,0,176,0,401,2,1506,306,27022
2026/6/27,10:00,27668,1305,12022,5432,148,1170,1253,0,449,3558,0,192,0,443,5,1391,301,27669
2026/6/27,10:30,28340,1303,12035,5688,149,1183,1241,0,449,3454,0,218,0,384,1,1929,305,28339
2026/6/27,11:00,28865,1303,12223,5808,149,1185,1168,0,448,3145,0,242,0,32,1,2856,304,28864
2026/6/27,11:30,29445,1303,12422,5809,149,1245,1172,0,447,2658,0,229,0,101,2,3605,303,29445
2026/6/27,12:00,29310,1303,12703,5806,149,1208,1169,0,447,1885,0,229,0,502,2,3610,297,29310
2026/6/27,12:30,28881,1303,12555,5809,149,1185,1172,0,448,1457,0,195,0,616,2,3690,299,28880
2026/6/27,13:00,28674,1303,12675,5845,147,1180,1174,0,445,1366,0,180,0,443,2,3673,241,28674
2026/6/27,13:30,28534,1303,12557,6081,147,1171,1175,0,445,1351,0,164,0,279,2,3620,240,28535
2026/6/27,14:00,28800,1302,12804,6096,147,1193,1182,0,445,1258,0,147,0,328,2,3638,258,28800
2026/6/27,14:30,28809,1302,12673,6093,146,1189,1183,0,447,1004,0,109,0,827,2,3571,262,28808
2026/6/27,15:00,28775,1301,12626,6094,148,1141,1299,0,491,759,0,98,0,926,2,3625,265,28775
2026/6/27,15:30,28836,1302,12705,6093,148,1117,1302,0,492,576,0,119,0,1057,10,3650,264,28835
2026/6/27,16:00,28998,1302,12866,6095,97,1071,1357,0,494,394,0,121,0,1244,5,3663,287,28996
2026/6/27,16:30,29269,1302,13415,6091,54,1121,1360,0,495,266,0,129,0,1145,7,3607,278,29270
2026/6/27,17:00,29391,1302,13607,6094,54,1163,1337,0,497,172,0,126,0,1098,22,3640,278,29390
2026/6/27,17:30,29337,1302,13645,6091,55,1119,1350,0,498,115,0,137,0,1112,18,3618,278,29338
2026/6/27,18:00,29334,1302,13600,6090,54,1110,1454,0,500,67,0,128,0,1101,20,3632,275,29333
2026/6/27,18:30,29399,1302,13922,6090,54,1064,1450,0,499,7,0,165,0,906,18,3645,278,29400
2026/6/27,19:00,29391,1300,14011,6087,54,1064,1396,0,502,0,0,193,0,870,34,3601,279,29391
2026/6/27,19:30,29069,1301,13817,6091,53,1093,1398,0,504,0,0,209,0,750,26,3538,289,29069
2026/6/27,20:00,28445,1300,13551,6129,53,1126,1282,0,504,0,0,211,0,586,19,3389,294,28444
2026/6/27,20:30,28040,1299,13132,6148,54,1132,1277,0,505,0,0,147,0,683,12,3348,304,28041
2026/6/27,21:00,27192,1300,12542,6146,53,1124,1329,0,502,0,0,151,0,549,4,3221,270,27191
2026/6/27,21:30,26502,1300,11974,6152,53,1072,1335,0,504,0,0,144,0,390,3,3290,285,26502
2026/6/27,22:00,26168,1301,11282,6185,53,1091,1442,0,502,0,0,110,0,359,2,3554,287,26168
2026/6/27,22:30,25508,1301,10868,6216,54,1082,1435,0,507,0,0,88,0,11,2,3707,237,25508
2026/6/27,23:00,25045,1302,10914,6178,53,1016,1279,0,503,0,0,69,0,50,2,3454,225,25045
2026/6/27,23:30,24319,1301,10093,6189,53,971,1275,0,502,0,0,91,0,13,2,3579,249,24318
2026/6/28,0:00,23660,1303,9815,6101,53,966,1209,0,504,0,0,130,0,0,4,3312,263,23660
2026/6/28,0:30,22777,1301,8923,5959,54,960,1209,0,504,0,0,133,0,0,4,3421,309,22777
2026/6/28,1:00,22243,1303,8564,5839,53,965,1210,0,504,0,0,130,0,0,2,3381,291,22242
2026/6/28,1:30,21798,1304,8177,5737,53,992,1210,0,504,0,0,110,0,0,2,3412,297,21798
2026/6/28,2:00,21675,1304,8221,5560,53,995,1208,0,503,0,0,97,0,0,2,3431,302,21676
2026/6/28,2:30,21709,1304,8192,5636,52,976,1202,0,504,0,0,80,0,0,2,3459,302,21709
2026/6/28,3:00,21878,1304,8474,5647,53,915,1126,0,506,0,0,72,0,0,2,3478,302,21879
2026/6/28,3:30,21885,1303,8423,5675,53,943,1122,0,505,0,0,73,0,0,2,3486,299,21884
2026/6/28,4:00,22022,1304,8451,5682,53,941,1129,0,505,0,0,63,0,175,2,3420,297,22022
2026/6/28,4:30,21880,1304,8321,5725,53,938,1120,0,504,4,0,52,0,206,2,3375,275,21879
2026/6/28,5:00,21791,1304,8108,5493,53,910,1117,0,504,259,0,44,0,30,4,3663,302,21791
2026/6/28,5:30,21526,1305,8040,5389,53,955,1126,0,507,553,0,49,0,-662,2,3933,276,21526
2026/6/28,6:00,21782,1305,8703,5487,53,933,1148,0,505,872,0,78,0,-1507,8,3950,247,21782
2026/6/28,6:30,22236,1305,9175,5662,53,932,1163,0,510,1247,0,86,0,-2183,2,4062,221,22235
2026/6/28,7:00,23095,1305,9569,5893,53,911,1146,0,507,1246,0,84,0,-1921,8,4018,276,23095
2026/6/28,7:30,23578,1305,9716,6167,53,894,1165,0,507,1017,0,73,0,-1606,8,3981,297,23577
2026/6/28,8:00,24577,1304,9710,6264,53,889,1273,0,505,1164,0,72,0,-670,8,3718,288,24578
2026/6/28,8:30,25502,1305,10108,6264,53,912,1300,0,504,1321,0,62,0,-235,8,3620,280,25502
2026/6/28,9:00,26570,1304,10445,6283,53,909,1306,0,504,1536,0,60,0,211,8,3646,306,26571
2026/6/28,9:30,27224,1305,10664,6246,53,911,1295,0,503,1833,0,56,0,368,8,3682,300,27224
2026/6/28,10:00,27218,1305,10847,6164,53,915,1290,0,502,1771,0,63,0,360,8,3639,301,27218
2026/6/28,10:30,27327,1305,11006,6101,53,935,1287,0,502,1958,0,62,0,152,12,3653,300,27326
2026/6/28,11:00,27359,1305,11075,6037,53,947,1197,0,500,2101,0,68,0,148,14,3603,310,27358
2026/6/28,11:30,27988,1305,11339,6005,53,961,1203,0,500,2349,0,67,0,318,8,3569,310,27987
2026/6/28,12:00,27733,1305,11595,6003,53,947,1208,0,499,1873,0,71,0,317,8,3539,314,27732
2026/6/28,12:30,27254,1305,11129,6003,53,925,1212,0,500,1799,0,70,0,317,8,3617,315,27253
2026/6/28,13:00,26873,1305,10930,6038,53,953,1218,0,499,1844,0,61,0,46,8,3604,315,26874
2026/6/28,13:30,26919,1305,11003,6096,53,953,1224,0,500,1725,0,68,0,0,8,3673,312,26920
2026/6/28,14:00,27316,1305,11097,6168,53,1036,1253,0,499,1830,0,63,0,0,9,3688,315,27316
2026/6/28,14:30,27058,1305,10936,6274,52,1098,1265,0,500,1520,0,58,0,0,6,3725,318,27057
2026/6/28,15:00,26854,1305,10814,6363,53,1177,1341,0,499,1360,0,35,0,0,4,3592,312,26855
2026/6/28,15:30,27106,1305,11086,6360,53,1209,1372,0,500,1158,0,71,0,55,6,3618,314,27107
2026/6/28,16:00,27373,1304,11232,6359,53,1239,1491,0,501,920,0,70,0,249,8,3639,308,27373
2026/6/28,16:30,27918,1304,11645,6361,53,1222,1522,0,502,686,0,71,0,737,17,3496,303,27919
2026/6/28,17:00,28306,1304,12056,6360,53,1225,1559,0,502,434,0,46,0,909,13,3547,298,28306
2026/6/28,17:30,28713,1303,12905,6360,53,1227,1574,0,502,239,0,46,0,950,20,3235,298,28712
2026/6/28,18:00,29085,1303,13225,6360,53,1250,1707,0,504,103,0,63,0,1211,18,2985,303,29085
2026/6/28,18:30,29306,1303,13449,6360,52,1218,1649,0,505,7,0,71,0,1443,19,2928,301,29305
2026/6/28,19:00,29228,1304,13654,6359,53,1191,1680,0,505,0,0,82,0,1292,19,2783,306,29228
2026/6/28,19:30,28895,1303,13556,6359,53,1210,1684,0,506,0,0,43,0,1084,25,2758,313,28894
2026/6/28,20:00,28395,1303,13155,6359,53,1264,1597,0,507,0,0,36,0,1028,22,2779,293,28396
2026/6/28,20:30,27942,1302,12476,6360,52,1245,1592,0,507,0,0,74,0,888,11,3127,308,27942
2026/6/28,21:00,27136,1302,11808,6361,53,1240,1557,0,506,0,0,66,0,889,4,3064,287,27137
2026/6/28,21:30,26440,1301,10906,6362,53,1227,1539,0,509,0,0,57,0,680,4,3500,303,26441
2026/6/28,22:00,25904,1301,10819,6360,53,1202,1490,0,506,0,0,23,0,369,2,3483,297,25905
2026/6/28,22:30,25261,1303,10197,6359,54,1215,1488,0,507,0,0,19,0,191,7,3617,304,25261
2026/6/28,23:00,24824,1303,9589,6398,54,1224,1496,0,507,0,0,17,0,205,3,3731,296,24823
2026/6/28,23:30,24029,1304,9080,6143,54,1309,1493,0,506,0,0,20,0,204,6,3599,311,24029
2026/6/29,0:00,23210,1304,9005,5789,54,1288,1442,0,504,0,0,26,0,162,5,3366,265,23210
2026/6/29,0:30,22516,1305,8589,5687,54,1289,1447,0,504,0,0,24,0,59,4,3241,313,22516
2026/6/29,1:00,22031,1304,8204,5740,54,1272,1447,0,504,0,0,27,0,-153,4,3287,341,22031
2026/6/29,1:30,21581,1305,8041,5372,55,1284,1445,0,505,0,0,30,0,-151,2,3350,344,21582
2026/6/29,2:00,21412,1304,8300,5196,54,1257,1441,0,504,0,0,30,0,-254,2,3251,328,21413
2026/6/29,2:30,21517,1305,8542,5209,54,1274,1366,0,505,0,0,30,0,-257,2,3159,328,21517
2026/6/29,3:00,21677,1305,8368,5295,54,1295,1373,0,507,0,0,29,0,-7,2,3115,342,21678
2026/6/29,3:30,21815,1305,8484,5378,54,1291,1371,0,506,0,0,29,0,-6,2,3067,334,21815
2026/6/29,4:00,22014,1304,9486,5344,54,1311,1378,0,506,0,0,25,0,-506,4,2768,341,22015
2026/6/29,4:30,22098,1305,9913,5528,53,1313,1373,0,505,3,0,21,0,-1042,3,2807,315,22097
2026/6/29,5:00,22422,1305,10045,5761,54,1207,1373,0,508,207,0,27,0,-1117,2,2762,288,22422
2026/6/29,5:30,22514,1304,10257,6277,54,1097,1373,0,509,494,0,23,0,-1645,2,2515,253,22513
2026/6/29,6:00,23354,1305,10406,6254,54,1084,1455,0,506,943,0,16,0,-1872,0,2947,257,23355
2026/6/29,6:30,24417,1304,10485,6043,54,1093,1462,0,510,1296,0,23,0,-1285,1,3141,289,24416
2026/6/29,7:00,25555,1305,10379,5711,54,1080,1439,0,508,1743,0,22,0,-734,2,3789,258,25556
2026/6/29,7:30,26699,1306,9937,5730,58,1092,1443,0,507,2475,0,26,0,0,2,3918,204,26698
2026/6/29,8:00,28376,1305,10153,6497,58,1080,1536,0,504,3363,0,56,0,0,2,3617,205,28376
2026/6/29,8:30,30017,1305,10486,6647,113,1108,1543,0,502,4539,0,50,0,0,3,3511,211,30018
2026/6/29,9:00,31752,1305,10674,6650,150,1157,1541,0,499,5918,0,55,0,0,1,3588,214,31752
2026/6/29,9:30,32746,1303,10623,6651,150,1150,1542,0,499,6926,0,69,0,0,1,3547,285,32746
2026/6/29,10:00,32831,1304,10232,6652,149,1250,1520,0,496,7375,0,74,0,0,1,3507,271,32831
2026/6/29,10:30,33406,1303,9996,6653,149,1297,1440,0,496,8168,0,76,0,0,0,3547,280,33405
2026/6/29,11:00,33870,1304,10014,6172,148,1306,1443,0,497,9063,0,67,0,0,1,3569,285,33869
2026/6/29,11:30,34083,1305,10618,5655,148,1295,1453,0,497,9674,0,81,0,-65,0,3134,289,34084
2026/6/29,12:00,33567,1305,10916,5549,148,1266,1420,0,496,9913,0,56,0,-711,0,2938,270,33566
2026/6/29,12:30,33168,1305,10999,5492,149,1246,1391,0,495,9803,0,57,0,-1061,0,3025,267,33168
2026/6/29,13:00,34313,1305,11994,5518,149,1239,1383,0,493,9905,0,62,0,-825,0,2825,266,34314
2026/6/29,13:30,34925,1304,12001,5664,149,1220,1384,0,493,9783,0,67,0,-132,3,2726,264,34926
2026/6/29,14:00,35038,1303,12328,5823,148,1236,1390,0,493,9193,0,29,0,0,3,2837,255,35038
2026/6/29,14:30,35259,1302,12389,5807,148,1258,1409,0,493,8759,0,34,0,9,3,3395,254,35260
2026/6/29,15:00,35396,1301,13466,6455,148,1292,1413,0,494,7890,0,26,0,60,6,2591,256,35398
2026/6/29,15:30,35672,1302,14794,6648,148,1263,1420,0,495,6657,0,24,0,0,11,2655,255,35672
2026/6/29,16:00,35613,1302,16091,6648,149,1290,1723,0,497,5090,0,33,0,387,9,2115,279,35613
2026/6/29,16:30,35250,1303,16666,6648,149,1258,1750,0,498,3585,0,46,0,1301,6,1770,270,35250
2026/6/29,17:00,34524,1303,16843,6645,149,1270,1720,0,499,2325,0,69,0,1510,19,1858,315,34525
2026/6/29,17:30,34243,1303,17247,6648,149,1290,1754,0,499,1283,0,79,0,2299,39,1354,299,34243
2026/6/29,18:00,33892,1301,17432,6645,150,1287,1978,0,501,517,0,58,0,2233,35,1448,305,33890
2026/6/29,18:30,33730,1303,17993,6645,150,1283,1983,0,502,30,0,60,0,2237,35,1194,316,33731
2026/6/29,19:00,33456,1302,17892,6646,150,1283,2001,0,505,0,0,61,0,2147,35,1121,315,33458
2026/6/29,19:30,32806,1302,17169,6648,150,1291,1999,0,506,0,0,69,0,1526,32,1790,326,32808
2026/6/29,20:00,31898,1302,17021,6646,151,1299,1581,0,506,0,0,69,0,1065,24,1920,314,31898
2026/6/29,20:30,31284,1302,16070,6646,150,1284,1582,0,507,0,0,89,0,1037,12,2352,252,31283
2026/6/29,21:00,30218,1302,15241,6646,96,1275,1556,0,505,0,0,87,0,901,2,2322,286,30219
2026/6/29,21:30,29416,1225,14421,6647,53,1284,1542,0,504,0,0,60,0,578,2,2798,304,29418
2026/6/29,22:00,28777,1149,14248,6644,53,1271,1705,0,506,0,0,42,0,152,2,2714,290,28776
2026/6/29,22:30,28025,1149,13770,6646,54,1276,1704,0,509,0,0,29,0,0,2,2575,310,28024
2026/6/29,23:00,27396,1149,13195,6585,54,1258,1707,0,506,0,0,20,0,0,1,2665,256,27396
2026/6/29,23:30,26459,1149,12591,6548,54,1244,1700,0,506,0,0,20,0,0,2,2369,275,26458
2026/6/30,0:00,25506,1151,12028,6561,53,1243,1459,0,503,0,0,27,0,0,4,2275,201,25505
2026/6/30,0:30,24633,1151,11380,6550,52,1245,1453,0,503,0,0,37,0,62,1,1983,215,24632
2026/6/30,1:00,24053,1152,10364,6626,53,1258,1457,0,503,0,0,36,0,127,2,2226,249,24053
2026/6/30,1:30,23803,1154,10093,6606,52,1262,1476,0,504,0,0,52,0,0,4,2346,253,23802
2026/6/30,2:00,23877,1160,10101,6642,53,1230,1397,0,503,0,0,25,0,0,4,2510,252,23877
2026/6/30,2:30,23984,1166,9970,6658,53,1235,1391,0,504,0,0,22,0,0,4,2733,248,23984
2026/6/30,3:00,24037,1173,9798,6658,53,1234,1393,0,506,0,0,30,0,0,4,2935,252,24036
2026/6/30,3:30,24247,1179,10258,6659,53,1237,1389,0,505,0,0,29,0,0,4,2688,244,24245
2026/6/30,4:00,24134,1186,9935,6659,53,1265,1391,0,505,0,0,16,0,0,3,2834,287,24134
2026/6/30,4:30,23672,1192,9806,6661,53,1298,1391,0,504,3,0,16,0,0,2,2485,261,23672
2026/6/30,5:00,23642,1199,9637,6660,53,1325,1394,0,507,253,0,18,0,-15,2,2351,257,23641
2026/6/30,5:30,23660,1205,9657,6736,53,1305,1408,0,507,693,0,17,0,-833,2,2688,221,23659
2026/6/30,6:00,24282,1212,9681,6755,53,1320,1405,0,512,1350,0,12,0,-1097,2,2863,215,24283
2026/6/30,6:30,25310,1218,9489,6759,53,1344,1407,0,521,2266,0,23,0,-1532,0,3491,271,25310
2026/6/30,7:00,26745,1224,9561,6677,54,1355,1413,0,519,3275,0,27,0,-1493,3,3814,316,26745
2026/6/30,7:30,28147,1230,9609,6663,53,1318,1414,0,518,4133,0,26,0,-999,4,3907,270,28146
2026/6/30,8:00,30070,1237,9918,6755,53,1289,1512,0,515,5027,0,29,0,-43,2,3504,273,30071
2026/6/30,8:30,32245,1243,10894,6753,53,1280,1519,0,513,5901,0,29,0,133,2,3535,390,32245
2026/6/30,9:00,33999,1249,11376,6751,53,1341,1511,0,505,6853,0,28,0,278,4,3678,373,34000
2026/6/30,9:30,34970,1257,11480,6751,52,1320,1499,0,510,7792,0,39,0,278,4,3601,388,34971
2026/6/30,10:00,35522,1263,11140,6753,52,1316,1497,0,511,8707,0,40,0,259,4,3651,329,35522
2026/6/30,10:30,36246,1266,11680,6752,53,1329,1399,0,513,9307,0,31,0,92,3,3481,340,36246
2026/6/30,11:00,36381,1274,11707,6750,72,1326,1357,0,519,9425,0,31,0,0,4,3606,310,36381
2026/6/30,11:30,36121,1281,11352,6753,117,1328,1354,0,524,9538,0,31,0,-32,4,3551,321,36122
2026/6/30,12:00,35563,1285,11129,6757,148,1327,1366,0,524,9966,0,34,0,-790,3,3538,275,35562
2026/6/30,12:30,35394,1292,11807,6754,149,1334,1360,0,525,10143,0,29,0,-1848,2,3567,280,35394
2026/6/30,13:00,36219,1297,12901,6754,148,1358,1429,0,523,10086,0,31,0,-1685,1,3107,269,36219
2026/6/30,13:30,36977,1303,13456,6751,147,1334,1450,0,525,10384,0,39,0,-882,1,2196,273,36977
2026/6/30,14:00,37288,1304,13307,6722,147,1350,1447,0,527,10122,0,37,0,-609,2,2664,268,37288
2026/6/30,14:30,37702,1304,14396,6586,147,1323,1466,0,527,9482,0,77,0,-299,6,2413,273,37701
2026/6/30,15:00,37721,1301,14248,6592,147,1323,1464,0,527,8511,0,65,0,0,7,3255,280,37720
2026/6/30,15:30,37870,1301,15575,6591,147,1333,1485,0,528,7062,0,90,0,3,11,3462,281,37869
2026/6/30,16:00,37850,1300,17452,6506,149,1324,1748,0,531,5543,0,51,0,694,2,2228,323,37851
2026/6/30,16:30,37513,1301,17596,6518,149,1318,1750,0,531,3903,0,90,0,1198,6,2841,312,37513
2026/6/30,17:00,36583,1301,17487,6628,149,1325,1760,0,531,2412,0,68,0,1491,12,3094,325,36583
2026/6/30,17:30,36072,1302,17686,6705,150,1325,1760,0,531,1279,0,77,0,1901,21,3026,311,36074
2026/6/30,18:00,35545,1301,17474,6746,150,1338,2176,0,534,515,0,73,0,1926,24,2918,368,35543
2026/6/30,18:30,35210,1301,17475,6745,150,1363,2195,0,534,31,0,49,0,1994,24,2975,373,35209
2026/6/30,19:00,34871,1302,17436,6744,150,1331,2146,0,537,0,0,63,0,1989,20,2846,306,34870
2026/6/30,19:30,34176,1300,17129,6746,150,1310,2135,0,537,0,0,57,0,2036,16,2434,326,34176
2026/6/30,20:00,33316,1301,16841,6745,152,1327,1644,0,538,0,0,24,0,1921,15,2616,193,33317
2026/6/30,20:30,32577,1300,16414,6748,152,1301,1642,0,539,0,0,25,0,1883,13,2371,190,32578
2026/6/30,21:00,31550,1300,15698,6746,161,1306,1589,0,539,0,0,70,0,1237,9,2681,214,31550
2026/6/30,21:30,30639,1301,14990,6745,161,1311,1585,0,538,0,0,19,0,319,4,3435,231,30639
2026/6/30,22:00,30147,1301,14762,6747,153,1308,1802,0,539,0,0,25,0,905,3,2337,264,30146
2026/6/30,22:30,29195,1301,14224,6746,152,1294,1772,0,543,0,0,27,0,453,3,2394,286,29195
2026/6/30,23:00,28426,1301,13713,6751,158,1293,1776,0,538,0,0,24,0,171,2,2444,255,28426
2026/6/30,23:30,27474,1301,12731,6748,168,1296,1763,0,537,0,0,37,0,0,2,2736,155,27474
