単位[MW平均],,,供給力
DATE,TIME,エリア需要,原子力,火力(LNG),火力(石炭),火力(石油),火力(その他),水力,地熱,バイオマス,太陽光発電実績,太陽光出力制御量,風力発電実績,風力出力制御量,揚水,蓄電池,連系線,その他,合計
2026/3/1,0:00,24580,1188,7640,5475,371,1712,694,0,474,0,0,307,0,265,1,6173,280,24580
2026/3/1,0:30,23757,1193,7245,5194,371,1711,704,0,473,0,0,310,0,150,1,6083,322,23757
2026/3/1,1:00,23412,1197,7160,5047,370,1734,629,0,474,0,0,289,0,445,1,5769,297,23412
2026/3/1,1:30,23241,1201,6278,4930,371,1761,617,0,474,0,0,272,0,1445,2,5589,300,23240
2026/3/1,2:00,23284,1206,6102,4827,371,1747,627,0,474,0,0,273,0,1682,2,5669,305,23285
2026/3/1,2:30,23336,1210,6044,4796,371,1697,635,0,474,0,0,263,0,1732,2,5811,302,23337
2026/3/1,3:00,23558,1215,6493,4799,372,1684,553,0,475,0,0,228,0,1959,2,5474,304,23558
2026/3/1,3:30,23614,1219,7062,4868,371,1689,550,0,476,0,0,194,0,1538,2,5352,294,23615
2026/3/1,4:00,23797,1223,7742,5086,371,1653,583,0,475,0,0,187,0,901,2,5267,307,23797
2026/3/1,4:30,23935,1227,8082,5092,371,1679,582,0,475,0,0,183,0,955,2,5007,281,23936
2026/3/1,5:00,24273,1232,8289,5089,372,1720,560,0,474,0,0,210,0,1041,2,4982,303,24274
2026/3/1,5:30,24621,1236,8497,5102,372,1750,573,0,475,0,0,190,0,1483,2,4670,273,24623
2026/3/1,6:00,24902,1240,8673,5189,372,1783,580,0,475,4,0,157,0,1283,3,4870,271,24900
2026/3/1,6:30,24867,1242,8307,5092,371,1704,581,0,477,315,0,155,0,678,1,5701,244,24868
2026/3/1,7:00,25012,1242,7638,4829,368,1596,593,0,475,1795,0,155,0,272,2,5756,292,25013
2026/3/1,7:30,25217,1241,7039,4244,347,1440,579,0,475,3822,0,171,0,84,2,5494,280,25218
2026/3/1,8:00,25459,1240,6269,3916,344,1357,653,0,472,6099,0,171,0,649,0,4005,284,25459
2026/3/1,8:30,26030,1240,6242,3680,344,1355,657,0,472,8326,0,171,0,192,0,3064,287,26030
2026/3/1,9:00,26462,1240,5852,3340,344,1337,624,0,472,10232,0,171,0,-1384,1,3940,293,26462
2026/3/1,9:30,26598,1240,6033,3022,344,1338,617,0,472,11736,0,170,0,-2509,1,3833,302,26599
2026/3/1,10:00,26227,1240,5702,2725,343,1301,593,0,471,12900,0,179,0,-3734,1,4211,295,26227
2026/3/1,10:30,26326,1240,5648,2672,344,1262,590,0,472,13888,0,161,0,-5128,1,4870,305,26325
2026/3/1,11:00,25799,1240,5989,2650,344,1273,531,0,437,13356,993,132,19,-5302,1,4844,304,25799
2026/3/1,11:30,25827,1239,5392,2641,344,1285,544,0,437,14790,140,99,41,-6096,1,4846,307,25829
2026/3/1,12:00,25431,1240,6001,2643,344,1284,568,0,435,13775,1756,152,51,-6169,1,4851,304,25429
2026/3/1,12:30,25395,1239,5939,2639,344,1285,564,0,435,13738,1543,158,25,-6159,1,4911,301,25395
2026/3/1,13:00,25375,1239,5443,2644,344,1303,563,0,435,14518,0,179,0,-6385,1,4793,298,25375
2026/3/1,13:30,24792,1240,5888,2640,345,1319,561,0,435,13413,0,153,0,-6312,1,4814,297,24794
2026/3/1,14:00,24472,1240,6300,2642,344,1331,532,0,435,12033,0,125,0,-5641,1,4832,299,24473
2026/3/1,14:30,24476,1240,6495,2808,345,1343,527,0,435,10318,0,126,0,-4140,1,4681,297,24476
2026/3/1,15:00,24578,1240,6809,3071,344,1337,536,0,435,8327,0,148,0,-2301,1,4335,297,24579
2026/3/1,15:30,24945,1240,7140,3514,345,1333,539,0,436,6054,0,163,0,-607,5,4487,297,24946
2026/3/1,16:00,25467,1239,8088,4166,349,1455,793,0,470,3708,0,151,0,156,9,4589,294,25467
2026/3/1,16:30,26198,1240,9509,4914,370,1642,822,0,471,1723,0,146,0,507,10,4551,293,26198
2026/3/1,17:00,27161,1239,10120,5836,370,1732,947,0,471,398,0,140,0,775,15,4847,271,27161
2026/3/1,17:30,28570,1239,10758,6381,370,1726,965,0,471,2,0,127,0,856,19,5388,266,28568
2026/3/1,18:00,29371,1240,10658,6649,371,1792,982,0,474,0,0,111,0,1012,19,5803,261,29372
2026/3/1,18:30,29603,1240,11166,6771,371,1819,1008,0,474,0,0,130,0,1270,21,5076,258,29604
2026/3/1,19:00,29630,1240,10907,6818,370,1806,1025,0,474,0,0,125,0,1122,23,5459,262,29631
2026/3/1,19:30,29458,1240,10818,6856,370,1792,951,0,474,0,0,117,0,957,16,5601,267,29459
2026/3/1,20:00,29326,1239,10411,6974,371,1799,848,0,475,0,0,115,0,611,14,6194,275,29326
2026/3/1,20:30,29107,1240,10264,6982,371,1797,847,0,476,0,0,149,0,529,12,6147,292,29106
2026/3/1,21:00,28544,1240,10085,6985,370,1794,833,0,476,0,0,154,0,357,5,5957,288,28544
2026/3/1,21:30,27742,1240,9458,6981,371,1779,810,0,476,0,0,145,0,323,2,5850,307,27742
2026/3/1,22:00,26899,1240,9518,6981,371,1770,577,0,476,0,0,143,0,113,2,5408,301,26900
2026/3/1,22:30,26007,1240,8941,6983,370,1786,551,0,476,0,0,138,0,0,1,5210,310,26006
2026/3/1,23:00,25505,1240,8332,7051,371,1776,498,0,476,0,0,137,0,0,0,5330,294,25505
2026/3/1,23:30,24633,1134,7666,6551,371,1783,485,0,476,0,0,145,0,0,0,5716,306,24633
2026/3/2,0:00,23949,1035,8096,6122,370,1743,539,0,472,0,0,170,0,0,3,5133,265,23948
2026/3/2,0:30,23057,1040,7768,5743,370,1617,549,0,472,0,0,166,0,0,2,5018,310,23055
2026/3/2,1:00,22917,1040,8068,5566,371,1607,567,0,472,0,0,140,0,0,0,4759,327,22917
2026/3/2,1:30,22853,1040,7977,5560,371,1607,569,0,472,0,0,152,0,0,0,4773,333,22854
2026/3/2,2:00,22839,1040,8223,5564,370,1565,508,0,472,0,0,143,0,0,2,4615,337,22839
2026/3/2,2:30,23058,1040,8702,5598,371,1426,502,0,472,0,0,157,0,0,1,4459,331,23059
2026/3/2,3:00,23317,1040,8794,5775,370,1449,519,0,474,0,0,147,0,0,1,4415,332,23316
2026/3/2,3:30,23483,1040,8566,6116,371,1378,513,0,474,0,0,172,0,0,0,4533,321,23484
2026/3/2,4:00,23809,1040,8991,6398,370,1350,606,0,474,0,0,163,0,0,0,4099,318,23809
2026/3/2,4:30,24301,1039,9065,6676,370,1352,609,0,474,0,0,173,0,0,0,4252,289,24299
2026/3/2,5:00,25076,1042,10030,6827,371,1378,609,0,472,0,0,158,0,0,0,3898,292,25077
2026/3/2,5:30,25973,1048,10645,6826,371,1370,613,0,473,0,0,160,0,0,0,4214,253,25973
2026/3/2,6:00,27641,1053,12344,6827,371,1403,666,0,473,6,0,138,0,0,0,4084,274,27639
2026/3/2,6:30,28891,1059,12767,6871,377,1415,695,0,476,211,0,165,0,0,0,4625,230,28891
2026/3/2,7:00,30306,1064,12489,6896,380,1321,927,0,475,852,0,168,0,0,3,5535,197,30307
2026/3/2,7:30,31589,1069,12513,6894,380,1084,917,0,471,1780,0,151,0,0,3,6160,166,31588
2026/3/2,8:00,33322,1075,12869,6898,379,1041,1014,0,470,2864,0,144,0,0,1,6408,160,33323
2026/3/2,8:30,34869,1080,13216,6897,380,1058,936,0,469,4054,0,103,0,0,0,6498,178,34869
2026/3/2,9:00,35730,1086,13208,6897,379,1081,858,0,468,5061,0,105,0,0,0,6385,202,35730
2026/3/2,9:30,35851,1091,12601,6897,379,1134,847,0,468,5930,0,109,0,-82,0,6252,225,35851
2026/3/2,10:00,35443,1096,12420,6705,379,1093,780,0,464,6894,0,99,0,-1133,0,6401,244,35442
2026/3/2,10:30,35584,1102,12454,6606,380,1161,778,0,467,7831,0,91,0,-1828,0,6273,268,35583
2026/3/2,11:00,35264,1107,11998,6587,380,1164,699,0,469,8328,0,88,0,-2001,0,6171,273,35263
2026/3/2,11:30,35050,1112,11998,6522,378,1104,703,0,466,8704,0,79,0,-2301,0,6005,281,35051
2026/3/2,12:00,33900,1117,12666,6447,383,1092,578,0,468,8517,0,88,0,-2702,0,4969,276,33899
2026/3/2,12:30,33557,1123,11885,6485,385,1098,586,0,467,8453,0,79,0,-2998,0,5717,277,33557
2026/3/2,13:00,34814,1128,12971,6508,384,1119,579,0,466,8234,0,75,0,-2527,2,5595,279,34813
2026/3/2,13:30,34926,1134,13043,6650,415,1082,572,0,466,7071,0,76,0,-1826,4,5958,281,34926
2026/3/2,14:00,34715,1139,13050,6893,459,1103,569,0,463,5772,0,77,0,-1512,4,6406,290,34713
2026/3/2,14:30,34692,1144,13610,6897,459,1138,574,0,463,4814,0,75,0,-1115,4,6339,289,34691
2026/3/2,15:00,34705,1150,13806,6897,459,1140,908,0,464,3761,0,69,0,-436,2,6197,288,34705
2026/3/2,15:30,35025,1155,15336,6893,490,1109,918,0,465,2515,0,73,0,33,2,5749,286,35024
2026/3/2,16:00,35048,1161,16306,6898,489,1071,926,0,467,1356,0,69,0,206,11,5809,279,35048
2026/3/2,16:30,35303,1166,17235,6893,489,1057,955,0,468,601,0,68,0,611,18,5474,267,35302
2026/3/2,17:00,35718,1172,18237,6896,490,1033,1005,0,470,133,0,69,0,931,28,5005,251,35720
2026/3/2,17:30,36387,1177,18799,6894,490,1024,1007,0,470,1,0,71,0,1218,24,4972,241,36388
2026/3/2,18:00,36432,1182,19029,6894,490,1064,1029,0,476,0,0,77,0,1219,24,4719,229,36432
2026/3/2,18:30,36176,1187,18933,6896,489,1032,1031,0,473,0,0,68,0,1344,20,4466,235,36174
2026/3/2,19:00,35698,1193,18400,6891,490,1002,1047,0,474,0,0,72,0,1159,21,4721,230,35700
2026/3/2,19:30,35155,1198,18084,6894,489,1078,1091,0,478,0,0,91,0,708,11,4797,236,35155
2026/3/2,20:00,34532,1204,17830,6895,490,1061,1078,0,479,0,0,104,0,421,10,4714,246,34532
2026/3/2,20:30,34021,1209,17297,6893,490,1066,1070,0,480,0,0,102,0,453,3,4704,253,34020
2026/3/2,21:00,33120,1215,16722,6892,489,1034,1049,0,479,0,0,102,0,561,1,4312,265,33121
2026/3/2,21:30,32092,1220,15334,6893,489,1030,1023,0,479,0,0,106,0,659,0,4581,278,32092
2026/3/2,22:00,31274,1225,14827,6893,486,1027,994,0,479,0,0,114,0,667,0,4275,286,31273
2026/3/2,22:30,30192,1228,13617,6892,450,1101,960,0,479,0,0,114,0,631,0,4418,302,30192
2026/3/2,23:00,29193,1232,13269,6895,452,1211,608,0,476,0,0,117,0,423,0,4221,289,29193
2026/3/2,23:30,28014,1235,12621,6893,450,1188,596,0,476,0,0,124,0,56,0,4064,311,28014
2026/3/3,0:00,26914,1238,12388,6894,413,1214,590,0,473,0,0,122,0,0,0,3324,258,26914
2026/3/3,0:30,25988,1241,12067,6893,371,1254,594,0,473,0,0,131,0,-104,1,2757,309,25987
2026/3/3,1:00,25488,1244,11101,6892,370,1307,568,0,473,0,0,141,0,-128,1,3199,321,25489
2026/3/3,1:30,25420,1248,11175,6896,370,1353,574,0,473,0,0,141,0,-127,0,2987,331,25421
2026/3/3,2:00,25258,1251,11000,6895,371,1376,587,0,473,0,0,141,0,-126,1,2955,334,25258
2026/3/3,2:30,25400,1254,11405,6893,370,1331,609,0,473,0,0,138,0,-10,0,2604,333,25400
2026/3/3,3:00,25559,1257,11629,6895,371,1323,611,0,475,0,0,143,0,0,0,2522,334,25560
2026/3/3,3:30,25650,1260,11639,6891,371,1347,608,0,475,0,0,148,0,0,0,2586,324,25649
2026/3/3,4:00,25934,1261,11791,6891,370,1316,641,0,475,0,0,147,0,0,0,2724,317,25933
2026/3/3,4:30,26259,1261,12096,6896,370,1292,645,0,475,0,0,158,0,0,0,2777,288,26258
2026/3/3,5:00,27116,1261,12710,6893,370,1255,858,0,474,0,0,163,0,0,0,2820,312,27116
2026/3/3,5:30,28007,1261,13093,6896,370,1238,861,0,476,0,0,172,0,0,0,3368,271,28006
2026/3/3,6:00,29669,1262,14470,6893,371,1283,970,0,476,8,0,182,0,0,0,3466,288,29669
2026/3/3,6:30,31319,1267,15634,6896,375,1271,985,0,480,136,0,194,0,0,0,3833,247,31318
2026/3/3,7:00,32794,1272,16471,6893,379,1266,1030,0,479,233,0,203,0,0,0,4354,212,32792
2026/3/3,7:30,34375,1276,17535,6896,378,1281,1023,0,475,434,0,191,0,0,1,4699,186,34375
2026/3/3,8:00,36685,1281,19200,6895,379,1324,1039,0,474,674,0,197,0,0,4,5053,165,36685
2026/3/3,8:30,38846,1285,20541,6897,379,1363,1044,0,473,741,0,190,0,145,4,5608,175,38845
2026/3/3,9:00,40161,1291,21176,6895,379,1370,1041,0,470,762,0,193,0,383,15,6001,185,40161
2026/3/3,9:30,40661,1296,21439,6896,379,1344,1005,0,471,798,0,191,0,508,9,6114,211,40661
2026/3/3,10:00,40569,1301,21606,6897,379,1329,883,0,466,871,0,186,0,440,4,5991,216,40569
2026/3/3,10:30,40426,1306,21317,6896,378,1326,887,0,469,1011,0,196,0,258,2,6137,242,40425
2026/3/3,11:00,40389,1313,21537,6896,379,1309,673,0,472,1150,0,196,0,35,0,6187,243,40390
2026/3/3,11:30,40237,1318,21392,6896,379,1290,655,0,469,1236,0,191,0,0,0,6159,252,40237
2026/3/3,12:00,38995,1319,20949,6897,378,1302,686,0,471,1262,0,195,0,0,0,5290,247,38996
2026/3/3,12:30,38595,1319,20183,6897,379,1381,688,0,471,1425,0,194,0,0,0,5400,258,38595
2026/3/3,13:00,39722,1319,21623,6896,398,1421,686,0,469,1478,0,196,0,0,0,4982,253,39721
2026/3/3,13:30,39646,1319,21624,6898,443,1390,636,0,469,1429,0,194,0,21,0,4974,249,39646
2026/3/3,14:00,39569,1319,22211,6895,459,1393,607,0,466,1511,0,192,0,247,0,4019,251,39570
2026/3/3,14:30,39705,1319,22804,6896,460,1367,600,0,467,1451,0,192,0,184,2,3718,246,39706
2026/3/3,15:00,39906,1319,22839,6895,458,1351,911,0,467,1165,0,195,0,0,0,4076,230,39906
2026/3/3,15:30,40065,1319,23514,6897,459,1328,922,0,471,701,0,177,0,103,3,3946,225,40065
2026/3/3,16:00,40481,1319,23738,6895,490,1308,964,0,477,399,0,164,0,700,16,3785,225,40480
2026/3/3,16:30,40824,1319,23949,6898,491,1282,976,0,483,175,0,178,0,934,17,3918,204,40824
2026/3/3,17:00,41004,1319,24005,6897,491,1242,996,0,486,45,0,187,0,1043,22,4082,188,41003
2026/3/3,17:30,41339,1320,24010,6895,491,1292,1003,0,488,1,0,190,0,1055,21,4395,178,41339
2026/3/3,18:00,41285,1320,23733,6895,491,1369,1007,0,500,0,0,194,0,1046,18,4536,176,41285
2026/3/3,18:30,41144,1320,23589,6896,491,1343,1008,0,501,0,0,193,0,932,20,4673,178,41144
2026/3/3,19:00,40596,1320,23373,6895,490,1364,1038,0,503,0,0,182,0,654,15,4588,174,40596
2026/3/3,19:30,40095,1320,23048,6897,490,1381,1054,0,506,0,0,189,0,148,8,4870,184,40095
2026/3/3,20:00,39476,1320,22461,6760,489,1353,1069,0,509,0,0,206,0,120,8,4976,206,39477
2026/3/3,20:30,38808,1320,21932,6669,489,1365,1077,0,511,0,0,194,0,120,3,4912,216,38808
2026/3/3,21:00,37832,1320,21177,6553,490,1339,1062,0,511,0,0,198,0,120,1,4837,225,37833
2026/3/3,21:30,36730,1320,20084,6523,490,1352,1066,0,512,0,0,212,0,121,0,4803,248,36731
2026/3/3,22:00,35702,1320,19049,6478,487,1338,1070,0,512,0,0,212,0,126,1,4854,255,35702
2026/3/3,22:30,34362,1319,17548,6485,483,1339,1059,0,512,0,0,229,0,127,2,4985,273,34361
2026/3/3,23:00,33168,1319,16905,6483,452,1322,986,0,508,0,0,203,0,124,0,4570,296,33168
2026/3/3,23:30,31722,1319,15682,6484,448,1339,952,0,509,0,0,193,0,13,0,4464,319,31722
2026/3/4,0:00,30543,1319,15110,6480,448,1294,664,0,509,0,0,239,0,0,2,4219,259,30543
2026/3/4,0:30,29283,1319,13806,6486,450,1230,670,0,509,0,0,227,0,0,2,4269,314,29282
2026/3/4,1:00,28856,1319,13420,6483,449,1276,664,0,509,0,0,232,0,0,2,4187,314,28855
2026/3/4,1:30,28464,1319,13165,6482,450,1246,671,0,509,0,0,232,0,0,2,4062,326,28464
2026/3/4,2:00,28314,1319,13149,6483,413,1255,683,0,508,0,0,219,0,0,1,3959,326,28315
2026/3/4,2:30,28167,1319,13080,6479,369,1283,683,0,509,0,0,197,0,0,1,3922,325,28167
2026/3/4,3:00,28159,1319,13270,6430,369,1277,701,0,510,0,0,178,0,0,0,3778,326,28158
2026/3/4,3:30,28046,1319,13217,6401,370,1287,705,0,510,0,0,179,0,0,1,3742,315,28046
2026/3/4,4:00,28352,1319,13498,6320,370,1289,996,0,510,0,0,191,0,0,1,3533,324,28351
2026/3/4,4:30,28716,1319,13644,6320,369,1305,998,0,510,0,0,190,0,0,2,3765,293,28715
2026/3/4,5:00,29606,1319,14582,6321,368,1266,1004,0,509,0,0,178,0,0,1,3764,293,29605
2026/3/4,5:30,30754,1319,15545,6320,369,1132,1010,0,509,0,0,190,0,308,1,3800,250,30753
2026/3/4,6:00,32678,1319,17269,6321,369,1252,1054,0,509,11,0,191,0,410,0,3693,281,32679
2026/3/4,6:30,34561,1319,18427,6319,374,1286,1059,0,512,189,0,193,0,408,0,4231,243,34560
2026/3/4,7:00,36163,1320,19425,6320,377,1304,1015,0,510,680,0,207,0,411,0,4398,196,36163
2026/3/4,7:30,37414,1320,20314,6320,377,1354,1014,0,509,1543,0,203,0,527,0,3758,174,37413
2026/3/4,8:00,38758,1320,21322,6283,375,1346,1045,0,505,2586,0,207,0,555,3,3057,154,38758
2026/3/4,8:30,39104,1320,21818,6143,377,1310,1018,0,504,3567,0,160,0,416,5,2299,166,39103
2026/3/4,9:00,39048,1320,20932,6131,376,1316,1000,0,502,5085,0,144,0,124,6,1941,172,39049
2026/3/4,9:30,38537,1320,18629,6092,376,1332,992,0,502,6663,0,159,0,2,2,2270,198,38537
2026/3/4,10:00,37676,1319,16568,5597,377,1327,952,0,501,8465,0,175,0,0,0,2171,223,37675
2026/3/4,10:30,37021,1319,15177,5103,375,1334,921,0,501,9879,0,194,0,0,0,1976,242,37021
2026/3/4,11:00,36612,1319,14090,4804,377,1315,687,0,502,11202,0,215,0,-196,0,2030,267,36612
2026/3/4,11:30,36104,1319,13576,4477,376,1303,693,0,503,11947,0,241,0,-1031,0,2425,276,36105
2026/3/4,12:00,34383,1319,13226,3946,376,1339,698,0,501,11986,0,315,0,-1994,0,2384,288,34384
2026/3/4,12:30,34347,1318,13610,3711,375,1323,700,0,501,12317,0,316,0,-2787,0,2673,290,34347
2026/3/4,13:00,34497,1319,14421,3670,375,1318,679,0,499,11650,0,321,0,-2381,0,2347,280,34498
2026/3/4,13:30,34078,1319,13663,3663,375,1318,648,0,499,11045,0,333,0,-1475,0,2411,280,34079
2026/3/4,14:00,33596,1319,13399,3653,376,1316,645,0,495,10351,0,350,0,-1063,0,2478,277,33596
2026/3/4,14:30,33364,1319,13517,3920,375,1348,645,0,499,9210,0,368,0,-423,0,2307,279,33364
2026/3/4,15:00,33260,1319,14226,4197,394,1322,896,0,498,7753,0,355,0,-430,0,2457,273,33260
2026/3/4,15:30,33981,1319,16377,4560,439,1275,912,0,502,5735,0,366,0,0,0,2231,266,33982
2026/3/4,16:00,34554,1319,17995,4924,486,1269,1022,0,501,3490,0,368,0,133,13,2778,257,34555
2026/3/4,16:30,35180,1318,19122,5429,487,1303,1052,0,502,1662,0,348,0,533,14,3165,245,35180
2026/3/4,17:00,35797,1319,20012,5933,485,1316,1079,0,504,448,0,339,0,938,18,3182,225,35798
2026/3/4,17:30,36816,1318,20896,6167,488,1310,1088,0,504,5,0,357,0,1180,21,3276,206,36816
2026/3/4,18:00,37581,1319,21156,6224,485,1337,1095,0,507,0,0,341,0,1312,16,3591,199,37582
2026/3/4,18:30,37839,1319,20964,6323,485,1365,1126,0,507,0,0,329,0,1426,17,3783,195,37839
2026/3/4,19:00,37555,1319,20827,6320,484,1336,1132,0,509,0,0,343,0,1326,14,3749,196,37555
2026/3/4,19:30,37352,1319,20913,6323,484,1337,1131,0,509,0,0,339,0,852,6,3924,214,37351
2026/3/4,20:00,36934,1319,20392,6322,485,1329,1102,0,514,0,0,359,0,798,7,4097,211,36935
2026/3/4,20:30,36560,1319,19386,6322,485,1365,1059,0,515,0,0,339,0,775,3,4766,225,36559
2026/3/4,21:00,35695,1319,18819,6318,484,1324,1020,0,514,0,0,319,0,573,0,4771,233,35694
2026/3/4,21:30,34735,1319,18215,6325,484,1280,974,0,513,0,0,331,0,370,2,4679,242,34734
2026/3/4,22:00,33934,1319,17485,6322,480,1308,936,0,514,0,0,331,0,260,1,4717,261,33934
2026/3/4,22:30,32897,1319,16781,6321,475,1281,902,0,513,0,0,329,0,173,2,4524,277,32897
2026/3/4,23:00,31880,1319,16263,6320,443,1307,874,0,514,0,0,331,0,13,2,4204,291,31881
2026/3/4,23:30,30647,1319,15149,6322,443,1305,862,0,514,0,0,329,0,0,0,4094,311,30648
2026/3/5,0:00,29319,1319,14081,6322,442,1323,578,0,467,0,0,311,0,0,3,4221,253,29320
2026/3/5,0:30,28272,1319,12748,6320,441,1345,580,0,469,0,0,303,0,0,2,4438,305,28270
2026/3/5,1:00,27711,1319,12414,6322,443,1326,599,0,467,0,0,313,0,0,1,4190,317,27711
2026/3/5,1:30,27441,1319,12274,6324,442,1297,605,0,468,0,0,311,0,0,1,4073,327,27441
2026/3/5,2:00,27423,1319,12352,6320,404,1263,602,0,467,0,0,310,0,0,1,4055,330,27423
2026/3/5,2:30,27448,1319,12380,6322,362,1286,597,0,467,0,0,311,0,0,3,4073,328,27448
2026/3/5,3:00,27574,1319,12391,6320,361,1320,600,0,469,0,0,313,0,0,2,4151,328,27574
2026/3/5,3:30,27649,1319,12905,6321,362,1305,598,0,468,0,0,310,0,0,2,3744,315,27649
2026/3/5,4:00,28002,1319,12973,6320,361,1322,619,0,469,0,0,309,0,0,2,3992,315,28001
2026/3/5,4:30,28402,1319,13446,6319,362,1326,668,0,469,0,0,303,0,0,2,3906,281,28401
2026/3/5,5:00,29566,1319,14235,6319,363,1301,857,0,468,0,0,298,0,0,2,4113,292,29567
2026/3/5,5:30,30606,1319,15004,6321,362,1363,866,0,468,0,0,283,0,0,3,4372,246,30607
2026/3/5,6:00,32486,1319,16258,6318,362,1337,989,0,468,14,0,297,0,610,4,4225,285,32486
2026/3/5,6:30,33541,1319,16490,6320,367,1331,996,0,471,524,0,308,0,936,9,4224,247,33542
2026/3/5,7:00,34159,1319,15978,6322,370,1301,983,0,469,2134,0,316,0,777,6,3976,208,34159
2026/3/5,7:30,34200,1319,14543,6243,370,1248,955,0,467,4197,0,315,0,12,3,4341,187,34200
2026/3/5,8:00,35035,1319,13389,5446,370,1216,945,0,461,6582,0,321,0,0,2,4812,172,35035
2026/3/5,8:30,36059,1318,12744,5191,371,1293,947,0,459,8948,0,309,0,0,0,4298,180,36058
2026/3/5,9:00,36588,1319,11677,4655,370,1305,923,0,460,11084,0,309,0,0,1,4293,192,36588
2026/3/5,9:30,36579,1319,10082,4196,367,1296,916,0,461,12860,0,308,0,0,1,4555,218,36579
2026/3/5,10:00,36226,1319,9298,3709,366,1346,785,0,460,14244,0,288,0,-213,2,4390,231,36225
2026/3/5,10:30,36046,1319,8931,3339,367,1367,777,0,460,15289,0,292,0,-1471,1,5126,249,36046
2026/3/5,11:00,35760,1319,9066,3153,367,1360,591,0,461,15915,0,298,0,-2071,1,5044,258,35762
2026/3/5,11:30,35332,1319,9053,3055,366,1367,621,0,462,16247,0,314,0,-2886,1,5150,263,35332
2026/3/5,12:00,34043,1319,8743,3055,367,1465,621,0,461,16233,0,322,0,-3867,1,5055,268,34043
2026/3/5,12:30,33234,1318,9197,3084,366,1457,641,0,461,15789,0,317,0,-4295,1,4612,285,33233
2026/3/5,13:00,33615,1319,9668,3140,366,1399,609,0,458,15026,0,317,0,-3630,1,4655,288,33616
2026/3/5,13:30,33250,1319,9684,3156,366,1406,595,0,458,13941,0,312,0,-3160,1,4881,290,33249
2026/3/5,14:00,32850,1319,9461,3391,366,1421,589,0,455,12520,0,308,0,-2428,1,5155,292,32850
2026/3/5,14:30,32649,1319,9591,3432,366,1458,588,0,458,10791,0,312,0,-1231,2,5275,289,32650
2026/3/5,15:00,32415,1319,10227,3517,387,1388,592,0,453,8733,0,302,0,-51,1,5260,287,32415
2026/3/5,15:30,32934,1319,13100,3804,431,1387,591,0,458,6398,0,299,0,0,0,4863,284,32934
2026/3/5,16:00,33551,1319,15299,4109,513,1343,977,0,456,3986,0,262,0,355,11,4650,271,33551
2026/3/5,16:30,34151,1319,17297,4504,478,1290,1005,0,457,1939,0,225,0,551,17,4806,262,34150
2026/3/5,17:00,34610,1319,18335,4872,477,1295,1033,0,462,527,0,222,0,1046,20,4764,238,34610
2026/3/5,17:30,35827,1320,19871,5462,477,1268,1056,0,462,7,0,194,0,1273,24,4181,231,35826
2026/3/5,18:00,36724,1320,20328,5916,478,1237,1078,0,464,0,0,182,0,1400,27,4060,234,36724
2026/3/5,18:30,36975,1320,19773,6292,477,1268,1081,0,465,0,0,212,0,1514,30,4312,231,36975
2026/3/5,19:00,36754,1320,19599,6319,477,1282,1090,0,466,0,0,206,0,1458,29,4274,234,36754
2026/3/5,19:30,36465,1320,19714,6322,478,1352,1090,0,470,0,0,212,0,1362,10,3906,230,36466
2026/3/5,20:00,36099,1320,19720,6319,478,1333,1023,0,472,0,0,197,0,1169,4,3840,225,36100
2026/3/5,20:30,35771,1320,18742,6319,477,1300,1010,0,473,0,0,183,0,1080,6,4622,237,35769
2026/3/5,21:00,35020,1320,17948,6317,478,1314,945,0,473,0,0,180,0,985,1,4816,244,35021
2026/3/5,21:30,34009,1320,17164,6320,478,1341,921,0,473,0,0,188,0,983,0,4566,255,34009
2026/3/5,22:00,33209,1320,16155,6319,472,1325,917,0,472,0,0,193,0,1050,2,4715,269,33209
2026/3/5,22:30,32140,1320,15062,6320,467,1211,891,0,473,0,0,195,0,995,2,4924,283,32143
2026/3/5,23:00,31239,1320,14359,6319,436,1172,759,0,469,0,0,199,0,1419,1,4493,294,31240
2026/3/5,23:30,30025,1320,13905,6317,436,1151,756,0,473,0,0,179,0,836,0,4434,218,30025
2026/3/6,0:00,28977,1320,13949,6318,436,1131,576,0,511,0,0,191,0,150,0,4262,132,28976
2026/3/6,0:30,27989,1320,12795,6320,436,1191,580,0,510,0,0,182,0,0,0,4466,188,27988
2026/3/6,1:00,27567,1320,12558,6319,436,1235,587,0,510,0,0,180,0,0,1,4193,229,27568
2026/3/6,1:30,27402,1320,12621,6320,436,1335,589,0,511,0,0,167,0,0,0,3861,242,27402
2026/3/6,2:00,27416,1320,12946,6321,399,1325,589,0,510,0,0,158,0,0,0,3595,253,27416
2026/3/6,2:30,27464,1320,13116,6319,357,1345,584,0,511,0,0,139,0,0,1,3522,250,27464
2026/3/6,3:00,27623,1320,13243,6320,356,1342,589,0,512,0,0,96,0,0,0,3593,253,27624
2026/3/6,3:30,27657,1320,13294,6317,356,1342,616,0,512,0,0,82,0,0,0,3529,287,27655
2026/3/6,4:00,28048,1320,13504,6321,356,1344,613,0,512,0,0,74,0,0,1,3715,289,28049
2026/3/6,4:30,28453,1320,13893,6321,356,1315,612,0,512,0,0,66,0,20,1,3727,311,28454
2026/3/6,5:00,29518,1320,14296,6318,355,1289,873,0,511,0,0,63,0,264,0,3921,306,29516
2026/3/6,5:30,30650,1320,15215,6320,356,1311,875,0,511,0,0,53,0,299,5,4124,260,30649
2026/3/6,6:00,32482,1320,16916,6317,357,1327,956,0,515,17,0,47,0,300,7,4191,212,32482
2026/3/6,6:30,33651,1320,17383,6318,364,1351,950,0,515,514,0,41,0,301,9,4416,170,33652
2026/3/6,7:00,34801,1320,17525,6321,368,1331,956,0,513,1914,0,36,0,353,7,3985,171,34800
2026/3/6,7:30,35370,1320,16032,6323,368,1309,957,0,510,3659,0,32,0,134,0,4576,151,35371
2026/3/6,8:00,36617,1320,15011,6038,367,1311,963,0,505,5547,0,32,0,0,0,5371,151,36616
2026/3/6,8:30,37975,1320,15150,5347,368,1310,954,0,501,7209,0,33,0,0,0,5620,164,37976
2026/3/6,9:00,38771,1320,14936,5119,368,1316,936,0,497,8284,0,34,0,0,1,5789,172,38772
2026/3/6,9:30,38620,1320,14023,4988,368,1388,944,0,499,8851,0,35,0,0,2,6004,199,38621
2026/3/6,10:00,38492,1320,13032,4899,366,1367,910,0,498,9564,0,39,0,0,3,6278,216,38492
2026/3/6,10:30,38701,1320,12823,4841,364,1370,915,0,499,9867,0,43,0,0,3,6418,239,38702
2026/3/6,11:00,38370,1320,13191,4961,364,1370,659,0,500,9405,0,49,0,0,2,6299,250,38370
2026/3/6,11:30,37414,1320,13192,5042,364,1357,700,0,503,8315,0,53,0,0,2,6311,254,37413
2026/3/6,12:00,35692,1320,12487,5082,364,1403,692,0,502,7328,0,55,0,0,2,6204,253,35692
2026/3/6,12:30,35589,1320,11945,5326,363,1409,698,0,502,7388,0,59,0,0,2,6291,286,35589
2026/3/6,13:00,36895,1320,13400,5525,364,1377,684,0,499,6905,0,59,0,268,2,6240,253,36896
2026/3/6,13:30,36291,1320,13144,5807,363,1336,666,0,499,6048,0,55,0,398,2,6339,314,36291
2026/3/6,14:00,36277,1317,13646,5847,364,1368,721,0,499,5343,0,67,0,468,1,6341,295,36277
2026/3/6,14:30,35502,1321,13958,6094,364,1364,727,0,500,4399,0,70,0,463,2,5944,298,35504
2026/3/6,15:00,35239,1321,14173,6371,384,1382,932,0,500,3930,0,65,0,511,0,5358,311,35238
2026/3/6,15:30,35624,1320,15620,6559,427,1390,976,0,502,3058,0,69,0,617,0,4773,311,35622
2026/3/6,16:00,36051,1320,17603,6561,474,1309,1085,0,500,1888,0,72,0,664,17,4234,322,36049
2026/3/6,16:30,36088,1320,18452,6560,474,1306,1091,0,501,849,0,109,0,816,21,4280,308,36087
2026/3/6,17:00,36126,1320,19185,6558,473,1279,1121,0,507,223,0,125,0,868,22,4124,319,36124
2026/3/6,17:30,36809,1320,19456,6561,474,1338,1124,0,507,4,0,122,0,1173,26,4401,304,36810
2026/3/6,18:00,37057,1320,19258,6557,474,1292,1169,0,510,0,0,169,0,1159,22,4806,320,37056
2026/3/6,18:30,36904,1320,18644,6558,474,1277,1166,0,511,0,0,173,0,1392,22,5052,315,36904
2026/3/6,19:00,36488,1320,18314,6557,474,1300,1156,0,512,0,0,203,0,1419,20,4904,309,36488
2026/3/6,19:30,36010,1320,17541,6559,475,1322,1146,0,512,0,0,246,0,1523,10,5040,317,36011
2026/3/6,20:00,35430,1320,18159,6560,474,1359,1010,0,518,0,0,276,0,605,5,4825,320,35431
2026/3/6,20:30,34931,1320,17668,6562,474,1359,982,0,519,0,0,287,0,463,1,4968,328,34931
2026/3/6,21:00,34104,1320,17183,6543,474,1365,967,0,519,0,0,336,0,438,2,4651,307,34105
2026/3/6,21:30,33174,1320,15929,6396,475,1352,961,0,519,0,0,328,0,322,0,5260,312,33174
2026/3/6,22:00,32566,1320,15239,6260,468,1359,960,0,518,0,0,333,0,579,2,5230,298,32566
2026/3/6,22:30,31592,1320,14042,6159,465,1419,941,0,519,0,0,328,0,641,2,5442,315,31593
2026/3/6,23:00,30553,1320,13372,6106,431,1417,807,0,519,0,0,317,0,712,2,5249,301,30553
2026/3/6,23:30,29376,1320,12260,6069,432,1368,796,0,519,0,0,305,0,838,2,5244,222,29375
2026/3/7,0:00,28237,1320,12381,5985,395,1331,498,0,515,0,0,354,0,445,2,4773,237,28236
2026/3/7,0:30,27046,1320,11712,5984,352,1317,497,0,514,0,0,315,0,88,2,4751,195,27047
2026/3/7,1:00,26510,1320,11344,5985,352,1336,499,0,512,0,0,290,0,0,1,4640,231,26510
2026/3/7,1:30,26019,1320,10796,5984,352,1352,504,0,512,0,0,264,0,0,2,4692,240,26018
2026/3/7,2:00,25852,1320,10631,5983,352,1347,505,0,510,0,0,278,0,0,2,4668,254,25850
2026/3/7,2:30,25802,1320,10490,5986,352,1310,547,0,511,0,0,320,0,0,2,4715,249,25802
2026/3/7,3:00,25885,1320,10636,5985,352,1336,567,0,514,0,0,329,0,0,2,4592,252,25885
2026/3/7,3:30,25866,1320,10513,5985,353,1319,603,0,517,0,0,337,0,0,2,4677,240,25866
2026/3/7,4:00,25860,1320,10378,5984,351,1366,612,0,516,0,0,318,0,0,2,4784,230,25861
2026/3/7,4:30,25884,1320,10332,5983,351,1347,616,0,517,0,0,329,0,0,2,4884,203,25884
2026/3/7,5:00,26021,1320,10719,5869,352,1335,629,0,513,0,0,337,0,0,1,4777,169,26021
2026/3/7,5:30,26236,1320,10864,5483,351,1362,632,0,515,0,0,343,0,1,2,5129,233,26235
2026/3/7,6:00,26763,1320,11377,4770,351,1399,618,0,516,21,0,326,0,711,2,5092,261,26764
2026/3/7,6:30,27122,1320,11030,4499,351,1385,627,0,516,465,0,345,0,1081,4,5266,232,27121
2026/3/7,7:00,27281,1320,10527,4255,343,1224,636,0,499,1762,0,366,0,999,3,5101,246,27281
2026/3/7,7:30,27396,1320,9715,3613,330,1161,638,0,490,3841,0,365,0,557,3,5127,236,27396
2026/3/7,8:00,27441,1320,9097,3180,317,1119,656,0,448,6278,0,372,0,142,0,4261,254,27444
2026/3/7,8:30,27860,1320,8321,2729,315,1082,646,0,449,8842,0,369,0,0,0,3523,263,27859
2026/3/7,9:00,28208,1320,7587,2328,314,1066,617,0,447,10903,0,373,0,-110,0,3103,259,28207
2026/3/7,9:30,28272,1320,7238,2077,315,1077,615,0,448,12399,0,365,0,-1014,0,3168,265,28273
2026/3/7,10:00,28153,1320,7083,1919,314,1080,561,0,446,13664,0,369,0,-2539,1,3670,265,28153
2026/3/7,10:30,28289,1320,6958,1895,314,1029,565,0,451,14754,0,362,0,-3555,1,3929,266,28289
2026/3/7,11:00,28602,1320,7095,1890,314,970,573,0,453,15490,0,344,0,-4088,1,3977,262,28601
2026/3/7,11:30,28398,1320,7235,1890,315,984,580,0,442,15626,0,337,0,-4608,1,4011,266,28399
2026/3/7,12:00,27711,1319,7011,1890,314,1024,588,0,428,15449,0,342,0,-4976,1,4064,257,27711
2026/3/7,12:30,27321,1319,7077,1893,315,1015,590,0,428,15323,0,337,0,-5386,1,4149,260,27321
2026/3/7,13:00,27238,1319,7463,1889,314,1003,580,0,427,14739,0,346,0,-5430,1,4333,255,27239
2026/3/7,13:30,26953,1320,7466,1889,315,1037,588,0,427,13649,0,358,0,-5137,1,4779,262,26954
2026/3/7,14:00,27204,1320,7787,1895,314,1008,578,0,428,12069,0,363,0,-3088,1,4288,241,27204
2026/3/7,14:30,27217,1320,7939,1904,315,1053,576,0,429,9858,0,363,0,-1733,3,4945,245,27217
2026/3/7,15:00,27477,1320,8629,2154,315,1127,629,0,430,7491,0,366,0,183,0,4574,260,27478
2026/3/7,15:30,27545,1320,9971,2451,314,1097,640,0,429,5095,0,361,0,1572,0,4033,261,27544
2026/3/7,16:00,28158,1320,10753,3020,338,1203,843,0,473,2930,0,363,0,1679,13,4966,257,28158
2026/3/7,16:30,29043,1320,12178,3787,356,1367,861,0,477,1297,0,359,0,1804,14,4976,247,29043
2026/3/7,17:00,30262,1320,13325,4400,362,1397,871,0,481,332,0,363,0,2100,17,5055,239,30262
2026/3/7,17:30,31629,1320,14383,4990,362,1425,889,0,482,5,0,360,0,2106,33,5042,233,31630
2026/3/7,18:00,32318,1320,14788,5360,361,1471,910,0,485,0,0,294,0,2208,34,4836,251,32318
2026/3/7,18:30,32508,1320,14910,5379,362,1467,906,0,485,0,0,290,0,2231,35,4877,246,32508
2026/3/7,19:00,32444,1320,14879,5378,362,1464,932,0,487,0,0,321,0,1982,33,5048,239,32445
2026/3/7,19:30,32358,1320,14710,5377,363,1455,952,0,488,0,0,294,0,1945,24,5189,242,32359
2026/3/7,20:00,32047,1320,14231,5378,363,1475,946,0,492,0,0,307,0,1824,23,5447,242,32048
2026/3/7,20:30,31555,1320,14182,5380,363,1456,944,0,493,0,0,290,0,1482,12,5381,253,31556
2026/3/7,21:00,31123,1320,14460,5379,363,1433,949,0,493,0,0,336,0,750,9,5380,250,31122
2026/3/7,21:30,30376,1320,13558,5378,363,1439,937,0,493,0,0,338,0,776,6,5511,259,30378
2026/3/7,22:00,29898,1320,13504,5377,358,1417,651,0,492,0,0,325,0,946,4,5249,256,29899
2026/3/7,22:30,29126,1320,12717,5376,351,1435,600,0,493,0,0,325,0,926,2,5312,269,29126
2026/3/7,23:00,28655,1320,12556,5304,353,1461,591,0,493,0,0,314,0,746,2,5236,279,28655
2026/3/7,23:30,27613,1320,11761,5228,352,1455,576,0,493,0,0,323,0,588,2,5305,211,27614
2026/3/8,0:00,26708,1320,11376,5228,351,1436,543,0,484,0,0,338,0,408,2,5077,145,26708
2026/3/8,0:30,25834,1320,10586,5227,353,1449,542,0,483,0,0,323,0,397,2,4957,195,25834
2026/3/8,1:00,25419,1320,10397,5227,353,1480,548,0,481,0,0,313,0,54,2,5014,231,25420
2026/3/8,1:30,25331,1320,10224,5227,353,1505,549,0,481,0,0,315,0,0,2,5118,237,25331
2026/3/8,2:00,25139,1320,9996,5225,353,1495,545,0,479,0,0,317,0,0,2,5155,252,25139
2026/3/8,2:30,25278,1320,10270,5226,353,1494,541,0,481,0,0,305,0,0,2,5036,250,25278
2026/3/8,3:00,25495,1320,10530,5228,353,1429,556,0,482,0,0,322,0,0,2,5024,249,25495
2026/3/8,3:30,25475,1320,10606,5227,353,1414,557,0,485,0,0,328,0,0,2,4943,238,25473
2026/3/8,4:00,25701,1320,10983,5229,352,1416,584,0,485,0,0,328,0,0,2,4754,248,25701
2026/3/8,4:30,25930,1320,10945,5227,353,1403,572,0,485,0,0,318,0,214,4,4773,316,25930
2026/3/8,5:00,26285,1320,11096,5189,352,1428,567,0,482,0,0,320,0,429,2,4826,275,26286
2026/3/8,5:30,26603,1320,11090,4883,353,1438,577,0,481,0,0,279,0,770,2,5167,243,26603
2026/3/8,6:00,27140,1320,11249,4480,354,1454,593,0,486,26,0,275,0,1393,4,5227,280,27141
2026/3/8,6:30,27390,1320,10996,4139,353,1424,595,0,487,674,0,285,0,1348,2,5525,243,27391
2026/3/8,7:00,27410,1320,10058,3802,353,1304,578,0,485,2336,0,284,0,937,3,5710,240,27410
2026/3/8,7:30,27376,1320,9354,3258,334,1200,583,0,484,4442,0,279,0,419,1,5480,222,27376
2026/3/8,8:00,27434,1320,9022,2734,318,1162,598,0,430,6612,239,261,26,220,2,4527,229,27435
2026/3/8,8:30,27716,1320,8542,2426,317,1125,593,0,431,8932,298,271,22,-196,1,3716,239,27717
2026/3/8,9:00,28297,1319,8240,2156,318,1128,571,0,431,10980,371,281,25,-1064,1,3717,220,28298
2026/3/8,9:30,28669,1319,7531,1953,316,1161,575,0,432,12705,433,279,26,-1679,1,3846,229,28668
2026/3/8,10:00,28892,1320,7049,1902,316,1134,586,0,433,14037,496,283,24,-2435,1,4032,235,28893
2026/3/8,10:30,28921,1319,6902,1890,317,1101,584,0,439,15023,531,275,23,-3199,1,4021,248,28921
2026/3/8,11:00,28892,1319,7094,1890,316,1060,591,0,438,15743,555,234,22,-4134,1,4095,245,28892
2026/3/8,11:30,28875,1319,8034,1887,316,1088,586,0,438,15899,860,215,42,-5182,1,4026,247,28874
2026/3/8,12:00,28683,1319,8210,1891,317,1099,564,0,436,15754,1000,181,81,-5537,1,4194,253,28682
2026/3/8,12:30,28071,1319,7900,1893,318,1119,589,0,436,15454,837,222,47,-5597,1,4167,252,28073
2026/3/8,13:00,27682,1319,8269,1926,318,1086,569,0,435,14990,538,265,21,-5951,1,4188,267,27682
2026/3/8,13:30,27041,1319,8437,2011,318,1073,562,0,436,13896,473,277,21,-5735,1,4189,257,27041
2026/3/8,14:00,26612,1319,8693,2172,317,1064,538,0,436,12475,420,276,17,-5207,2,4283,244,26612
2026/3/8,14:30,26348,1319,8924,2349,318,1127,535,0,436,10709,357,273,19,-4109,4,4217,245,26347
2026/3/8,15:00,26318,1320,8986,2876,320,1156,625,0,438,8656,284,240,21,-2817,1,4254,262,26317
2026/3/8,15:30,26679,1320,9088,3386,318,1152,639,0,438,6345,204,241,18,-420,0,3907,265,26679
2026/3/8,16:00,27746,1320,10146,4169,328,1263,755,0,475,4129,0,255,0,740,13,3898,256,27747
2026/3/8,16:30,29174,1320,11381,4919,384,1423,782,0,479,2060,0,281,0,1628,13,4251,253,29174
2026/3/8,17:00,30831,1319,13000,5344,355,1444,926,0,476,621,0,233,0,2558,26,4280,247,30829
2026/3/8,17:30,32578,1319,14889,5762,354,1470,927,0,476,14,0,233,0,2132,30,4734,238,32578
2026/3/8,18:00,34032,1319,15944,6303,354,1489,962,0,479,0,0,244,0,1650,30,5016,242,34032
2026/3/8,18:30,34533,1319,16308,6580,355,1474,964,0,478,0,0,246,0,1432,32,5107,237,34532
2026/3/8,19:00,34752,1319,16351,6609,354,1460,969,0,479,0,0,252,0,1524,34,5180,221,34752
2026/3/8,19:30,34731,1320,16344,6608,355,1440,970,0,480,0,0,229,0,1316,24,5406,238,34730
2026/3/8,20:00,34653,1320,16330,6608,356,1425,964,0,484,0,0,235,0,1154,17,5524,237,34654
2026/3/8,20:30,34386,1320,16148,6608,355,1437,969,0,485,0,0,232,0,958,10,5617,247,34386
2026/3/8,21:00,33877,1320,15827,6492,355,1471,933,0,485,0,0,254,0,850,7,5639,245,33878
2026/3/8,21:30,33027,1320,14833,6462,355,1493,916,0,485,0,0,259,0,835,4,5813,254,33029
2026/3/8,22:00,32291,1320,14249,6461,350,1474,677,0,484,0,0,270,0,1062,9,5678,257,32291
2026/3/8,22:30,31132,1320,13264,6428,346,1421,618,0,485,0,0,276,0,1079,2,5627,266,31132
2026/3/8,23:00,30367,1320,12867,6434,342,1420,599,0,486,0,0,240,0,1084,2,5297,277,30368
2026/3/8,23:30,29135,1320,12052,6516,343,1416,581,0,486,0,0,263,0,660,0,5201,299,29137
2026/3/9,0:00,28166,1320,12151,6515,341,1417,613,0,465,0,0,228,0,304,2,4585,225,28166
2026/3/9,0:30,27262,1319,11606,6425,342,1432,609,0,464,0,0,243,0,-409,2,4953,277,27263
2026/3/9,1:00,26856,1319,11829,6418,342,1435,589,0,464,0,0,238,0,-901,2,4819,301,26855
2026/3/9,1:30,26569,1319,12186,6414,343,1410,595,0,465,0,0,237,0,-1412,2,4701,310,26570
2026/3/9,2:00,26550,1319,12144,6416,342,1401,612,0,464,0,0,237,0,-1547,2,4838,321,26549
2026/3/9,2:30,26411,1319,12357,6414,342,1434,620,0,465,0,0,212,0,-989,1,3914,321,26410
2026/3/9,3:00,26580,1320,12309,6417,343,1450,634,0,467,0,0,194,0,-368,1,3493,320,26580
2026/3/9,3:30,26627,1320,11669,6416,343,1493,628,0,466,0,0,191,0,-346,0,4141,307,26628
2026/3/9,4:00,26991,1320,11762,6433,342,1507,653,0,466,0,0,183,0,-289,0,4296,317,26990
2026/3/9,4:30,27407,1320,12371,6559,343,1212,653,0,467,0,0,177,0,134,0,3893,279,27408
2026/3/9,5:00,28570,1320,13277,6558,342,1092,917,0,466,0,0,167,0,702,0,3432,295,28568
2026/3/9,5:30,29791,1320,14274,6560,343,1055,928,0,465,0,0,167,0,812,2,3614,252,29792
2026/3/9,6:00,31983,1320,16055,6559,344,1089,971,0,470,31,0,156,0,1258,7,3459,265,31984
2026/3/9,6:30,33842,1320,16983,6562,352,1125,978,0,469,490,0,144,0,1577,12,3608,223,33843
2026/3/9,7:00,35424,1320,17148,6558,363,1140,970,0,468,1508,0,140,0,1104,10,4493,201,35423
2026/3/9,7:30,36454,1320,16865,6561,364,1133,977,0,468,2844,0,144,0,1012,7,4584,175,36454
2026/3/9,8:00,38017,1320,16434,6561,363,1115,986,0,464,4379,0,137,0,35,7,6034,183,38018
2026/3/9,8:30,39111,1320,15856,6563,363,1099,972,0,463,5833,0,130,0,0,0,6322,190,39111
2026/3/9,9:00,39285,1320,14226,6564,363,1083,962,0,460,7562,0,139,0,0,0,6425,181,39285
2026/3/9,9:30,38893,1320,12207,6564,362,1063,958,0,461,9584,0,132,0,-246,0,6284,205,38894
2026/3/9,10:00,38790,1319,11264,6563,363,1040,860,0,460,11821,0,130,0,-1599,0,6356,212,38789
2026/3/9,10:30,38353,1319,11091,6563,363,1081,862,0,460,13222,0,129,0,-3335,1,6364,233,38353
2026/3/9,11:00,38037,1319,10817,6561,363,1110,641,0,461,14408,0,124,0,-4363,2,6347,245,38035
2026/3/9,11:30,37491,1319,10258,6471,364,1149,654,0,462,14819,0,122,0,-4770,2,6391,252,37493
2026/3/9,12:00,36102,1318,10233,5480,399,1162,649,0,460,14757,0,138,0,-4983,0,6235,253,36101
2026/3/9,12:30,35341,1319,10236,5353,363,1162,689,0,471,14366,0,138,0,-4605,0,5591,258,35341
2026/3/9,13:00,35697,1319,10861,5669,364,1122,695,0,476,13761,0,135,0,-3824,0,4870,250,35698
2026/3/9,13:30,35343,1319,10600,5964,368,1085,702,0,476,12932,0,130,0,-3699,0,5231,235,35343
2026/3/9,14:00,35135,1316,11291,6297,369,1090,863,0,484,11640,0,127,0,-3305,0,4735,229,35136
2026/3/9,14:30,34904,1317,11699,6558,369,1098,840,0,490,9946,0,109,0,-2670,1,4917,229,34903
2026/3/9,15:00,34807,1319,12296,6562,400,1079,922,0,491,7854,0,97,0,-1623,0,5168,242,34807
2026/3/9,15:30,35137,1319,13607,6563,442,1081,930,0,491,5551,0,92,0,-54,0,4878,237,35137
2026/3/9,16:00,35596,1319,15799,6558,440,1067,1099,0,497,3368,0,84,0,0,12,5100,254,35597
2026/3/9,16:30,35983,1319,18201,6560,471,1061,1143,0,498,1539,0,76,0,97,13,4761,244,35983
2026/3/9,17:00,36565,1319,19717,6559,471,1059,1180,0,506,440,0,67,0,564,24,4423,234,36563
2026/3/9,17:30,37516,1319,20761,6560,472,1058,1195,0,506,11,0,56,0,1044,35,4275,223,37515
2026/3/9,18:00,38195,1319,21127,6559,473,1049,1198,0,510,0,0,52,0,1488,29,4158,233,38195
2026/3/9,18:30,38250,1319,21251,6562,472,1082,1194,0,509,0,0,44,0,1548,30,4007,232,38250
2026/3/9,19:00,37831,1319,20879,6560,472,1080,1195,0,511,0,0,42,0,1532,30,3993,218,37831
2026/3/9,19:30,37379,1319,20719,6560,472,1057,1199,0,511,0,0,42,0,1333,18,3921,228,37379
2026/3/9,20:00,36806,1319,20389,6561,472,1088,1179,0,515,0,0,46,0,1251,17,3738,230,36805
2026/3/9,20:30,36354,1319,20328,6557,473,1062,1165,0,516,0,0,46,0,999,8,3641,240,36354
2026/3/9,21:00,35432,1319,20109,6560,472,1042,1124,0,516,0,0,47,0,295,2,3701,247,35434
2026/3/9,21:30,34416,1319,19392,6560,473,1053,1104,0,516,0,0,46,0,0,0,3695,259,34417
2026/3/9,22:00,33505,1319,18388,6559,434,1076,1057,0,515,0,0,45,0,0,1,3854,257,33505
2026/3/9,22:30,32407,1319,17580,6559,429,1052,1029,0,515,0,0,44,0,0,0,3609,272,32408
2026/3/9,23:00,31411,1319,16816,6558,430,1051,850,0,515,0,0,43,0,0,0,3574,255,31411
2026/3/9,23:30,30203,1319,16072,6559,430,1031,841,0,515,0,0,42,0,0,0,3116,277,30202
2026/3/10,0:00,29081,1319,15071,6558,394,1029,659,0,511,0,0,39,0,0,0,3331,170,29081
2026/3/10,0:30,27992,1319,13883,6559,354,1007,667,0,510,0,0,39,0,0,0,3426,228,27992
2026/3/10,1:00,27605,1319,13683,6562,356,985,676,0,510,0,0,42,0,0,0,3244,229,27606
2026/3/10,1:30,27401,1319,13398,6562,357,989,680,0,511,0,0,43,0,0,0,3303,240,27402
2026/3/10,2:00,27530,1318,13614,6559,358,982,691,0,510,0,0,53,0,-110,1,3314,238,27528
2026/3/10,2:30,27562,1319,13966,6560,357,1031,689,0,511,0,0,54,0,-134,0,2970,238,27561
2026/3/10,3:00,27847,1319,14160,6560,356,1002,678,0,512,0,0,49,0,-133,0,3105,238,27846
2026/3/10,3:30,27904,1319,14266,6557,355,1008,673,0,511,0,0,37,0,-132,0,3085,226,27905
2026/3/10,4:00,28201,1319,14594,6557,355,1020,739,0,512,0,0,38,0,-131,0,2944,255,28202
2026/3/10,4:30,28632,1319,14885,6559,356,992,737,0,512,0,0,48,0,-130,2,3136,216,28632
2026/3/10,5:00,29614,1319,15918,6559,356,974,888,0,511,0,0,63,0,-12,1,2783,255,29615
2026/3/10,5:30,30940,1319,17044,6560,356,976,891,0,511,0,0,77,0,1,0,2931,273,30939
2026/3/10,6:00,33079,1319,18321,6556,356,969,959,0,516,20,0,103,0,473,5,3165,317,33079
2026/3/10,6:30,35130,1319,19491,6559,364,963,989,0,515,246,0,107,0,840,11,3416,311,35131
2026/3/10,7:00,37191,1319,20330,6560,373,1005,990,0,514,723,0,121,0,1051,10,3908,287,37191
2026/3/10,7:30,39143,1319,20822,6559,370,1032,992,0,513,1348,0,137,0,1204,10,4574,264,39144
2026/3/10,8:00,41380,1319,21449,6559,372,1043,985,0,503,2109,0,157,0,1410,14,5146,315,41381
2026/3/10,8:30,43523,1319,22210,6560,370,1049,963,0,502,3055,0,156,0,1280,13,5727,318,43522
2026/3/10,9:00,44917,1319,22620,6558,371,1067,951,0,491,3918,0,159,0,1452,12,5688,311,44917
2026/3/10,9:30,45370,1319,22046,6561,371,1081,952,0,492,4617,0,163,0,1444,9,5982,333,45370
2026/3/10,10:00,45534,1319,21671,6557,370,1106,892,0,488,5359,0,169,0,1136,2,6170,295,45534
2026/3/10,10:30,45276,1319,21305,6559,371,1123,884,0,480,5918,0,148,0,808,0,6039,321,45275
2026/3/10,11:00,44755,1319,20998,6560,371,1120,659,0,475,6442,0,155,0,326,2,6015,313,44755
2026/3/10,11:30,43671,1319,20063,6562,370,1126,662,0,464,6691,0,161,0,130,0,5806,318,43672
2026/3/10,12:00,41914,1319,18188,6557,370,1134,655,0,465,6904,0,203,0,-84,2,5892,309,41914
2026/3/10,12:30,41010,1318,17456,6561,368,1127,656,0,465,7615,0,222,0,-1276,2,6190,305,41009
2026/3/10,13:00,41861,1318,18117,6562,369,1095,652,0,464,8275,0,212,0,-1512,2,5998,309,41861
2026/3/10,13:30,41153,1318,17557,6560,368,1097,662,0,464,8386,0,222,0,-2000,2,6213,305,41154
2026/3/10,14:00,40049,1318,17152,6561,367,1102,902,0,464,8372,0,217,0,-2840,3,6124,307,40049
2026/3/10,14:30,39532,1318,17379,6562,389,1106,913,0,465,8153,0,212,0,-2997,3,5728,301,39532
2026/3/10,15:00,39183,1318,18288,6561,431,1098,1000,0,467,7251,0,187,0,-2990,0,5246,326,39183
2026/3/10,15:30,39024,1319,19305,6559,448,1107,1015,0,467,5635,0,200,0,-1880,0,4529,321,39025
2026/3/10,16:00,39510,1319,20196,6559,446,1092,1058,0,466,3860,0,198,0,-382,13,4360,324,39509
2026/3/10,16:30,39965,1319,22131,6559,476,1092,1089,0,467,2107,0,200,0,109,12,4090,315,39966
2026/3/10,17:00,40403,1319,23335,6558,475,1074,1136,0,470,754,0,210,0,1060,22,3668,322,40403
2026/3/10,17:30,41201,1319,24353,6558,476,1058,1144,0,470,61,0,234,0,1739,30,3450,309,41201
2026/3/10,18:00,41810,1319,24639,6558,477,1069,1184,0,473,0,0,240,0,2515,33,2965,337,41809
2026/3/10,18:30,41943,1319,24670,6560,476,1069,1186,0,473,0,0,240,0,2183,33,3406,328,41943
2026/3/10,19:00,41590,1319,24439,6559,475,1060,1194,0,473,0,0,253,0,1518,29,3964,308,41591
2026/3/10,19:30,41357,1319,24177,6559,477,1050,1201,0,473,0,0,246,0,1228,19,4290,318,41357
2026/3/10,20:00,40894,1319,24138,6559,477,1031,1169,0,478,0,0,225,0,1039,21,4117,320,40893
2026/3/10,20:30,40433,1319,23867,6558,476,1060,1158,0,478,0,0,225,0,943,13,4009,326,40432
2026/3/10,21:00,39536,1319,23462,6559,476,1058,1127,0,479,0,0,229,0,585,7,3927,310,39538
2026/3/10,21:30,38438,1319,22513,6555,476,1073,1125,0,478,0,0,234,0,398,2,3942,324,38439
2026/3/10,22:00,37493,1319,21659,6510,469,1056,1090,0,477,0,0,233,0,604,3,3775,299,37494
2026/3/10,22:30,36283,1319,20504,6511,433,1036,1056,0,477,0,0,235,0,678,2,3717,315,36283
2026/3/10,23:00,35091,1319,19704,6510,432,1013,1045,0,478,0,0,249,0,438,0,3631,272,35091
2026/3/10,23:30,33711,1319,19021,6512,433,1006,1024,0,478,0,0,258,0,327,0,3186,148,33712
2026/3/11,0:00,32437,1319,19033,6512,393,1010,709,0,477,0,0,272,0,230,0,2338,144,32437
2026/3/11,0:30,31210,1319,17675,6512,351,1011,716,0,479,0,0,294,0,0,0,2750,103,31210
2026/3/11,1:00,30557,1319,16546,6513,350,1009,699,0,477,0,0,262,0,0,1,3235,147,30558
2026/3/11,1:30,30339,1319,16643,6510,351,992,668,0,478,0,0,255,0,13,0,2949,161,30339
2026/3/11,2:00,30317,1319,17191,6510,350,983,681,0,477,0,0,266,0,82,2,2257,200,30318
2026/3/11,2:30,30223,1319,16961,6509,352,1043,688,0,477,0,0,226,0,0,2,2446,199,30222
2026/3/11,3:00,30361,1319,16991,6511,351,1083,695,0,479,0,0,226,0,0,0,2476,232,30363
2026/3/11,3:30,30370,1319,17126,6510,350,1118,712,0,481,0,0,221,0,0,0,2313,221,30371
2026/3/11,4:00,30665,1319,16987,6509,350,1093,713,0,477,0,0,188,0,0,0,2749,280,30665
2026/3/11,4:30,31188,1319,17710,6509,351,1101,722,0,481,0,0,180,0,0,2,2531,283,31189
2026/3/11,5:00,32229,1319,18049,6510,346,1018,965,0,476,0,0,149,0,32,9,3114,241,32228
2026/3/11,5:30,33776,1319,19353,6511,338,970,976,0,476,0,0,138,0,307,9,3184,195,33776
2026/3/11,6:00,35811,1319,20557,6510,338,1071,1042,0,477,43,0,120,0,711,12,3388,224,35812
2026/3/11,6:30,37171,1319,20353,6510,334,1107,1029,0,477,826,0,110,0,814,11,3971,310,37171
2026/3/11,7:00,37802,1319,19403,6513,335,1090,992,0,479,2471,0,110,0,276,10,4493,312,37803
2026/3/11,7:30,38067,1319,17566,6514,334,1102,965,0,478,4554,0,108,0,0,7,4833,287,38067
2026/3/11,8:00,38874,1319,15053,6513,335,1166,972,0,473,6926,0,104,0,0,0,5705,308,38874
2026/3/11,8:30,39965,1319,13463,6516,331,1194,969,0,472,9242,0,102,0,0,1,6042,315,39966
2026/3/11,9:00,40502,1319,12494,6516,329,1211,957,0,469,11255,0,103,0,-176,2,5735,288,40502
2026/3/11,9:30,40441,1319,11644,6495,331,1236,950,0,469,12945,0,100,0,-713,1,5353,312,40442
2026/3/11,10:00,40013,1319,10512,6247,330,1281,910,0,468,14300,0,96,0,-1810,2,6063,294,40012
2026/3/11,10:30,39677,1319,10256,6210,326,1302,914,0,469,15287,0,92,0,-2664,1,5851,314,39677
2026/3/11,11:00,39218,1318,10647,5730,323,1305,721,0,470,15949,0,88,0,-3561,2,5931,293,39216
2026/3/11,11:30,38594,1318,11032,5524,312,1305,725,0,471,16227,0,80,0,-4498,2,5798,298,38594
2026/3/11,12:00,37188,1318,10527,5656,309,1278,724,0,469,16112,0,99,0,-5550,1,5964,281,37188
2026/3/11,12:30,36420,1318,10640,5218,305,1283,759,0,468,15723,0,98,0,-5665,1,5986,285,36419
2026/3/11,13:00,36846,1319,10813,5080,297,1258,754,0,467,14876,0,93,0,-4606,1,6213,280,36845
2026/3/11,13:30,36531,1319,10758,5026,297,1249,779,0,467,13657,0,90,0,-3661,2,6276,273,36532
2026/3/11,14:00,35942,1319,11009,5191,297,1248,1016,0,468,12002,0,84,0,-3228,2,6286,248,35942
2026/3/11,14:30,35509,1319,11720,5634,317,1253,1011,0,469,10261,0,86,0,-3148,1,6335,250,35508
2026/3/11,15:00,35486,1319,13074,6112,361,1279,1050,0,470,8310,0,74,0,-2615,1,5798,252,35485
2026/3/11,15:30,35889,1319,14062,6335,376,1313,1065,0,471,5957,0,65,0,-599,4,5271,250,35889
2026/3/11,16:00,36342,1319,16340,6762,375,1270,1113,0,470,3739,0,54,0,0,15,4611,274,36342
2026/3/11,16:30,37018,1319,19052,6999,406,1289,1137,0,471,1885,0,62,0,2,15,4120,260,37017
2026/3/11,17:00,37626,1319,21100,7035,406,1261,1172,0,470,582,0,62,0,263,29,3636,292,37627
2026/3/11,17:30,38666,1319,22195,7047,406,1264,1181,0,470,20,0,71,0,714,32,3666,282,38667
2026/3/11,18:00,39461,1319,22372,7084,405,1273,1191,0,474,0,0,87,0,1320,30,3615,291,39461
2026/3/11,18:30,39635,1319,22108,7088,406,1263,1196,0,473,0,0,82,0,1575,33,3804,286,39633
2026/3/11,19:00,39350,1319,22008,7086,406,1277,1179,0,475,0,0,70,0,1463,32,3749,285,39349
2026/3/11,19:30,39082,1319,21763,7087,407,1258,1206,0,475,0,0,61,0,1229,20,3959,298,39082
2026/3/11,20:00,38540,1319,21192,7088,406,1271,1212,0,479,0,0,64,0,1037,22,4160,290,38540
2026/3/11,20:30,38064,1319,20811,7086,406,1258,1206,0,480,0,0,60,0,925,14,4201,299,38065
2026/3/11,21:00,37063,1319,20260,7085,406,1264,1213,0,480,0,0,66,0,593,8,4111,259,37064
2026/3/11,21:30,35971,1319,19457,7086,407,1263,1210,0,480,0,0,66,0,398,2,4014,269,35971
2026/3/11,22:00,34959,1319,18931,7088,374,1247,1152,0,479,0,0,68,0,350,3,3723,225,34959
2026/3/11,22:30,33662,1319,17773,7084,373,1262,1120,0,475,0,0,65,0,20,2,3960,209,33662
2026/3/11,23:00,32474,1319,17100,7088,375,1266,1084,0,477,0,0,66,0,0,2,3497,199,32473
2026/3/11,23:30,31074,1319,15837,7087,373,1266,1074,0,480,0,0,70,0,0,2,3346,219,31073
2026/3/12,0:00,29866,1319,16261,7089,338,1254,726,0,482,0,0,98,0,0,0,2144,155,29866
2026/3/12,0:30,28655,1319,15420,7086,294,1269,734,0,485,0,0,111,0,0,0,1727,208,28653
2026/3/12,1:00,28124,1319,15206,7089,295,1253,737,0,483,0,0,118,0,0,0,1389,235,28124
2026/3/12,1:30,27858,1319,15087,7088,295,1247,740,0,483,0,0,127,0,0,0,1227,246,27859
2026/3/12,2:00,27763,1319,15057,7087,295,1260,738,0,483,0,0,132,0,0,0,1146,245,27762
2026/3/12,2:30,27767,1319,15118,7087,295,1258,736,0,483,0,0,141,0,0,0,1089,244,27770
2026/3/12,3:00,27939,1319,15283,7089,294,1265,721,0,484,0,0,151,0,0,0,1088,245,27939
2026/3/12,3:30,27943,1319,15176,7086,295,1266,718,0,487,0,0,156,0,0,0,1210,231,27944
2026/3/12,4:00,28263,1319,15611,7086,295,1271,716,0,483,0,0,145,0,0,0,1120,218,28264
2026/3/12,4:30,28659,1319,15862,7089,294,1333,713,0,483,0,0,146,0,0,0,1238,182,28659
2026/3/12,5:00,29754,1319,16434,7087,294,1412,976,0,482,0,0,143,0,0,0,1417,190,29754
2026/3/12,5:30,30910,1319,16925,7086,295,1435,1034,0,482,0,0,151,0,0,0,2041,142,30910
2026/3/12,6:00,32724,1319,18084,7086,294,1498,1080,0,484,50,0,121,0,0,6,2502,198,32722
2026/3/12,6:30,34106,1319,18406,7087,296,1534,1075,0,483,711,0,133,0,99,8,2737,218,34106
2026/3/12,7:00,35050,1319,17159,7091,297,1544,1051,0,485,2165,0,143,0,15,4,3495,283,35051
2026/3/12,7:30,35383,1319,14876,6990,296,1500,1022,0,485,4203,0,149,0,0,2,4289,254,35385
2026/3/12,8:00,36270,1319,14011,6213,297,1474,1025,0,480,6723,0,149,0,0,0,4282,298,36271
2026/3/12,8:30,37067,1319,13611,5942,296,1472,1012,0,478,9101,0,140,0,0,1,3390,305,37067
2026/3/12,9:00,37612,1319,12472,5840,296,1474,960,0,478,11369,0,141,0,0,3,2994,268,37614
2026/3/12,9:30,37736,1319,10705,5507,296,1490,959,0,478,13325,0,142,0,0,1,3219,295,37736
2026/3/12,10:00,37557,1319,9197,5122,296,1532,957,0,477,14796,0,133,0,-173,2,3622,277,37557
2026/3/12,10:30,37404,1314,9382,4878,296,1492,955,0,478,15853,0,135,0,-598,2,2920,299,37406
2026/3/12,11:00,37171,1314,9126,4607,296,1511,715,0,479,16473,0,125,0,-989,4,3241,269,37171
2026/3/12,11:30,36828,1315,9096,4562,295,1510,747,0,480,16776,0,117,0,-1791,5,3439,275,36826
2026/3/12,12:00,35555,1315,8758,4315,297,1486,757,0,478,16700,0,160,0,-2775,4,3799,261,35555
2026/3/12,12:30,34787,1316,9245,4261,295,1504,758,0,477,16199,0,159,0,-3230,4,3532,268,34788
2026/3/12,13:00,35266,1316,9671,4233,296,1516,758,0,474,15394,0,151,0,-2687,3,3873,268,35266
2026/3/12,13:30,34845,1316,9748,4194,295,1511,732,0,474,14206,0,152,0,-1774,5,3718,268,34845
2026/3/12,14:00,34378,1316,9791,4359,295,1500,959,0,473,12687,0,149,0,-1294,5,3880,259,34379
2026/3/12,14:30,34014,1312,10114,4513,315,1502,960,0,474,10937,0,155,0,-791,3,4263,257,34014
2026/3/12,15:00,33895,1311,10963,4892,359,1526,1066,0,473,8880,0,156,0,-547,1,4537,277,33894
2026/3/12,15:30,34348,1315,12852,5332,376,1503,1090,0,472,6511,0,166,0,0,0,4458,273,34348
2026/3/12,16:00,34935,1315,15128,6152,376,1493,1093,0,472,4154,0,146,0,103,14,4199,291,34936
2026/3/12,16:30,35593,1315,17479,6813,407,1507,1122,0,473,2106,0,151,0,12,15,3914,278,35592
2026/3/12,17:00,36364,1315,19325,7087,407,1515,1132,0,477,680,0,146,0,0,17,3965,297,36363
2026/3/12,17:30,37340,1315,20674,7088,407,1520,1138,0,477,28,0,125,0,268,21,3997,281,37339
2026/3/12,18:00,38393,1315,20748,7088,406,1499,1153,0,480,0,0,140,0,1292,26,3926,320,38393
2026/3/12,18:30,38534,1315,20690,7090,407,1474,1155,0,480,0,0,133,0,1729,28,3719,314,38534
2026/3/12,19:00,38358,1315,20203,7086,407,1468,1159,0,481,0,0,118,0,1809,28,3992,291,38357
2026/3/12,19:30,38053,1315,19610,7088,406,1466,1192,0,481,0,0,116,0,1998,15,4067,298,38052
2026/3/12,20:00,37659,1315,19092,7089,405,1507,1214,0,485,0,0,127,0,2018,14,4107,285,37658
2026/3/12,20:30,37262,1315,19561,7088,407,1482,1210,0,486,0,0,128,0,1173,13,4099,301,37263
2026/3/12,21:00,36497,1315,19713,7087,407,1490,1180,0,486,0,0,159,0,729,5,3673,254,36498
2026/3/12,21:30,35521,1315,18472,7085,407,1463,1176,0,486,0,0,147,0,665,0,4043,261,35520
2026/3/12,22:00,34623,1315,17723,7085,374,1412,1151,0,486,0,0,150,0,665,1,4041,220,34623
2026/3/12,22:30,33434,1315,16746,7085,373,1419,1093,0,482,0,0,144,0,665,0,3909,202,33433
2026/3/12,23:00,32472,1315,16935,6783,373,1388,1051,0,483,0,0,149,0,621,0,3224,150,32472
2026/3/12,23:30,31254,1315,15772,6637,375,1384,1033,0,482,0,0,157,0,426,0,3500,174,31255
2026/3/13,0:00,30012,1315,16220,6609,336,1399,679,0,478,0,0,171,0,214,0,2429,162,30012
2026/3/13,0:30,28997,1315,15313,6429,294,1441,681,0,481,0,0,193,0,0,2,2628,220,28997
2026/3/13,1:00,28565,1315,14942,6264,295,1436,681,0,479,0,0,173,0,0,1,2755,224,28565
2026/3/13,1:30,28377,1315,15054,6200,294,1411,681,0,479,0,0,181,0,0,2,2522,237,28376
2026/3/13,2:00,28272,1315,15645,6096,296,1430,680,0,479,0,0,179,0,0,0,1916,237,28273
2026/3/13,2:30,28380,1315,16008,6089,295,1465,681,0,479,0,0,184,0,0,2,1586,276,28380
2026/3/13,3:00,28461,1315,16174,6088,295,1455,673,0,480,0,0,179,0,0,0,1525,277,28461
2026/3/13,3:30,28487,1315,16176,6088,295,1455,678,0,483,0,0,173,0,0,1,1559,264,28487
2026/3/13,4:00,28799,1315,16362,6088,294,1447,837,0,480,0,0,165,0,0,0,1560,251,28799
2026/3/13,4:30,29312,1315,16797,6087,294,1450,841,0,479,0,0,166,0,0,1,1666,215,29311
2026/3/13,5:00,30386,1315,17314,6088,293,1444,972,0,479,0,0,157,0,0,2,2098,224,30386
2026/3/13,5:30,31589,1315,18173,6084,294,1448,977,0,479,0,0,157,0,0,0,2482,179,31588
2026/3/13,6:00,33225,1315,18983,6087,295,1414,1010,0,480,58,0,135,0,0,1,3237,211,33226
2026/3/13,6:30,34790,1315,19700,6090,296,1432,1010,0,480,679,0,133,0,109,10,3307,230,34791
2026/3/13,7:00,36138,1315,19531,6087,297,1371,993,0,482,1609,0,140,0,438,4,3661,211,36139
2026/3/13,7:30,37066,1315,19193,6090,296,1345,998,0,481,2633,0,140,0,294,2,4084,196,37067
2026/3/13,8:00,37984,1315,19256,6091,296,1374,868,0,476,4024,0,146,0,23,1,3882,232,37984
2026/3/13,8:30,38890,1315,17978,6091,297,1399,873,0,474,6070,0,154,0,0,0,3999,240,38890
2026/3/13,9:00,40180,1315,17517,6036,299,1414,922,0,471,8476,0,159,0,0,0,3348,223,40180
2026/3/13,9:30,40094,1315,16813,5759,298,1447,912,0,470,9560,0,165,0,0,0,3105,249,40093
2026/3/13,10:00,39264,1315,14739,5452,298,1468,896,0,469,10586,0,170,0,0,1,3630,239,39263
2026/3/13,10:30,39293,1315,13716,4692,296,1416,894,0,470,11939,0,178,0,-110,1,4227,259,39293
2026/3/13,11:00,39524,1315,13844,4419,297,1436,772,0,471,12445,0,179,0,-134,1,4220,260,39525
2026/3/13,11:30,39111,1315,14047,4283,296,1450,770,0,471,11881,0,172,0,-133,1,4295,262,39110
2026/3/13,12:00,37614,1315,13748,4257,297,1445,664,0,470,10831,0,213,0,-132,1,4254,250,37613
2026/3/13,12:30,37090,1315,14358,4422,297,1473,669,0,472,9818,0,207,0,-131,1,3926,263,37090
2026/3/13,13:00,38725,1315,16122,4771,296,1445,657,0,470,8647,0,206,0,131,2,4403,258,38723
2026/3/13,13:30,38168,1315,16528,5449,297,1439,657,0,470,6492,0,191,0,724,2,4348,256,38168
2026/3/13,14:00,37322,1315,16878,5982,296,1417,658,0,469,5030,0,174,0,423,3,4412,265,37322
2026/3/13,14:30,37444,1315,17687,6040,316,1406,665,0,470,4326,0,152,0,406,2,4390,269,37444
2026/3/13,15:00,37783,1315,18596,6110,360,1428,981,0,472,3419,0,135,0,307,0,4393,269,37785
2026/3/13,15:30,38095,1315,19902,6134,407,1433,996,0,472,2202,0,133,0,446,0,4376,279,38095
2026/3/13,16:00,38408,1315,20861,6128,407,1407,1010,0,471,1231,0,121,0,866,15,4315,259,38406
2026/3/13,16:30,38702,1315,21418,6122,407,1435,1001,0,472,587,0,116,0,1276,25,4280,248,38702
2026/3/13,17:00,39163,1315,21901,6123,406,1509,1036,0,475,181,0,122,0,1475,28,4334,258,39163
2026/3/13,17:30,39823,1315,21928,6122,406,1492,1040,0,475,9,0,119,0,2736,34,3900,247,39823
2026/3/13,18:00,40036,1315,21911,6121,406,1484,975,0,477,0,0,134,0,2976,34,3952,252,40037
2026/3/13,18:30,39755,1315,22305,6123,407,1445,973,0,478,0,0,144,0,2377,32,3909,246,39754
2026/3/13,19:00,39280,1315,22356,6118,407,1430,1000,0,479,0,0,162,0,1635,30,4099,248,39279
2026/3/13,19:30,38716,1315,22602,5983,406,1453,1005,0,479,0,0,171,0,1081,16,3950,256,38717
2026/3/13,20:00,38054,1315,22671,5609,407,1513,974,0,486,0,0,190,0,782,13,3844,249,38053
2026/3/13,20:30,37507,1315,22493,5450,407,1473,967,0,486,0,0,196,0,804,7,3657,252,37507
2026/3/13,21:00,36482,1315,21660,5405,405,1458,958,0,487,0,0,210,0,417,5,3909,254,36483
2026/3/13,21:30,35376,1315,21190,5259,406,1453,916,0,487,0,0,205,0,273,2,3609,261,35376
2026/3/13,22:00,34561,1315,21369,5144,374,1442,835,0,486,0,0,193,0,273,0,2887,243,34561
2026/3/13,22:30,33423,1288,20560,5143,374,1429,774,0,483,0,0,185,0,272,0,2659,256,33423
2026/3/13,23:00,32321,1158,19935,5035,375,1415,643,0,484,0,0,193,0,116,4,2708,256,32322
2026/3/13,23:30,30960,974,18881,4941,374,1405,634,0,483,0,0,203,0,0,0,2861,205,30961
2026/3/14,0:00,29763,770,16723,4837,405,1405,532,0,477,0,0,221,0,0,2,4189,202,29763
2026/3/14,0:30,28652,608,15379,4994,405,1419,549,0,480,0,0,249,0,0,2,4313,255,28653
2026/3/14,1:00,27948,566,15202,5128,405,1390,551,0,477,0,0,249,0,0,0,3671,309,27948
2026/3/14,1:30,27609,516,15643,5111,406,1422,555,0,478,0,0,258,0,0,0,2899,321,27609
2026/3/14,2:00,27312,453,15338,5110,405,1427,549,0,477,0,0,269,0,0,0,2955,330,27313
2026/3/14,2:30,27384,338,16147,5110,405,1431,551,0,478,0,0,268,0,-163,0,2491,327,27383
2026/3/14,3:00,27412,316,15999,5110,405,1416,572,0,480,0,0,258,0,-740,0,3273,323,27412
2026/3/14,3:30,27235,290,15774,5109,405,1405,574,0,483,0,0,272,0,-751,0,3358,314,27233
2026/3/14,4:00,27395,220,16003,5111,406,1374,575,0,479,0,0,272,0,-751,0,3411,296,27396
2026/3/14,4:30,27497,171,16535,5184,406,1400,556,0,479,0,0,272,0,-751,0,2977,268,27497
2026/3/14,5:00,28035,168,16793,5209,404,1405,563,0,478,0,0,277,0,-490,1,3000,227,28035
2026/3/14,5:30,28376,163,16344,5210,406,1409,566,0,478,0,0,278,0,0,4,3327,191,28376
2026/3/14,6:00,29092,160,16580,5210,405,1384,596,0,479,67,0,253,0,212,15,3493,238,29092
2026/3/14,6:30,29429,159,16289,5039,406,1414,626,0,478,936,0,258,0,196,6,3356,267,29430
2026/3/14,7:00,29858,162,15494,4656,406,1318,614,0,480,2487,0,267,0,207,0,3460,307,29858
2026/3/14,7:30,29881,165,12451,4306,406,1249,623,0,477,4575,0,260,0,842,2,4231,294,29881
2026/3/14,8:00,29910,166,10141,3765,296,1188,602,0,424,7196,0,262,0,1166,1,4398,304,29909
2026/3/14,8:30,30265,169,9241,3227,296,1136,600,0,425,9707,0,267,0,612,0,4270,314,30264
2026/3/14,9:00,30694,172,8503,2820,295,1104,594,0,424,11768,0,275,0,52,13,4379,296,30695
2026/3/14,9:30,30703,175,7718,2545,296,1068,601,0,424,13390,0,280,0,-344,11,4232,307,30703
2026/3/14,10:00,30690,178,7722,2462,295,1073,602,0,422,14708,0,279,0,-1718,11,4366,290,30690
2026/3/14,10:30,30597,182,8312,2455,296,1023,592,0,422,15641,0,283,0,-3136,6,4217,303,30596
2026/3/14,11:00,30566,184,8591,2458,296,1048,585,0,423,16263,0,272,0,-3567,1,3712,300,30566
2026/3/14,11:30,30324,132,7993,2413,296,1096,586,0,418,16484,0,240,0,-3197,1,3558,304,30324
2026/3/14,12:00,29790,32,7693,2384,295,1069,614,0,411,16440,0,228,0,-3631,1,3953,301,29790
2026/3/14,12:30,29216,0,7911,2386,296,1058,625,0,403,16174,0,219,0,-4175,1,4013,304,29215
2026/3/14,13:00,28888,0,7961,2384,295,1073,603,0,396,15459,0,214,0,-3827,1,4024,304,28887
2026/3/14,13:30,28205,0,7746,2355,296,1103,559,0,390,14372,0,215,0,-3344,1,4209,304,28206
2026/3/14,14:00,27626,0,7925,2371,296,1097,567,0,385,12931,0,205,0,-2499,0,4047,299,27624
2026/3/14,14:30,27088,0,8308,2481,296,1100,572,0,383,11188,0,193,0,-2023,6,4279,305,27088
2026/3/14,15:00,27226,0,8821,2697,297,1149,579,0,384,9174,0,186,0,-597,0,4233,303,27226
2026/3/14,15:30,27569,0,9526,3182,296,1171,596,0,383,6768,0,159,0,893,0,4296,298,27568
2026/3/14,16:00,28188,0,11582,3902,400,1233,605,0,409,4272,0,141,0,1767,11,3563,303,28188
2026/3/14,16:30,28853,0,13865,4442,400,1311,636,0,410,2203,0,128,0,762,20,4380,296,28853
2026/3/14,17:00,29688,0,15741,5133,400,1397,693,0,414,745,0,130,0,243,23,4470,298,29687
2026/3/14,17:30,30931,0,17372,5585,400,1390,698,0,415,42,0,119,0,801,26,3788,295,30931
2026/3/14,18:00,32259,0,18039,5620,402,1373,742,0,417,0,0,120,0,1797,20,3422,307,32259
2026/3/14,18:30,32578,0,18266,5624,401,1380,723,0,418,0,0,129,0,2111,21,3201,304,32578
2026/3/14,19:00,32655,0,18250,5622,402,1423,754,0,417,0,0,134,0,1967,20,3360,306,32655
2026/3/14,19:30,32522,0,18197,5623,402,1428,756,0,418,0,0,129,0,1732,23,3507,307,32522
2026/3/14,20:00,32310,0,18013,5622,401,1420,707,0,422,0,0,131,0,1527,23,3740,305,32311
2026/3/14,20:30,32045,0,17981,5623,402,1429,696,0,422,0,0,140,0,1408,17,3617,310,32045
2026/3/14,21:00,31464,0,17531,5553,403,1420,654,0,422,0,0,144,0,940,4,4093,299,31463
2026/3/14,21:30,30734,0,16973,5522,404,1389,646,0,423,0,0,148,0,805,2,4115,308,30735
2026/3/14,22:00,30187,0,17198,5524,404,1392,604,0,421,0,0,144,0,762,2,3441,294,30186
2026/3/14,22:30,29321,0,16296,5522,404,1395,570,0,418,0,0,131,0,666,4,3613,303,29322
2026/3/14,23:00,28622,0,15895,5451,403,1404,554,0,418,0,0,127,0,370,9,3682,308,28621
2026/3/14,23:30,27588,0,15195,5357,404,1404,532,0,417,0,0,124,0,62,2,3816,275,27588
2026/3/15,0:00,26740,0,15317,5066,340,1420,541,0,412,0,0,115,0,-296,1,3557,268,26741
2026/3/15,0:30,25909,0,14718,4841,297,1427,549,0,415,0,0,122,0,-405,0,3627,318,25909
2026/3/15,1:00,25555,0,14708,4619,296,1398,554,0,412,0,0,113,0,-404,0,3544,314,25554
2026/3/15,1:30,25306,0,14501,4537,297,1389,557,0,413,0,0,115,0,-292,0,3469,320,25306
2026/3/15,2:00,25255,0,14263,4479,296,1404,565,0,411,0,0,117,0,-289,0,3690,319,25255
2026/3/15,2:30,25469,0,15151,4374,296,1384,595,0,412,0,0,118,0,-85,2,2908,316,25471
2026/3/15,3:00,25596,0,14752,4372,296,1383,585,0,413,0,0,108,0,211,1,3157,318,25596
2026/3/15,3:30,25513,0,14765,4372,296,1386,587,0,413,0,0,102,0,302,0,2982,307,25512
2026/3/15,4:00,25622,0,14277,4373,295,1419,580,0,413,0,0,99,0,300,0,3547,318,25621
2026/3/15,4:30,25836,0,14703,4374,296,1398,578,0,412,0,0,103,0,367,2,3315,290,25838
2026/3/15,5:00,26193,0,15209,4373,296,1425,585,0,412,0,0,103,0,692,2,2793,303,26193
2026/3/15,5:30,26503,0,15063,4373,296,1453,590,0,412,0,0,101,0,721,2,3225,268,26504
2026/3/15,6:00,26714,0,15184,4373,297,1435,620,0,413,83,0,94,0,939,8,3002,265,26713
2026/3/15,6:30,26797,0,14866,4130,296,1386,616,0,413,1056,0,101,0,736,4,2966,227,26797
2026/3/15,7:00,26987,0,13759,3665,296,1262,601,0,416,2704,0,104,0,744,1,3190,246,26988
2026/3/15,7:30,27146,0,10946,3253,296,1212,606,0,415,4754,0,102,0,1101,1,4148,312,27146
2026/3/15,8:00,27368,0,9141,2707,297,1121,590,0,368,6960,0,100,0,1593,1,4195,295,27368
2026/3/15,8:30,27724,0,7895,2438,297,1135,594,0,367,9004,0,99,0,1252,0,4337,306,27724
2026/3/15,9:00,27753,0,7476,2301,296,1099,585,0,367,10775,0,97,0,248,3,4204,302,27753
2026/3/15,9:30,27499,0,7916,2183,296,1068,583,0,368,12471,0,98,0,-1196,1,3402,308,27498
2026/3/15,10:00,27891,0,7274,2184,295,1053,576,0,364,14229,0,88,0,-2807,1,4337,297,27891
2026/3/15,10:30,27942,0,7289,2183,297,1055,578,0,365,15235,0,81,0,-3788,1,4339,307,27942
2026/3/15,11:00,28155,0,7208,2181,297,1078,603,0,365,15957,0,82,0,-4247,1,4324,306,28155
2026/3/15,11:30,28221,0,7734,2179,296,1054,604,0,366,16224,0,79,0,-5001,1,4374,312,28222
2026/3/15,12:00,28129,0,8161,2180,296,1077,588,0,364,16013,0,81,0,-5262,1,4338,292,28129
2026/3/15,12:30,27426,0,7966,2178,297,1058,615,0,363,15414,0,81,0,-5175,1,4327,300,27425
2026/3/15,13:00,27083,0,8335,2239,297,1044,604,0,362,14483,0,82,0,-4691,1,4028,298,27082
2026/3/15,13:30,26784,0,8617,2348,297,1071,595,0,362,13305,0,86,0,-4282,0,4085,301,26785
2026/3/15,14:00,26489,0,8854,2561,298,1088,578,0,362,11742,0,85,0,-3568,1,4190,298,26489
2026/3/15,14:30,26102,0,8923,2915,297,1059,578,0,363,9860,0,85,0,-2625,6,4338,301,26100
2026/3/15,15:00,26169,0,8841,3357,297,1046,580,0,364,7924,0,82,0,-961,2,4338,299,26169
2026/3/15,15:30,26431,0,9239,3663,297,1087,591,0,364,5802,0,89,0,1016,0,3990,293,26431
2026/3/15,16:00,27301,0,10857,3896,298,1199,602,0,406,3700,0,86,0,1534,11,4410,301,27300
2026/3/15,16:30,28014,0,12789,4058,298,1193,613,0,406,1817,0,92,0,1989,12,4444,303,28014
2026/3/15,17:00,29130,0,14760,4272,299,1250,692,0,407,559,0,98,0,2025,26,4440,304,29132
2026/3/15,17:30,30392,0,16230,4574,299,1320,716,0,407,31,0,104,0,1953,21,4440,296,30391
2026/3/15,18:00,31614,0,16799,4692,299,1366,762,0,412,0,0,131,0,2062,33,4746,311,31613
2026/3/15,18:30,31922,0,16903,4827,298,1427,746,0,413,0,0,123,0,2081,19,4775,308,31920
2026/3/15,19:00,32006,0,16941,4980,298,1395,728,0,413,0,0,129,0,2082,19,4721,300,32006
2026/3/15,19:30,31864,0,16940,4997,298,1337,732,0,413,0,0,134,0,2130,23,4555,305,31864
2026/3/15,20:00,31647,0,16687,4994,299,1367,725,0,413,0,0,129,0,2015,11,4715,292,31647
2026/3/15,20:30,31201,0,16992,4996,299,1374,706,0,414,0,0,139,0,1870,7,4100,304,31201
2026/3/15,21:00,30574,0,16699,4997,299,1351,636,0,414,0,0,146,0,1299,13,4466,255,30575
2026/3/15,21:30,29702,0,16090,4996,299,1360,638,0,414,0,0,147,0,821,10,4659,268,29702
2026/3/15,22:00,28929,0,15518,4994,299,1389,606,0,413,0,0,146,0,664,16,4600,286,28931
2026/3/15,22:30,27874,0,14818,4996,299,1397,563,0,410,0,0,151,0,286,16,4671,267,27874
2026/3/15,23:00,27027,0,14380,5063,299,1370,555,0,411,0,0,146,0,113,1,4517,172,27027
2026/3/15,23:30,26113,0,13572,5068,299,1328,547,0,410,0,0,160,0,0,3,4613,115,26115
2026/3/16,0:00,25325,0,13242,4763,299,1338,563,0,409,0,0,169,0,-20,1,4430,133,25327
2026/3/16,0:30,24394,0,12714,4585,298,1362,571,0,411,0,0,190,0,-516,2,4596,181,24394
2026/3/16,1:00,24184,0,13011,4525,298,1300,574,0,409,0,0,189,0,-990,2,4643,222,24183
2026/3/16,1:30,24012,0,13258,4412,300,1138,580,0,410,0,0,186,0,-1164,2,4662,227,24011
2026/3/16,2:00,24077,0,13275,4475,299,1141,590,0,410,0,0,182,0,-1166,2,4635,234,24077
2026/3/16,2:30,24081,0,13059,4597,300,1206,590,0,410,0,0,183,0,-1163,2,4664,232,24080
2026/3/16,3:00,24406,0,13344,4652,299,1242,589,0,411,0,0,162,0,-1161,2,4636,231,24407
2026/3/16,3:30,24411,0,13093,4829,300,1308,594,0,414,0,0,169,0,-1163,2,4636,230,24412
2026/3/16,4:00,24908,0,13339,5067,299,1343,651,0,411,0,0,160,0,-1145,2,4566,216,24909
2026/3/16,4:30,25231,0,13842,5301,299,1357,648,0,410,0,0,148,0,-763,0,3768,222,25232
2026/3/16,5:00,26151,0,14637,5300,299,1360,631,0,410,0,0,150,0,-588,0,3725,227,26151
2026/3/16,5:30,27110,0,15667,5327,300,1370,619,0,410,0,0,146,0,-40,0,3096,214,27109
2026/3/16,6:00,28881,0,17073,5398,299,1352,621,0,411,79,0,138,0,624,2,2684,200,28881
2026/3/16,6:30,30417,0,18249,5313,299,1335,637,0,410,197,0,134,0,1182,9,2491,160,30416
2026/3/16,7:00,32023,0,19048,5269,298,1374,577,0,412,586,0,137,0,1174,8,3029,111,32023
2026/3/16,7:30,33171,0,19245,5272,297,1405,583,0,411,1220,0,135,0,638,8,3845,112,33171
2026/3/16,8:00,34785,0,19284,5271,297,1370,589,0,407,2354,0,144,0,334,8,4579,149,34786
2026/3/16,8:30,36320,0,19320,5271,298,1334,582,0,406,3842,0,138,0,308,2,4672,147,36320
2026/3/16,9:00,36904,0,18824,5270,299,1373,556,0,403,5143,0,139,0,207,6,4533,151,36904
2026/3/16,9:30,36660,0,17631,5275,299,1355,542,0,403,6332,0,132,0,54,1,4484,152,36660
2026/3/16,10:00,36230,0,15432,5273,299,1342,552,0,403,7999,0,135,0,0,1,4640,154,36230
2026/3/16,10:30,35932,0,13619,5273,299,1352,545,0,403,9773,0,127,0,-107,0,4496,152,35932
2026/3/16,11:00,36015,0,12881,5170,299,1372,570,0,405,11521,0,124,0,-1237,1,4733,176,36015
2026/3/16,11:30,35898,0,12495,5223,299,1341,580,0,406,12656,0,116,0,-2020,2,4626,176,35900
2026/3/16,12:00,34565,0,12188,5263,298,1327,559,0,405,13021,0,114,0,-2651,0,3849,192,34565
2026/3/16,12:30,34087,0,12030,5275,299,1312,525,0,404,13413,0,120,0,-3460,0,3976,192,34086
2026/3/16,13:00,34570,0,12763,5276,299,1373,539,0,401,13214,0,111,0,-3528,1,3920,200,34569
2026/3/16,13:30,34031,0,12772,5277,297,1375,554,0,401,12489,0,111,0,-3256,3,3808,200,34031
2026/3/16,14:00,33610,0,12317,5275,299,1369,561,0,399,11433,0,112,0,-2561,1,4197,208,33610
2026/3/16,14:30,33097,0,12599,5273,300,1406,560,0,401,9866,0,109,0,-1952,0,4326,210,33098
2026/3/16,15:00,32806,0,13047,5023,298,1416,618,0,403,8217,0,114,0,-1192,0,4654,207,32805
2026/3/16,15:30,33183,0,14180,5172,299,1384,632,0,403,6138,0,119,0,-147,4,4789,209,33182
2026/3/16,16:00,33612,0,16592,5271,299,1352,791,0,403,3981,0,124,0,1,11,4611,176,33612
2026/3/16,16:30,34101,0,18967,5271,299,1375,808,0,405,2069,0,116,0,152,22,4428,188,34100
2026/3/16,17:00,34581,0,20215,5272,299,1381,1012,0,407,687,0,110,0,570,13,4443,171,34580
2026/3/16,17:30,35372,0,20918,5270,299,1373,1047,0,408,45,0,117,0,1270,12,4456,156,35371
2026/3/16,18:00,36074,0,21098,5268,298,1356,1013,0,410,0,0,114,0,1742,20,4599,155,36073
2026/3/16,18:30,36146,0,21215,5271,299,1404,1020,0,411,0,0,106,0,1804,16,4444,155,36145
2026/3/16,19:00,35738,0,21211,5247,298,1403,985,0,412,0,0,101,0,1878,16,4031,156,35738
2026/3/16,19:30,35270,0,20964,5203,299,1388,982,0,412,0,0,103,0,1404,8,4353,155,35271
2026/3/16,20:00,34690,0,20651,5187,298,1424,867,0,417,0,0,116,0,1050,19,4502,158,34689
2026/3/16,20:30,34238,0,20468,5186,298,1415,859,0,417,0,0,112,0,762,12,4540,169,34238
2026/3/16,21:00,33439,0,19811,5180,299,1396,831,0,417,0,0,111,0,655,20,4545,174,33439
2026/3/16,21:30,32454,0,19002,5158,299,1404,828,0,418,0,0,111,0,606,13,4428,187,32454
2026/3/16,22:00,31634,0,18474,5128,300,1418,828,0,416,0,0,113,0,405,9,4350,192,31633
2026/3/16,22:30,30648,0,17504,5125,299,1399,798,0,413,0,0,109,0,363,3,4428,206,30647
2026/3/16,23:00,29615,0,16988,5138,299,1401,568,0,414,0,0,110,0,246,1,4227,222,29614
2026/3/16,23:30,28400,0,16096,5119,298,1405,528,0,413,0,0,119,0,71,2,4148,201,28400
2026/3/17,0:00,27441,0,15500,5045,300,1414,523,0,411,0,0,124,0,0,0,4037,87,27441
2026/3/17,0:30,26342,0,14428,5041,299,1401,533,0,413,0,0,132,0,0,0,3957,138,26342
2026/3/17,1:00,25992,0,13988,5039,299,1411,552,0,411,0,0,130,0,0,0,3984,176,25990
2026/3/17,1:30,25736,0,13527,5040,299,1429,562,0,411,0,0,123,0,0,0,4160,186,25737
2026/3/17,2:00,25828,0,13773,5039,299,1390,567,0,411,0,0,123,0,0,0,4039,186,25827
2026/3/17,2:30,25857,0,14133,5039,299,1304,574,0,411,0,0,111,0,0,0,3805,183,25859
2026/3/17,3:00,25991,0,14762,5042,299,1250,589,0,413,0,0,102,0,0,0,3348,185,25990
2026/3/17,3:30,26104,0,15134,5039,298,1263,591,0,416,0,0,103,0,0,0,3085,175,26104
2026/3/17,4:00,26407,0,15408,5039,297,1264,593,0,413,0,0,95,0,0,0,3145,153,26407
2026/3/17,4:30,26839,0,15680,5039,296,1238,593,0,412,0,0,92,0,0,0,3369,120,26839
2026/3/17,5:00,27747,0,16619,5040,297,1251,564,0,412,0,0,99,0,0,0,3301,164,27747
2026/3/17,5:30,28540,0,17208,5040,296,1294,566,0,412,0,0,97,0,114,1,3321,189,28538
2026/3/17,6:00,29860,0,18482,5041,297,1285,615,0,413,103,0,89,0,544,9,2794,187,29859
2026/3/17,6:30,31050,0,18715,5042,297,1282,608,0,411,681,0,86,0,633,0,3146,149,31050
2026/3/17,7:00,32192,0,18025,5041,299,1338,616,0,413,1690,0,89,0,848,1,3722,111,32193
2026/3/17,7:30,33008,0,16990,5045,299,1337,615,0,413,3196,0,84,0,506,0,4410,113,33008
2026/3/17,8:00,34360,0,16577,5046,299,1377,545,0,408,5027,0,80,0,401,4,4447,148,34359
2026/3/17,8:30,35425,0,15628,5047,299,1393,540,0,407,7036,0,77,0,400,0,4449,149,35425
2026/3/17,9:00,36124,0,14375,5049,299,1410,533,0,404,8879,0,72,0,400,1,4550,152,36124
2026/3/17,9:30,36418,0,13311,5046,299,1393,523,0,404,10284,0,78,0,403,1,4521,154,36417
2026/3/17,10:00,36147,0,12060,5051,298,1393,531,0,405,11300,0,83,0,74,3,4774,175,36147
2026/3/17,10:30,35944,0,11369,5047,300,1384,520,0,406,12075,0,85,0,-211,3,4768,196,35942
2026/3/17,11:00,35539,0,11175,5046,298,1372,545,0,409,12739,0,89,0,-1107,2,4750,223,35541
2026/3/17,11:30,35205,0,11390,5012,296,1392,550,0,411,13077,0,90,0,-1975,2,4736,223,35204
2026/3/17,12:00,33911,0,11058,4767,294,1382,536,0,412,12962,0,94,0,-2551,2,4724,229,33909
2026/3/17,12:30,33129,0,10669,4758,292,1375,511,0,412,12820,0,86,0,-2789,3,4762,229,33128
2026/3/17,13:00,33477,0,10891,4758,292,1375,510,0,415,12644,0,85,0,-2441,3,4711,234,33477
2026/3/17,13:30,33206,0,10965,4947,291,1391,506,0,414,12328,0,84,0,-2657,3,4701,232,33205
2026/3/17,14:00,32821,0,11134,5045,291,1390,513,0,413,11699,0,86,0,-2779,0,4793,235,32820
2026/3/17,14:30,32547,0,11736,5047,290,1387,514,0,415,10464,0,86,0,-2238,1,4613,233,32548
2026/3/17,15:00,32411,0,12450,5046,287,1375,661,0,417,8711,0,87,0,-1246,1,4408,215,32412
2026/3/17,15:30,32691,0,13880,5045,286,1390,660,0,417,6575,0,83,0,-295,5,4432,214,32692
2026/3/17,16:00,33104,0,16024,5044,285,1375,735,0,416,4328,0,80,0,-93,10,4704,197,33105
2026/3/17,16:30,33420,0,18238,5043,285,1379,743,0,417,2268,0,65,0,190,13,4588,192,33421
2026/3/17,17:00,33772,0,19189,5043,285,1388,782,0,421,789,0,57,0,1042,18,4581,176,33771
2026/3/17,17:30,34535,0,20106,5043,284,1339,787,0,422,59,0,52,0,2303,20,3954,165,34534
2026/3/17,18:00,35349,0,20177,5040,284,1355,773,0,426,0,0,49,0,3270,28,3790,157,35349
2026/3/17,18:30,35409,0,20203,5043,283,1377,777,0,426,0,0,53,0,3668,30,3391,157,35408
2026/3/17,19:00,35031,0,20424,5042,283,1355,683,0,428,0,0,55,0,3167,30,3408,157,35032
2026/3/17,19:30,34657,0,20760,5041,284,1358,683,0,428,0,0,54,0,2680,23,3180,167,34658
2026/3/17,20:00,34143,0,20729,5045,283,1362,587,0,437,0,0,56,0,1417,23,4038,165,34142
2026/3/17,20:30,33749,0,20450,5040,284,1380,597,0,440,0,0,43,0,983,11,4352,170,33750
2026/3/17,21:00,32936,0,19895,5042,282,1340,593,0,445,0,0,43,0,745,5,4368,177,32935
2026/3/17,21:30,31899,0,18877,5040,282,1260,600,0,449,0,0,47,0,711,5,4440,189,31900
2026/3/17,22:00,31070,0,18506,5039,282,1266,596,0,450,0,0,50,0,403,7,4267,203,31069
2026/3/17,22:30,29953,0,17689,5041,282,1258,567,0,449,0,0,41,0,107,7,4296,216,29953
2026/3/17,23:00,29061,0,17214,5042,281,1265,545,0,450,0,0,42,0,0,2,4007,212,29060
2026/3/17,23:30,27921,0,16115,5041,281,1258,501,0,449,0,0,42,0,0,0,4004,230,27921
2026/3/18,0:00,26858,0,15394,5040,282,1272,492,0,445,0,0,39,0,0,0,3705,190,26859
2026/3/18,0:30,25823,0,14842,5038,282,1305,504,0,447,0,0,46,0,0,0,3219,141,25824
2026/3/18,1:00,25439,0,14269,5041,281,1300,535,0,448,0,0,52,0,0,0,3336,178,25440
2026/3/18,1:30,25161,0,14398,5042,280,1280,556,0,449,0,0,50,0,0,0,2919,186,25160
2026/3/18,2:00,25098,0,14182,5042,280,1228,562,0,445,0,0,44,0,0,0,3129,186,25098
2026/3/18,2:30,25193,0,14330,5042,280,1224,571,0,445,0,0,45,0,0,0,3070,185,25192
2026/3/18,3:00,25347,0,14666,5063,281,1216,572,0,447,0,0,43,0,0,0,2875,184,25347
2026/3/18,3:30,25450,0,14637,5141,281,1238,581,0,451,0,0,47,0,0,0,2875,200,25451
2026/3/18,4:00,25775,0,14805,5140,281,1238,589,0,451,0,0,51,0,0,0,3022,199,25776
2026/3/18,4:30,26054,0,14739,5141,281,1234,581,0,447,0,0,41,0,0,0,3390,201,26055
2026/3/18,5:00,26742,0,15309,5142,281,1222,588,0,447,0,0,38,0,1,0,3478,236,26742
2026/3/18,5:30,27515,0,15943,5142,282,1215,591,0,446,0,0,33,0,125,0,3493,246,27516
2026/3/18,6:00,28661,0,16907,5141,282,1190,589,0,447,119,0,31,0,125,0,3555,277,28663
2026/3/18,6:30,29699,0,17571,5141,281,1233,580,0,449,665,0,38,0,2,0,3501,237,29698
2026/3/18,7:00,30744,0,17632,5070,282,1234,559,0,448,1530,0,43,0,0,0,3727,219,30744
2026/3/18,7:30,31791,0,17132,5041,282,1215,552,0,447,2656,0,45,0,0,0,4218,203,31791
2026/3/18,8:00,33205,0,16891,5045,280,1210,543,0,443,3842,0,41,0,0,2,4708,199,33204
2026/3/18,8:30,34250,0,16849,5046,281,1191,532,0,443,5085,0,43,0,-75,1,4645,210,34251
2026/3/18,9:00,34624,0,16292,5046,281,1181,511,0,443,6205,0,41,0,-408,0,4826,205,34623
2026/3/18,9:30,34295,0,15382,5046,281,1200,494,0,443,7142,0,42,0,-649,0,4685,229,34295
2026/3/18,10:00,33991,0,15197,5047,281,1193,510,0,443,8061,0,42,0,-1367,0,4351,233,33991
2026/3/18,10:30,33690,0,15051,5045,280,1192,503,0,448,8705,0,47,0,-1894,0,4063,249,33689
2026/3/18,11:00,33464,0,15115,5046,280,1234,497,0,445,8814,0,50,0,-2104,0,3847,239,33463
2026/3/18,11:30,32882,0,15195,5046,280,1198,496,0,447,8109,0,53,0,-2421,0,4238,241,32882
2026/3/18,12:00,31828,0,14585,5046,281,1190,501,0,447,7537,0,51,0,-2583,0,4539,233,31827
2026/3/18,12:30,31296,0,14940,5046,281,1177,503,0,447,6907,0,55,0,-2384,2,4082,240,31296
2026/3/18,13:00,32039,0,15701,5045,282,1139,500,0,447,6093,0,51,0,-1508,2,4081,206,32039
2026/3/18,13:30,32499,0,15898,5044,281,1153,518,0,447,5227,0,49,0,-725,2,4400,205,32499
2026/3/18,14:00,32505,0,16940,5043,282,1192,519,0,446,4311,0,64,0,0,1,3498,209,32505
2026/3/18,14:30,32329,0,17383,5042,281,1192,515,0,450,3539,0,60,0,0,0,3653,212,32327
2026/3/18,15:00,32205,0,18107,5042,281,1199,519,0,456,2983,0,71,0,0,2,3297,247,32204
2026/3/18,15:30,32483,0,19887,5043,281,1201,516,0,449,2311,0,72,0,290,12,2175,245,32482
2026/3/18,16:00,32815,0,20357,5065,280,1180,616,0,448,1493,0,68,0,518,19,2495,277,32816
2026/3/18,16:30,33001,0,20423,5202,281,1231,622,0,449,756,0,57,0,887,20,2807,267,33002
2026/3/18,17:00,33263,0,20897,5228,280,1323,646,0,452,248,0,51,0,1642,28,2205,262,33262
2026/3/18,17:30,33778,0,20888,5323,280,1283,669,0,453,21,0,56,0,1875,11,2673,248,33780
2026/3/18,18:00,34360,0,20489,5348,280,1321,698,0,460,0,0,87,0,1576,12,3840,250,34361
2026/3/18,18:30,34308,0,20586,5357,280,1301,705,0,464,0,0,101,0,1219,12,4033,251,34309
2026/3/18,19:00,33778,0,19958,5402,281,1317,758,0,468,0,0,104,0,1031,18,4193,247,33777
2026/3/18,19:30,33335,0,19886,5407,280,1335,765,0,468,0,0,102,0,753,11,4068,261,33336
2026/3/18,20:00,32790,0,19418,5406,280,1350,747,0,470,0,0,113,0,902,6,3844,254,32790
2026/3/18,20:30,32259,0,18521,5406,280,1345,741,0,470,0,0,120,0,796,9,4305,265,32258
2026/3/18,21:00,31415,0,17971,5407,281,1344,676,0,471,0,0,145,0,421,9,4423,267,31415
2026/3/18,21:30,30521,0,17263,5333,281,1322,666,0,471,0,0,145,0,157,1,4608,273,30520
2026/3/18,22:00,29764,0,16715,5308,281,1325,582,0,470,0,0,155,0,56,3,4629,240,29764
2026/3/18,22:30,28769,0,15874,5306,281,1271,576,0,466,0,0,132,0,0,1,4612,251,28770
2026/3/18,23:00,27963,0,15202,5303,280,1298,575,0,468,0,0,161,0,0,1,4439,236,27963
2026/3/18,23:30,26854,0,14154,5185,280,1299,562,0,467,0,0,159,0,0,0,4498,251,26855
2026/3/19,0:00,25879,0,13152,5146,284,1307,572,0,444,0,0,169,0,0,1,4641,164,25880
2026/3/19,0:30,25005,0,12340,5111,285,1318,590,0,447,0,0,193,0,0,1,4509,211,25005
2026/3/19,1:00,24575,0,12007,5131,284,1263,600,0,444,0,0,163,0,0,0,4450,232,24574
2026/3/19,1:30,24268,0,11683,5208,284,1329,610,0,445,0,0,168,0,0,0,4303,238,24268
2026/3/19,2:00,24193,0,11666,5208,282,1284,618,0,444,0,0,190,0,0,0,4263,238,24193
2026/3/19,2:30,24293,0,11861,5210,282,1290,616,0,444,0,0,168,0,0,0,4184,237,24292
2026/3/19,3:00,24469,0,12055,5205,280,1268,624,0,446,0,0,165,0,0,2,4187,237,24469
2026/3/19,3:30,24602,0,12249,5207,281,1267,637,0,446,0,0,186,0,0,0,4103,227,24603
2026/3/19,4:00,24793,0,12179,5208,280,1296,683,0,449,0,0,194,0,0,1,4282,219,24791
2026/3/19,4:30,25009,0,12527,5209,280,1262,692,0,446,0,0,194,0,0,0,4206,192,25008
2026/3/19,5:00,25582,0,12841,5211,281,1277,692,0,445,0,0,215,0,0,1,4381,237,25581
2026/3/19,5:30,26088,0,13291,5209,280,1312,710,0,445,1,0,214,0,0,1,4430,195,26088
2026/3/19,6:00,27285,0,14467,5208,281,1304,707,0,450,101,0,216,0,0,0,4296,255,27285
2026/3/19,6:30,28354,0,15360,5208,280,1303,708,0,449,223,0,213,0,0,1,4354,255,28354
2026/3/19,7:00,29751,0,16246,5208,280,1355,707,0,447,561,0,226,0,0,4,4490,229,29753
2026/3/19,7:30,30666,0,17109,5211,282,1340,715,0,446,989,0,231,0,0,3,4081,259,30666
2026/3/19,8:00,31749,0,17443,5212,282,1326,713,0,441,1666,0,253,0,0,5,4144,264,31749
2026/3/19,8:30,32812,0,17683,5212,282,1379,713,0,440,2896,0,258,0,17,2,3648,282,32812
2026/3/19,9:00,33635,0,18072,5212,281,1381,712,0,440,4255,0,297,0,52,2,2657,274,33635
2026/3/19,9:30,33972,0,17687,5213,280,1372,727,0,440,5332,0,257,0,0,3,2362,299,33972
2026/3/19,10:00,33101,0,16280,5138,279,1366,736,0,439,6177,0,321,0,-116,0,2243,238,33101
2026/3/19,10:30,33114,0,15486,5110,280,1373,759,0,439,7433,0,312,0,-134,3,1798,256,33115
2026/3/19,11:00,32332,0,14141,5115,280,1362,796,0,441,7959,0,290,0,-655,0,2355,246,32330
2026/3/19,11:30,31807,0,13086,5117,280,1357,803,0,441,9093,0,300,0,-1868,2,2944,251,31806
2026/3/19,12:00,31439,0,12632,4826,280,1360,795,0,463,10127,0,328,0,-2984,2,3384,226,31439
2026/3/19,12:30,30930,0,11738,4516,280,1379,773,0,472,10114,0,326,0,-3509,2,4605,232,30928
2026/3/19,13:00,31810,0,13162,4821,280,1354,805,0,477,9792,0,316,0,-3180,2,3770,212,31811
2026/3/19,13:30,31631,0,13868,4939,279,1349,816,0,487,9129,0,312,0,-3090,1,3333,208,31631
2026/3/19,14:00,31820,0,14538,5277,280,1366,814,0,494,8308,0,315,0,-2475,0,2682,221,31820
2026/3/19,14:30,31460,0,14574,5481,279,1401,818,0,501,6878,0,323,0,-2004,1,2991,218,31461
2026/3/19,15:00,31228,0,15100,5473,279,1387,856,0,502,5613,0,319,0,-1167,0,2651,214,31227
2026/3/19,15:30,31315,0,14826,5598,279,1425,861,0,503,4239,0,333,0,-244,0,3279,217,31316
2026/3/19,16:00,31644,0,15633,5727,279,1383,1028,0,502,2943,0,300,0,0,8,3624,216,31643
2026/3/19,16:30,31968,0,17060,5749,279,1396,1066,0,503,1610,0,310,0,0,15,3771,209,31968
2026/3/19,17:00,32369,0,17687,5748,279,1342,1119,0,505,582,0,325,0,0,17,4486,279,32369
2026/3/19,17:30,32773,0,19081,5771,278,1341,1182,0,506,56,0,316,0,0,18,3963,261,32773
2026/3/19,18:00,33079,0,19316,5847,279,1370,1169,0,507,0,0,333,0,213,16,3733,294,33077
2026/3/19,18:30,33005,0,19117,5848,278,1376,1174,0,507,0,0,328,0,375,16,3697,289,33005
2026/3/19,19:00,32614,0,19179,5848,277,1377,1176,0,508,0,0,310,0,525,22,3132,260,32614
2026/3/19,19:30,32194,0,18213,5848,278,1378,1192,0,509,0,0,295,0,364,7,3835,274,32193
2026/3/19,20:00,31693,0,17396,5875,277,1333,1154,0,510,0,0,304,0,343,10,4214,277,31693
2026/3/19,20:30,31220,0,17727,6065,277,1323,1132,0,511,0,0,308,0,239,1,3343,294,31220
2026/3/19,21:00,30474,0,16623,6179,278,1352,1125,0,511,0,0,327,0,125,8,3637,308,30473
2026/3/19,21:30,29664,0,15381,6104,277,1314,1102,0,511,0,0,319,0,116,4,4226,310,29664
2026/3/19,22:00,29079,0,14987,6082,275,1317,1093,0,510,0,0,312,0,41,21,4150,289,29077
2026/3/19,22:30,28336,0,14268,6080,276,1302,1062,0,510,0,0,308,0,0,15,4218,298,28337
2026/3/19,23:00,27547,0,13836,6082,276,1316,885,0,507,0,0,261,0,0,10,4141,235,27549
2026/3/19,23:30,26631,0,12745,6081,275,1321,870,0,508,0,0,229,0,96,2,4254,251,26632
2026/3/20,0:00,25733,0,11792,6081,270,1313,826,0,503,0,0,283,0,102,0,4311,253,25734
2026/3/20,0:30,24873,0,10970,6080,269,1305,833,0,506,0,0,275,0,106,2,4222,305,24873
2026/3/20,1:00,24540,0,10759,6080,270,1294,837,0,503,0,0,279,0,106,0,4099,313,24540
2026/3/20,1:30,24366,0,10719,6079,270,1313,833,0,504,0,0,281,0,95,0,3954,318,24366
2026/3/20,2:00,24314,0,10640,6167,269,1316,818,0,504,0,0,264,0,0,0,4018,317,24313
2026/3/20,2:30,24330,0,10748,6231,268,1357,815,0,504,0,0,246,0,0,0,3853,309,24331
2026/3/20,3:00,24559,0,10964,6175,267,1371,804,0,506,0,0,214,0,0,0,3947,310,24558
2026/3/20,3:30,24484,0,11070,6177,266,1345,801,0,506,0,0,203,0,0,0,3816,300,24484
2026/3/20,4:00,24633,0,11340,6220,266,1342,807,0,509,0,0,205,0,0,0,3638,307,24634
2026/3/20,4:30,24800,0,11434,6231,266,1320,802,0,506,0,0,189,0,76,0,3693,282,24799
2026/3/20,5:00,25220,0,11495,6280,266,1330,799,0,508,0,0,189,0,394,0,3662,299,25222
2026/3/20,5:30,25373,0,11622,6278,265,1281,798,0,505,2,0,159,0,430,0,3761,272,25373
2026/3/20,6:00,26013,0,12156,6232,264,1296,809,0,510,108,0,147,0,578,3,3643,267,26013
2026/3/20,6:30,26442,0,11774,6224,265,1340,813,0,509,266,0,139,0,389,2,4478,242,26441
2026/3/20,7:00,27288,0,12136,6177,264,1413,822,0,508,604,0,127,0,345,0,4609,282,27287
2026/3/20,7:30,28259,0,12557,6178,264,1390,815,0,506,1020,0,115,0,460,2,4678,274,28259
2026/3/20,8:00,29741,0,13211,6179,265,1345,834,0,502,1480,0,109,0,802,2,4723,288,29740
2026/3/20,8:30,30771,0,13403,6180,266,1345,826,0,502,1874,0,96,0,1308,2,4688,282,30772
2026/3/20,9:00,31770,0,13300,6178,266,1344,808,0,500,2163,0,85,0,2084,2,4744,294,31768
2026/3/20,9:30,31980,0,12923,6179,261,1370,781,0,501,2225,0,70,0,2528,2,4843,298,31981
2026/3/20,10:00,32097,0,13003,6177,247,1341,755,0,498,2399,0,60,0,2541,2,4776,298,32097
2026/3/20,10:30,32062,0,13137,6181,225,1363,754,0,498,2507,0,55,0,2290,2,4733,317,32062
2026/3/20,11:00,32028,0,12980,6293,210,1362,746,0,500,2613,0,50,0,2216,2,4756,301,32029
2026/3/20,11:30,31776,0,12848,6378,208,1355,746,0,501,2755,0,44,0,1911,2,4723,304,31775
2026/3/20,12:00,31574,0,12812,6378,208,1403,751,0,499,2981,0,42,0,1430,2,4767,300,31573
2026/3/20,12:30,31536,0,13219,6375,208,1388,756,0,499,3056,0,44,0,932,2,4753,304,31536
2026/3/20,13:00,31659,0,13562,6376,209,1364,754,0,498,2868,0,46,0,891,2,4791,299,31660
2026/3/20,13:30,32077,0,14145,6374,212,1341,752,0,498,2887,0,53,0,819,2,4695,298,32076
2026/3/20,14:00,31956,0,14501,6378,215,1327,748,0,498,2523,0,65,0,777,3,4623,299,31957
2026/3/20,14:30,31756,0,14902,6379,215,1359,743,0,498,2124,0,65,0,464,2,4698,306,31755
2026/3/20,15:00,31869,0,15481,6378,216,1338,738,0,499,1897,0,70,0,166,0,4788,298,31869
2026/3/20,15:30,32353,0,16131,6376,218,1329,783,0,499,1554,0,75,0,267,0,4833,289,32354
2026/3/20,16:00,32661,0,16398,6374,218,1303,1106,0,502,1019,0,80,0,637,0,4739,285,32661
2026/3/20,16:30,33025,0,17012,6376,253,1311,1115,0,503,568,0,86,0,777,4,4738,282,33025
2026/3/20,17:00,33639,0,17675,6374,248,1312,1103,0,509,229,0,99,0,1040,17,4762,271,33639
2026/3/20,17:30,34250,0,18167,6375,222,1288,1109,0,509,26,0,113,0,1373,28,4775,264,34249
2026/3/20,18:00,34804,0,18140,6424,219,1298,1083,0,511,0,0,175,0,1902,13,4758,281,34804
2026/3/20,18:30,34719,0,18107,6334,217,1312,1076,0,512,0,0,244,0,1887,27,4739,264,34719
2026/3/20,19:00,34471,0,18159,6170,217,1340,1120,0,513,0,0,253,0,1676,21,4731,270,34470
2026/3/20,19:30,34109,0,17971,6220,217,1337,1128,0,513,0,0,268,0,1405,19,4745,285,34108
2026/3/20,20:00,33692,0,17698,6236,217,1318,1114,0,515,0,0,299,0,1253,29,4728,285,33692
2026/3/20,20:30,33239,0,17429,6240,218,1308,1099,0,515,0,0,309,0,1071,21,4735,295,33240
2026/3/20,21:00,32547,0,17072,6237,218,1270,1069,0,516,0,0,322,0,808,9,4735,292,32548
2026/3/20,21:30,31715,0,16503,6240,218,1258,1042,0,515,0,0,314,0,596,4,4711,314,31715
2026/3/20,22:00,30984,0,16175,6240,218,1223,968,0,516,0,0,327,0,364,9,4655,289,30984
2026/3/20,22:30,29910,0,15375,6237,216,1252,944,0,516,0,0,285,0,73,11,4699,302,29910
2026/3/20,23:00,29174,0,14837,6198,217,1259,948,0,512,0,0,291,0,63,5,4571,275,29176
2026/3/20,23:30,28125,0,13796,6067,218,1325,945,0,516,0,0,305,0,22,17,4620,295,28126
2026/3/21,0:00,27204,0,13510,6040,218,1294,703,0,511,0,0,302,0,0,0,4364,261,27203
2026/3/21,0:30,26252,0,12331,6040,217,1298,696,0,514,0,0,263,0,-4,0,4585,311,26251
2026/3/21,1:00,25854,0,12142,6041,218,1298,695,0,511,0,0,290,0,-233,0,4576,316,25854
2026/3/21,1:30,25544,0,11916,6042,218,1279,694,0,515,0,0,313,0,-303,0,4546,325,25545
2026/3/21,2:00,25470,0,12073,6043,219,1257,689,0,512,0,0,289,0,-334,0,4397,325,25470
2026/3/21,2:30,25531,0,12372,6041,217,1204,687,0,512,0,0,324,0,-313,0,4164,322,25530
2026/3/21,3:00,25680,0,12170,6043,218,1145,703,0,513,0,0,322,0,-348,0,4592,322,25680
2026/3/21,3:30,25780,0,12186,6040,217,1170,708,0,513,0,0,307,0,-290,0,4612,316,25779
2026/3/21,4:00,26034,0,12193,6040,216,1158,704,0,513,0,0,301,0,-22,0,4636,294,26033
2026/3/21,4:30,26318,0,12484,6041,216,1149,701,0,513,0,0,300,0,0,2,4642,269,26317
2026/3/21,5:00,26899,0,12938,6029,215,1149,713,0,516,0,0,309,0,86,2,4651,291,26899
2026/3/21,5:30,27217,0,13445,5885,216,1166,718,0,515,3,0,267,0,103,3,4631,264,27216
2026/3/21,6:00,27463,0,13591,5748,213,1191,729,0,516,236,0,247,0,102,2,4593,295,27463
2026/3/21,6:30,27644,0,12957,5315,207,1211,732,0,516,1489,0,261,0,101,0,4590,264,27643
2026/3/21,7:00,27604,0,12039,4471,206,1191,739,0,514,3302,0,279,0,99,0,4467,296,27603
2026/3/21,7:30,27776,0,10869,3784,205,1084,745,0,512,5577,0,265,0,0,0,4452,282,27775
2026/3/21,8:00,28119,0,10110,3184,206,891,763,0,472,7813,222,254,3,0,0,4130,296,28119
2026/3/21,8:30,28669,0,8627,3173,205,870,758,0,472,10079,279,251,2,150,1,3779,304,28669
2026/3/21,9:00,29129,0,7568,3042,205,900,729,0,471,12027,324,237,2,76,1,3602,270,29128
2026/3/21,9:30,29221,0,7523,2482,208,904,703,0,472,13628,361,225,2,-404,1,3196,281,29219
2026/3/21,10:00,29191,0,7301,2215,209,910,680,0,471,14888,391,237,2,-2079,3,4071,285,29191
2026/3/21,10:30,29046,0,7401,2063,212,906,677,0,471,15832,416,253,2,-2997,3,3927,297,29045
2026/3/21,11:00,28889,0,7389,2018,220,889,682,0,471,16418,428,251,2,-3552,1,3818,283,28888
2026/3/21,11:30,28747,0,7354,2019,219,894,682,0,471,16689,431,239,2,-4147,1,4035,292,28748
2026/3/21,12:00,28195,0,7036,2019,217,873,699,0,469,16620,428,247,2,-4670,1,4401,283,28195
2026/3/21,12:30,27552,0,7229,2017,220,874,701,0,469,16182,416,249,2,-5215,1,4542,283,27552
2026/3/21,13:00,27081,0,7433,2017,218,912,718,0,467,15396,393,253,2,-5199,1,4587,277,27080
2026/3/21,13:30,26558,0,7509,2020,206,894,718,0,468,14323,365,265,2,-4770,1,4647,278,26559
2026/3/21,14:00,26026,0,7647,2021,208,949,716,0,468,12905,329,264,2,-4023,1,4603,268,26027
2026/3/21,14:30,25654,0,7606,2127,209,996,713,0,467,11183,287,259,2,-2623,1,4446,269,25653
2026/3/21,15:00,25565,0,8106,2326,217,1026,728,0,469,9210,234,235,2,-1596,3,4551,289,25564
2026/3/21,15:30,25861,0,9104,2650,220,1054,725,0,469,6959,175,235,3,-131,0,4284,292,25861
2026/3/21,16:00,26479,0,10320,3220,219,1061,716,0,505,4696,0,242,0,394,0,4805,302,26480
2026/3/21,16:30,27088,0,12321,3855,219,1058,717,0,506,2500,0,216,0,615,1,4781,299,27088
2026/3/21,17:00,28098,0,13831,4725,218,1079,730,0,510,923,0,216,0,812,5,4740,308,28097
2026/3/21,17:30,29275,0,15419,5385,218,1108,738,0,511,102,0,220,0,633,12,4622,307,29275
2026/3/21,18:00,30666,0,16640,5721,218,1190,737,0,517,0,0,231,0,577,11,4510,314,30666
2026/3/21,18:30,31069,0,16820,6036,219,1176,756,0,517,0,0,204,0,852,32,4147,309,31068
2026/3/21,19:00,31096,0,16680,6079,218,1174,778,0,517,0,0,199,0,777,31,4346,298,31097
2026/3/21,19:30,30988,0,16450,6080,219,1201,776,0,517,0,0,192,0,691,30,4530,304,30990
2026/3/21,20:00,30792,0,16181,6077,219,1238,757,0,519,0,0,188,0,687,27,4596,302,30791
2026/3/21,20:30,30489,0,15733,6080,219,1311,740,0,519,0,0,174,0,683,24,4694,313,30490
2026/3/21,21:00,30038,0,15513,6193,220,1303,750,0,520,0,0,171,0,512,5,4563,289,30039
2026/3/21,21:30,29380,0,14882,6272,218,1274,743,0,519,0,0,158,0,395,6,4617,296,29380
2026/3/21,22:00,28847,0,14576,6271,217,1269,711,0,519,0,0,147,0,402,18,4439,278,28847
2026/3/21,22:30,28014,0,13606,6273,219,1297,699,0,519,0,0,126,0,364,4,4619,289,28015
2026/3/21,23:00,27431,0,13725,6202,218,1321,673,0,518,0,0,106,0,124,2,4294,248,27431
2026/3/21,23:30,26479,0,12741,6125,218,1330,670,0,522,0,0,101,0,41,4,4578,149,26479
2026/3/22,0:00,25955,0,12408,6141,221,1366,659,0,515,0,0,110,0,0,0,4425,109,25954
2026/3/22,0:30,25091,0,11193,6222,221,1416,667,0,517,0,0,106,0,0,0,4593,155,25090
2026/3/22,1:00,24801,0,10896,6224,220,1421,661,0,514,0,0,91,0,43,2,4544,184,24800
2026/3/22,1:30,24659,0,10345,6220,219,1408,661,0,518,0,0,90,0,413,3,4595,187,24659
2026/3/22,2:00,24771,0,10305,6222,216,1403,652,0,515,0,0,79,0,558,3,4591,226,24770
2026/3/22,2:30,24792,0,10179,6222,213,1431,652,0,514,0,0,74,0,763,3,4511,230,24792
2026/3/22,3:00,24996,0,10347,6150,214,1406,654,0,516,0,0,56,0,800,3,4587,265,24998
2026/3/22,3:30,24995,0,10331,6121,213,1393,662,0,516,0,0,55,0,799,3,4633,268,24994
2026/3/22,4:00,25185,0,10127,6120,211,1400,696,0,516,0,0,53,0,1205,3,4601,254,25186
2026/3/22,4:30,25339,0,9988,6125,212,1381,696,0,515,0,0,49,0,1502,3,4609,260,25340
2026/3/22,5:00,25838,0,10731,6108,211,1397,689,0,519,0,0,56,0,1213,5,4639,269,25837
2026/3/22,5:30,25996,0,11251,5778,211,1391,687,0,518,4,0,51,0,1244,5,4575,282,25997
2026/3/22,6:00,26132,0,11332,5293,213,1430,689,0,519,264,0,43,0,1441,9,4610,288,26131
2026/3/22,6:30,26159,0,10826,5043,212,1358,719,0,520,1448,0,40,0,1164,5,4562,261,26158
2026/3/22,7:00,26228,0,9634,4736,213,1232,711,0,518,3257,0,34,0,941,5,4673,275,26229
2026/3/22,7:30,26369,0,8842,4043,213,1153,702,0,517,5579,0,30,0,422,7,4597,263,26368
2026/3/22,8:00,27009,0,7981,3418,212,1057,721,0,515,7991,0,25,0,208,0,4596,286,27010
2026/3/22,8:30,27333,0,7064,3312,211,1064,718,0,515,10181,0,23,0,-800,0,4753,292,27333
2026/3/22,9:00,27544,0,7238,3104,213,1082,710,0,514,12012,0,22,0,-1754,1,4128,273,27543
2026/3/22,9:30,27592,0,7742,3083,210,1064,685,0,515,13480,0,24,0,-2187,1,2697,279,27593
2026/3/22,10:00,27858,0,7775,3096,204,1050,662,0,514,14643,0,24,0,-2745,1,2364,270,27858
2026/3/22,10:30,27921,0,7895,3140,200,967,661,0,514,15362,0,26,0,-3462,1,2337,280,27921
2026/3/22,11:00,27917,0,7847,3269,202,1042,659,0,515,15487,0,30,0,-3770,1,2364,271,27917
2026/3/22,11:30,27416,0,7853,3379,204,1049,671,0,515,15130,0,32,0,-4040,1,2353,270,27417
2026/3/22,12:00,27068,0,8032,3478,209,1013,686,0,513,14575,0,35,0,-4190,0,2469,249,27069
2026/3/22,12:30,26524,0,7749,3662,209,1055,686,0,513,13883,0,39,0,-4292,0,2767,254,26525
2026/3/22,13:00,26357,0,8005,3775,209,1037,694,0,512,13026,0,46,0,-4188,0,2987,253,26356
2026/3/22,13:30,26069,0,8125,4019,208,1031,704,0,512,11831,0,47,0,-3544,2,2883,251,26069
2026/3/22,14:00,26107,3,8685,4033,215,1027,707,0,512,10234,0,53,0,-2062,0,2469,231,26107
2026/3/22,14:30,25825,47,8868,3993,222,1115,702,0,512,8057,0,59,0,-851,1,2869,231,25825
2026/3/22,15:00,25743,96,9078,4064,221,1150,702,0,513,5890,0,65,0,508,0,3204,252,25743
2026/3/22,15:30,25431,189,9990,4147,220,1186,692,0,513,4068,0,58,0,1420,0,2699,247,25429
2026/3/22,16:00,26065,195,10468,4489,215,1201,669,0,511,2684,0,53,0,1190,2,4125,263,26065
2026/3/22,16:30,26766,197,11778,4986,211,1260,671,0,511,1451,0,54,0,1362,2,4018,266,26767
2026/3/22,17:00,27997,198,13175,5300,204,1398,698,0,515,541,0,61,0,1611,4,4010,282,27997
2026/3/22,17:30,29541,199,14086,5775,205,1475,722,0,515,64,0,63,0,1777,15,4367,278,29541
2026/3/22,18:00,30673,199,14660,6117,204,1440,786,0,517,0,0,68,0,1890,26,4462,305,30674
2026/3/22,18:30,30946,199,15177,6173,206,1450,788,0,517,0,0,64,0,1639,31,4400,303,30947
2026/3/22,19:00,30910,201,15422,6244,204,1461,795,0,518,0,0,66,0,1764,31,3936,268,30910
2026/3/22,19:30,30796,201,15081,6254,206,1437,796,0,518,0,0,67,0,1623,21,4309,284,30797
2026/3/22,20:00,30504,201,14784,6260,207,1407,773,0,519,0,0,73,0,1509,35,4455,279,30502
2026/3/22,20:30,30231,201,14674,6262,206,1423,769,0,520,0,0,76,0,1189,13,4611,288,30232
2026/3/22,21:00,29595,193,14507,6260,203,1435,763,0,520,0,0,88,0,1205,20,4126,275,29595
2026/3/22,21:30,28718,187,13501,6258,201,1434,757,0,520,0,0,96,0,901,5,4575,284,28719
2026/3/22,22:00,27903,197,13121,6255,202,1433,717,0,520,0,0,96,0,601,2,4508,252,27904
2026/3/22,22:30,26928,232,12469,6256,201,1416,701,0,520,0,0,100,0,184,2,4583,264,26928
2026/3/22,23:00,26368,319,12033,6327,202,1396,702,0,517,0,0,94,0,30,4,4504,242,26370
2026/3/22,23:30,25322,397,11038,6425,201,1395,698,0,521,0,0,102,0,0,2,4379,164,25322
2026/3/23,0:00,24236,498,9832,6458,201,1402,690,0,513,0,0,78,0,0,2,4478,85,24237
2026/3/23,0:30,23393,572,9569,6497,200,1394,694,0,516,0,0,88,0,-664,1,4403,122,23392
2026/3/23,1:00,23163,591,10012,6269,201,1376,685,0,513,0,0,89,0,-1238,2,4544,119,23163
2026/3/23,1:30,23018,591,9901,6247,202,1381,689,0,514,0,0,88,0,-1258,2,4537,123,23017
2026/3/23,2:00,23024,592,10261,6264,201,1387,675,0,514,0,0,91,0,-1255,1,4180,112,23023
2026/3/23,2:30,23124,606,10491,6269,202,1376,672,0,513,0,0,92,0,-1254,0,4047,111,23125
2026/3/23,3:00,23380,615,10769,6266,203,1396,673,0,515,0,0,82,0,-1253,0,3988,127,23381
2026/3/23,3:30,23529,615,11035,6265,203,1429,671,0,515,0,0,75,0,-1251,0,3853,119,23529
2026/3/23,4:00,23837,630,11320,6268,203,1432,669,0,518,0,0,80,0,-1251,0,3841,126,23836
2026/3/23,4:30,24199,630,11675,6266,203,1399,665,0,515,0,0,74,0,-1044,0,3715,100,24198
2026/3/23,5:00,25039,631,12057,6267,203,1348,680,0,517,0,0,77,0,-749,1,3892,115,25039
2026/3/23,5:30,25869,631,12891,6267,203,1144,685,0,513,6,0,77,0,-563,0,3935,82,25871
2026/3/23,6:00,27308,631,13767,6266,203,1108,933,0,517,151,0,62,0,-47,1,3628,87,27307
2026/3/23,6:30,28555,631,14247,6267,202,1146,945,0,517,458,0,46,0,0,3,4003,90,28555
2026/3/23,7:00,30000,631,14621,6267,204,1156,929,0,513,1052,0,38,0,0,2,4492,94,29999
2026/3/23,7:30,31463,775,15141,6268,202,1177,943,0,511,1946,0,35,0,0,5,4368,94,31465
2026/3/23,8:00,33343,880,15821,6267,203,1167,934,0,507,2785,0,32,0,0,7,4613,128,33344
2026/3/23,8:30,34805,883,16997,6266,202,1170,916,0,506,3664,0,30,0,0,7,4039,125,34805
2026/3/23,9:00,35612,884,17022,6273,203,1132,867,0,503,4554,0,31,0,0,7,4011,125,35612
2026/3/23,9:30,35702,884,16024,6249,202,1148,837,0,504,5136,0,32,0,0,0,4562,123,35701
2026/3/23,10:00,34884,884,14645,6172,201,1174,597,0,504,5880,0,35,0,0,0,4669,123,34884
2026/3/23,10:30,34386,884,12941,5986,201,1197,585,0,505,7212,0,39,0,0,0,4702,134,34386
2026/3/23,11:00,34395,884,12615,5238,200,1166,591,0,506,8532,0,45,0,0,0,4498,122,34397
2026/3/23,11:30,34089,884,12065,4604,200,1182,605,0,506,9211,0,45,0,-4,0,4670,122,34090
2026/3/23,12:00,32694,883,11635,4195,200,1144,616,0,504,9379,0,48,0,-716,0,4683,123,32694
2026/3/23,12:30,31889,883,11323,4064,200,1171,619,0,504,10275,0,47,0,-1873,0,4551,122,31886
2026/3/23,13:00,32854,883,11785,3953,201,1241,608,0,502,11327,0,45,0,-2012,0,4199,122,32854
2026/3/23,13:30,32904,884,12018,4028,201,1207,616,0,502,11500,0,44,0,-1939,0,3721,122,32904
2026/3/23,14:00,32464,883,12172,4203,201,1194,611,0,502,10782,0,46,0,-1559,0,3307,121,32463
2026/3/23,14:30,32165,883,12079,4323,163,1220,617,0,504,9726,0,49,0,-1357,2,3836,121,32166
2026/3/23,15:00,32190,885,12224,4503,151,1224,714,0,504,8262,0,50,0,-858,0,4409,122,32190
2026/3/23,15:30,31963,886,13297,5029,158,1204,719,0,503,6097,0,50,0,-41,13,3925,123,31963
2026/3/23,16:00,32131,885,14554,5613,159,1213,989,0,501,4154,0,50,0,0,0,3890,123,32131
2026/3/23,16:30,32204,885,15943,6305,158,1162,972,0,501,2238,0,51,0,469,1,3394,124,32203
2026/3/23,17:00,32266,885,16224,6642,158,1167,948,0,507,846,0,63,0,1276,12,3412,126,32266
2026/3/23,17:30,32806,934,17237,6740,158,1182,980,0,508,105,0,71,0,1325,39,3402,125,32806
2026/3/23,18:00,33549,991,17667,6763,157,1207,974,0,510,0,0,92,0,1523,32,3504,128,33548
2026/3/23,18:30,33739,992,17586,6764,157,1222,983,0,511,0,0,119,0,1529,15,3733,128,33739
2026/3/23,19:00,33440,992,17248,6763,157,1229,976,0,512,0,0,148,0,1524,13,3750,129,33441
2026/3/23,19:30,33044,992,16371,6761,157,1211,977,0,512,0,0,172,0,1487,14,4263,128,33045
2026/3/23,20:00,32515,991,16150,6759,158,1188,944,0,513,0,0,190,0,1251,14,4232,126,32516
2026/3/23,20:30,32167,991,15434,6760,159,1195,931,0,514,0,0,190,0,1187,14,4664,127,32166
2026/3/23,21:00,31480,991,14904,6763,160,1222,866,0,514,0,0,211,0,1048,9,4667,124,31479
2026/3/23,21:30,30615,991,14061,6763,159,1208,864,0,513,0,0,216,0,974,6,4738,123,30616
2026/3/23,22:00,29933,991,13695,6759,159,1182,829,0,514,0,0,238,0,890,9,4579,87,29932
2026/3/23,22:30,29069,991,12833,6762,159,1180,816,0,514,0,0,241,0,792,3,4690,87,29068
2026/3/23,23:00,28247,991,12664,6764,159,1185,796,0,511,0,0,230,0,303,0,4561,83,28247
2026/3/23,23:30,27099,991,11597,6763,158,1204,798,0,514,0,0,247,0,176,1,4566,83,27098
2026/3/24,0:00,26233,991,11016,6761,157,1177,594,0,509,0,0,265,0,210,2,4472,78,26232
2026/3/24,0:30,25171,991,9882,6763,157,1150,592,0,512,0,0,278,0,210,2,4525,109,25171
2026/3/24,1:00,24854,992,9596,6763,157,1169,594,0,509,0,0,275,0,203,2,4473,120,24853
2026/3/24,1:30,24640,993,9545,6765,157,1158,599,0,510,0,0,282,0,41,2,4462,126,24640
2026/3/24,2:00,24568,993,9365,6764,158,1191,599,0,510,0,0,293,0,0,1,4578,115,24567
2026/3/24,2:30,24740,1027,9513,6763,157,1229,598,0,509,0,0,296,0,0,2,4531,116,24741
2026/3/24,3:00,24905,1060,9689,6762,157,1175,582,0,511,0,0,291,0,0,1,4552,125,24905
2026/3/24,3:30,25077,1060,9979,6763,158,1151,580,0,512,0,0,289,0,0,2,4464,119,25077
2026/3/24,4:00,25283,1061,10276,6764,159,1144,576,0,515,0,0,292,0,0,2,4374,119,25282
2026/3/24,4:30,25636,1061,10621,6764,157,1175,575,0,512,0,0,282,0,0,2,4391,96,25636
2026/3/24,5:00,26459,1061,11573,6764,156,1115,583,0,511,0,0,270,0,0,2,4318,105,26458
2026/3/24,5:30,27167,1061,12355,6765,157,1141,584,0,510,8,0,267,0,170,2,4032,114,27166
2026/3/24,6:00,28071,1061,12736,6762,159,1189,594,0,515,348,0,283,0,335,5,3991,93,28071
2026/3/24,6:30,28606,1062,12376,6765,157,1208,601,0,514,1668,0,270,0,230,1,3663,92,28607
2026/3/24,7:00,28978,1062,11476,6274,158,1220,595,0,513,3569,0,263,0,159,0,3593,96,28978
2026/3/24,7:30,29473,1063,10052,5575,157,1222,595,0,512,5890,0,254,0,169,0,3883,102,29474
2026/3/24,8:00,30845,1063,9141,4780,158,1216,592,0,508,8293,0,251,0,31,1,4681,130,30845
2026/3/24,8:30,32029,1063,9120,4053,158,1278,580,0,507,10588,0,205,0,-191,1,4540,128,32030
2026/3/24,9:00,32938,1062,9184,3620,158,1271,583,0,504,12439,0,187,0,-840,2,4640,127,32937
2026/3/24,9:30,33000,1063,8869,3346,157,1269,569,0,504,13848,0,160,0,-1201,1,4288,127,33000
2026/3/24,10:00,32882,1062,8767,3237,156,1273,568,0,506,15245,0,130,0,-2369,1,4179,127,32882
2026/3/24,10:30,32962,1062,8652,3130,156,1202,557,0,505,16249,0,115,0,-2738,1,3925,146,32962
2026/3/24,11:00,32954,1063,8862,3117,156,1185,555,0,508,16833,0,104,0,-2784,1,3229,125,32954
2026/3/24,11:30,32758,1063,8860,3081,155,1168,554,0,509,17040,0,92,0,-2701,1,2810,125,32757
2026/3/24,12:00,31800,1063,8599,3078,154,1160,557,0,505,16904,0,102,0,-2810,1,2362,125,31800
2026/3/24,12:30,31174,1062,8775,3082,154,1155,561,0,504,16435,0,96,0,-3096,1,2320,124,31173
2026/3/24,13:00,31717,1062,9572,3080,154,1125,557,0,503,15655,0,98,0,-3334,1,3119,124,31716
2026/3/24,13:30,31461,1063,9428,3103,154,1142,553,0,503,14472,0,77,0,-2543,1,3386,124,31463
2026/3/24,14:00,31068,1062,9520,3286,153,1153,540,0,503,13001,0,72,0,-2383,1,4038,123,31069
2026/3/24,14:30,30852,1062,9574,3628,154,1184,546,0,505,11280,0,74,0,-1964,1,4686,123,30853
2026/3/24,15:00,30741,1063,10275,4058,155,1243,612,0,505,9266,0,75,0,-1383,1,4746,124,30740
2026/3/24,15:30,31205,1063,11785,4781,153,1221,619,0,506,6928,0,77,0,-302,1,4248,125,31205
2026/3/24,16:00,31568,1064,13574,5464,152,1206,827,0,504,4426,0,75,0,0,0,4154,124,31570
2026/3/24,16:30,31559,1063,14746,6028,152,1205,860,0,505,2203,0,71,0,0,1,4598,126,31558
2026/3/24,17:00,31870,1063,15997,6514,152,1207,1038,0,507,766,0,66,0,221,7,4205,127,31870
2026/3/24,17:30,32714,1062,17074,6748,153,1255,1056,0,508,90,0,63,0,403,29,4144,127,32712
2026/3/24,18:00,33476,1063,17700,6765,155,1254,1100,0,513,0,0,82,0,549,35,4129,130,33475
2026/3/24,18:30,33624,1062,18116,6763,172,1235,1108,0,514,0,0,78,0,629,37,3781,130,33625
2026/3/24,19:00,33397,1063,17670,6766,177,1254,1132,0,515,0,0,73,0,472,36,4108,131,33397
2026/3/24,19:30,33075,1063,17400,6765,183,1225,1127,0,515,0,0,58,0,338,31,4241,130,33076
2026/3/24,20:00,32546,1063,17122,6766,183,1206,1057,0,516,0,0,52,0,344,27,4081,128,32545
2026/3/24,20:30,32121,1063,16726,6765,183,1203,1048,0,517,0,0,45,0,238,14,4191,129,32122
2026/3/24,21:00,31322,1063,15853,6764,184,1200,1031,0,517,0,0,35,0,405,4,4140,126,31322
2026/3/24,21:30,30533,1062,14442,6765,197,1201,1018,0,517,0,0,29,0,557,3,4616,125,30532
2026/3/24,22:00,29719,1063,13900,6766,195,1154,958,0,518,0,0,25,0,410,6,4637,88,29720
2026/3/24,22:30,28812,1062,13087,6763,193,1097,935,0,517,0,0,26,0,399,0,4644,87,28810
2026/3/24,23:00,28022,1062,12920,6765,194,1118,806,0,514,0,0,19,0,186,2,4351,84,28021
2026/3/24,23:30,26842,1063,11963,6763,193,1050,794,0,515,0,0,22,0,0,0,4394,84,26841
2026/3/25,0:00,25873,1063,11527,6761,194,1041,581,0,467,0,0,29,0,0,0,4132,79,25874
2026/3/25,0:30,24702,1063,10449,6765,195,1031,548,0,467,0,0,33,0,0,0,4041,109,24701
2026/3/25,1:00,24343,1066,10498,6766,195,1029,550,0,468,0,0,37,0,0,0,3615,120,24344
2026/3/25,1:30,24071,1070,10289,6764,195,980,550,0,468,0,0,35,0,0,0,3593,128,24072
2026/3/25,2:00,24086,1074,10388,6767,194,990,544,0,468,0,0,34,0,0,0,3508,119,24086
2026/3/25,2:30,24112,1079,10302,6763,191,988,579,0,467,0,0,34,0,0,0,3591,117,24111
2026/3/25,3:00,24224,1083,10379,6765,191,984,573,0,469,0,0,30,0,0,0,3626,125,24225
2026/3/25,3:30,24311,1087,10558,6765,191,1007,571,0,470,0,0,33,0,0,0,3510,119,24311
2026/3/25,4:00,24584,1091,10705,6787,192,947,636,0,470,0,0,33,0,0,0,3572,151,24584
2026/3/25,4:30,24809,1096,11100,6865,192,972,642,0,470,0,0,33,0,0,0,3307,132,24809
2026/3/25,5:00,25397,1100,11637,6864,192,981,668,0,472,0,0,39,0,0,0,3294,149,25396
2026/3/25,5:30,26075,1104,12491,6864,193,898,678,0,472,11,0,44,0,0,0,3199,121,26075
2026/3/25,6:00,27095,1108,13242,6864,194,776,690,0,473,142,0,36,0,0,0,3461,108,27094
2026/3/25,6:30,28050,1113,13989,6792,194,775,695,0,473,401,0,33,0,0,0,3492,93,28050
2026/3/25,7:00,29297,1117,14253,6764,193,881,689,0,472,834,0,33,0,0,0,3965,96,29297
2026/3/25,7:30,30217,1121,14679,6765,194,944,668,0,468,1394,0,31,0,0,0,3851,101,30216
2026/3/25,8:00,31930,1126,15390,6766,194,903,608,0,463,2103,0,37,0,0,0,4211,129,31930
2026/3/25,8:30,32980,1130,15470,6765,195,900,595,0,462,2713,0,54,0,0,2,4567,127,32980
2026/3/25,9:00,33791,1135,15591,6768,196,959,577,0,459,3507,0,48,0,0,3,4422,126,33791
2026/3/25,9:30,34041,1139,15545,6745,198,983,563,0,459,3767,0,58,0,-3,0,4463,125,34042
2026/3/25,10:00,34068,1143,15821,6667,198,989,535,0,459,3881,0,76,0,-285,1,4460,123,34068
2026/3/25,10:30,34289,1147,16139,6671,197,1002,535,0,459,3953,0,77,0,-117,1,4091,134,34289
2026/3/25,11:00,34825,1152,17173,6666,197,1048,537,0,462,3694,0,74,0,-110,2,3807,123,34825
2026/3/25,11:30,35116,1156,18241,6573,196,1080,539,0,462,3113,0,92,0,-194,2,3733,122,35115
2026/3/25,12:00,34244,1160,18339,6429,196,1088,544,0,461,2309,0,96,0,-196,2,3693,123,34244
2026/3/25,12:30,34004,1165,17603,6406,196,1092,545,0,460,1877,0,103,0,-135,2,4567,123,34004
2026/3/25,13:00,34914,1169,18518,6431,195,1054,572,0,459,1568,0,103,0,-13,2,4734,121,34913
2026/3/25,13:30,34931,1173,18591,6531,198,1055,584,0,460,1371,0,90,0,0,2,4754,122,34931
2026/3/25,14:00,34777,1177,19112,6660,199,1058,611,0,460,1353,0,78,0,108,2,3836,122,34776
2026/3/25,14:30,34850,1182,19226,6703,199,1086,612,0,461,1337,0,78,0,405,2,3438,122,34851
2026/3/25,15:00,34765,1186,18950,6703,200,1067,722,0,462,1097,0,91,0,346,0,3819,122,34765
2026/3/25,15:30,35057,1190,19675,6698,195,1110,752,0,462,769,0,84,0,437,9,3553,123,35057
2026/3/25,16:00,35249,1194,19269,6594,194,1134,869,0,465,471,0,84,0,269,0,4583,123,35249
2026/3/25,16:30,35595,1199,19860,6505,193,1151,884,0,466,240,0,86,0,638,6,4244,124,35596
2026/3/25,17:00,35729,1203,19722,6502,193,1169,1019,0,471,73,0,96,0,933,21,4199,127,35728
2026/3/25,17:30,35983,1208,20383,6504,194,1156,1043,0,469,11,0,66,0,1394,13,3415,126,35982
2026/3/25,18:00,36133,1212,20169,6503,194,1176,1045,0,475,0,0,112,0,1206,26,3887,130,36135
2026/3/25,18:30,36045,1216,19755,6504,195,1150,1048,0,475,0,0,122,0,1016,22,4407,134,36044
2026/3/25,19:00,35539,1221,19429,6539,196,1162,1065,0,476,0,0,141,0,855,22,4305,129,35540
2026/3/25,19:30,34972,1225,18907,6613,196,1128,1069,0,477,0,0,128,0,606,22,4474,128,34973
2026/3/25,20:00,34341,1229,18479,6688,197,1122,1064,0,477,0,0,112,0,204,13,4630,127,34342
2026/3/25,20:30,33654,1233,17847,6744,197,1120,1056,0,477,0,0,92,0,0,15,4745,128,33654
2026/3/25,21:00,32813,1238,17084,6762,196,1109,978,0,478,0,0,81,0,0,4,4759,124,32813
2026/3/25,21:30,31744,1240,16103,6760,195,1071,945,0,477,0,0,79,0,0,2,4749,123,31744
2026/3/25,22:00,30818,1240,15356,6761,195,1073,906,0,479,0,0,80,0,0,2,4640,87,30819
2026/3/25,22:30,29684,1240,14183,6761,194,1084,892,0,475,0,0,83,0,0,2,4676,94,29684
2026/3/25,23:00,28753,1241,13514,6759,193,1093,715,0,475,0,0,86,0,0,2,4592,84,28754
2026/3/25,23:30,27529,1243,12288,6762,194,1044,703,0,476,0,0,81,0,0,3,4653,84,27531
2026/3/26,0:00,26507,1243,11964,6759,194,1027,610,0,492,0,0,99,0,-137,2,4174,79,26506
2026/3/26,0:30,25499,1243,10900,6755,194,1079,619,0,496,0,0,96,0,-342,2,4349,107,25498
2026/3/26,1:00,24976,1243,11412,6761,194,1066,629,0,492,0,0,94,0,-522,2,3486,120,24977
2026/3/26,1:30,24665,1243,10903,6759,194,1053,635,0,493,0,0,93,0,-746,2,3908,127,24664
2026/3/26,2:00,24559,1243,10653,6760,194,1053,638,0,497,0,0,94,0,-744,2,4052,117,24559
2026/3/26,2:30,24640,1243,10939,6758,195,1066,632,0,493,0,0,101,0,-676,2,3770,116,24639
2026/3/26,3:00,24739,1243,10780,6759,195,1061,637,0,495,0,0,109,0,-341,2,3674,125,24739
2026/3/26,3:30,24804,1243,10642,6760,195,1082,640,0,495,0,0,118,0,-341,3,3849,118,24804
2026/3/26,4:00,25018,1243,11187,6759,195,1071,649,0,497,0,0,123,0,-342,2,3512,122,25018
2026/3/26,4:30,25311,1243,11461,6760,197,1096,644,0,496,0,0,119,0,-341,2,3532,103,25312
2026/3/26,5:00,25897,1243,12170,6758,195,1086,724,0,498,0,0,130,0,-340,1,3310,122,25897
2026/3/26,5:30,26456,1243,12473,6757,196,1100,757,0,498,14,0,125,0,-233,1,3382,144,26457
2026/3/26,6:00,27685,1243,13538,6760,195,1101,811,0,500,132,0,118,0,0,0,3174,112,27684
2026/3/26,6:30,28991,1243,14514,6758,195,1119,825,0,499,218,0,114,0,216,0,3199,93,28993
2026/3/26,7:00,30502,1243,15359,6757,196,1138,812,0,498,428,0,112,0,210,0,3652,97,30502
2026/3/26,7:30,31890,1243,16725,6758,195,1150,716,0,495,807,0,107,0,72,0,3521,101,31890
2026/3/26,8:00,33667,1243,17246,6758,195,1125,744,0,492,1329,0,111,0,0,0,4293,130,33666
2026/3/26,8:30,35376,1243,18544,6756,195,1096,736,0,493,1966,0,113,0,51,6,4044,132,35375
2026/3/26,9:00,36376,1243,19120,6761,195,1117,731,0,487,2326,0,115,0,179,8,3968,126,36376
2026/3/26,9:30,36403,1243,18390,6758,197,1168,709,0,488,2632,0,112,0,21,6,4541,138,36403
2026/3/26,10:00,36250,1243,17741,6761,198,1177,731,0,487,3088,0,108,0,0,0,4592,123,36249
2026/3/26,10:30,35761,1243,16961,6759,199,1194,695,0,488,3475,0,102,0,0,0,4510,135,35761
2026/3/26,11:00,35405,1243,16103,6762,199,1192,662,0,490,4101,0,101,0,0,0,4429,123,35405
2026/3/26,11:30,34969,1243,14963,6757,198,1178,656,0,490,4562,0,101,0,0,1,4697,122,34968
2026/3/26,12:00,33990,1243,13637,6755,199,1173,669,0,489,4865,0,100,0,0,0,4736,123,33989
2026/3/26,12:30,33567,1243,13609,6758,196,1167,678,0,490,4764,0,95,0,0,0,4443,123,33566
2026/3/26,13:00,34024,1243,14704,6757,197,1158,665,0,487,4395,0,89,0,-4,0,4212,121,34024
2026/3/26,13:30,33763,1243,14785,6758,196,1147,660,0,489,4285,0,83,0,0,0,3995,121,33762
2026/3/26,14:00,33670,1243,14836,6757,196,1162,664,0,490,4076,0,80,0,-3,0,4048,121,33670
2026/3/26,14:30,33762,1243,15573,6755,195,1179,663,0,491,3467,0,84,0,0,0,3989,121,33760
2026/3/26,15:00,33747,1112,15880,6756,195,1195,700,0,493,2945,0,87,0,358,0,3886,141,33748
2026/3/26,15:30,34031,1020,16591,6753,196,1189,704,0,490,2259,0,72,0,695,2,3923,136,34030
2026/3/26,16:00,34468,1061,17486,6758,197,1180,889,0,494,1574,0,69,0,653,4,3960,144,34469
2026/3/26,16:30,34671,1061,18438,6757,196,1187,908,0,495,798,0,73,0,913,5,3704,135,34670
2026/3/26,17:00,34656,1061,18409,6791,196,1184,1078,0,501,301,0,78,0,1212,6,3700,138,34655
2026/3/26,17:30,34999,1061,18806,6788,198,1171,1102,0,498,44,0,72,0,1642,14,3475,129,35000
2026/3/26,18:00,35363,1061,19000,6830,197,1176,1154,0,503,0,0,80,0,1714,16,3505,129,35365
2026/3/26,18:30,35231,1061,18791,6886,197,1189,1143,0,503,0,0,81,0,1641,16,3591,131,35230
2026/3/26,19:00,34772,1062,18698,6882,197,1179,1153,0,504,0,0,80,0,973,12,3903,130,34773
2026/3/26,19:30,34247,1067,18517,6924,199,1165,1145,0,505,0,0,77,0,255,9,4255,129,34247
2026/3/26,20:00,33598,1072,18064,7052,198,1208,1044,0,506,0,0,75,0,106,8,4136,127,33596
2026/3/26,20:30,33053,1078,17472,7070,199,1216,1018,0,508,0,0,68,0,381,7,3907,128,33052
2026/3/26,21:00,32202,1083,16746,7069,198,1212,996,0,509,0,0,66,0,168,2,4027,126,32202
2026/3/26,21:30,31200,1089,15777,7060,198,1210,981,0,506,0,0,64,0,180,1,4010,125,31201
2026/3/26,22:00,30343,1094,14629,7063,198,1214,898,0,508,0,0,64,0,132,0,4455,88,30343
2026/3/26,22:30,29313,1099,13594,7013,198,1196,872,0,507,0,0,59,0,33,0,4638,104,29313
2026/3/26,23:00,28401,1105,13044,6929,198,1174,733,0,503,0,0,49,0,0,1,4575,90,28401
2026/3/26,23:30,27260,1110,12053,6882,198,1154,705,0,504,0,0,45,0,0,1,4524,84,27260
2026/3/27,0:00,26145,1115,11902,6791,198,1162,635,0,500,0,0,47,0,0,0,3715,79,26144
2026/3/27,0:30,25046,1120,10920,6791,197,1198,648,0,504,0,0,51,0,0,0,3506,111,25046
2026/3/27,1:00,24604,1126,11322,6790,198,1182,652,0,500,0,0,44,0,0,0,2675,114,24603
2026/3/27,1:30,24340,1132,11220,6789,198,1189,652,0,500,0,0,45,0,0,0,2495,122,24342
2026/3/27,2:00,24231,1137,11106,6789,198,1158,641,0,500,0,0,44,0,0,0,2528,130,24231
2026/3/27,2:30,24341,1142,11086,6790,198,1143,594,0,501,0,0,47,0,0,0,2711,129,24341
2026/3/27,3:00,24455,1148,11182,6792,198,1174,597,0,502,0,0,51,0,0,0,2685,128,24457
2026/3/27,3:30,24596,1153,11591,6773,197,1186,597,0,502,0,0,51,0,0,0,2424,121,24595
2026/3/27,4:00,24887,1158,11454,6650,198,1225,719,0,503,0,0,52,0,0,0,2791,137,24887
2026/3/27,4:30,25125,1164,11704,6603,198,1232,714,0,502,0,0,53,0,0,0,2835,120,25125
2026/3/27,5:00,25826,1169,12398,6521,197,1255,701,0,501,0,0,54,0,0,0,2887,142,25825
2026/3/27,5:30,26249,1175,12487,6520,197,1287,713,0,503,17,0,56,0,0,0,3178,115,26248
2026/3/27,6:00,26814,1180,13235,6522,196,1249,700,0,505,418,0,55,0,-56,3,2698,109,26814
2026/3/27,6:30,27364,1185,13053,6474,197,1259,697,0,504,1636,0,55,0,-195,0,2363,137,27365
2026/3/27,7:00,28126,1191,12378,6280,196,1270,684,0,503,3392,0,54,0,-197,0,2237,139,28127
2026/3/27,7:30,28721,1196,10846,5600,196,1246,681,0,500,5442,0,50,0,-200,0,3045,118,28720
2026/3/27,8:00,30120,1201,10577,5006,197,1267,694,0,498,7664,0,57,0,-332,0,3162,130,30121
2026/3/27,8:30,31517,1207,10654,4481,197,1233,678,0,497,9697,0,55,0,-661,0,3338,141,31517
2026/3/27,9:00,32456,1213,10540,4226,198,1213,687,0,494,11164,0,54,0,-1005,0,3535,137,32456
2026/3/27,9:30,33363,1218,10578,3987,198,1202,670,0,493,11985,0,52,0,-1358,0,4184,154,33363
2026/3/27,10:00,33567,1223,10718,3893,197,1195,634,0,491,11953,0,53,0,-1243,0,4300,152,33566
2026/3/27,10:30,33346,1229,10563,3784,198,1205,637,0,491,11367,0,54,0,-1074,0,4724,169,33347
2026/3/27,11:00,32656,1234,10231,3728,198,1207,574,0,492,10742,0,55,0,-660,2,4678,174,32655
2026/3/27,11:30,31934,1239,10576,3662,198,1175,577,0,493,10478,0,52,0,-1359,0,4720,123,31934
2026/3/27,12:00,30607,1244,10288,3662,196,1179,595,0,490,10678,0,51,0,-2657,2,4756,123,30607
2026/3/27,12:30,30329,1250,10315,3662,197,1192,597,0,490,11115,0,51,0,-3424,2,4759,123,30329
2026/3/27,13:00,31049,1254,11166,3660,196,1194,591,0,486,11068,0,50,0,-3273,1,4535,122,31050
2026/3/27,13:30,30955,1257,11071,3661,196,1182,589,0,487,10512,0,48,0,-2919,2,4746,123,30955
2026/3/27,14:00,30516,1259,11260,3661,197,1175,583,0,487,9732,0,47,0,-2678,1,4670,122,30516
2026/3/27,14:30,30354,1261,11734,3659,196,1215,567,0,487,8675,0,45,0,-2307,5,4692,122,30351
2026/3/27,15:00,30334,1264,12247,3662,197,1219,606,0,488,7356,0,44,0,-1573,1,4701,123,30335
2026/3/27,15:30,30546,1269,13304,3688,199,1268,609,0,489,5528,0,43,0,-273,1,4298,124,30547
2026/3/27,16:00,30847,1275,14660,4000,201,1322,788,0,488,3689,0,40,0,0,0,4260,124,30847
2026/3/27,16:30,31040,1279,16293,4306,200,1399,802,0,489,1949,0,34,0,302,1,3862,125,31041
2026/3/27,17:00,31201,1284,15927,4931,197,1469,1066,0,492,732,0,31,0,1055,12,3880,126,31202
2026/3/27,17:30,31690,1289,15803,5476,194,1438,1117,0,492,103,0,31,0,1665,35,3904,144,31691
2026/3/27,18:00,32199,1294,15700,5792,194,1451,1122,0,498,0,0,34,0,2326,24,3619,146,32200
2026/3/27,18:30,32255,1299,14833,6189,194,1477,1135,0,499,0,0,32,0,2610,39,3798,149,32254
2026/3/27,19:00,31890,1304,14234,6499,194,1485,1139,0,500,0,0,29,0,2596,35,3740,135,31890
2026/3/27,19:30,31513,1309,13747,6754,194,1470,1070,0,500,0,0,26,0,2267,28,4003,145,31513
2026/3/27,20:00,31081,1315,13407,6792,194,1457,1078,0,501,0,0,24,0,2145,30,3985,152,31080
2026/3/27,20:30,30703,1318,12729,6793,195,1456,1038,0,502,0,0,23,0,2029,9,4459,150,30701
2026/3/27,21:00,30003,1319,12255,6791,199,1451,965,0,503,0,0,26,0,1998,15,4333,148,30003
2026/3/27,21:30,29225,1319,11386,6792,199,1451,935,0,502,0,0,28,0,2036,3,4449,124,29224
2026/3/27,22:00,28705,1318,10871,6791,200,1457,912,0,503,0,0,32,0,2079,1,4439,101,28704
2026/3/27,22:30,27909,1319,10236,6793,199,1469,902,0,502,0,0,32,0,1851,4,4489,114,27910
2026/3/27,23:00,27200,1319,10014,6796,199,1432,802,0,499,0,0,28,0,1617,1,4410,84,27201
2026/3/27,23:30,26268,1319,9519,6796,199,1458,792,0,502,0,0,35,0,1363,5,4197,83,26268
2026/3/28,0:00,25298,1319,9019,6791,198,1437,754,0,449,0,0,23,0,951,4,4274,78,25297
2026/3/28,0:30,24316,1319,7873,6793,198,1435,771,0,452,0,0,33,0,988,0,4344,109,24315
2026/3/28,1:00,23914,1319,7435,6815,199,1439,757,0,450,0,0,22,0,996,2,4353,128,23915
2026/3/28,1:30,23599,1319,7092,6894,198,1440,764,0,453,0,0,38,0,860,2,4402,137,23599
2026/3/28,2:00,23550,1319,6975,6893,199,1476,782,0,452,0,0,35,0,856,0,4433,130,23550
2026/3/28,2:30,23528,1319,7021,6892,199,1475,772,0,450,0,0,31,0,857,0,4382,129,23527
2026/3/28,3:00,23697,1319,7451,6896,198,1464,642,0,453,0,0,28,0,868,0,4248,129,23696
2026/3/28,3:30,23729,1319,7437,6890,198,1445,638,0,452,0,0,32,0,948,2,4243,125,23729
2026/3/28,4:00,23810,1319,6996,6892,201,1426,635,0,456,0,0,42,0,1407,0,4265,171,23810
2026/3/28,4:30,23851,1319,7177,6887,200,1387,616,0,452,0,0,39,0,1321,0,4299,153,23850
2026/3/28,5:00,23963,1319,7934,6583,200,1326,623,0,451,0,0,38,0,1233,1,4093,162,23963
2026/3/28,5:30,23981,1319,8441,6192,200,1312,655,0,454,21,0,43,0,1132,1,4067,143,23980
2026/3/28,6:00,24091,1319,8752,5973,199,1325,658,0,455,328,0,37,0,987,4,3941,114,24092
2026/3/28,6:30,24046,1319,8343,5353,200,1386,655,0,454,1150,0,35,0,908,1,4079,163,24046
2026/3/28,7:00,24152,1319,8300,4359,198,1395,642,0,451,2501,0,33,0,870,2,3898,184,24152
2026/3/28,7:30,24659,1319,8387,3375,200,1175,648,0,448,4410,0,24,0,466,1,4018,189,24660
2026/3/28,8:00,25368,1319,8779,2573,200,1123,773,0,406,6331,202,27,1,250,0,3382,205,25368
2026/3/28,8:30,26416,1319,8362,2484,198,1087,783,0,405,8127,262,27,1,0,0,3407,217,26416
2026/3/28,9:00,27196,1319,7860,2452,198,1076,766,0,405,9306,315,24,0,-189,0,3798,180,27195
2026/3/28,9:30,27647,1319,7844,2434,199,1078,752,0,404,9993,364,18,0,-490,0,3910,187,27648
2026/3/28,10:00,27194,1319,7100,2435,198,1066,739,0,402,10552,394,18,0,-1447,1,4643,168,27194
2026/3/28,10:30,26964,1318,7105,2438,198,1023,734,0,400,11730,435,18,1,-2787,0,4621,165,26963
2026/3/28,11:00,27080,1319,7126,2434,198,1041,714,0,401,12967,449,21,1,-3592,1,4329,123,27082
2026/3/28,11:30,27001,1318,7251,2435,198,1038,708,0,402,13751,443,22,3,-4510,1,4265,122,27001
2026/3/28,12:00,26724,1318,7079,2440,199,993,618,0,399,14221,447,21,5,-4683,1,3996,123,26725
2026/3/28,12:30,26299,1318,6903,2439,199,991,615,0,399,14329,449,25,4,-4999,1,3958,122,26300
2026/3/28,13:00,26183,1318,7248,2436,197,1004,603,0,398,13974,427,30,2,-5046,1,3898,122,26183
2026/3/28,13:30,25855,1318,7600,2441,199,1049,595,0,400,13167,392,31,5,-4892,2,3823,122,25855
2026/3/28,14:00,25639,1318,8044,2525,198,1068,635,0,400,11920,353,35,2,-4053,2,3427,121,25640
2026/3/28,14:30,25445,1318,8286,2712,198,1112,620,0,402,10228,304,41,1,-2502,1,2907,121,25444
2026/3/28,15:00,25433,1319,8287,2963,199,1115,590,0,403,8283,248,46,4,-1132,1,3239,121,25434
2026/3/28,15:30,25683,1319,8739,3514,199,1105,593,0,406,6171,184,36,3,-139,1,3617,123,25684
2026/3/28,16:00,25889,1319,8593,4214,199,1207,772,0,449,4115,0,39,0,525,1,4285,171,25889
2026/3/28,16:30,26050,1319,10667,4900,198,1302,798,0,451,2207,0,36,0,1656,0,2349,169,26052
2026/3/28,17:00,26500,1318,9583,5866,198,1362,838,0,452,874,0,30,0,2049,5,3756,168,26499
2026/3/28,17:30,27256,1318,9736,6361,198,1369,878,0,453,137,0,27,0,2297,26,4280,175,27255
2026/3/28,18:00,28128,1318,10320,6266,198,1375,907,0,457,0,0,42,0,2819,33,4178,215,28128
2026/3/28,18:30,28403,1318,10659,6416,197,1346,913,0,459,0,0,50,0,2715,37,4078,214,28402
2026/3/28,19:00,28307,1318,10485,6768,197,1347,903,0,461,0,0,57,0,2703,36,3859,174,28308
2026/3/28,19:30,28004,1318,10160,6788,198,1359,903,0,461,0,0,62,0,2564,32,3968,190,28003
2026/3/28,20:00,27731,1318,10339,6790,197,1323,846,0,461,0,0,69,0,2137,28,4098,125,27731
2026/3/28,20:30,27365,1319,9862,6788,198,1327,837,0,463,0,0,79,0,2082,16,4268,128,27367
2026/3/28,21:00,26798,1319,9239,6789,197,1367,771,0,463,0,0,89,0,2056,5,4380,123,26798
2026/3/28,21:30,26130,1319,8711,6788,198,1343,742,0,462,0,0,81,0,1829,2,4529,127,26131
2026/3/28,22:00,25648,1319,9171,6789,198,1341,699,0,463,0,0,78,0,1367,13,4066,143,25647
2026/3/28,22:30,24886,1319,9077,6791,197,1400,665,0,463,0,0,65,0,734,0,4030,146,24887
2026/3/28,23:00,24455,1319,9189,6720,196,1371,660,0,460,0,0,68,0,581,0,3780,111,24455
2026/3/28,23:30,23673,1319,8420,6639,197,1359,645,0,459,0,0,71,0,563,2,3913,85,23672
2026/3/29,0:00,22928,1319,7597,6532,197,1412,726,0,454,0,0,80,0,291,1,4228,90,22927
2026/3/29,0:30,22174,1319,7113,6163,196,1373,741,0,456,0,0,85,0,463,0,4140,125,22174
2026/3/29,1:00,21765,1319,6941,6023,197,1379,718,0,455,0,0,84,0,451,0,4078,120,21765
2026/3/29,1:30,21608,1319,7119,6022,197,1358,712,0,454,0,0,76,0,523,0,3702,125,21607
2026/3/29,2:00,21650,1319,7275,6022,196,1375,741,0,457,0,0,77,0,578,0,3478,131,21649
2026/3/29,2:30,21800,1319,7267,6021,197,1397,780,0,455,0,0,61,0,581,0,3589,132,21799
2026/3/29,3:00,21958,1319,7500,6138,198,1394,641,0,457,0,0,48,0,578,0,3553,132,21958
2026/3/29,3:30,22047,1319,7722,6262,197,1384,638,0,456,0,0,52,0,542,0,3350,125,22047
2026/3/29,4:00,22219,1319,7811,6140,197,1384,644,0,461,0,0,62,0,585,0,3465,150,22218
2026/3/29,4:30,22290,1319,7857,6058,197,1376,644,0,456,0,0,63,0,608,2,3581,130,22291
2026/3/29,5:00,22472,1319,8027,5894,198,1354,659,0,456,0,0,64,0,652,2,3682,164,22471
2026/3/29,5:30,22277,1319,8135,5538,198,1387,668,0,458,26,0,64,0,790,2,3541,150,22276
2026/3/29,6:00,22028,1319,8488,4753,197,1419,683,0,459,549,0,55,0,757,3,3212,133,22027
2026/3/29,6:30,21967,1319,8091,4374,197,1383,683,0,459,1892,0,49,0,648,1,2697,173,21966
2026/3/29,7:00,22231,1319,8151,3844,197,1305,661,0,458,3786,0,45,0,364,0,1904,197,22231
2026/3/29,7:30,22793,1319,7550,3066,198,1184,668,0,455,6112,0,34,0,-93,0,2109,189,22791
2026/3/29,8:00,23114,1319,7060,2614,198,1111,787,0,403,8042,427,37,0,-856,0,2180,220,23115
2026/3/29,8:30,23479,1319,6389,2504,197,1118,781,0,402,10027,531,33,0,-2093,1,2563,238,23479
2026/3/29,9:00,24060,1318,6416,2439,198,1099,733,0,400,11694,637,31,0,-3597,1,3108,220,24060
2026/3/29,9:30,24309,1318,6494,2437,197,1084,727,0,396,12627,1137,28,1,-4296,1,3077,218,24308
2026/3/29,10:00,24458,1318,6528,2438,198,1052,718,0,395,13256,1579,28,3,-5690,1,4019,196,24457
2026/3/29,10:30,24340,1318,7102,2441,198,1014,707,0,395,12831,2772,29,8,-5914,1,4025,193,24340
2026/3/29,11:00,24612,1318,7397,2437,197,1019,608,0,395,13249,2795,35,8,-6032,1,3840,148,24612
2026/3/29,11:30,24621,1318,7745,2441,198,1001,603,0,395,12877,3269,26,21,-6066,1,3938,145,24622
2026/3/29,12:00,24754,1318,7763,2440,197,1033,602,0,392,12810,3073,43,11,-5889,1,3925,119,24754
2026/3/29,12:30,24421,1318,7713,2440,197,1021,603,0,392,12397,2904,51,5,-5776,2,3943,119,24420
2026/3/29,13:00,24229,1318,7739,2438,198,1049,601,0,392,11861,2652,58,4,-5680,2,4135,119,24230
2026/3/29,13:30,24000,1318,7592,2440,197,1107,609,0,394,11348,1958,62,1,-5208,1,4020,119,23999
2026/3/29,14:00,23634,1318,7954,2446,196,1084,666,0,396,10065,1743,62,5,-4388,0,3717,117,23633
2026/3/29,14:30,23844,1318,7546,2701,196,1082,660,0,398,9716,470,64,0,-3487,1,3531,116,23842
2026/3/29,15:00,23841,1319,8309,2953,197,1071,637,0,399,8008,368,60,0,-2300,0,3072,118,23843
2026/3/29,15:30,24193,1319,8806,3462,197,1086,729,0,400,5985,271,61,0,-1061,0,3090,119,24193
2026/3/29,16:00,24665,1319,8187,4455,198,1225,794,0,451,3990,0,60,0,446,0,3377,163,24665
2026/3/29,16:30,25097,1319,8378,5096,199,1366,806,0,451,2101,0,58,0,697,0,4463,163,25097
2026/3/29,17:00,25594,1319,9367,5986,198,1382,866,0,453,789,0,57,0,685,2,4312,178,25594
2026/3/29,17:30,26388,1319,10236,6611,198,1425,896,0,453,117,0,53,0,693,18,4190,180,26389
2026/3/29,18:00,27290,1319,10876,6638,198,1435,903,0,456,0,0,56,0,710,28,4473,199,27291
2026/3/29,18:30,27498,1319,11162,6644,198,1393,904,0,458,0,0,57,0,836,39,4292,198,27500
2026/3/29,19:00,27520,1319,11293,6638,197,1399,917,0,459,0,0,58,0,824,36,4194,185,27519
2026/3/29,19:30,27269,1319,11259,6640,197,1381,913,0,460,0,0,56,0,823,39,3994,188,27269
2026/3/29,20:00,27060,1319,11109,6641,197,1402,840,0,459,0,0,58,0,808,27,4078,122,27060
2026/3/29,20:30,26709,1319,10490,6640,197,1414,835,0,461,0,0,56,0,652,29,4495,121,26709
2026/3/29,21:00,26113,1319,10335,6642,197,1426,790,0,461,0,0,55,0,214,19,4534,122,26114
2026/3/29,21:30,25406,1319,9768,6641,196,1434,780,0,461,0,0,51,0,88,7,4534,127,25406
2026/3/29,22:00,24764,1319,9075,6640,197,1422,707,0,462,0,0,48,0,205,5,4570,113,24763
2026/3/29,22:30,24111,1319,8230,6642,197,1440,674,0,461,0,0,48,0,487,2,4493,119,24112
2026/3/29,23:00,23621,1319,8409,6710,195,1451,669,0,462,0,0,45,0,510,2,3746,102,23620
2026/3/29,23:30,22794,1319,7985,6646,196,1442,656,0,458,0,0,35,0,315,4,3628,109,22793
2026/3/30,0:00,22122,1319,7629,5891,197,1468,725,0,453,0,0,37,0,-211,0,4494,120,22122
2026/3/30,0:30,21355,1319,7727,5575,196,1454,741,0,455,0,0,41,0,-312,2,4006,151,21355
2026/3/30,1:00,20975,1319,7473,5493,197,1401,759,0,453,0,0,35,0,-576,1,4291,130,20976
2026/3/30,1:30,20883,1318,7618,5489,197,1377,765,0,452,0,0,34,0,-574,0,4071,135,20882
2026/3/30,2:00,20943,1318,7531,5490,197,1418,795,0,453,0,0,31,0,-373,1,3921,162,20944
2026/3/30,2:30,21174,1319,7675,5489,197,1408,791,0,453,0,0,31,0,-169,0,3819,162,21175
2026/3/30,3:00,21375,1319,7851,5493,197,1423,741,0,455,0,0,37,0,-51,1,3747,162,21375
2026/3/30,3:30,21504,1319,8160,5492,198,1410,731,0,454,0,0,43,0,-46,0,3586,157,21504
2026/3/30,4:00,21808,1319,8297,5489,199,1421,653,0,455,0,0,41,0,-46,1,3762,217,21808
2026/3/30,4:30,22057,1319,8450,5489,198,1410,645,0,454,0,0,40,0,-32,0,3882,200,22055
2026/3/30,5:00,22645,1319,8752,5516,198,1395,658,0,452,0,0,41,0,206,0,3870,239,22646
2026/3/30,5:30,23074,1319,8789,5658,198,1398,677,0,455,32,0,42,0,319,2,3971,214,23074
2026/3/30,6:00,23840,1319,8559,5919,198,1426,949,0,459,302,0,41,0,438,2,4042,187,23841
2026/3/30,6:30,24751,1319,8996,6000,198,1444,974,0,458,811,0,37,0,478,0,3854,183,24752
2026/3/30,7:00,26015,1320,9292,6140,197,1427,940,0,458,1377,0,35,0,724,2,3907,196,26015
2026/3/30,7:30,27182,1320,9558,6532,198,1375,936,0,454,2146,0,26,0,419,7,4040,171,27182
2026/3/30,8:00,28805,1320,9613,6664,198,1354,1047,0,451,3125,0,26,0,172,2,4661,171,28804
2026/3/30,8:30,29931,1320,9965,6531,198,1357,1049,0,450,4187,0,25,0,35,10,4623,182,29932
2026/3/30,9:00,30398,1320,10129,5700,172,1402,860,0,446,5531,0,25,0,-10,0,4642,182,30399
2026/3/30,9:30,30541,1319,9589,5471,160,1451,854,0,446,6846,0,24,0,-423,1,4604,200,30542
2026/3/30,10:00,30684,1319,9117,5382,148,1431,731,0,444,8314,0,24,0,-1101,1,4697,179,30686
2026/3/30,10:30,30693,1319,8749,5315,136,1440,729,0,445,9470,0,26,0,-1789,1,4661,192,30694
2026/3/30,11:00,30717,1319,8554,5225,127,1430,716,0,447,10402,0,28,0,-2199,1,4520,147,30717
2026/3/30,11:30,30611,1319,8458,4813,113,1436,704,0,447,10839,0,28,0,-2351,1,4657,148,30612
2026/3/30,12:00,30149,1319,8707,4596,112,1484,639,0,445,10791,0,32,0,-2787,0,4689,123,30150
2026/3/30,12:30,29714,1319,8879,4666,111,1507,644,0,445,10037,0,35,0,-2731,0,4679,123,29714
2026/3/30,13:00,30156,1319,9359,4942,110,1497,648,0,442,9178,0,41,0,-2024,1,4520,122,30155
2026/3/30,13:30,29961,1319,8943,5395,111,1513,647,0,443,8451,0,44,0,-1633,1,4603,122,29959
2026/3/30,14:00,29418,1319,8630,5722,104,1520,703,0,443,7672,0,55,0,-1559,0,4689,121,29419
2026/3/30,14:30,29438,1319,8482,5708,105,1530,711,0,444,7120,0,55,0,-804,2,4644,121,29437
2026/3/30,15:00,29618,1318,8762,5774,104,1509,708,0,446,6198,0,61,0,-10,0,4626,122,29618
2026/3/30,15:30,30282,1318,10375,6320,108,1471,705,0,446,4675,0,67,0,83,2,4590,123,30283
2026/3/30,16:00,29743,1318,11072,7021,113,1418,864,0,445,2828,0,72,0,89,10,4348,145,29743
2026/3/30,16:30,29720,1318,12388,7236,112,1404,877,0,447,1538,0,68,0,170,0,4020,142,29720
2026/3/30,17:00,29994,1319,12828,7281,113,1427,1164,0,452,612,0,70,0,632,13,3905,178,29994
2026/3/30,17:30,30414,1319,13323,7279,112,1425,1155,0,452,95,0,77,0,1035,23,3962,159,30416
2026/3/30,18:00,30835,1319,13489,7282,112,1449,1181,0,457,0,0,91,0,1013,19,4252,171,30835
2026/3/30,18:30,30842,1319,12992,7278,111,1472,1182,0,458,0,0,89,0,1065,33,4667,175,30841
2026/3/30,19:00,30470,1319,12814,7279,111,1461,1186,0,460,0,0,98,0,786,33,4744,178,30469
2026/3/30,19:30,29933,1319,12689,7277,112,1469,1198,0,460,0,0,112,0,317,29,4770,180,29932
2026/3/30,20:00,29327,1319,12503,7274,111,1433,1120,0,460,0,0,115,0,43,32,4756,159,29325
2026/3/30,20:30,28861,1319,12169,7274,111,1441,1099,0,462,0,0,115,0,43,11,4655,162,28861
2026/3/30,21:00,28167,1319,11377,7276,111,1431,1062,0,463,0,0,125,0,338,5,4518,142,28167
2026/3/30,21:30,27350,1319,10172,7279,112,1396,1050,0,462,0,0,125,0,768,3,4488,176,27350
2026/3/30,22:00,26793,1319,9277,7280,111,1416,1039,0,463,0,0,126,0,1021,2,4589,152,26795
2026/3/30,22:30,26043,1319,8347,7281,112,1373,1026,0,463,0,0,130,0,1162,5,4669,157,26044
2026/3/30,23:00,25323,1319,8591,7281,112,1333,875,0,459,0,0,118,0,471,2,4620,142,25323
2026/3/30,23:30,24417,1319,8011,7283,112,1333,836,0,463,0,0,114,0,163,2,4665,115,24416
2026/3/31,0:00,23479,1320,7461,6931,112,1367,953,0,455,0,0,110,0,10,0,4620,140,23479
2026/3/31,0:30,22592,1320,7005,6442,112,1373,957,0,458,0,0,124,0,-5,0,4634,172,22592
2026/3/31,1:00,22150,1319,7160,6201,111,1365,960,0,456,0,0,130,0,-16,0,4312,151,22149
2026/3/31,1:30,22078,1319,7241,6020,112,1380,957,0,455,0,0,131,0,-18,0,4187,293,22077
2026/3/31,2:00,22096,1319,7056,6026,113,1425,979,0,455,0,0,134,0,-24,0,4317,296,22096
2026/3/31,2:30,22169,1319,7188,6029,112,1382,1005,0,456,0,0,141,0,-26,0,4269,294,22169
2026/3/31,3:00,22367,1319,7248,6225,113,1404,969,0,458,0,0,155,0,-25,0,4210,292,22368
2026/3/31,3:30,22473,1319,7295,6421,112,1408,969,0,457,0,0,171,0,-26,0,4058,289,22473
2026/3/31,4:00,22583,1319,7535,6464,112,1381,931,0,458,0,0,188,0,-26,0,3942,278,22582
2026/3/31,4:30,22676,1319,7353,6504,112,1412,936,0,457,0,0,203,0,-25,0,4143,262,22676
2026/3/31,5:00,23015,1320,7560,6507,112,1417,977,0,456,0,0,165,0,-26,0,4245,282,23015
2026/3/31,5:30,23245,1320,7820,6581,112,1412,991,0,459,37,0,197,0,-26,0,4081,260,23244
2026/3/31,6:00,24006,1320,8344,6722,112,1381,997,0,460,141,0,231,0,-15,0,4096,217,24006
2026/3/31,6:30,24671,1320,8874,6999,112,1386,992,0,460,319,0,262,0,0,0,3765,183,24672
2026/3/31,7:00,25774,1320,10108,7350,112,1382,978,0,459,690,0,276,0,0,0,2947,152,25774
2026/3/31,7:30,26988,1319,10939,7369,112,1422,981,0,455,961,0,289,0,0,0,3016,125,26988
2026/3/31,8:00,29042,1319,12232,7364,113,1412,1118,0,454,1007,0,330,0,0,1,3563,128,29041
2026/3/31,8:30,30438,1319,12824,7364,112,1375,1107,0,453,1006,0,343,0,0,0,4409,126,30438
2026/3/31,9:00,31489,1319,13555,7388,113,1391,833,0,450,1329,0,368,0,0,5,4608,131,31490
2026/3/31,9:30,31605,1319,13922,7388,112,1405,803,0,450,1671,0,403,0,0,6,3979,146,31604
2026/3/31,10:00,31284,1320,12953,7299,113,1371,695,0,449,2079,0,446,0,0,2,4390,168,31285
2026/3/31,10:30,31211,1319,12639,7295,114,1390,688,0,450,2561,0,459,0,-172,4,4285,179,31211
2026/3/31,11:00,31277,1319,12944,7155,114,1422,689,0,452,3136,0,476,0,-834,1,4211,192,31277
2026/3/31,11:30,30709,1319,13147,6548,115,1432,690,0,452,3664,0,477,0,-1593,0,4263,194,30708
2026/3/31,12:00,30422,1319,13784,6353,113,1389,638,0,450,4551,0,476,0,-2106,0,3287,169,30423
2026/3/31,12:30,29928,1319,13753,6502,114,1395,655,0,450,4430,0,432,0,-1788,0,2486,179,29927
2026/3/31,13:00,30944,1319,13930,7051,113,1392,677,0,447,4150,0,396,0,-1784,0,3089,164,30944
2026/3/31,13:30,31627,1319,13993,7283,113,1359,687,0,448,3547,0,398,0,-1784,0,4103,161,31627
2026/3/31,14:00,31257,1315,14192,7357,115,1361,729,0,448,2619,0,401,0,-1277,2,3822,173,31257
2026/3/31,14:30,31333,1318,13580,7355,116,1385,742,0,449,2102,0,408,0,-166,1,3868,175,31333
2026/3/31,15:00,31322,1318,13364,7338,115,1459,718,0,450,1740,0,418,0,43,1,4193,165,31322
2026/3/31,15:30,31677,1318,14401,7257,115,1454,752,0,451,1257,0,395,0,43,8,4053,172,31676
2026/3/31,16:00,31788,1318,15076,7259,116,1391,999,0,450,807,0,384,0,243,10,3582,153,31788
2026/3/31,16:30,31867,1318,14833,7259,114,1399,1023,0,451,429,0,361,0,587,19,3926,147,31866
2026/3/31,17:00,31777,1318,14941,7258,114,1436,1161,0,455,170,0,351,0,768,7,3669,129,31777
2026/3/31,17:30,31920,1318,15360,7259,114,1482,1177,0,454,34,0,347,0,834,13,3401,126,31919
2026/3/31,18:00,32098,1318,15347,7257,115,1490,1205,0,459,0,0,332,0,790,13,3646,128,32100
2026/3/31,18:30,31963,1318,15228,7256,115,1500,1220,0,460,0,0,320,0,782,13,3615,135,31962
2026/3/31,19:00,31429,1318,14800,7258,115,1485,1155,0,462,0,0,321,0,937,13,3414,152,31430
2026/3/31,19:30,30831,1318,14119,7256,114,1486,1170,0,463,0,0,321,0,993,12,3422,157,30831
2026/3/31,20:00,30159,1318,13737,7261,115,1489,1207,0,463,0,0,323,0,996,13,3072,165,30159
2026/3/31,20:30,29567,1318,12792,7256,116,1491,1204,0,464,0,0,328,0,996,8,3417,178,29568
2026/3/31,21:00,28784,1318,11782,7257,115,1415,1176,0,465,0,0,368,0,951,5,3741,190,28783
2026/3/31,21:30,27951,1318,11368,7257,115,1358,1182,0,464,0,0,383,0,540,3,3765,199,27952
2026/3/31,22:00,27343,1318,10593,7255,115,1326,1171,0,465,0,0,411,0,13,2,4463,211,27343
2026/3/31,22:30,26507,1318,9558,7256,116,1403,1162,0,465,0,0,397,0,0,3,4611,219,26508
2026/3/31,23:00,25879,1318,9238,7047,115,1477,1167,0,462,0,0,379,0,0,2,4435,239,25879
2026/3/31,23:30,24952,1319,8982,6494,116,1493,1145,0,465,0,0,386,0,0,3,4339,210,24952
