単位[MW平均],,,供給力
DATE,TIME,エリア需要,原子力,火力(LNG),火力(石炭),火力(石油),火力(その他),水力,地熱,バイオマス,太陽光発電実績,太陽光出力制御量,風力発電実績,風力出力制御量,揚水,蓄電池,連系線,その他,合計
2026/7/1,0:00,26436,1301,12152,6751,114,1281,1465,0,466,0,0,39,0,0,5,2731,131,26436
2026/7/1,0:30,25400,1301,11757,6752,71,1280,1468,0,466,0,0,26,0,0,2,2101,176,25400
2026/7/1,1:00,24750,1301,10736,6752,74,1295,1479,0,466,0,0,32,0,-3,2,2407,209,24750
2026/7/1,1:30,24166,1304,10207,6751,76,1291,1492,0,467,0,0,36,0,-633,0,2961,214,24166
2026/7/1,2:00,23923,1303,10769,6747,78,1300,1424,0,467,0,0,44,0,-683,2,2257,214,23922
2026/7/1,2:30,23885,1304,10646,6754,81,1291,1445,0,467,0,0,34,0,-682,2,2330,213,23885
2026/7/1,3:00,23893,1303,10510,6753,88,1292,1443,0,469,0,0,31,0,-682,8,2462,215,23892
2026/7/1,3:30,23944,1304,11105,6753,93,1280,1438,0,468,0,0,30,0,-682,17,1925,211,23942
2026/7/1,4:00,24039,1304,11264,6753,94,1292,1433,0,468,0,0,50,0,-682,21,1798,245,24040
2026/7/1,4:30,23843,1304,11138,6751,96,1290,1432,0,467,3,0,47,0,-681,23,1752,222,23844
2026/7/1,5:00,24013,1303,10657,6750,100,1254,1451,0,467,353,0,36,0,-787,2,2158,269,24013
2026/7/1,5:30,23952,1304,10240,6750,102,1269,1453,0,470,818,0,26,0,-1864,1,3145,238,23952
2026/7/1,6:00,24442,1304,10264,6748,102,1240,1437,0,468,1482,0,21,0,-2154,0,3290,242,24444
2026/7/1,6:30,25702,1304,10904,6750,102,1270,1441,0,472,2473,0,21,0,-2196,0,2876,285,25702
2026/7/1,7:00,27349,1304,10920,6667,102,1257,1426,0,469,3480,0,22,0,-2078,1,3454,325,27349
2026/7/1,7:30,28964,1304,10992,6565,101,1245,1405,0,468,4365,0,23,0,-1936,0,4144,288,28964
2026/7/1,8:00,31133,1304,11140,6688,106,1276,1491,0,461,5449,0,21,0,-1653,2,4545,303,31133
2026/7/1,8:30,33470,1304,11445,6748,121,1277,1480,0,463,6491,0,44,0,-118,2,3885,329,33471
2026/7/1,9:00,35257,1303,11378,6748,121,1263,1460,0,459,7472,0,58,0,0,6,4657,332,35257
2026/7/1,9:30,36069,1303,11486,6742,121,1253,1432,0,459,7941,0,48,0,-7,3,4912,378,36071
2026/7/1,10:00,36447,1303,11880,6749,120,1251,1397,0,458,8049,0,25,0,-7,5,4888,328,36446
2026/7/1,10:30,36809,1304,12061,6750,120,1271,1300,0,458,8332,0,37,0,-7,4,4845,335,36810
2026/7/1,11:00,37079,1304,12274,6753,141,1302,1254,0,460,8385,0,52,0,-6,2,4839,319,37079
2026/7/1,11:30,37200,1303,12349,6754,185,1316,1245,0,460,8547,0,37,0,-101,3,4783,319,37200
2026/7/1,12:00,36572,1303,12696,6749,202,1297,1240,0,456,8387,0,16,0,-880,2,4831,275,36574
2026/7/1,12:30,36268,1303,13408,6752,202,1275,1236,0,456,7601,0,14,0,-777,3,4522,274,36269
2026/7/1,13:00,37627,1303,14674,6749,215,1272,1255,0,457,6562,0,25,0,0,4,4843,268,37627
2026/7/1,13:30,36997,1302,15881,6748,215,1278,1292,0,458,5126,0,43,0,122,5,4263,264,36997
2026/7/1,14:00,36347,1302,16821,6749,215,1287,1317,0,458,4299,0,29,0,756,5,2838,269,36345
2026/7/1,14:30,36180,1302,17062,6750,215,1259,1334,0,457,4069,0,23,0,418,4,3014,273,36180
2026/7/1,15:00,36404,1302,17379,6747,216,1260,1446,0,459,3752,0,24,0,277,3,3257,283,36405
2026/7/1,15:30,36268,1300,18249,6748,216,1260,1498,0,460,2728,0,50,0,550,6,2930,273,36268
2026/7/1,16:00,35956,1301,18553,6748,216,1277,1730,0,463,1838,0,60,0,709,6,2727,328,35956
2026/7/1,16:30,35823,1300,19358,6748,214,1263,1766,0,463,1261,0,45,0,1079,11,2000,315,35823
2026/7/1,17:00,35139,1300,19173,6747,214,1278,1775,0,466,693,0,52,0,994,15,2114,318,35139
2026/7/1,17:30,34852,1300,18484,6746,216,1296,1723,0,466,309,0,52,0,1216,25,2713,306,34852
2026/7/1,18:00,34792,1300,17859,6750,218,1258,2167,0,468,123,0,87,0,1354,23,2843,342,34792
2026/7/1,18:30,34896,1301,17427,6749,218,1341,2168,0,468,9,0,29,0,1569,22,3242,353,34896
2026/7/1,19:00,34573,1300,17291,6747,218,1327,2166,0,466,0,0,85,0,1772,19,2836,345,34572
2026/7/1,19:30,33861,1300,16964,6750,218,1284,2166,0,466,0,0,87,0,1236,17,3003,368,33859
2026/7/1,20:00,33004,1301,16443,6747,219,1276,1635,0,467,0,0,94,0,1015,16,3469,321,33003
2026/7/1,20:30,32388,1301,16501,6748,217,1280,1596,0,468,0,0,91,0,754,13,3169,250,32388
2026/7/1,21:00,31642,1301,16138,6748,217,1282,1569,0,468,0,0,36,0,608,5,2982,289,31643
2026/7/1,21:30,30746,1301,14481,6750,217,1290,1570,0,467,0,0,50,0,684,9,3620,306,30745
2026/7/1,22:00,30230,1300,13507,6749,214,1284,1863,0,469,0,0,35,0,831,8,3684,285,30229
2026/7/1,22:30,29458,1301,12819,6745,206,1307,1819,0,470,0,0,34,0,723,3,3730,301,29458
2026/7/1,23:00,28708,1301,12649,6748,205,1336,1813,0,465,0,0,46,0,557,4,3362,223,28709
2026/7/1,23:30,27727,1301,11943,6749,206,1308,1800,0,465,0,0,26,0,553,1,3182,192,27726
2026/7/2,0:00,26589,1302,11487,6749,150,1327,1458,0,461,0,0,22,0,285,6,3181,161,26589
2026/7/2,0:30,25508,1301,10943,6749,106,1313,1465,0,461,0,0,21,0,0,5,2980,164,25508
2026/7/2,1:00,24701,1302,10484,6746,106,1288,1464,0,462,0,0,19,0,0,13,2617,200,24701
2026/7/2,1:30,24228,1303,10256,6751,106,1291,1462,0,462,0,0,18,0,0,0,2370,208,24227
2026/7/2,2:00,24025,1303,9865,6745,106,1302,1387,0,461,0,0,21,0,0,0,2623,211,24024
2026/7/2,2:30,23940,1305,9689,6753,106,1320,1392,0,462,0,0,25,0,0,10,2673,206,23941
2026/7/2,3:00,23952,1305,9683,6746,106,1311,1399,0,464,0,0,26,0,0,4,2695,212,23951
2026/7/2,3:30,23977,1303,9981,6748,106,1290,1400,0,463,0,0,37,0,0,4,2436,209,23977
2026/7/2,4:00,23989,1303,9890,6751,106,1286,1410,0,463,0,0,47,0,0,2,2490,240,23988
2026/7/2,4:30,24083,1304,9969,6750,107,1302,1422,0,462,3,0,48,0,0,2,2494,220,24083
2026/7/2,5:00,24466,1304,10150,6750,107,1299,1422,0,461,88,0,51,0,-8,0,2549,291,24464
2026/7/2,5:30,24697,1304,10242,6751,108,1300,1436,0,466,150,0,65,0,-602,0,3215,261,24696
2026/7/2,6:00,25498,1303,10911,6750,108,1307,1459,0,462,231,0,71,0,-695,0,3370,222,25499
2026/7/2,6:30,26465,1303,11615,6750,113,1306,1483,0,467,291,0,88,0,-459,0,3242,266,26465
2026/7/2,7:00,28061,1304,12920,6748,141,1283,1476,0,461,337,0,107,0,0,0,2987,297,28061
2026/7/2,7:30,29360,1304,13608,6752,183,1309,1481,0,460,414,0,105,0,0,0,3485,259,29360
2026/7/2,8:00,31204,1304,15132,6753,217,1311,1573,0,455,511,0,122,0,0,0,3546,282,31206
2026/7/2,8:30,32944,1304,16714,6751,217,1312,1578,0,458,638,0,110,0,136,0,3435,292,32945
2026/7/2,9:00,34171,1304,17195,6748,216,1317,1537,0,456,748,0,124,0,522,10,3694,299,34170
2026/7/2,9:30,34643,1303,17393,6749,216,1313,1510,0,456,899,0,180,0,605,15,3695,309,34643
2026/7/2,10:00,34546,1305,17130,6750,215,1293,1429,0,454,1102,0,229,0,444,15,3884,297,34547
2026/7/2,10:30,34417,1306,16996,6746,215,1287,1432,0,453,1355,0,211,0,188,12,3908,309,34418
2026/7/2,11:00,34103,1305,16309,6747,213,1290,1438,0,454,1674,0,237,0,0,0,4128,307,34102
2026/7/2,11:30,33656,1304,15304,6747,214,1292,1429,0,454,2001,0,215,0,0,0,4384,311,33655
2026/7/2,12:00,32644,1305,13913,6748,213,1290,1428,0,449,2471,0,197,0,-87,0,4407,311,32645
2026/7/2,12:30,32272,1305,13806,6749,213,1283,1427,0,450,2797,0,197,0,-278,0,4015,308,32272
2026/7/2,13:00,33190,1306,15615,6748,214,1279,1454,0,452,3064,0,207,0,-277,0,2823,306,33191
2026/7/2,13:30,33167,1304,15098,6748,214,1276,1446,0,452,2998,0,211,0,-277,4,3386,307,33167
2026/7/2,14:00,33920,1305,15580,6745,214,1261,1447,0,453,3302,0,208,0,-134,5,3230,304,33920
2026/7/2,14:30,33976,1305,15879,6746,214,1236,1440,0,452,3036,0,215,0,0,3,3142,308,33976
2026/7/2,15:00,33885,1304,15829,6746,216,1226,1694,0,454,2614,0,203,0,0,3,3286,309,33884
2026/7/2,15:30,33919,1304,16128,6746,216,1249,1739,0,456,2127,0,235,0,0,0,3410,308,33918
2026/7/2,16:00,33983,1305,16815,6745,215,1272,1785,0,458,1654,0,264,0,300,2,2858,309,33982
2026/7/2,16:30,33575,1304,16515,6748,216,1279,1784,0,458,1217,0,293,0,1269,2,2187,304,33576
2026/7/2,17:00,33007,1305,15851,6748,217,1276,1786,0,462,822,0,294,0,1747,15,2182,304,33009
2026/7/2,17:30,32855,1304,15596,6748,217,1287,1821,0,462,484,0,289,0,2530,23,1800,295,32856
2026/7/2,18:00,32878,1305,14933,6747,218,1297,2269,0,464,197,0,284,0,1737,22,3122,283,32878
2026/7/2,18:30,32875,1304,15126,6746,217,1289,2265,0,465,12,0,291,0,1711,25,3139,284,32874
2026/7/2,19:00,32504,1306,14822,6746,217,1285,2174,0,465,0,0,275,0,1534,19,3368,293,32504
2026/7/2,19:30,31848,1305,14437,6745,218,1283,2162,0,466,0,0,248,0,1413,18,3252,303,31850
2026/7/2,20:00,30992,1304,14324,6749,163,1265,1662,0,467,0,0,236,0,900,16,3610,295,30991
2026/7/2,20:30,30328,1305,14104,6744,121,1241,1630,0,467,0,0,224,0,851,13,3322,307,30329
2026/7/2,21:00,29500,1304,13845,6748,120,1253,1599,0,468,0,0,159,0,681,4,3028,290,29499
2026/7/2,21:30,28857,1305,13315,6746,121,1251,1595,0,467,0,0,145,0,441,1,3165,305,28857
2026/7/2,22:00,28538,1306,12973,6746,115,1229,1858,0,469,0,0,135,0,141,0,3278,286,28536
2026/7/2,22:30,27847,1306,12309,6748,108,1199,1838,0,469,0,0,144,0,0,0,3464,262,27847
2026/7/2,23:00,27187,1306,11825,6746,108,1190,1826,0,464,0,0,125,0,0,0,3327,270,27187
2026/7/2,23:30,26253,1305,11081,6748,108,1197,1812,0,465,0,0,112,0,0,0,3188,237,26253
2026/7/3,0:00,25213,1305,10914,6746,108,1127,1468,0,461,0,0,83,0,0,6,2752,242,25212
2026/7/3,0:30,24294,1306,9977,6445,108,1124,1463,0,460,0,0,81,0,0,1,3036,294,24295
2026/7/3,1:00,23650,1306,9620,6011,106,1119,1460,0,461,0,0,84,0,0,1,3146,335,23649
2026/7/3,1:30,23249,1305,9408,5706,106,1128,1456,0,461,0,0,89,0,0,1,3256,332,23248
2026/7/3,2:00,22997,1306,9531,5587,106,1051,1370,0,459,0,0,105,0,0,2,3151,331,22999
2026/7/3,2:30,23067,1306,9615,5593,107,919,1369,0,460,0,0,134,0,0,2,3232,330,23067
2026/7/3,3:00,23169,1306,9965,5689,107,840,1363,0,461,0,0,152,0,0,2,2951,334,23170
2026/7/3,3:30,23247,1307,10033,5723,107,853,1386,0,461,0,0,173,0,0,2,2879,323,23247
2026/7/3,4:00,23425,1308,9985,6124,107,832,1394,0,461,0,0,161,0,0,2,2733,319,23426
2026/7/3,4:30,23510,1307,9876,6278,107,849,1403,0,460,2,0,150,0,0,2,2785,291,23510
2026/7/3,5:00,23639,1307,9829,6279,107,869,1423,0,459,154,0,98,0,-97,2,2950,259,23639
2026/7/3,5:30,23496,1306,9985,6275,108,894,1425,0,460,408,0,97,0,-1046,1,3281,301,23495
2026/7/3,6:00,24228,1307,10135,6277,107,858,1430,0,460,904,0,151,0,-1551,0,3851,299,24228
2026/7/3,6:30,24954,1308,10251,6372,112,869,1436,0,465,1543,0,146,0,-1935,0,4136,251,24954
2026/7/3,7:00,26264,1307,10718,6661,120,844,1424,0,459,2503,0,136,0,-1942,0,3821,213,26264
2026/7/3,7:30,27520,1307,10623,6746,120,845,1426,0,458,3590,0,154,0,-2007,0,4017,240,27519
2026/7/3,8:00,29530,1308,10925,6748,119,865,1492,0,451,4811,0,154,0,-2012,0,4383,287,29531
2026/7/3,8:30,31580,1307,11484,6748,120,943,1500,0,447,5698,0,160,0,-1540,0,4424,288,31579
2026/7/3,9:00,33275,1308,11812,6745,120,973,1487,0,444,6290,0,163,0,-1044,3,4673,302,33276
2026/7/3,9:30,33724,1308,11830,6746,119,1031,1481,0,445,6660,0,155,0,-1030,2,4655,322,33724
2026/7/3,10:00,33971,1308,11397,6748,119,1066,1485,0,442,7218,0,143,0,-1049,2,4800,293,33972
2026/7/3,10:30,34879,1309,11499,6747,119,1161,1400,0,440,8056,0,140,0,-1018,2,4718,306,34879
2026/7/3,11:00,35353,1308,11608,6745,139,1142,1392,0,443,8236,0,134,0,-976,3,4863,316,35353
2026/7/3,11:30,35246,1308,11765,6746,183,1139,1393,0,448,7930,0,119,0,-939,3,4826,323,35244
2026/7/3,12:00,34432,1308,11763,6749,200,1160,1397,0,443,7654,0,109,0,-1537,4,4864,319,34433
2026/7/3,12:30,34253,1308,11715,6747,199,1147,1407,0,443,7218,0,107,0,-1267,2,4909,317,34252
2026/7/3,13:00,35133,1308,12077,6744,200,1119,1407,0,445,6805,0,113,0,-283,7,4870,321,35133
2026/7/3,13:30,35216,1308,12397,6744,200,1143,1413,0,444,6260,0,103,0,0,10,4868,325,35215
2026/7/3,14:00,35386,1307,12833,6741,216,1180,1430,0,445,5989,0,96,0,0,15,4819,314,35385
2026/7/3,14:30,35494,1308,13396,6744,216,1230,1449,0,444,5455,0,82,0,0,2,4847,323,35496
2026/7/3,15:00,35036,1308,13877,6743,216,1284,1559,0,448,4355,0,74,0,0,2,4854,317,35037
2026/7/3,15:30,34868,1308,14921,6742,216,1327,1612,0,450,3212,0,93,0,0,7,4669,310,34867
2026/7/3,16:00,34722,1307,15438,6745,217,1363,1896,0,458,2375,0,90,0,104,8,4403,319,34723
2026/7/3,16:30,34339,1308,15939,6721,216,1359,1918,0,458,1764,0,85,0,290,13,3949,319,34339
2026/7/3,17:00,33655,1308,15912,6681,217,1373,1939,0,461,1135,0,82,0,453,13,3762,318,33654
2026/7/3,17:30,33262,1308,15987,6662,217,1379,1969,0,460,603,0,80,0,666,26,3611,294,33262
2026/7/3,18:00,32979,1308,15721,6660,218,1395,2408,0,463,256,0,79,0,837,25,3301,309,32980
2026/7/3,18:30,32827,1307,16028,6650,218,1294,2339,0,464,16,0,77,0,858,23,3239,314,32827
2026/7/3,19:00,32450,1308,15498,6619,219,1285,2319,0,465,0,0,73,0,838,22,3497,307,32450
2026/7/3,19:30,31825,1308,14996,6502,219,1241,2294,0,465,0,0,75,0,836,26,3542,321,31825
2026/7/3,20:00,30843,1308,14740,6408,218,1235,1692,0,467,0,0,76,0,940,19,3435,304,30842
2026/7/3,20:30,30338,1308,14936,6337,219,1248,1664,0,462,0,0,70,0,850,13,2912,320,30339
2026/7/3,21:00,29382,1308,14430,6324,218,1287,1646,0,463,0,0,14,0,580,6,2804,302,29382
2026/7/3,21:30,28626,1307,13622,6322,218,1341,1648,0,460,0,0,20,0,413,3,2960,312,28626
2026/7/3,22:00,28233,1308,13010,6302,213,1383,1910,0,462,0,0,13,0,430,2,2896,304,28233
2026/7/3,22:30,27572,1307,12175,6129,206,1391,1883,0,466,0,0,19,0,394,2,3288,313,27573
2026/7/3,23:00,26974,1308,12124,6035,187,1399,1865,0,464,0,0,13,0,416,2,2865,297,26975
2026/7/3,23:30,26051,1307,11346,5699,187,1379,1837,0,465,0,0,13,0,404,3,3237,173,26050
2026/7/4,0:00,25165,1308,11431,5434,150,1419,1481,0,418,0,0,15,0,-239,9,3556,184,25166
2026/7/4,0:30,24190,1308,10876,5643,107,1441,1476,0,418,0,0,13,0,-349,3,3059,195,24190
2026/7/4,1:00,23472,1308,10232,5092,107,1421,1464,0,418,0,0,12,0,-349,2,3531,234,23472
2026/7/4,1:30,23077,1308,10354,4959,107,1413,1455,0,418,0,0,12,0,-349,2,3157,241,23077
2026/7/4,2:00,22784,1308,10142,4853,107,1428,1460,0,418,0,0,11,0,-349,1,3163,242,22784
2026/7/4,2:30,22713,1308,10239,4755,106,1418,1406,0,419,0,0,12,0,-348,0,3152,245,22712
2026/7/4,3:00,22799,1306,10570,4423,107,1423,1404,0,419,0,0,14,0,-347,0,3232,248,22799
2026/7/4,3:30,22817,1308,10683,4409,107,1449,1397,0,420,0,0,14,0,-346,2,3131,242,22816
2026/7/4,4:00,22839,1307,10778,4558,107,1439,1381,0,419,0,0,14,0,-347,4,2905,274,22839
2026/7/4,4:30,22727,1307,10712,4492,107,1402,1382,0,418,2,0,12,0,-350,1,2994,247,22726
2026/7/4,5:00,22707,1307,10677,4442,108,1408,1401,0,417,165,0,17,0,-427,1,2971,221,22708
2026/7/4,5:30,22437,1308,10368,4391,108,1439,1411,0,417,381,0,8,0,-869,0,3226,250,22438
2026/7/4,6:00,22403,1307,10827,4486,107,1494,1398,0,418,640,0,8,0,-1330,2,2766,280,22403
2026/7/4,6:30,22569,1307,10470,4806,113,1474,1370,0,422,1042,0,16,0,-1327,1,2625,249,22568
2026/7/4,7:00,23156,1307,10561,4759,119,1446,1346,0,415,1401,0,9,0,-1330,2,2778,343,23156
2026/7/4,7:30,23517,1308,10299,4227,119,1462,1346,0,415,1770,0,9,0,-1687,2,3887,360,23517
2026/7/4,8:00,24550,1308,10037,4210,119,1463,1440,0,412,2368,0,9,0,-1689,2,4506,366,24551
2026/7/4,8:30,25609,1308,10076,4678,118,1454,1446,0,411,3333,0,8,0,-1686,2,4094,366,25608
2026/7/4,9:00,26712,1309,9957,4705,118,1458,1447,0,410,4398,0,8,0,-1687,3,4247,340,26713
2026/7/4,9:30,27500,1308,9724,4852,118,1518,1448,0,413,5371,0,14,0,-1687,1,4080,340,27500
2026/7/4,10:00,28270,1308,9707,5005,120,1526,1441,0,412,6230,0,13,0,-1686,2,3871,320,28269
2026/7/4,10:30,28828,1308,9462,5043,120,1487,1424,0,407,6743,0,7,0,-1662,2,4173,316,28830
2026/7/4,11:00,29020,1308,9430,4733,121,1476,1351,0,413,6925,0,15,0,-1763,2,4675,334,29020
2026/7/4,11:30,29087,1306,9358,4715,120,1480,1344,0,413,7147,0,16,0,-1899,2,4752,332,29086
2026/7/4,12:00,29170,1308,9715,4605,120,1479,1348,0,406,7563,0,9,0,-1880,1,4168,328,29170
2026/7/4,12:30,29420,1307,9809,4352,121,1499,1342,0,406,7640,0,9,0,-1917,2,4526,324,29420
2026/7/4,13:00,29412,1306,10106,4631,120,1475,1339,0,411,6774,0,15,0,-1871,2,4795,309,29412
2026/7/4,13:30,29121,1306,10068,4641,121,1466,1340,0,410,6045,0,16,0,-1347,2,4742,311,29121
2026/7/4,14:00,28954,1308,9988,4884,121,1466,1353,0,410,5453,0,16,0,-969,3,4612,310,28955
2026/7/4,14:30,29598,1307,10406,5191,122,1486,1392,0,410,5088,0,17,0,-454,2,4316,316,29599
2026/7/4,15:00,29525,1306,10107,5601,120,1498,1446,0,412,4250,0,20,0,-163,3,4597,327,29524
2026/7/4,15:30,29336,1305,10411,5803,121,1502,1472,0,412,3378,0,25,0,64,4,4518,321,29336
2026/7/4,16:00,29436,1305,10497,5928,120,1457,1618,0,414,2548,0,29,0,526,4,4626,363,29435
2026/7/4,16:30,29406,1306,11163,5930,123,1496,1631,0,414,1786,0,32,0,709,4,4454,359,29407
2026/7/4,17:00,29430,1306,11855,5926,122,1483,1631,0,416,1177,0,29,0,901,7,4213,364,29430
2026/7/4,17:30,29704,1307,12512,5929,121,1498,1621,0,416,639,0,28,0,1148,33,4087,363,29702
2026/7/4,18:00,30112,1305,12694,5934,121,1515,1782,0,418,225,0,84,0,1246,37,4371,380,30112
2026/7/4,18:30,30402,1305,13052,5930,121,1495,1710,0,419,12,0,45,0,1522,40,4370,384,30405
2026/7/4,19:00,30483,1305,13042,5931,122,1523,1710,0,421,0,0,87,0,1643,39,4300,362,30485
2026/7/4,19:30,30172,1304,12824,5929,121,1499,1703,0,422,0,0,88,0,1563,33,4316,369,30171
2026/7/4,20:00,29576,1303,12242,5930,120,1510,1503,0,422,0,0,96,0,1700,32,4391,326,29575
2026/7/4,20:30,29118,1305,12177,5931,120,1504,1494,0,419,0,0,40,0,1368,32,4406,322,29118
2026/7/4,21:00,28324,1306,11958,5929,120,1504,1479,0,420,0,0,45,0,1088,14,4233,228,28324
2026/7/4,21:30,27619,1305,11055,5927,120,1486,1448,0,420,0,0,47,0,1250,9,4315,239,27621
2026/7/4,22:00,27293,1305,11110,5704,114,1476,1411,0,421,0,0,48,0,1122,14,4338,229,27292
2026/7/4,22:30,26555,1307,10948,5794,106,1479,1357,0,420,0,0,42,0,707,3,4158,235,26556
2026/7/4,23:00,26126,1307,10786,5888,106,1472,1332,0,420,0,0,45,0,483,9,4038,240,26126
2026/7/4,23:30,25303,1308,10269,5810,107,1393,1320,0,422,0,0,41,0,176,2,4230,224,25302
2026/7/5,0:00,24408,1307,9741,5744,107,1354,1352,0,410,0,0,48,0,161,13,3952,220,24409
2026/7/5,0:30,23485,1307,9506,5140,107,1392,1355,0,409,0,0,40,0,0,12,4026,191,23485
2026/7/5,1:00,22883,1307,9602,4489,107,1358,1353,0,410,0,0,32,0,0,8,3985,232,22883
2026/7/5,1:30,22407,1307,9433,4131,107,1361,1348,0,410,0,0,32,0,0,11,4034,232,22406
2026/7/5,2:00,22280,1308,9658,3923,107,1353,1300,0,410,0,0,35,0,0,8,3937,241,22280
2026/7/5,2:30,22098,1308,9560,3881,107,1353,1330,0,411,0,0,41,0,0,4,3862,241,22098
2026/7/5,3:00,22235,1306,9734,3917,107,1303,1329,0,411,0,0,41,0,0,4,3844,239,22235
2026/7/5,3:30,22298,1307,9817,3947,107,1292,1323,0,412,0,0,40,0,0,2,3816,235,22298
2026/7/5,4:00,22272,1307,9645,3950,107,1319,1324,0,413,0,0,41,0,0,2,3891,273,22272
2026/7/5,4:30,22210,1306,9680,3890,107,1290,1327,0,412,2,0,47,0,0,2,3903,244,22210
2026/7/5,5:00,22371,1306,9513,3811,107,1323,1331,0,411,209,0,55,0,0,2,4067,236,22371
2026/7/5,5:30,21954,1307,9519,3354,106,1308,1336,0,412,536,0,54,0,-64,2,3872,213,21955
2026/7/5,6:00,21721,1307,9492,2983,106,1315,1350,0,413,1118,0,110,0,-865,2,4132,259,21722
2026/7/5,6:30,21951,1307,9722,2754,112,1329,1331,0,416,2028,0,111,0,-1451,2,3990,301,21952
2026/7/5,7:00,22750,1306,10302,2658,119,1340,1338,0,407,3012,0,105,0,-1789,3,3620,329,22750
2026/7/5,7:30,23414,1306,10670,2649,120,1341,1336,0,406,3703,0,103,0,-1484,2,2959,303,23414
2026/7/5,8:00,24321,1306,10634,2646,119,1364,1411,0,404,4194,0,89,0,-2095,2,3855,393,24322
2026/7/5,8:30,25251,1305,10738,2647,119,1380,1425,0,404,4337,0,93,0,-2087,4,4502,386,25253
2026/7/5,9:00,26277,1306,11741,2449,119,1275,1431,0,403,4360,0,110,0,-1919,2,4638,363,26278
2026/7/5,9:30,26612,1306,11699,2351,119,1259,1442,0,407,4763,0,122,0,-1978,2,4762,358,26612
2026/7/5,10:00,27039,1306,11973,2353,118,1305,1347,0,406,5579,0,121,0,-2311,7,4494,340,27038
2026/7/5,10:30,27847,1306,11820,2352,119,1304,1335,0,401,6297,0,116,0,-2202,2,4655,342,27847
2026/7/5,11:00,28365,1307,12431,2353,119,1336,1357,0,402,6278,0,116,0,-2267,5,4590,337,28364
2026/7/5,11:30,28192,1307,12455,2351,119,1341,1367,0,406,5952,0,126,0,-2263,3,4688,340,28192
2026/7/5,12:00,28783,1306,13053,2489,120,1337,1362,0,399,6035,0,146,0,-2006,18,4229,295,28783
2026/7/5,12:30,28503,1306,12470,2671,120,1364,1356,0,398,5596,0,158,0,-1951,13,4707,295,28503
2026/7/5,13:00,28334,1305,12372,2852,120,1365,1339,0,402,5252,0,144,0,-1600,2,4508,275,28336
2026/7/5,13:30,28134,1305,12313,3149,119,1343,1338,0,402,4941,0,148,0,-1502,9,4300,270,28135
2026/7/5,14:00,28190,1306,12613,3164,120,1346,1333,0,399,4791,0,154,0,-1428,12,4101,280,28191
2026/7/5,14:30,28588,1306,12293,3433,122,1345,1350,0,402,4499,0,107,0,-370,0,3824,276,28587
2026/7/5,15:00,28771,1306,11470,3838,122,1346,1469,0,403,3654,0,135,0,0,8,4744,278,28773
2026/7/5,15:30,28368,1306,11514,4459,120,1315,1472,0,405,2610,0,108,0,19,8,4755,280,28371
2026/7/5,16:00,28233,1305,11444,4941,120,1316,1577,0,406,1845,0,122,0,101,10,4723,322,28232
2026/7/5,16:30,28613,1305,11754,5550,120,1347,1593,0,407,1364,0,132,0,115,10,4597,318,28612
2026/7/5,17:00,28988,1305,12082,5756,120,1364,1621,0,408,915,0,136,0,278,10,4666,327,28988
2026/7/5,17:30,29496,1305,12927,5773,120,1353,1613,0,408,492,0,138,0,498,29,4513,327,29496
2026/7/5,18:00,29804,1306,13529,5775,120,1362,1647,0,410,172,0,106,0,785,35,4217,340,29804
2026/7/5,18:30,30182,1306,13902,5778,120,1407,1647,0,411,9,0,133,0,809,28,4286,346,30182
2026/7/5,19:00,30301,1307,13869,5776,120,1391,1639,0,412,0,0,157,0,864,25,4414,328,30302
2026/7/5,19:30,29834,1307,13369,5774,120,1378,1642,0,411,0,0,137,0,1069,36,4265,329,29837
2026/7/5,20:00,29306,1307,12827,5778,120,1389,1520,0,412,0,0,138,0,1068,22,4428,297,29306
2026/7/5,20:30,28910,1307,12432,5772,119,1407,1518,0,412,0,0,179,0,1062,17,4380,305,28910
2026/7/5,21:00,28149,1306,11767,5774,120,1413,1461,0,409,0,0,132,0,1044,8,4420,294,28148
2026/7/5,21:30,27327,1306,11094,5776,120,1408,1457,0,409,0,0,168,0,771,3,4519,295,27326
2026/7/5,22:00,26788,1306,10965,5771,115,1358,1432,0,416,0,0,173,0,669,5,4300,278,26788
2026/7/5,22:30,26109,1306,10655,5772,107,1379,1401,0,416,0,0,158,0,323,6,4298,289,26110
2026/7/5,23:00,25612,1306,10496,5655,108,1436,1376,0,418,0,0,121,0,141,2,4310,243,25612
2026/7/5,23:30,24856,1308,10039,5428,107,1516,1373,0,418,0,0,121,0,0,2,4324,221,24857
2026/7/6,0:00,24057,1307,9683,5132,107,1552,1365,0,480,0,0,137,0,0,5,4139,150,24057
2026/7/6,0:30,23135,1306,9467,5131,107,1553,1373,0,478,0,0,122,0,0,9,3392,197,23135
2026/7/6,1:00,22523,1306,9483,4603,107,1523,1373,0,479,0,0,107,0,-385,2,3682,241,22521
2026/7/6,1:30,22178,1306,9693,4468,107,1507,1301,0,480,0,0,105,0,-821,1,3786,245,22178
2026/7/6,2:00,22073,1306,9660,4483,107,1528,1318,0,481,0,0,101,0,-820,2,3660,247,22073
2026/7/6,2:30,22041,1306,9726,4440,107,1508,1354,0,480,0,0,89,0,-937,1,3723,244,22041
2026/7/6,3:00,22162,1307,10248,4465,107,1490,1363,0,478,0,0,77,0,-1010,0,3386,250,22161
2026/7/6,3:30,22443,1307,10169,4651,108,1522,1372,0,479,0,0,74,0,-1019,1,3536,243,22443
2026/7/6,4:00,22501,1306,10110,4679,107,1528,1371,0,480,0,0,77,0,-955,1,3519,277,22500
2026/7/6,4:30,22626,1306,10199,4663,107,1534,1363,0,481,2,0,74,0,-827,3,3471,250,22626
2026/7/6,5:00,22874,1306,10294,4893,107,1545,1347,0,480,168,0,90,0,-817,3,3210,247,22873
2026/7/6,5:30,23244,1306,10432,4804,107,1546,1342,0,480,472,0,88,0,-817,2,3271,212,23245
2026/7/6,6:00,24070,1305,10881,4842,107,1555,1396,0,481,897,0,92,0,-464,2,2782,193,24069
2026/7/6,6:30,24908,1305,10856,4475,113,1539,1371,0,484,1453,0,118,0,-545,0,3493,247,24909
2026/7/6,7:00,26335,1306,11709,4483,120,1480,1371,0,480,2347,0,116,0,-307,2,2905,324,26336
2026/7/6,7:30,27955,1305,12297,4745,119,1482,1381,0,479,3370,0,119,0,-272,0,2651,278,27954
2026/7/6,8:00,29981,1305,12686,5115,120,1491,1388,0,473,4196,0,80,0,-19,0,2827,319,29981
2026/7/6,8:30,31821,1305,13519,5703,120,1499,1394,0,476,4895,0,152,0,0,1,2430,328,31822
2026/7/6,9:00,33405,1305,13696,6152,119,1418,1361,0,472,5929,0,148,0,0,1,2468,337,33406
2026/7/6,9:30,34556,1305,14059,6217,120,1419,1359,0,471,6610,0,148,0,0,18,2443,387,34556
2026/7/6,10:00,34019,1304,13896,6217,124,1449,1358,0,468,6265,0,148,0,0,8,2420,363,34020
2026/7/6,10:30,34752,1304,13768,6251,126,1502,1368,0,468,7013,0,146,0,1,10,2421,375,34753
2026/7/6,11:00,35245,1304,13979,6297,126,1500,1389,0,469,7265,0,138,0,0,2,2412,365,35246
2026/7/6,11:30,35171,1304,14193,6317,156,1529,1384,0,469,7177,0,148,0,0,16,2115,362,35170
2026/7/6,12:00,34524,1304,13577,6335,200,1515,1387,0,464,6954,0,134,0,0,0,2345,309,34524
2026/7/6,12:30,34371,1304,14393,6378,201,1473,1386,0,463,6363,0,133,0,-277,0,2244,310,34371
2026/7/6,13:00,35344,1304,15520,6412,218,1477,1392,0,465,5630,0,148,0,224,2,2248,304,35344
2026/7/6,13:30,34613,1303,15662,6451,219,1492,1393,0,465,4261,0,149,0,111,7,2797,302,34612
2026/7/6,14:00,35083,1303,15337,6475,217,1542,1367,0,466,4066,0,148,0,302,4,3547,307,35081
2026/7/6,14:30,34863,1303,15233,6510,218,1511,1390,0,466,3535,0,149,0,130,14,4100,305,34864
2026/7/6,15:00,34454,1304,15218,6514,219,1484,1544,0,468,2849,0,149,0,168,3,4223,312,34455
2026/7/6,15:30,34415,1305,15575,6517,218,1484,1564,0,469,2123,0,142,0,297,12,4398,310,34414
2026/7/6,16:00,34298,1304,15779,6518,219,1494,1698,0,473,1503,0,140,0,575,17,4218,359,34297
2026/7/6,16:30,34309,1304,16062,6514,220,1496,1705,0,474,1058,0,145,0,937,20,4025,350,34310
2026/7/6,17:00,33688,1306,15391,6516,218,1505,1827,0,478,524,0,143,0,1178,13,4230,358,33687
2026/7/6,17:30,33339,1304,15369,6514,217,1518,1826,0,479,218,0,145,0,1065,25,4315,344,33339
2026/7/6,18:00,33116,1304,15036,6515,218,1553,2007,0,482,91,0,146,0,1179,25,4194,365,33115
2026/7/6,18:30,33034,1304,14880,6519,218,1552,2009,0,484,8,0,142,0,1265,27,4250,376,33034
2026/7/6,19:00,32526,1305,14654,6516,218,1548,1997,0,486,0,0,113,0,1149,30,4155,353,32524
2026/7/6,19:30,31709,1306,14383,6518,218,1539,1987,0,488,0,0,137,0,787,18,3981,348,31710
2026/7/6,20:00,30866,1306,14418,6517,218,1529,1686,0,488,0,0,126,0,610,12,3679,278,30867
2026/7/6,20:30,30234,1305,13850,6521,218,1505,1675,0,484,0,0,114,0,421,11,3837,294,30235
2026/7/6,21:00,29287,1305,13710,6521,218,1511,1589,0,485,0,0,70,0,433,5,3155,284,29286
2026/7/6,21:30,28615,1305,12490,6519,218,1501,1588,0,485,0,0,67,0,591,2,3551,298,28615
2026/7/6,22:00,28312,1305,11596,6519,194,1511,1684,0,486,0,0,68,0,831,2,3872,243,28311
2026/7/6,22:30,27545,1305,10598,6519,186,1494,1660,0,490,0,0,72,0,1010,2,3947,261,27544
2026/7/6,23:00,26935,1304,10283,6521,195,1475,1542,0,487,0,0,65,0,967,3,3840,252,26934
2026/7/6,23:30,25972,1305,10295,6408,223,1472,1533,0,487,0,0,63,0,165,2,3830,189,25972
2026/7/7,0:00,25039,1305,10577,5813,216,1462,1362,0,485,0,0,51,0,0,3,3617,149,25040
2026/7/7,0:30,23973,1305,9720,5658,202,1447,1357,0,485,0,0,52,0,0,1,3543,203,23973
2026/7/7,1:00,23417,1306,10102,5437,235,1441,1358,0,486,0,0,49,0,0,2,2761,242,23419
2026/7/7,1:30,23165,1306,9457,5312,303,1441,1375,0,486,0,0,52,0,0,2,3185,247,23166
2026/7/7,2:00,22932,1304,9781,4970,323,1424,1374,0,487,0,0,53,0,0,2,2962,252,22932
2026/7/7,2:30,22797,1305,9616,4840,323,1464,1376,0,488,0,0,53,0,0,2,3087,243,22797
2026/7/7,3:00,22990,1305,9888,4817,277,1437,1385,0,488,0,0,54,0,0,2,3082,254,22989
2026/7/7,3:30,23115,1305,10030,5051,228,1461,1417,0,489,0,0,56,0,0,1,2828,249,23115
2026/7/7,4:00,23282,1305,10083,5213,228,1467,1428,0,490,0,0,55,0,0,0,2733,280,23282
2026/7/7,4:30,23299,1307,10167,5096,228,1491,1426,0,490,2,0,52,0,0,1,2788,252,23300
2026/7/7,5:00,23346,1305,10334,4814,228,1513,1429,0,488,280,0,51,0,0,2,2677,225,23346
2026/7/7,5:30,23355,1305,9775,4568,228,1472,1431,0,488,836,0,52,0,-1,2,2906,292,23354
2026/7/7,6:00,23978,1305,9886,4091,228,1499,1440,0,489,1709,0,57,0,-403,2,3379,295,23977
2026/7/7,6:30,24917,1305,10193,3784,234,1492,1447,0,492,2880,0,56,0,-415,2,3198,249,24917
2026/7/7,7:00,26432,1305,10420,3767,241,1480,1433,0,488,4165,0,59,0,-414,2,3218,270,26434
2026/7/7,7:30,27785,1305,11103,3817,241,1538,1433,0,487,5138,0,42,0,-22,2,2371,328,27783
2026/7/7,8:00,29627,1305,10862,3923,241,1581,1433,0,482,6109,0,60,0,-12,2,3266,375,29627
2026/7/7,8:30,31809,1305,11100,4135,240,1615,1433,0,484,7261,0,85,0,-6,3,3765,389,31809
2026/7/7,9:00,33350,1305,11189,4326,240,1628,1410,0,480,8012,0,75,0,119,3,4183,379,33349
2026/7/7,9:30,34048,1304,10681,4463,240,1645,1372,0,481,8573,0,76,0,52,2,4774,386,34049
2026/7/7,10:00,33782,1305,10613,4497,239,1648,1365,0,478,8394,0,82,0,-6,3,4808,356,33782
2026/7/7,10:30,34536,1306,10692,4593,236,1678,1351,0,478,8915,0,75,0,-6,2,4846,370,34536
2026/7/7,11:00,34845,1306,10865,4724,257,1728,1349,0,479,8894,0,73,0,-6,3,4814,361,34847
2026/7/7,11:30,34692,1304,10709,4862,301,1758,1342,0,479,8689,0,74,0,-6,2,4812,366,34692
2026/7/7,12:00,33832,1305,10257,4984,316,1800,1320,0,473,8195,0,72,0,-7,2,4796,318,33831
2026/7/7,12:30,33403,1304,10400,5306,317,1784,1319,0,473,7510,0,71,0,-241,2,4847,310,33402
2026/7/7,13:00,34103,1305,11057,5841,317,1800,1336,0,475,6778,0,73,0,0,3,4804,314,34103
2026/7/7,13:30,33897,1304,11112,6319,318,1830,1362,0,474,5892,0,67,0,7,5,4892,315,33897
2026/7/7,14:00,34106,1304,11280,6471,334,1857,1361,0,475,5823,0,68,0,6,6,4805,317,34107
2026/7/7,14:30,34413,1303,11629,6470,333,1850,1369,0,475,5591,0,56,0,142,6,4866,324,34414
2026/7/7,15:00,34165,1302,12187,6467,333,1900,1452,0,476,4693,0,65,0,152,3,4816,320,34166
2026/7/7,15:30,34205,1302,13354,6468,332,1888,1468,0,478,3742,0,40,0,2,8,4806,317,34205
2026/7/7,16:00,34532,1301,14621,6505,332,1869,1591,0,480,2934,0,57,0,0,6,4476,361,34533
2026/7/7,16:30,34330,1302,15663,6514,331,1853,1614,0,481,2070,0,77,0,0,5,4070,349,34329
2026/7/7,17:00,33757,1302,15882,6514,333,1842,1927,0,490,1301,0,80,0,0,16,3708,364,33759
2026/7/7,17:30,33393,1303,16049,6511,334,1835,1939,0,491,656,0,85,0,106,39,3698,349,33395
2026/7/7,18:00,33215,1303,15132,6513,332,1856,2052,0,494,247,0,54,0,1437,39,3378,379,33216
2026/7/7,18:30,33043,1302,14411,6515,332,1899,2057,0,494,15,0,68,0,2119,44,3407,379,33042
2026/7/7,19:00,32799,1301,14522,6511,333,1913,2079,0,495,0,0,68,0,2197,36,3011,334,32800
2026/7/7,19:30,32166,1302,14647,6516,334,1916,2084,0,496,0,0,77,0,1320,26,3089,360,32167
2026/7/7,20:00,31389,1302,15402,6516,333,1905,1783,0,497,0,0,76,0,789,24,2439,323,31389
2026/7/7,20:30,30815,1302,14566,6515,333,1919,1764,0,494,0,0,78,0,644,17,2903,279,30814
2026/7/7,21:00,29877,1302,14297,6517,335,1914,1489,0,495,0,0,62,0,432,4,2804,226,29877
2026/7/7,21:30,29087,1301,13344,6519,334,1858,1483,0,495,0,0,95,0,1083,1,2333,240,29086
2026/7/7,22:00,28786,1301,13173,6518,329,1881,1664,0,494,0,0,99,0,762,2,2321,244,28788
2026/7/7,22:30,28084,1301,12920,6515,321,1899,1622,0,497,0,0,71,0,184,1,2494,258,28083
2026/7/7,23:00,27384,1301,12696,6519,301,1883,1371,0,493,0,0,67,0,12,2,2488,253,27386
2026/7/7,23:30,26524,1300,11799,6467,302,1857,1356,0,494,0,0,72,0,0,0,2644,233,26524
2026/7/8,0:00,25517,1300,11135,6235,265,1863,1353,0,492,0,0,61,0,0,3,2654,157,25518
2026/7/8,0:30,24491,1300,10472,5914,222,1865,1352,0,492,0,0,57,0,0,1,2604,212,24491
2026/7/8,1:00,23806,1301,9973,5538,222,1854,1367,0,492,0,0,60,0,0,2,2751,247,23807
2026/7/8,1:30,23405,1300,9781,5126,222,1879,1383,0,492,0,0,63,0,-6,2,2906,256,23404
2026/7/8,2:00,23136,1301,9795,4863,222,1881,1386,0,492,0,0,53,0,-8,2,2895,255,23137
2026/7/8,2:30,23081,1301,10101,4946,222,1883,1384,0,493,0,0,49,0,-274,2,2721,254,23082
2026/7/8,3:00,23166,1301,10373,4981,222,1786,1379,0,494,0,0,43,0,-261,2,2588,257,23165
2026/7/8,3:30,23238,1299,10246,5119,222,1691,1372,0,494,0,0,43,0,-5,2,2504,250,23237
2026/7/8,4:00,23367,1301,10220,5267,222,1617,1383,0,495,0,0,40,0,0,2,2534,285,23366
2026/7/8,4:30,23244,1300,10579,4970,222,1584,1382,0,495,2,0,45,0,0,3,2407,256,23245
2026/7/8,5:00,23358,1301,10839,4422,222,1566,1384,0,493,298,0,41,0,0,5,2518,268,23357
2026/7/8,5:30,23418,1302,9963,4006,222,1572,1404,0,494,940,0,38,0,-2,2,3244,233,23418
2026/7/8,6:00,24082,1301,9842,3770,222,1606,1398,0,494,1958,0,32,0,-222,3,3442,235,24081
2026/7/8,6:30,25102,1301,9511,3668,227,1610,1387,0,497,3415,0,31,0,-534,3,3672,313,25101
2026/7/8,7:00,26715,1300,10126,3585,234,1626,1333,0,496,5073,0,36,0,-641,2,3236,309,26715
2026/7/8,7:30,28422,1300,9912,3559,234,1623,1323,0,491,6786,0,22,0,-761,2,3657,273,28421
2026/7/8,8:00,30789,1300,10325,3555,279,1624,1352,0,486,8322,0,46,0,-822,2,4012,307,30788
2026/7/8,8:30,33293,1300,10813,3620,284,1634,1345,0,484,9628,0,68,0,-258,4,3970,401,33293
2026/7/8,9:00,35059,1300,11188,3940,283,1631,1345,0,481,10728,0,23,0,8,3,3759,369,35058
2026/7/8,9:30,36461,1301,11026,4110,279,1640,1318,0,484,11889,0,28,0,-144,3,4145,382,36461
2026/7/8,10:00,37250,1301,11023,4380,280,1654,1326,0,479,12656,0,43,0,-218,5,3964,358,37251
2026/7/8,10:30,37911,1301,11372,4807,279,1663,1306,0,476,12973,0,32,0,-591,9,3915,369,37911
2026/7/8,11:00,38209,1301,11575,5223,279,1704,1270,0,477,13067,0,47,0,-1520,7,4430,348,38208
2026/7/8,11:30,38386,1299,12050,5746,279,1735,1257,0,477,12922,0,34,0,-2304,4,4530,358,38387
2026/7/8,12:00,37500,1298,12152,5824,280,1756,1237,0,476,12640,0,56,0,-3105,3,4563,321,37501
2026/7/8,12:30,37465,1298,12553,5841,280,1745,1241,0,475,12258,0,40,0,-3066,3,4479,318,37465
2026/7/8,13:00,38316,1298,13296,5991,300,1710,1266,0,474,11390,0,44,0,-2288,3,4531,301,38316
2026/7/8,13:30,38398,1298,13583,6094,343,1686,1295,0,474,10371,0,22,0,-1959,5,4883,302,38397
2026/7/8,14:00,38571,1299,13351,6184,359,1653,1301,0,474,9644,0,54,0,-1031,10,4978,295,38571
2026/7/8,14:30,38375,1299,13311,6183,374,1630,1314,0,474,8715,0,37,0,-146,3,4878,302,38374
2026/7/8,15:00,38037,1300,13657,6186,374,1610,1461,0,480,7679,0,56,0,0,8,4913,312,38036
2026/7/8,15:30,38410,1299,14884,6318,358,1576,1498,0,481,6526,0,27,0,511,5,4623,303,38409
2026/7/8,16:00,38398,1299,16014,6516,375,1537,1582,0,482,5038,0,44,0,1391,8,3758,355,38399
2026/7/8,16:30,37987,1300,16950,6509,374,1607,1598,0,483,3536,0,40,0,1973,10,3257,349,37986
2026/7/8,17:00,36917,1299,16970,6505,375,1644,1950,0,486,2250,0,35,0,2119,17,2893,374,36917
2026/7/8,17:30,36374,1300,17324,6513,407,1656,1968,0,487,1218,0,29,0,2945,45,2125,356,36373
2026/7/8,18:00,35868,1300,17154,6510,431,1670,1972,0,489,494,0,32,0,3118,45,2271,381,35867
2026/7/8,18:30,35584,1301,17046,6512,422,1674,1979,0,490,25,0,45,0,3112,38,2551,388,35583
2026/7/8,19:00,35386,1301,16853,6509,423,1615,1980,0,491,0,0,51,0,3045,35,2724,359,35386
2026/7/8,19:30,34673,1301,16554,6511,423,1542,1982,0,492,0,0,52,0,2889,25,2582,320,34673
2026/7/8,20:00,33656,1302,16272,6515,424,1538,1859,0,492,0,0,51,0,2326,20,2591,266,33656
2026/7/8,20:30,32870,1300,16005,6511,424,1535,1845,0,490,0,0,48,0,2073,12,2347,280,32870
2026/7/8,21:00,31776,1301,15471,6511,424,1551,1464,0,491,0,0,47,0,1972,5,2279,259,31775
2026/7/8,21:30,30877,1301,14607,6511,424,1537,1461,0,490,0,0,55,0,1618,4,2592,279,30879
2026/7/8,22:00,30262,1302,13939,6512,419,1451,1698,0,492,0,0,62,0,1364,2,2806,214,30261
2026/7/8,22:30,29421,1301,13562,6513,411,1469,1659,0,492,0,0,71,0,867,2,2838,236,29421
2026/7/8,23:00,28609,1302,13247,6510,411,1506,1356,0,493,0,0,94,0,396,2,3058,234,28609
2026/7/8,23:30,27532,1302,12621,6514,391,1465,1340,0,493,0,0,63,0,0,2,3183,157,27531
2026/7/9,0:00,26560,1303,11728,6509,353,1454,1315,0,532,0,0,74,0,0,7,3092,194,26561
2026/7/9,0:30,25405,1302,10808,6514,311,1481,1305,0,532,0,0,74,0,-239,6,3143,168,25405
2026/7/9,1:00,24678,1302,10618,6513,310,1505,1305,0,531,0,0,70,0,-837,2,3151,207,24677
2026/7/9,1:30,24189,1303,10483,6262,310,1529,1310,0,531,0,0,96,0,-1007,2,3155,213,24187
2026/7/9,2:00,23868,1303,10615,5744,311,1549,1300,0,531,0,0,96,0,-1006,2,3214,210,23869
2026/7/9,2:30,23730,1303,10930,5557,311,1526,1298,0,532,0,0,92,0,-1002,2,2975,205,23729
2026/7/9,3:00,23772,1303,10861,5803,311,1516,1310,0,532,0,0,82,0,-1004,2,2846,211,23773
2026/7/9,3:30,23916,1303,10830,6290,310,1508,1364,0,532,0,0,39,0,-1003,2,2535,207,23917
2026/7/9,4:00,24007,1303,10617,6446,311,1465,1361,0,533,0,0,29,0,-1004,2,2718,227,24008
2026/7/9,4:30,24007,1305,10705,6401,311,1495,1363,0,533,1,0,25,0,-1116,2,2783,199,24007
2026/7/9,5:00,24070,1304,10637,6406,310,1510,1386,0,532,315,0,23,0,-1464,2,2904,205,24070
2026/7/9,5:30,24249,1304,10912,5677,310,1501,1371,0,532,1086,0,23,0,-2409,1,3692,248,24248
2026/7/9,6:00,25082,1304,11107,5387,311,1478,1363,0,534,2242,0,25,0,-3057,1,4093,292,25080
2026/7/9,6:30,26321,1303,11674,5469,317,1495,1375,0,536,3830,0,33,0,-3626,2,3673,241,26322
2026/7/9,7:00,28458,1303,12217,5916,324,1513,1355,0,534,5631,0,35,0,-4181,3,3530,278,28458
2026/7/9,7:30,30324,1303,11883,6125,322,1499,1354,0,532,7370,0,36,0,-4434,2,4017,315,30324
2026/7/9,8:00,33104,1304,12282,5998,322,1497,1356,0,523,9088,0,59,0,-4211,0,4535,351,33104
2026/7/9,8:30,35968,1304,12678,6301,322,1480,1352,0,526,10485,0,63,0,-3408,3,4497,364,35967
2026/7/9,9:00,37955,1304,13617,6515,324,1458,1293,0,522,11481,0,52,0,-3039,3,4079,345,37954
2026/7/9,9:30,39055,1304,13774,6516,323,1459,1316,0,522,12438,0,53,0,-3038,3,4020,364,39054
2026/7/9,10:00,39734,1304,13048,6514,323,1447,1302,0,520,13312,0,55,0,-2963,3,4509,361,39735
2026/7/9,10:30,40534,1304,13127,6516,323,1481,1275,0,516,13952,0,54,0,-2823,3,4434,372,40534
2026/7/9,11:00,40965,1304,13293,6513,323,1547,1260,0,522,14301,0,65,0,-2484,3,3959,360,40966
2026/7/9,11:30,41315,1304,12487,6485,323,1532,1225,0,519,14649,0,61,0,-1723,3,4084,367,41316
2026/7/9,12:00,40803,1303,11613,6265,344,1501,1236,0,517,14782,0,59,0,-1719,1,4591,310,40803
2026/7/9,12:30,40882,1303,11450,6446,388,1508,1240,0,517,14584,0,60,0,-1653,1,4725,313,40882
2026/7/9,13:00,42135,1303,13020,6513,417,1469,1245,0,515,14062,0,68,0,-1009,3,4224,306,42136
2026/7/9,13:30,42524,1303,14041,6510,418,1461,1273,0,515,13196,0,63,0,-847,3,4282,306,42524
2026/7/9,14:00,42539,1299,14949,6509,417,1488,1277,0,516,12115,0,72,0,-862,6,4442,312,42540
2026/7/9,14:30,42613,1301,15874,6507,417,1494,1284,0,515,10807,0,68,0,-25,2,4051,316,42611
2026/7/9,15:00,42177,1302,16559,6506,419,1472,1324,0,520,9222,0,72,0,30,3,4428,321,42178
2026/7/9,15:30,42016,1301,17539,6509,419,1481,1352,0,521,7577,0,76,0,758,24,4136,322,42015
2026/7/9,16:00,41839,1302,18478,6510,419,1446,1620,0,523,5939,0,38,0,2694,8,2508,354,41839
2026/7/9,16:30,41590,1300,18426,6508,420,1394,1669,0,524,4282,0,39,0,4400,22,2256,350,41590
2026/7/9,17:00,40585,1300,18487,6506,420,1410,1910,0,523,2657,0,31,0,5185,20,1768,369,40586
2026/7/9,17:30,39855,1301,18944,6507,420,1491,1962,0,523,1409,0,20,0,5868,41,1012,356,39854
2026/7/9,18:00,39093,1301,18706,6513,420,1640,2341,0,532,570,0,23,0,5863,34,778,372,39093
2026/7/9,18:30,38272,1301,18512,6509,420,1520,2297,0,532,31,0,30,0,6035,44,653,388,38272
2026/7/9,19:00,37726,1300,18733,6512,422,1534,2258,0,534,0,0,70,0,5048,37,919,360,37727
2026/7/9,19:30,36877,1300,18804,6511,422,1529,2244,0,538,0,0,118,0,4109,19,905,379,36878
2026/7/9,20:00,35690,1298,18654,6512,423,1503,1820,0,535,0,0,114,0,3345,14,1164,310,35692
2026/7/9,20:30,34751,1299,18226,6516,422,1496,1801,0,536,0,0,80,0,2631,6,1411,326,34750
2026/7/9,21:00,33585,1298,17396,6515,422,1491,1468,0,537,0,0,79,0,2283,6,1807,283,33585
2026/7/9,21:30,32619,1299,16847,6512,423,1486,1449,0,537,0,0,86,0,577,5,3102,296,32619
2026/7/9,22:00,31942,1299,16528,6515,418,1488,1700,0,538,0,0,76,0,4,2,3096,278,31942
2026/7/9,22:30,31040,1299,15951,6514,410,1469,1670,0,538,0,0,138,0,0,3,2756,291,31039
2026/7/9,23:00,30150,1299,15442,6517,411,1490,1328,0,538,0,0,152,0,0,8,2704,262,30151
2026/7/9,23:30,28941,1300,14063,6515,410,1456,1325,0,538,0,0,150,0,0,10,3010,164,28941
2026/7/10,0:00,27624,1299,12931,6513,353,1407,1308,0,493,0,0,90,0,0,2,3037,192,27625
2026/7/10,0:30,26389,1300,11587,6516,309,1405,1303,0,493,0,0,86,0,-15,2,3212,192,26390
2026/7/10,1:00,25654,1299,10931,6515,310,1470,1278,0,493,0,0,86,0,-327,2,3312,284,25653
2026/7/10,1:30,25074,1300,10646,6473,310,1483,1264,0,493,0,0,83,0,-666,2,3402,284,25074
2026/7/10,2:00,24758,1301,10591,6469,310,1498,1269,0,493,0,0,81,0,-806,2,3261,289,24758
2026/7/10,2:30,24634,1301,10456,6443,310,1546,1324,0,494,0,0,77,0,-806,2,3199,289,24635
2026/7/10,3:00,24679,1301,10423,6382,310,1631,1319,0,494,0,0,76,0,-803,2,3244,301,24680
2026/7/10,3:30,24713,1302,10419,6345,310,1689,1317,0,495,0,0,76,0,-802,2,3257,301,24711
2026/7/10,4:00,24725,1301,10702,6327,311,1762,1321,0,496,0,0,70,0,-920,2,3070,282,24724
2026/7/10,4:30,24629,1301,10718,6328,311,1762,1310,0,495,1,0,67,0,-997,2,3049,282,24629
2026/7/10,5:00,24761,1302,10614,6328,310,1738,1296,0,494,317,0,58,0,-1437,2,3516,222,24760
2026/7/10,5:30,25143,1302,10676,6328,310,1753,1293,0,495,1080,0,50,0,-2475,3,4105,223,25143
2026/7/10,6:00,26167,1303,11412,6322,310,1786,1311,0,491,2143,0,58,0,-3558,5,4336,247,26166
2026/7/10,6:30,27511,1302,11848,6216,317,1801,1322,0,490,3582,0,30,0,-4076,2,4427,248,27509
2026/7/10,7:00,29650,1302,12106,6124,323,1811,1291,0,489,5219,0,48,0,-3757,2,4414,277,29649
2026/7/10,7:30,31721,1302,12160,6125,324,1765,1295,0,492,6810,0,74,0,-3362,2,4456,278,31721
2026/7/10,8:00,34675,1303,12468,6124,322,1767,1300,0,475,8356,0,70,0,-2681,2,4853,316,34675
2026/7/10,8:30,37438,1302,12737,6204,323,1761,1300,0,480,9791,0,56,0,-1677,3,4841,316,37437
2026/7/10,9:00,39733,1303,12758,6318,323,1791,1279,0,470,11246,0,66,0,-632,3,4480,328,39733
2026/7/10,9:30,41260,1302,12256,6322,322,1802,1283,0,470,12554,0,52,0,-281,3,4847,328,41260
2026/7/10,10:00,41975,1302,11970,6326,324,1780,1273,0,469,13512,0,61,0,-149,3,4777,327,41975
2026/7/10,10:30,42800,1303,12875,6324,324,1763,1268,0,469,14263,0,68,0,-1066,3,4879,327,42800
2026/7/10,11:00,42963,1302,13295,6321,344,1806,1244,0,473,14710,0,66,0,-1698,3,4771,324,42961
2026/7/10,11:30,43304,1302,13661,6320,387,1751,1239,0,472,15164,0,69,0,-1851,3,4462,324,43303
2026/7/10,12:00,42810,1302,13648,6320,416,1768,1246,0,471,15218,0,89,0,-2532,3,4537,325,42811
2026/7/10,12:30,42832,1301,14270,6321,416,1781,1275,0,471,14860,0,96,0,-2931,17,4630,324,42831
2026/7/10,13:00,43712,1300,15942,6317,416,1808,1277,0,468,14225,0,74,0,-2774,3,4336,319,43711
2026/7/10,13:30,44081,1300,16853,6304,416,1816,1281,0,469,13410,0,79,0,-2105,5,3932,319,44079
2026/7/10,14:00,44013,1300,16994,6264,416,1780,1394,0,469,12290,0,79,0,-1187,9,3885,320,44013
2026/7/10,14:30,43838,1300,17240,6267,417,1772,1429,0,469,10980,0,97,0,-52,3,3597,320,43839
2026/7/10,15:00,43519,1300,18040,6264,417,1764,1433,0,469,9397,0,89,0,368,5,3659,313,43518
2026/7/10,15:30,43518,1300,19029,6266,416,1780,1479,0,471,7599,0,109,0,1947,9,2801,312,43518
2026/7/10,16:00,43002,1300,19681,6268,417,1819,2123,0,474,5713,0,95,0,1953,15,2821,321,43000
2026/7/10,16:30,42342,1300,20489,6266,418,1826,2148,0,475,4099,0,108,0,2259,28,2607,320,42343
2026/7/10,17:00,41269,1300,20561,6267,418,1810,2113,0,485,2616,0,110,0,2334,31,2899,325,41269
2026/7/10,17:30,40416,1300,20850,6267,419,1787,2134,0,485,1396,0,135,0,3580,39,1700,324,40416
2026/7/10,18:00,39449,1300,21134,6268,419,1804,2236,0,488,570,0,155,0,2803,49,1901,322,39449
2026/7/10,18:30,38663,1300,21605,6270,418,1824,2234,0,488,31,0,135,0,2752,42,1241,322,38662
2026/7/10,19:00,38064,1300,21001,6272,420,1825,2323,0,489,0,0,156,0,2121,44,1789,323,38063
2026/7/10,19:30,37151,1301,20681,6273,420,1817,2355,0,495,0,0,162,0,1365,24,1935,323,37151
2026/7/10,20:00,36007,1300,20046,6272,420,1817,1793,0,496,0,0,165,0,1220,22,2135,320,36006
2026/7/10,20:30,35172,1300,20087,6271,420,1813,1796,0,492,0,0,161,0,671,14,1829,320,35174
2026/7/10,21:00,34010,1300,19987,6306,421,1831,1449,0,491,0,0,166,0,404,12,1326,317,34010
2026/7/10,21:30,33053,1299,19076,6324,421,1826,1399,0,492,0,0,179,0,27,2,1692,317,33054
2026/7/10,22:00,32492,1299,18550,6325,415,1800,1614,0,492,0,0,148,0,0,4,1551,294,32492
2026/7/10,22:30,31651,1298,17495,6326,408,1778,1583,0,492,0,0,179,0,0,1,1796,294,31650
2026/7/10,23:00,30751,1299,17114,6326,389,1780,1276,0,492,0,0,162,0,0,4,1656,254,30752
2026/7/10,23:30,29511,1299,14980,6323,389,1763,1266,0,491,0,0,166,0,0,1,2579,254,29511
2026/7/11,0:00,28336,1298,13893,6287,353,1753,1247,0,496,0,0,146,0,0,4,2705,153,28335
2026/7/11,0:30,27154,1297,12509,6165,310,1745,1235,0,494,0,0,148,0,-7,2,3049,207,27154
2026/7/11,1:00,26285,1297,11896,6111,310,1757,1196,0,494,0,0,204,0,-403,3,3215,206,26286
2026/7/11,1:30,25661,1297,11089,6053,309,1766,1190,0,494,0,0,149,0,-404,2,3505,211,25661
2026/7/11,2:00,25233,1298,10627,5979,310,1785,1194,0,494,0,0,196,0,-403,2,3545,208,25235
2026/7/11,2:30,25056,1297,10380,5975,310,1803,1245,0,496,0,0,183,0,-402,2,3559,208,25056
2026/7/11,3:00,24921,1298,10401,5976,311,1781,1343,0,496,0,0,149,0,-403,2,3360,208,24922
2026/7/11,3:30,24928,1298,10296,6056,310,1775,1376,0,497,0,0,134,0,-402,2,3382,204,24928
2026/7/11,4:00,24853,1299,10238,6088,310,1765,1370,0,498,0,0,124,0,-402,2,3314,247,24853
2026/7/11,4:30,24740,1299,10015,6163,310,1777,1373,0,497,1,0,118,0,-402,2,3368,219,24740
2026/7/11,5:00,24442,1299,9226,6257,310,1766,1359,0,496,250,0,112,0,-689,2,3826,228,24442
2026/7/11,5:30,24291,1298,9315,6323,310,1785,1279,0,497,822,0,101,0,-1690,0,4021,230,24291
2026/7/11,6:00,24472,1297,9079,6329,310,1793,1268,0,496,1629,0,85,0,-2106,0,4037,255,24472
2026/7/11,6:30,25155,1298,8831,6245,317,1775,1274,0,496,2737,0,78,0,-2265,0,4144,224,25154
2026/7/11,7:00,26495,1298,8885,6135,323,1777,1298,0,499,3934,0,64,0,-2292,2,4316,256,26495
2026/7/11,7:30,27960,1300,9648,6128,322,1742,1291,0,494,5057,0,42,0,-2326,2,3972,289,27961
2026/7/11,8:00,29553,1300,10327,6127,323,1748,1287,0,489,5999,0,35,0,-2738,2,4345,308,29552
2026/7/11,8:30,31796,1300,10760,6127,323,1754,1288,0,492,7553,0,67,0,-2577,2,4405,301,31795
2026/7/11,9:00,33335,1300,10700,6127,323,1718,1256,0,487,8588,0,59,0,-1982,3,4386,370,33335
2026/7/11,9:30,34544,1300,10688,6199,324,1753,1227,0,488,9645,0,36,0,-1871,3,4391,362,34545
2026/7/11,10:00,35676,1299,10658,6316,323,1760,1233,0,485,10670,0,44,0,-1879,3,4360,403,35675
2026/7/11,10:30,36263,1300,10664,6328,322,1758,1250,0,485,11097,0,39,0,-1797,2,4411,405,36264
2026/7/11,11:00,36541,1299,10442,6330,323,1753,1243,0,487,11505,0,44,0,-1626,4,4359,377,36540
2026/7/11,11:30,36967,1300,10242,6327,323,1750,1239,0,485,11969,0,51,0,-1001,3,3904,376,36968
2026/7/11,12:00,36775,1300,9706,6266,324,1750,1236,0,484,12252,0,58,0,-987,3,4059,325,36776
2026/7/11,12:30,36943,1300,9972,5965,324,1734,1236,0,482,12676,0,63,0,-754,1,3623,323,36945
2026/7/11,13:00,37388,1300,10597,5959,323,1719,1237,0,480,12786,0,69,0,-540,1,3149,308,37388
2026/7/11,13:30,37933,1300,11579,6167,322,1758,1244,0,480,12353,0,76,0,-529,1,2876,306,37933
2026/7/11,14:00,37735,1300,12031,6324,323,1756,1278,0,480,10933,0,74,0,-390,1,3327,299,37736
2026/7/11,14:30,37137,1299,12237,6325,323,1736,1311,0,481,9499,0,80,0,-88,2,3636,296,37137
2026/7/11,15:00,36922,1300,13182,6322,323,1702,1410,0,485,8140,0,112,0,0,1,3627,318,36922
2026/7/11,15:30,36465,1300,14433,6319,323,1710,1435,0,486,6540,0,108,0,185,3,3305,319,36466
2026/7/11,16:00,36277,1300,14532,6322,324,1727,1554,0,488,5008,0,119,0,944,7,3589,363,36277
2026/7/11,16:30,36038,1300,15211,6321,323,1718,1550,0,489,3531,0,119,0,1134,21,3956,366,36039
2026/7/11,17:00,35670,1300,15447,6319,323,1695,1581,0,489,2220,0,123,0,1821,19,3946,387,35670
2026/7/11,17:30,35537,1300,15711,6318,324,1694,1569,0,489,1127,0,136,0,2447,40,3993,387,35535
2026/7/11,18:00,35231,1299,15594,6319,323,1730,1786,0,492,412,0,140,0,2655,41,4070,370,35231
2026/7/11,18:30,35257,1299,15905,6324,323,1719,1828,0,492,18,0,138,0,2664,40,4133,373,35256
2026/7/11,19:00,35123,1300,16047,6319,323,1717,1758,0,492,0,0,140,0,2426,39,4246,316,35123
2026/7/11,19:30,34429,1298,15316,6321,322,1691,1773,0,492,0,0,135,0,2302,37,4417,325,34429
2026/7/11,20:00,33666,1299,15456,6319,322,1668,1484,0,488,0,0,132,0,1717,18,4472,292,33667
2026/7/11,20:30,32936,1300,15181,6322,323,1683,1461,0,487,0,0,128,0,1266,7,4475,304,32937
2026/7/11,21:00,32204,1300,15243,6318,323,1692,1404,0,487,0,0,126,0,984,8,4075,244,32204
2026/7/11,21:30,31285,1300,14285,6320,322,1705,1359,0,488,0,0,100,0,807,0,4350,248,31284
2026/7/11,22:00,30689,1301,14258,6323,317,1677,1341,0,489,0,0,120,0,670,2,3957,234,30689
2026/7/11,22:30,29962,1300,13896,6321,310,1723,1332,0,488,0,0,120,0,219,0,4004,249,29962
2026/7/11,23:00,29270,1300,13468,6284,310,1704,1328,0,488,0,0,123,0,51,0,3993,220,29269
2026/7/11,23:30,28238,1301,12661,6200,310,1621,1319,0,488,0,0,119,0,0,2,3998,219,28238
2026/7/12,0:00,27173,1301,12048,6164,310,1618,1221,0,480,0,0,89,0,0,7,3773,161,27172
2026/7/12,0:30,26134,1302,10863,6172,310,1616,1218,0,479,0,0,70,0,0,3,3885,216,26134
2026/7/12,1:00,25273,1302,10469,5734,310,1577,1201,0,479,0,0,65,0,0,2,3886,248,25273
2026/7/12,1:30,24605,1303,9909,5559,310,1572,1163,0,480,0,0,69,0,-3,2,3986,255,24605
2026/7/12,2:00,24259,1302,10023,5348,311,1589,1171,0,480,0,0,77,0,-248,3,3940,263,24259
2026/7/12,2:30,24170,1302,9928,5522,310,1583,1221,0,480,0,0,78,0,-366,2,3849,261,24170
2026/7/12,3:00,24113,1302,9689,5599,310,1618,1236,0,481,0,0,117,0,-449,2,3948,260,24113
2026/7/12,3:30,24094,1301,9850,5551,310,1629,1230,0,482,0,0,131,0,-456,2,3810,254,24094
2026/7/12,4:00,24165,1300,9547,5553,310,1686,1297,0,482,0,0,132,0,-207,4,3811,249,24164
2026/7/12,4:30,24122,1301,9637,5510,310,1640,1306,0,482,1,0,124,0,-204,4,3787,225,24123
2026/7/12,5:00,24062,1301,9834,5041,311,1635,1309,0,481,133,0,112,0,-337,4,4042,197,24063
2026/7/12,5:30,24126,1302,9995,4865,310,1627,1309,0,481,453,0,142,0,-564,4,4038,164,24126
2026/7/12,6:00,24426,1301,9876,4891,311,1652,1250,0,482,812,0,146,0,-773,3,4263,211,24425
2026/7/12,6:30,24791,1301,10598,5098,316,1618,1254,0,483,1129,0,158,0,-1709,2,4279,265,24792
2026/7/12,7:00,25545,1300,11189,5137,323,1595,1261,0,480,1442,0,173,0,-1944,2,4320,266,25544
2026/7/12,7:30,26109,1300,11441,5156,323,1600,1265,0,480,1777,0,192,0,-1948,2,4283,238,26109
2026/7/12,8:00,27358,1300,11579,5209,324,1615,1284,0,480,2594,0,191,0,-1944,3,4407,317,27359
2026/7/12,8:30,29037,1299,12506,5255,324,1600,1292,0,485,3511,0,196,0,-1900,1,4152,315,29036
2026/7/12,9:00,30408,1300,13134,5095,323,1574,1278,0,479,4300,0,228,0,-1499,4,3826,366,30408
2026/7/12,9:30,31750,1300,13686,5047,323,1563,1244,0,484,5033,0,250,0,-1338,0,3799,357,31748
2026/7/12,10:00,32233,1301,13403,5060,323,1566,1231,0,483,5211,0,260,0,-1340,0,4360,373,32231
2026/7/12,10:30,32826,1300,13636,5035,323,1640,1203,0,477,5424,0,239,0,-1337,0,4507,378,32825
2026/7/12,11:00,33189,1301,14149,4981,324,1664,1194,0,477,4920,0,242,0,-1014,0,4637,315,33190
2026/7/12,11:30,32879,1300,13895,4944,323,1637,1162,0,476,4167,0,253,0,-278,13,4671,316,32879
2026/7/12,12:00,32734,1300,14032,5077,324,1630,1128,0,473,3742,0,223,0,0,20,4504,281,32734
2026/7/12,12:30,32790,1299,14481,5234,323,1620,1128,0,474,3487,0,201,0,0,20,4234,288,32789
2026/7/12,13:00,32608,1300,15346,5311,324,1623,1104,0,473,2884,0,203,0,0,20,3736,285,32609
2026/7/12,13:30,32632,1300,16362,5592,323,1617,1116,0,473,2447,0,205,0,0,19,2886,291,32631
2026/7/12,14:00,32446,1300,15020,5689,323,1641,1197,0,472,2110,0,205,0,0,10,4184,295,32446
2026/7/12,14:30,32600,1301,14831,5770,323,1618,1233,0,473,1848,0,191,0,0,4,4719,288,32599
2026/7/12,15:00,32636,1301,15002,5895,323,1619,1342,0,472,1408,0,182,0,0,0,4795,299,32638
2026/7/12,15:30,32425,1301,15305,6013,324,1634,1372,0,474,1058,0,215,0,0,4,4425,300,32425
2026/7/12,16:00,32769,1300,15079,6169,324,1621,1513,0,475,834,0,212,0,0,1,4883,359,32770
2026/7/12,16:30,33251,1300,15538,6167,323,1617,1528,0,475,623,0,206,0,0,5,5113,357,33252
2026/7/12,17:00,33734,1300,16206,6164,324,1635,1604,0,477,425,0,222,0,112,8,4886,372,33735
2026/7/12,17:30,34196,1300,17109,6166,324,1635,1623,0,477,251,0,242,0,425,22,4247,375,34196
2026/7/12,18:00,34514,1300,17364,6168,323,1646,1742,0,480,110,0,280,0,635,23,4092,350,34513
2026/7/12,18:30,35019,1300,17322,6171,323,1643,1753,0,480,8,0,301,0,698,22,4644,355,35020
2026/7/12,19:00,35039,1300,17242,6170,323,1664,1683,0,479,0,0,312,0,869,25,4659,313,35039
2026/7/12,19:30,34628,1300,16823,6169,323,1621,1699,0,480,0,0,313,0,911,22,4651,316,34628
2026/7/12,20:00,33856,1299,16632,6174,323,1634,1428,0,482,0,0,303,0,616,13,4661,291,33856
2026/7/12,20:30,33384,1301,16103,6170,323,1624,1406,0,483,0,0,326,0,404,10,4940,294,33384
2026/7/12,21:00,32497,1300,15758,6170,323,1625,1359,0,482,0,0,365,0,346,8,4496,266,32498
2026/7/12,21:30,31639,1300,14927,6169,323,1605,1309,0,483,0,0,342,0,294,3,4605,278,31638
2026/7/12,22:00,30823,1300,14148,6165,318,1571,1290,0,483,0,0,335,0,237,0,4754,222,30823
2026/7/12,22:30,29925,1300,13420,6170,310,1559,1286,0,483,0,0,394,0,153,0,4615,234,29924
2026/7/12,23:00,29332,1300,12317,6208,310,1656,1296,0,483,0,0,390,0,0,2,5171,198,29331
2026/7/12,23:30,28352,1300,11018,6241,310,1764,1298,0,483,0,0,402,0,0,2,5395,139,28352
2026/7/13,0:00,27389,1299,11419,5884,310,1746,1211,0,480,0,0,310,0,0,4,4556,172,27391
2026/7/13,0:30,26262,1298,10635,5496,310,1724,1213,0,479,0,0,313,0,-3,1,4576,219,26261
2026/7/13,1:00,25515,1298,10629,5075,311,1700,1219,0,479,0,0,306,0,-243,2,4539,202,25517
2026/7/13,1:30,25072,1296,10240,4812,310,1707,1222,0,480,0,0,302,0,-421,2,4911,211,25072
2026/7/13,2:00,24751,1297,10838,4991,310,1700,1249,0,479,0,0,324,0,-1276,2,4625,213,24752
2026/7/13,2:30,24694,1297,11006,5665,311,1736,1282,0,480,0,0,328,0,-1937,0,4314,213,24695
2026/7/13,3:00,24747,1296,11144,5756,310,1725,1298,0,481,0,0,317,0,-2097,0,4302,214,24746
2026/7/13,3:30,24773,1295,11456,5837,310,1770,1291,0,481,0,0,291,0,-2376,1,4207,211,24774
2026/7/13,4:00,24823,1295,11743,5843,310,1745,1385,0,481,0,0,277,0,-2336,0,3874,207,24824
2026/7/13,4:30,25006,1293,12416,5838,311,1731,1387,0,480,1,0,248,0,-2593,0,3715,178,25005
2026/7/13,5:00,25486,1294,12654,5842,311,1678,1405,0,480,69,0,247,0,-2308,0,3619,195,25486
2026/7/13,5:30,25899,1293,13173,5859,312,1628,1407,0,480,121,0,270,0,-2376,1,3537,194,25899
2026/7/13,6:00,27130,1293,13245,5887,311,1556,1423,0,482,237,0,273,0,-2132,1,4348,206,27130
2026/7/13,6:30,28386,1294,13782,5709,317,1575,1363,0,482,432,0,268,0,-1193,1,4106,250,28386
2026/7/13,7:00,30578,1294,14802,5635,324,1572,1364,0,480,741,0,256,0,-405,2,4211,302,30578
2026/7/13,7:30,32519,1294,15950,5962,324,1597,1373,0,480,989,0,234,0,-404,3,4455,263,32520
2026/7/13,8:00,34921,1294,17627,6161,323,1589,1389,0,473,1289,0,253,0,-130,1,4284,369,34922
2026/7/13,8:30,36985,1293,19025,6281,324,1590,1403,0,479,1692,0,309,0,5,1,4209,374,36985
2026/7/13,9:00,38889,1293,19599,6313,324,1642,1362,0,470,2306,0,283,0,125,16,4800,356,38889
2026/7/13,9:30,39390,1292,20212,6312,324,1613,1327,0,476,2835,0,274,0,121,14,4218,372,39390
2026/7/13,10:00,39665,1292,19496,6306,328,1634,1366,0,475,3689,0,280,0,123,2,4316,359,39666
2026/7/13,10:30,41013,1293,20258,6302,329,1620,1347,0,469,4546,0,277,0,126,2,4079,364,41012
2026/7/13,11:00,41661,1293,20773,6299,329,1602,1350,0,470,4603,0,298,0,641,2,3647,353,41660
2026/7/13,11:30,42027,1293,20997,6299,360,1594,1363,0,470,4339,0,308,0,203,2,4438,361,42027
2026/7/13,12:00,41484,1293,21189,6300,417,1606,1377,0,469,3819,0,309,0,88,2,4262,353,41484
2026/7/13,12:30,41204,1293,21265,6300,416,1650,1382,0,468,2868,0,308,0,468,15,4419,353,41205
2026/7/13,13:00,41874,1291,21896,6301,416,1636,1462,0,466,2018,0,302,0,1563,0,4247,274,41872
2026/7/13,13:30,41859,1293,21437,6309,417,1630,1473,0,466,1694,0,297,0,1590,4,4970,280,41860
2026/7/13,14:00,41979,1292,22050,6150,416,1651,1500,0,467,1880,0,278,0,1550,15,4459,272,41980
2026/7/13,14:30,42532,1293,22453,6027,416,1659,1535,0,470,2038,0,295,0,1583,4,4491,268,42532
2026/7/13,15:00,42562,1293,22121,5887,417,1672,1574,0,476,1773,0,284,0,1761,23,5010,271,42562
2026/7/13,15:30,42556,1293,22544,5774,416,1649,1591,0,482,1300,0,292,0,1398,25,5523,268,42555
2026/7/13,16:00,42600,1293,23035,5709,416,1624,1759,0,488,1039,0,307,0,1769,13,4855,293,42600
2026/7/13,16:30,42281,1293,22903,5642,416,1629,1768,0,490,774,0,271,0,2115,18,4679,284,42282
2026/7/13,17:00,41291,1292,23197,5637,416,1663,1837,0,493,459,0,271,0,1795,22,3896,312,41290
2026/7/13,17:30,40886,1292,23395,5633,416,1623,1836,0,494,309,0,259,0,1985,24,3318,301,40885
2026/7/13,18:00,40547,1292,23528,5634,417,1652,1944,0,497,159,0,239,0,1882,24,2943,336,40547
2026/7/13,18:30,40419,1292,23611,5634,417,1700,1963,0,497,11,0,215,0,2026,38,2672,342,40418
2026/7/13,19:00,39754,1293,23423,5635,417,1701,1967,0,497,0,0,204,0,1817,18,2500,282,39754
2026/7/13,19:30,38898,1293,22849,5639,418,1652,1978,0,499,0,0,189,0,1300,17,2768,297,38899
2026/7/13,20:00,37792,1293,22354,5639,417,1654,1668,0,501,0,0,171,0,644,10,3167,273,37791
2026/7/13,20:30,36933,1293,22031,5640,418,1642,1640,0,501,0,0,146,0,490,7,2838,286,36932
2026/7/13,21:00,35717,1293,21107,5639,418,1662,1579,0,501,0,0,135,0,276,6,2866,236,35718
2026/7/13,21:30,34569,1292,19966,5641,418,1659,1524,0,501,0,0,142,0,133,4,3035,255,34570
2026/7/13,22:00,33910,1293,19659,5641,413,1671,1555,0,501,0,0,146,0,0,0,2769,263,33911
2026/7/13,22:30,33042,1291,18874,5642,405,1692,1549,0,501,0,0,145,0,0,2,2742,199,33042
2026/7/13,23:00,32064,1292,18104,5643,405,1658,1497,0,500,0,0,123,0,0,3,2630,209,32064
2026/7/13,23:30,30767,1293,16217,5647,406,1644,1477,0,499,0,0,170,0,0,3,3179,231,30766
2026/7/14,0:00,29518,1293,14939,5710,353,1643,1419,0,498,0,0,148,0,0,2,3305,207,29517
2026/7/14,0:30,28240,1294,13134,5755,311,1629,1408,0,498,0,0,188,0,0,2,3763,260,28242
2026/7/14,1:00,27316,1294,12430,5794,310,1646,1393,0,498,0,0,145,0,-119,2,3683,241,27317
2026/7/14,1:30,26626,1293,11617,5775,310,1650,1385,0,499,0,0,139,0,-211,6,3915,248,26626
2026/7/14,2:00,26350,1293,12200,5760,311,1640,1380,0,497,0,0,123,0,-912,7,3802,250,26351
2026/7/14,2:30,26140,1293,12486,5744,311,1652,1412,0,497,0,0,101,0,-1718,4,4111,247,26140
2026/7/14,3:00,26098,1293,12823,5723,311,1636,1433,0,498,0,0,91,0,-1995,5,4027,253,26098
2026/7/14,3:30,26039,1294,12791,5672,311,1651,1439,0,498,0,0,96,0,-2280,7,4316,244,26039
2026/7/14,4:00,26212,1294,12705,5644,310,1603,1516,0,498,0,0,146,0,-2364,8,4607,245,26212
2026/7/14,4:30,26097,1294,12936,5639,310,1578,1497,0,497,1,0,149,0,-2709,4,4688,214,26098
2026/7/14,5:00,26158,1294,13733,5579,311,1622,1422,0,497,252,0,90,0,-3223,4,4338,239,26158
2026/7/14,5:30,26501,1294,13676,5520,311,1598,1421,0,497,865,0,120,0,-3861,2,4859,198,26500
2026/7/14,6:00,27733,1294,14353,5495,311,1606,1442,0,498,1823,0,108,0,-3830,2,4418,214,27734
2026/7/14,6:30,29463,1294,13767,5497,316,1608,1443,0,498,3075,0,104,0,-2981,2,4609,231,29463
2026/7/14,7:00,31830,1294,14275,5484,323,1614,1422,0,497,4415,0,134,0,-2570,1,4690,253,31832
2026/7/14,7:30,34453,1294,14991,5447,323,1597,1404,0,497,5923,0,116,0,-2165,18,4798,211,34454
2026/7/14,8:00,37851,1295,15768,5487,323,1578,1402,0,490,7273,0,102,0,-883,6,4797,213,37851
2026/7/14,8:30,40467,1295,16891,5496,323,1560,1395,0,495,8403,0,98,0,-174,6,4451,226,40465
2026/7/14,9:00,42996,1295,18323,5498,322,1567,1356,0,486,10184,0,121,0,0,6,3598,238,42994
2026/7/14,9:30,44825,1295,19100,5496,323,1561,1354,0,492,11736,0,135,0,0,5,3077,252,44826
2026/7/14,10:00,45874,1295,17505,5496,323,1583,1347,0,491,12759,0,136,0,-182,1,4862,256,45872
2026/7/14,10:30,46894,1295,17501,5494,322,1585,1324,0,485,13633,0,126,0,-287,0,5151,266,46895
2026/7/14,11:00,48026,1294,17989,5604,342,1565,1306,0,487,14011,0,120,0,-287,0,5331,265,48027
2026/7/14,11:30,48153,1294,18208,5696,389,1570,1286,0,487,13767,0,103,0,-103,2,5181,272,48152
2026/7/14,12:00,47352,1295,17350,5832,416,1576,1266,0,485,13514,0,102,0,0,1,5248,267,47352
2026/7/14,12:30,47547,1296,17748,5930,416,1573,1276,0,485,13283,0,121,0,-179,0,5332,266,47547
2026/7/14,13:00,48674,1295,19351,6009,417,1515,1624,0,477,12588,0,120,0,-170,2,5180,265,48673
2026/7/14,13:30,48744,1296,21334,6148,416,1467,1638,0,477,11398,0,95,0,-117,4,4317,270,48743
2026/7/14,14:00,48150,1295,21884,6160,415,1470,1726,0,476,10244,0,108,0,-118,4,4213,273,48150
2026/7/14,14:30,47924,1294,22624,6165,416,1509,1780,0,477,9435,0,105,0,158,4,3687,271,47925
2026/7/14,15:00,47667,1295,23211,6163,417,1493,1787,0,479,8382,0,105,0,167,5,3888,275,47667
2026/7/14,15:30,47953,1295,24613,6160,417,1524,1816,0,480,7125,0,131,0,381,7,3734,270,47953
2026/7/14,16:00,47782,1296,24805,6163,417,1566,2032,0,487,5585,0,134,0,1159,16,3852,270,47782
2026/7/14,16:30,47284,1296,25534,6162,418,1608,2058,0,487,3950,0,134,0,2040,29,3306,262,47284
2026/7/14,17:00,46198,1296,25782,6203,418,1572,2069,0,490,2474,0,122,0,2726,13,2780,253,46198
2026/7/14,17:30,45323,1296,25935,6283,417,1571,2083,0,491,1336,0,122,0,2771,24,2757,236,45322
2026/7/14,18:00,44459,1296,25769,6310,419,1604,2141,0,493,539,0,124,0,2494,34,2991,245,44459
2026/7/14,18:30,43893,1295,25747,6311,419,1574,2168,0,493,26,0,124,0,2074,46,3372,244,43893
2026/7/14,19:00,43206,1295,25624,6313,418,1559,2168,0,495,0,0,131,0,1546,43,3366,247,43205
2026/7/14,19:30,42178,1295,25477,6316,419,1551,2134,0,497,0,0,128,0,984,36,3077,264,42178
2026/7/14,20:00,40845,1294,24825,6315,419,1549,1574,0,498,0,0,129,0,565,27,3425,224,40844
2026/7/14,20:30,39962,1296,23971,6315,420,1565,1532,0,497,0,0,126,0,371,13,3616,241,39963
2026/7/14,21:00,38610,1296,23244,6316,420,1494,1386,0,498,0,0,129,0,124,5,3443,255,38610
2026/7/14,21:30,37295,1296,22186,6315,420,1489,1349,0,498,0,0,141,0,0,1,3333,267,37295
2026/7/14,22:00,36435,1295,20852,6315,415,1454,1322,0,499,0,0,143,0,0,4,3869,266,36434
2026/7/14,22:30,35353,1295,19893,6314,408,1479,1315,0,499,0,0,140,0,0,2,3794,213,35352
2026/7/14,23:00,34247,1294,19361,6313,408,1455,1258,0,498,0,0,146,0,0,5,3300,210,34248
2026/7/14,23:30,32826,1295,17916,6312,408,1415,1234,0,498,0,0,150,0,0,5,3365,229,32827
2026/7/15,0:00,31430,1294,16816,6315,356,1464,1187,0,478,0,0,67,0,-122,6,3374,194,31429
2026/7/15,0:30,30046,1294,15127,6314,313,1463,1179,0,476,0,0,68,0,-140,5,3703,243,30045
2026/7/15,1:00,28927,1295,13689,6317,313,1465,1174,0,471,0,0,63,0,-140,6,4025,250,28928
2026/7/15,1:30,28321,1295,13212,6313,312,1480,1164,0,472,0,0,68,0,-261,8,3997,259,28319
2026/7/15,2:00,27735,1295,12967,6314,314,1503,1159,0,473,0,0,60,0,-472,9,3907,207,27736
2026/7/15,2:30,27534,1295,13041,6247,313,1540,1188,0,473,0,0,56,0,-534,8,3701,207,27535
2026/7/15,3:00,27404,1294,13104,6315,313,1502,1216,0,474,0,0,51,0,-762,8,3682,209,27406
2026/7/15,3:30,27353,1293,13413,6321,313,1440,1237,0,475,0,0,50,0,-1021,8,3617,206,27352
2026/7/15,4:00,27378,1293,13871,6316,313,1401,1237,0,474,0,0,50,0,-1105,8,3271,248,27377
2026/7/15,4:30,27439,1293,14053,6319,313,1276,1232,0,473,1,0,50,0,-1428,8,3629,219,27438
2026/7/15,5:00,27702,1294,14798,6318,314,1220,1187,0,473,228,0,50,0,-2028,8,3654,187,27703
2026/7/15,5:30,28080,1294,14089,6315,314,1263,1189,0,474,946,0,44,0,-2381,8,4297,229,28081
2026/7/15,6:00,29334,1294,14066,6311,313,1287,1158,0,476,2004,0,50,0,-2332,8,4444,255,29334
2026/7/15,6:30,31183,1294,14428,6314,319,1263,1138,0,476,3450,0,51,0,-2319,8,4555,205,31182
2026/7/15,7:00,33869,1294,15491,6315,326,1182,1137,0,476,5123,0,33,0,-2132,7,4354,262,33868
2026/7/15,7:30,36356,1293,15870,6313,326,1172,1150,0,475,6873,0,30,0,-1610,3,4241,219,36355
2026/7/15,8:00,39672,1294,15182,6313,321,1196,1211,0,469,8612,0,52,0,-222,4,4967,274,39673
2026/7/15,8:30,42781,1294,17101,6311,321,1267,1221,0,468,10200,0,44,0,0,12,4257,285,42781
2026/7/15,9:00,45205,1295,18022,6310,320,1343,1200,0,465,11593,0,33,0,0,3,4353,267,45204
2026/7/15,9:30,46762,1295,18516,6311,321,1397,1191,0,466,12766,0,42,0,134,1,4038,283,46761
2026/7/15,10:00,47653,1296,18380,6315,321,1437,1112,0,464,13656,0,60,0,159,3,4166,284,47653
2026/7/15,10:30,48444,1296,18151,6316,321,1441,1098,0,464,14230,0,61,0,1,2,4774,290,48445
2026/7/15,11:00,49152,1295,19322,6314,342,1481,1099,0,466,14660,0,61,0,194,2,3642,274,49152
2026/7/15,11:30,49566,1294,19295,6316,385,1548,1086,0,466,14759,0,70,0,228,2,3839,278,49566
2026/7/15,12:00,49184,1294,17792,6313,409,1525,1075,0,465,14641,0,74,0,1,2,5366,228,49185
2026/7/15,12:30,49181,1294,18207,6314,408,1500,1088,0,464,14284,0,82,0,0,2,5316,223,49182
2026/7/15,13:00,50070,1293,20245,6316,408,1511,1239,0,462,13667,0,125,0,146,4,4431,222,50069
2026/7/15,13:30,50508,1294,21855,6310,410,1514,1285,0,462,12835,0,130,0,627,8,3562,216,50508
2026/7/15,14:00,50491,1294,22353,6307,415,1509,1452,0,461,11713,0,137,0,629,11,3985,225,50491
2026/7/15,14:30,50384,1294,23168,6309,415,1491,1516,0,462,10400,0,146,0,930,8,4023,222,50384
2026/7/15,15:00,50302,1295,23007,6306,415,1461,1983,0,464,8860,0,155,0,1186,14,4885,273,50304
2026/7/15,15:30,50121,1294,24364,6309,415,1460,2020,0,465,7072,0,142,0,2567,6,3735,271,50120
2026/7/15,16:00,49930,1293,25038,6311,415,1524,2254,0,465,5345,0,157,0,4261,20,2556,291,49930
2026/7/15,16:30,49325,1294,25151,6314,415,1659,2567,0,466,3671,0,139,0,4790,26,2557,278,49327
2026/7/15,17:00,47561,1294,25229,6311,416,1635,2615,0,469,2169,0,139,0,4148,26,2820,291,47562
2026/7/15,17:30,46184,1294,25303,6310,416,1569,2646,0,469,1046,0,162,0,4516,30,2150,271,46182
2026/7/15,18:00,45099,1295,25174,6309,417,1617,2555,0,473,350,0,182,0,4346,28,2077,277,45100
2026/7/15,18:30,44752,1295,25341,6312,417,1636,2390,0,472,14,0,196,0,4056,32,2305,287,44753
2026/7/15,19:00,43958,1295,25215,6308,416,1704,2335,0,474,0,0,216,0,3659,29,2014,293,43958
2026/7/15,19:30,43014,1295,24956,6313,417,1638,2252,0,475,0,0,199,0,3113,12,2031,313,43014
2026/7/15,20:00,41738,1295,24474,6310,418,1570,2185,0,477,0,0,204,0,2571,7,1942,285,41738
2026/7/15,20:30,40690,1295,23823,6314,417,1522,2114,0,476,0,0,180,0,1419,6,2827,296,40689
2026/7/15,21:00,39331,1294,23452,6316,419,1496,1649,0,477,0,0,174,0,793,4,3012,245,39331
2026/7/15,21:30,38108,1294,22051,6313,420,1484,1595,0,478,0,0,203,0,692,3,3314,260,38107
2026/7/15,22:00,37127,1295,20551,6315,413,1510,1593,0,478,0,0,235,0,693,3,3843,197,37126
2026/7/15,22:30,35932,1294,20176,6317,407,1535,1576,0,478,0,0,218,0,248,6,3459,218,35932
2026/7/15,23:00,34877,1295,20078,6313,408,1529,1228,0,477,0,0,196,0,22,10,3122,201,34879
2026/7/15,23:30,33469,1295,18578,6312,408,1539,1191,0,476,0,0,157,0,-1,7,3362,146,33470
2026/7/16,0:00,32018,1295,17507,6314,357,1537,1126,0,479,0,0,151,0,-308,7,3404,149,32018
2026/7/16,0:30,30699,1293,17218,6318,314,1521,1128,0,477,0,0,162,0,-1200,4,3257,206,30698
2026/7/16,1:00,29733,1294,17243,6316,313,1493,1122,0,476,0,0,124,0,-1853,0,3006,198,29732
2026/7/16,1:30,28991,1295,17006,6314,313,1503,1119,0,475,0,0,111,0,-2565,0,3207,212,28990
2026/7/16,2:00,28446,1295,16935,6318,314,1503,1122,0,474,0,0,119,0,-3053,0,3208,211,28446
2026/7/16,2:30,28183,1295,16960,6318,313,1507,1142,0,475,0,0,91,0,-3472,0,3340,212,28181
2026/7/16,3:00,28108,1295,17078,6318,313,1491,1138,0,476,0,0,112,0,-3607,0,3282,211,28107
2026/7/16,3:30,28145,1295,17377,6317,314,1505,1122,0,477,0,0,114,0,-3925,0,3343,206,28145
2026/7/16,4:00,28222,1295,17342,6318,313,1512,1092,0,476,0,0,97,0,-4044,0,3614,207,28222
2026/7/16,4:30,28350,1294,17486,6316,313,1500,1083,0,476,1,0,111,0,-4037,0,3628,180,28351
2026/7/16,5:00,28604,1294,17538,6315,313,1502,1090,0,475,160,0,123,0,-4032,1,3621,203,28603
2026/7/16,5:30,28938,1295,17537,6316,313,1560,1108,0,476,570,0,106,0,-4798,5,4290,161,28939
2026/7/16,6:00,30281,1294,18355,6313,314,1553,1128,0,476,1237,0,96,0,-4921,4,4213,218,30280
2026/7/16,6:30,32064,1294,18320,6316,320,1547,1099,0,478,2178,0,92,0,-4119,0,4362,179,32066
2026/7/16,7:00,34608,1294,18311,6317,326,1552,1095,0,475,3421,0,122,0,-2824,0,4265,255,34609
2026/7/16,7:30,37129,1294,18282,6314,326,1517,1100,0,475,4879,0,108,0,-1538,1,4140,230,37128
2026/7/16,8:00,40345,1294,18960,6317,326,1496,1178,0,469,6141,0,119,0,-753,2,4543,254,40346
2026/7/16,8:30,43291,1294,20455,6313,326,1479,1182,0,468,7082,0,137,0,-675,19,4940,271,43291
2026/7/16,9:00,45341,1294,22172,6342,326,1497,1163,0,465,7986,0,76,0,-101,6,3868,248,45342
2026/7/16,9:30,46568,1294,22550,6357,325,1506,1153,0,464,8873,0,90,0,142,4,3543,266,46567
2026/7/16,10:00,47497,1294,22334,6360,326,1538,1075,0,461,9590,0,81,0,1,1,4173,264,47498
2026/7/16,10:30,48221,1294,21769,6363,325,1505,1075,0,461,10509,0,95,0,78,1,4468,279,48222
2026/7/16,11:00,48860,1293,21514,6358,345,1473,1194,0,462,11386,0,71,0,1,2,4500,259,48858
2026/7/16,11:30,49478,1293,21918,6389,390,1458,1200,0,462,12024,0,82,0,0,4,3994,263,49477
2026/7/16,12:00,49503,1293,21083,6412,415,1515,1360,0,461,12344,0,67,0,0,1,4335,218,49504
2026/7/16,12:30,49936,1292,21682,6408,415,1519,1399,0,466,12144,0,70,0,0,1,4319,221,49936
2026/7/16,13:00,51471,1292,22488,6405,415,1522,1951,0,459,11617,0,36,0,3,3,5070,209,51470
2026/7/16,13:30,51949,1292,23641,6423,414,1537,1982,0,464,10640,0,86,0,343,4,4911,212,51949
2026/7/16,14:00,52024,1292,24167,6456,414,1558,1990,0,459,9463,0,74,0,928,5,5004,215,52025
2026/7/16,14:30,52137,1292,24901,6451,415,1592,2031,0,458,8188,0,73,0,1315,2,5202,217,52137
2026/7/16,15:00,51291,1293,24889,6450,414,1622,2075,0,466,6755,0,66,0,1863,1,5143,255,51292
2026/7/16,15:30,50828,1292,25441,6460,414,1674,2111,0,467,5192,0,33,0,2827,9,4651,256,50827
2026/7/16,16:00,50497,1290,25577,6497,415,1706,2273,0,464,3817,0,19,0,3500,18,4650,270,50496
2026/7/16,16:30,49740,1293,25614,6502,415,1841,2335,0,464,2564,0,16,0,3677,27,4728,264,49740
2026/7/16,17:00,48181,1293,25399,6501,416,1858,2350,0,468,1475,0,56,0,3751,29,4312,273,48181
2026/7/16,17:30,47315,1293,25642,6499,416,1914,2393,0,468,681,0,23,0,3746,32,3943,265,47315
2026/7/16,18:00,46412,1294,25709,6503,417,1894,2435,0,471,226,0,15,0,4132,33,2993,291,46413
2026/7/16,18:30,46090,1294,25729,6498,416,1895,2372,0,471,7,0,54,0,5312,35,1716,291,46090
2026/7/16,19:00,45186,1293,25589,6503,418,1808,2176,0,472,0,0,88,0,4234,29,2284,292,45186
2026/7/16,19:30,44144,1294,25669,6498,418,1802,2114,0,473,0,0,56,0,3463,15,2035,307,44144
2026/7/16,20:00,42770,1293,25606,6500,418,1770,1544,0,475,0,0,91,0,3030,10,1754,279,42770
2026/7/16,20:30,41701,1293,25574,6505,419,1761,1491,0,475,0,0,29,0,1854,3,2004,293,41701
2026/7/16,21:00,40305,1294,24738,6503,419,1782,1303,0,475,0,0,28,0,1259,4,2253,248,40306
2026/7/16,21:30,39029,1295,23259,6503,419,1632,1271,0,475,0,0,86,0,305,2,3511,271,39029
2026/7/16,22:00,38084,1294,22895,6500,413,1611,1368,0,474,0,0,62,0,29,0,3214,224,38084
2026/7/16,22:30,36856,1295,21863,6500,406,1649,1363,0,475,0,0,35,0,0,2,3068,199,36855
2026/7/16,23:00,35768,1294,20970,6504,407,1725,1213,0,475,0,0,37,0,0,2,2972,168,35767
2026/7/16,23:30,34457,1294,19285,6504,407,1783,1205,0,476,0,0,31,0,0,2,3279,192,34458
2026/7/17,0:00,32934,1294,18501,6501,356,1828,1164,0,473,0,0,20,0,-566,1,3202,160,32934
2026/7/17,0:30,31459,1293,18369,6500,314,1811,1151,0,472,0,0,26,0,-1724,10,3023,216,31461
2026/7/17,1:00,30494,1294,18176,6504,313,1774,1144,0,473,0,0,18,0,-2420,6,3012,199,30493
2026/7/17,1:30,29671,1294,18050,6505,313,1752,1141,0,473,0,0,17,0,-3126,4,3039,209,29671
2026/7/17,2:00,29069,1294,18281,6503,313,1779,1138,0,474,0,0,16,0,-3739,0,2799,211,29069
2026/7/17,2:30,28781,1293,18302,6506,314,1754,1159,0,472,0,0,16,0,-4057,0,2814,209,28782
2026/7/17,3:00,28635,1293,18514,6503,313,1733,1188,0,474,0,0,18,0,-4349,0,2738,211,28636
2026/7/17,3:30,28620,1292,18440,6507,313,1715,1196,0,475,0,0,17,0,-4435,0,2895,205,28620
2026/7/17,4:00,28653,1293,18631,6507,313,1731,1267,0,475,0,0,17,0,-4740,0,2920,238,28652
2026/7/17,4:30,28740,1291,19109,6505,313,1704,1274,0,475,1,0,17,0,-4989,0,2830,210,28740
2026/7/17,5:00,29077,1291,19285,6507,313,1710,1268,0,475,143,0,17,0,-4907,0,2799,176,29077
2026/7/17,5:30,29571,1292,18568,6507,313,1734,1262,0,475,440,0,18,0,-4511,0,3335,138,29571
2026/7/17,6:00,30962,1293,19512,6506,320,1726,1167,0,476,888,0,19,0,-4478,0,3324,210,30963
2026/7/17,6:30,32755,1293,20068,6507,337,1790,1145,0,476,1443,0,21,0,-3850,0,3334,191,32755
2026/7/17,7:00,35188,1293,18612,6503,366,1760,1124,0,473,2191,0,47,0,-1745,5,4371,187,35187
2026/7/17,7:30,37634,1293,18972,6507,410,1773,1134,0,473,3047,0,45,0,-282,4,4084,173,37633
2026/7/17,8:00,40670,1293,20604,6509,438,1741,1156,0,468,4071,0,48,0,0,4,4087,250,40669
2026/7/17,8:30,43792,1294,22047,6505,439,1739,1152,0,466,5403,0,52,0,0,2,4438,255,43792
2026/7/17,9:00,46320,1294,23481,6510,439,1758,1133,0,462,6211,0,84,0,79,5,4625,238,46319
2026/7/17,9:30,47351,1295,24051,6509,439,1748,1136,0,462,6185,0,87,0,327,6,4847,260,47352
2026/7/17,10:00,47047,1294,23923,6508,438,1727,1131,0,460,5842,0,89,0,437,5,4958,234,47046
2026/7/17,10:30,47149,1294,23928,6510,438,1738,1119,0,460,6144,0,90,0,594,5,4578,251,47149
2026/7/17,11:00,47700,1293,24221,6510,438,1768,1113,0,461,6254,0,95,0,844,5,4483,214,47699
2026/7/17,11:30,47203,1293,24038,6512,439,1754,1127,0,460,5784,0,98,0,895,8,4574,221,47203
2026/7/17,12:00,45781,1292,23139,6510,438,1781,1733,0,466,5115,0,74,0,154,2,4861,215,45780
2026/7/17,12:30,45140,1293,22990,6507,438,1744,1757,0,470,4525,0,80,0,0,2,5120,216,45142
2026/7/17,13:00,45593,1292,23979,6510,440,1755,1787,0,467,3910,0,114,0,63,3,5057,216,45593
2026/7/17,13:30,45462,1292,24085,6508,440,1769,1813,0,466,3298,0,117,0,320,6,5125,221,45460
2026/7/17,14:00,45011,1293,24033,6504,440,1753,1806,0,464,2955,0,106,0,278,3,5116,260,45011
2026/7/17,14:30,45096,1293,24179,6504,441,1764,1849,0,463,2706,0,81,0,447,3,5104,262,45096
2026/7/17,15:00,44338,1294,24405,6507,441,1745,1914,0,465,2030,0,112,0,1140,8,4025,252,44338
2026/7/17,15:30,44410,1293,24788,6508,441,1714,1972,0,466,1582,0,110,0,2151,19,3077,289,44410
2026/7/17,16:00,44233,1293,24856,6509,441,1726,2132,0,469,1182,0,91,0,2849,30,2375,280,44233
2026/7/17,16:30,43864,1292,24805,6509,441,1736,2153,0,469,834,0,94,0,3095,35,2130,271,43864
2026/7/17,17:00,42915,1293,24620,6509,441,1748,2190,0,476,540,0,110,0,2280,34,2415,260,42916
2026/7/17,17:30,42147,1293,24427,6511,441,1767,2188,0,476,291,0,133,0,1830,37,2501,253,42148
2026/7/17,18:00,41594,1293,24351,6509,442,1759,2067,0,479,123,0,129,0,1459,41,2675,265,41592
2026/7/17,18:30,41362,1294,24470,6509,442,1781,2052,0,478,6,0,127,0,1342,49,2543,268,41361
2026/7/17,19:00,40588,1294,23958,6514,443,1788,2025,0,481,0,0,129,0,1201,32,2442,281,40588
2026/7/17,19:30,39755,1294,23881,6513,444,1787,2017,0,482,0,0,130,0,879,20,2010,297,39754
2026/7/17,20:00,38565,1294,23259,6514,391,1767,1699,0,488,0,0,133,0,911,7,1845,257,38565
2026/7/17,20:30,37740,1293,22705,6512,348,1747,1647,0,484,0,0,116,0,1087,3,1526,271,37739
2026/7/17,21:00,36532,1294,21970,6512,349,1761,1492,0,484,0,0,70,0,1211,1,1135,253,36532
2026/7/17,21:30,35258,1294,20049,6509,348,1722,1490,0,485,0,0,107,0,434,0,2548,273,35259
2026/7/17,22:00,34637,1294,19618,6507,341,1763,1603,0,484,0,0,100,0,2,0,2671,254,34637
2026/7/17,22:30,33752,1294,19274,6508,334,1768,1595,0,484,0,0,77,0,0,0,2177,242,33753
2026/7/17,23:00,32807,1295,17857,6508,334,1757,1396,0,484,0,0,76,0,0,6,2924,170,32807
2026/7/17,23:30,31704,1295,16873,6512,334,1749,1387,0,485,0,0,87,0,0,7,2787,190,31706
2026/7/18,0:00,30369,1294,15447,6472,334,1740,1258,0,482,0,0,90,0,0,4,3044,205,30370
2026/7/18,0:30,29206,1294,14520,6351,334,1727,1249,0,481,0,0,104,0,0,1,2892,252,29205
2026/7/18,1:00,28202,1294,14186,6299,333,1715,1255,0,481,0,0,80,0,0,1,2316,242,28202
2026/7/18,1:30,27532,1294,13990,6240,334,1739,1260,0,482,0,0,72,0,0,0,1873,249,27533
2026/7/18,2:00,27121,1293,13270,6164,333,1721,1242,0,482,0,0,90,0,0,0,2263,262,27120
2026/7/18,2:30,26790,1294,13144,6164,333,1752,1263,0,482,0,0,67,0,0,0,2033,259,26791
2026/7/18,3:00,26607,1295,13172,6173,334,1752,1272,0,484,0,0,79,0,0,0,1783,263,26607
2026/7/18,3:30,26586,1295,13068,6250,334,1738,1265,0,484,0,0,73,0,0,0,1827,253,26587
2026/7/18,4:00,26323,1295,12506,6243,334,1743,1323,0,484,0,0,74,0,-124,0,2188,258,26324
2026/7/18,4:30,26214,1295,12494,6285,334,1744,1331,0,483,1,0,70,0,-201,0,2157,223,26216
2026/7/18,5:00,26466,1295,12341,6484,334,1776,1345,0,483,105,0,65,0,-144,0,2129,251,26464
2026/7/18,5:30,26416,1295,11779,6513,334,1731,1351,0,483,395,0,40,0,-14,2,2292,213,26414
2026/7/18,6:00,26809,1294,11528,6516,334,1717,1278,0,484,795,0,43,0,0,0,2625,196,26810
2026/7/18,6:30,27568,1294,10758,6513,340,1729,1264,0,484,1397,0,52,0,0,1,3468,268,27568
2026/7/18,7:00,28859,1295,11178,6514,347,1768,1257,0,481,2018,0,44,0,0,2,3641,314,28859
2026/7/18,7:30,30249,1295,11567,6514,346,1801,1264,0,481,2590,0,61,0,0,2,4041,288,30250
2026/7/18,8:00,31553,1296,11649,6508,346,1797,1264,0,477,2934,0,66,0,0,2,4896,318,31553
2026/7/18,8:30,33084,1296,12623,6512,347,1814,1268,0,475,3432,0,68,0,0,1,4934,314,33084
2026/7/18,9:00,34296,1295,13454,6512,347,1799,1285,0,474,4036,0,65,0,0,0,4707,322,34296
2026/7/18,9:30,35064,1294,13628,6513,346,1815,1292,0,478,4792,0,69,0,0,0,4514,322,35063
2026/7/18,10:00,35435,1295,13469,6515,346,1797,1254,0,474,5495,0,94,0,0,1,4380,316,35436
2026/7/18,10:30,36433,1294,13763,6515,346,1758,1254,0,471,6440,0,79,0,0,0,4189,323,36432
2026/7/18,11:00,36797,1295,13741,6518,346,1738,1259,0,471,6639,0,92,0,0,5,4370,323,36797
2026/7/18,11:30,37246,1296,13556,6512,346,1727,1294,0,475,6452,0,100,0,0,4,5161,323,37246
2026/7/18,12:00,36596,1297,13247,6511,346,1746,1298,0,473,5764,0,113,0,0,4,5474,323,36596
2026/7/18,12:30,36024,1297,13360,6515,346,1767,1307,0,473,5409,0,116,0,0,4,5111,319,36024
2026/7/18,13:00,36138,1296,13587,6513,347,1779,1376,0,473,5242,0,124,0,0,9,5070,321,36137
2026/7/18,13:30,36039,1295,13601,6512,346,1833,1386,0,472,5020,0,122,0,0,5,5123,323,36038
2026/7/18,14:00,36206,1296,13969,6511,366,1844,1437,0,471,4875,0,121,0,347,5,4640,325,36207
2026/7/18,14:30,36182,1295,14169,6511,410,1822,1463,0,472,4546,0,120,0,410,4,4641,320,36183
2026/7/18,15:00,36101,1295,14328,6513,440,1781,1654,0,472,3931,0,114,0,540,1,4710,322,36101
2026/7/18,15:30,36007,1296,14474,6510,440,1785,1697,0,473,3261,0,109,0,669,0,4971,322,36007
2026/7/18,16:00,35893,1297,14487,6514,441,1799,2050,0,472,2523,0,94,0,1357,6,4531,322,35893
2026/7/18,16:30,35785,1298,14351,6510,441,1788,2061,0,473,1894,0,91,0,1594,12,4953,318,35784
2026/7/18,17:00,35663,1297,14904,6511,441,1755,2017,0,479,1209,0,120,0,1715,25,4875,316,35664
2026/7/18,17:30,35558,1297,15621,6509,441,1765,2050,0,479,610,0,115,0,1591,30,4733,318,35559
2026/7/18,18:00,35451,1296,16694,6510,441,1812,2317,0,482,217,0,99,0,1707,28,3543,306,35452
2026/7/18,18:30,35533,1296,17354,6510,441,1801,2327,0,482,6,0,109,0,1682,27,3185,312,35532
2026/7/18,19:00,35372,1296,17582,6510,441,1817,2360,0,483,0,0,138,0,1579,28,2836,301,35371
2026/7/18,19:30,34861,1297,17363,6511,442,1851,2368,0,484,0,0,118,0,1400,24,2688,314,34860
2026/7/18,20:00,34013,1299,16744,6509,442,1808,1864,0,484,0,0,132,0,1105,21,3293,311,34012
2026/7/18,20:30,33436,1299,16618,6511,442,1823,1768,0,481,0,0,124,0,995,10,3053,314,33438
2026/7/18,21:00,32561,1299,16216,6511,442,1821,1581,0,481,0,0,116,0,957,4,2821,312,32561
2026/7/18,21:30,31712,1299,16087,6347,442,1811,1587,0,482,0,0,129,0,818,5,2443,262,31712
2026/7/18,22:00,31288,1298,16323,5999,437,1831,1328,0,480,0,0,108,0,481,1,2755,246,31287
2026/7/18,22:30,30586,1298,15552,5784,429,1793,1318,0,481,0,0,122,0,60,3,3487,259,30586
2026/7/18,23:00,29903,1298,15171,5962,377,1776,1293,0,481,0,0,116,0,0,0,3146,283,29903
2026/7/18,23:30,28842,1299,14216,5890,334,1738,1279,0,482,0,0,110,0,0,1,3185,310,28844
2026/7/19,0:00,27690,1300,12378,5537,334,1690,1301,0,478,0,0,126,0,0,9,4225,311,27689
2026/7/19,0:30,26617,1300,11795,5094,334,1654,1292,0,478,0,0,76,0,-42,10,4362,263,26616
2026/7/19,1:00,25938,1300,11174,5095,334,1651,1291,0,479,0,0,102,0,-517,8,4722,300,25939
2026/7/19,1:30,25176,1300,11008,5095,334,1648,1280,0,479,0,0,97,0,-949,8,4569,306,25175
2026/7/19,2:00,24989,1300,11319,5097,334,1650,1291,0,480,0,0,63,0,-1413,8,4549,311,24989
2026/7/19,2:30,24872,1300,11327,5097,334,1660,1326,0,479,0,0,77,0,-1884,8,4838,311,24873
2026/7/19,3:00,24796,1301,12204,5156,334,1671,1233,0,480,0,0,75,0,-2108,3,4142,306,24797
2026/7/19,3:30,24850,1300,12074,5261,335,1676,1230,0,481,0,0,67,0,-2271,2,4390,304,24849
2026/7/19,4:00,24861,1302,11864,5294,334,1669,1258,0,480,0,0,76,0,-2277,12,4558,292,24862
2026/7/19,4:30,24790,1302,12179,5237,334,1628,1256,0,480,1,0,109,0,-2259,12,4246,265,24790
2026/7/19,5:00,24810,1302,12266,5385,335,1636,1255,0,479,166,0,73,0,-2260,10,3951,213,24811
2026/7/19,5:30,24881,1303,12119,5582,334,1648,1264,0,480,610,0,57,0,-2310,9,3520,264,24880
2026/7/19,6:00,25177,1302,11842,5558,333,1635,1270,0,480,1354,0,76,0,-3056,6,4107,269,25176
2026/7/19,6:30,25975,1302,11894,5506,340,1638,1256,0,481,2500,0,70,0,-3787,4,4530,241,25975
2026/7/19,7:00,27315,1302,11916,5513,347,1640,1223,0,479,3804,0,68,0,-3875,1,4682,214,27314
2026/7/19,7:30,28754,1302,11427,5481,346,1663,1226,0,479,5129,0,60,0,-4082,1,5453,268,28753
2026/7/19,8:00,30535,1302,11098,5193,347,1649,1360,0,476,6415,0,66,0,-3689,2,6028,290,30537
2026/7/19,8:30,32437,1303,10983,5060,346,1580,1376,0,479,7577,0,69,0,-2843,1,6224,282,32437
2026/7/19,9:00,34108,1303,11073,5211,346,1604,1342,0,473,8474,0,43,0,-1921,0,5847,313,34108
2026/7/19,9:30,35096,1303,11151,5215,347,1602,1335,0,477,9222,0,87,0,-1560,2,5609,307,35097
2026/7/19,10:00,35698,1302,11150,5218,347,1621,1288,0,476,9945,0,89,0,-1814,1,5762,313,35698
2026/7/19,10:30,36655,1302,11220,5223,347,1620,1201,0,476,10983,0,91,0,-1868,1,5738,320,36654
2026/7/19,11:00,37428,1301,11557,5240,346,1639,1217,0,471,11642,0,85,0,-1854,1,5461,320,37426
2026/7/19,11:30,38090,1302,11032,5192,346,1598,1255,0,475,11957,0,82,0,-1838,3,6362,323,38089
2026/7/19,12:00,38275,1301,10981,5068,346,1584,1264,0,473,12092,0,90,0,-1419,1,6176,317,38274
2026/7/19,12:30,38444,1302,10884,5074,346,1614,1269,0,473,12266,0,53,0,-1275,1,6116,320,38443
2026/7/19,13:00,38710,1302,10712,5269,347,1606,1265,0,472,12430,0,55,0,-886,1,5825,313,38711
2026/7/19,13:30,38877,1302,11111,5575,347,1597,1268,0,472,12068,0,49,0,-562,1,5333,314,38875
2026/7/19,14:00,38887,1303,11294,5634,346,1605,1229,0,472,11172,0,62,0,-379,1,5831,316,38886
2026/7/19,14:30,39069,1302,12373,5776,347,1659,1253,0,472,10098,0,61,0,-16,1,5424,318,39068
2026/7/19,15:00,39011,1301,13512,5861,347,1615,1213,0,472,8694,0,69,0,181,0,5432,314,39011
2026/7/19,15:30,39134,1301,14937,5862,347,1578,1216,0,473,7288,0,72,0,512,0,5229,318,39133
2026/7/19,16:00,39073,1300,16427,5863,348,1609,1352,0,471,5665,0,56,0,566,0,5101,315,39073
2026/7/19,16:30,39198,1300,17417,5862,348,1638,1384,0,472,4049,0,43,0,874,6,5496,310,39199
2026/7/19,17:00,39080,1300,17991,5863,347,1671,1449,0,476,2505,0,55,0,2205,18,4888,312,39080
2026/7/19,17:30,39034,1300,18244,5859,348,1608,1455,0,477,1309,0,57,0,3512,26,4527,313,39035
2026/7/19,18:00,38606,1302,18319,5862,348,1649,1513,0,481,504,0,55,0,3074,25,5170,304,38606
2026/7/19,18:30,38373,1300,18335,5864,348,1614,1515,0,481,17,0,57,0,3872,23,4639,309,38374
2026/7/19,19:00,38239,1300,18378,5861,348,1610,1546,0,482,0,0,60,0,4918,27,3417,293,38240
2026/7/19,19:30,37763,1300,18441,5862,349,1629,1544,0,482,0,0,63,0,4436,27,3322,307,37762
2026/7/19,20:00,36735,1300,18473,5863,347,1555,1392,0,482,0,0,66,0,3820,26,3106,304,36734
2026/7/19,20:30,36064,1298,18479,5864,348,1553,1358,0,480,0,0,61,0,3500,14,2799,309,36063
2026/7/19,21:00,35113,1300,17964,5850,348,1558,1316,0,480,0,0,67,0,2236,13,3701,280,35113
2026/7/19,21:30,34204,1300,17314,5863,347,1570,1296,0,480,0,0,47,0,1785,7,3898,296,34203
2026/7/19,22:00,33261,1300,17235,5862,342,1622,1255,0,479,0,0,54,0,1352,4,3480,276,33261
2026/7/19,22:30,32342,1300,16190,5864,334,1645,1247,0,480,0,0,81,0,705,6,4198,293,32343
2026/7/19,23:00,31502,1300,15754,5902,334,1711,1253,0,480,0,0,111,0,91,4,4284,278,31502
2026/7/19,23:30,30355,1299,14469,5984,334,1775,1274,0,481,0,0,74,0,0,1,4447,217,30355
2026/7/20,0:00,29354,1300,13945,6008,335,1718,1177,0,479,0,0,73,0,-26,5,4173,167,29354
2026/7/20,0:30,28215,1299,13400,6010,334,1679,1165,0,479,0,0,54,0,-420,1,3993,219,28213
2026/7/20,1:00,27354,1300,12979,6013,334,1719,1153,0,480,0,0,44,0,-886,0,3913,305,27354
2026/7/20,1:30,26639,1300,12710,6014,335,1782,1146,0,480,0,0,42,0,-1378,0,3898,310,26639
2026/7/20,2:00,26208,1300,12913,6013,335,1798,1148,0,481,0,0,40,0,-1701,2,3619,261,26209
2026/7/20,2:30,26000,1300,12760,6013,335,1764,1171,0,480,0,0,37,0,-1701,0,3577,263,25999
2026/7/20,3:00,25976,1300,13083,6014,334,1779,1176,0,482,0,0,37,0,-1819,2,3317,272,25977
2026/7/20,3:30,25949,1300,13141,6013,334,1778,1142,0,483,0,0,36,0,-1895,0,3349,268,25949
2026/7/20,4:00,26197,1299,14049,6054,334,1752,1138,0,482,0,0,34,0,-2313,0,3058,310,26197
2026/7/20,4:30,26085,1300,13907,6129,335,1756,1144,0,481,0,0,37,0,-2408,0,3123,282,26086
2026/7/20,5:00,26401,1299,14178,6147,335,1782,1266,0,481,203,0,43,0,-2418,6,2819,260,26401
2026/7/20,5:30,26767,1300,12981,6143,335,1777,1275,0,481,901,0,60,0,-2670,6,3951,227,26767
2026/7/20,6:00,27629,1300,12075,6140,335,1770,1286,0,482,1940,0,29,0,-2776,2,4816,230,27629
2026/7/20,6:30,28857,1300,10858,6139,341,1802,1280,0,483,3476,0,35,0,-3000,2,5939,203,28858
2026/7/20,7:00,30749,1300,11048,6139,347,1804,1260,0,479,5305,0,28,0,-3051,1,5784,304,30748
2026/7/20,7:30,32902,1300,11575,6138,346,1808,1189,0,479,7227,0,19,0,-2991,2,5494,316,32902
2026/7/20,8:00,35651,1299,12629,6141,347,1771,1180,0,474,9062,0,58,0,-2805,2,5172,323,35653
2026/7/20,8:30,38191,1299,13282,6155,347,1749,1171,0,477,10624,0,40,0,-2476,2,5213,307,38190
2026/7/20,9:00,40471,1297,13897,6182,346,1755,1140,0,470,11989,0,36,0,-2445,2,5478,324,40471
2026/7/20,9:30,42240,1298,13989,6200,346,1726,1147,0,474,13127,0,42,0,-2446,1,6019,316,42239
2026/7/20,10:00,43524,1298,14258,6200,346,1744,1152,0,473,14020,0,52,0,-2705,5,6392,289,43524
2026/7/20,10:30,44490,1298,14479,6182,345,1761,1139,0,473,14560,0,63,0,-2467,2,6370,284,44489
2026/7/20,11:00,45199,1298,14795,6185,346,1797,1138,0,469,14888,0,48,0,-2051,3,6015,267,45198
2026/7/20,11:30,45856,1298,15376,6190,346,1795,1133,0,474,14931,0,78,0,-1610,3,5568,274,45856
2026/7/20,12:00,46048,1298,15217,6187,347,1784,1133,0,472,14739,0,69,0,-1614,1,6141,273,46047
2026/7/20,12:30,46271,1297,15718,6189,347,1733,1144,0,472,14284,0,84,0,-1260,2,5991,269,46270
2026/7/20,13:00,46636,1298,16990,6181,347,1771,1157,0,471,13610,0,81,0,-1104,3,5552,278,46635
2026/7/20,13:30,46731,1297,17678,6196,346,1764,1131,0,471,12690,0,79,0,-635,1,5431,282,46731
2026/7/20,14:00,46984,1298,18360,6197,346,1781,1129,0,470,11596,0,89,0,-12,1,5462,268,46985
2026/7/20,14:30,46833,1298,19501,6209,347,1775,1156,0,471,10270,0,89,0,10,1,5441,265,46833
2026/7/20,15:00,46743,1298,20156,6246,347,1737,1176,0,472,8864,0,89,0,326,1,5749,283,46744
2026/7/20,15:30,46776,1298,21114,6283,347,1771,1198,0,474,7328,0,86,0,894,0,5699,284,46776
2026/7/20,16:00,47013,1298,22156,6286,347,1766,1380,0,472,5708,0,44,0,1582,5,5672,297,47013
2026/7/20,16:30,46889,1297,22717,6287,347,1783,1420,0,472,3989,0,51,0,2846,20,5361,299,46889
2026/7/20,17:00,46485,1299,22758,6287,346,1808,1467,0,480,2436,0,59,0,4353,28,4856,309,46486
2026/7/20,17:30,46166,1297,22873,6281,347,1809,1477,0,480,1263,0,57,0,6497,39,3430,317,46167
2026/7/20,18:00,45612,1298,22880,6286,348,1816,1593,0,484,469,0,55,0,4159,39,5874,311,45612
2026/7/20,18:30,45006,1298,22935,6284,347,1762,1532,0,484,13,0,56,0,4242,37,5694,321,45005
2026/7/20,19:00,44531,1298,23179,6284,347,1775,1506,0,486,0,0,60,0,3642,40,5627,286,44530
2026/7/20,19:30,43691,1298,23302,6283,347,1775,1495,0,486,0,0,68,0,2711,36,5590,300,43691
2026/7/20,20:00,42595,1299,22789,6284,347,1792,1245,0,487,0,0,74,0,2237,13,5756,273,42596
2026/7/20,20:30,41545,1299,22651,6285,346,1780,1206,0,485,0,0,69,0,1845,8,5295,277,41546
2026/7/20,21:00,40360,1298,22651,6284,347,1764,1214,0,484,0,0,97,0,1602,5,4362,252,40360
2026/7/20,21:30,39200,1298,22252,6285,347,1750,1188,0,484,0,0,75,0,797,1,4464,259,39200
2026/7/20,22:00,38156,1297,22056,6283,341,1811,1184,0,484,0,0,101,0,398,1,3963,237,38156
2026/7/20,22:30,36781,1299,21029,6284,334,1807,1180,0,484,0,0,99,0,27,2,3980,255,36780
2026/7/20,23:00,35647,1299,21176,6285,334,1798,1149,0,484,0,0,98,0,-923,0,3711,236,35647
2026/7/20,23:30,34231,1299,21340,6282,333,1786,1147,0,484,0,0,55,0,-2666,2,3995,174,34231
2026/7/21,0:00,32775,1300,20545,6283,334,1788,1072,0,482,0,0,44,0,-3727,5,4491,159,32776
2026/7/21,0:30,31524,1300,19460,6282,334,1801,1073,0,482,0,0,52,0,-3772,2,4295,214,31523
2026/7/21,1:00,30414,1299,18316,6282,334,1774,1075,0,482,0,0,56,0,-3770,2,4368,198,30416
2026/7/21,1:30,29664,1300,17585,6286,334,1829,1093,0,482,0,0,53,0,-3760,2,4251,209,29664
2026/7/21,2:00,29119,1299,16566,6284,334,1857,1112,0,483,0,0,54,0,-3750,2,4666,212,29119
2026/7/21,2:30,28890,1300,16438,6284,333,1840,1124,0,483,0,0,56,0,-3747,2,4570,206,28889
2026/7/21,3:00,28635,1300,16154,6285,334,1813,1146,0,484,0,0,56,0,-3738,2,4586,213,28635
2026/7/21,3:30,28503,1300,16002,6286,333,1845,1133,0,485,0,0,57,0,-3729,2,4586,203,28503
2026/7/21,4:00,28477,1300,15956,6305,334,1842,1142,0,484,0,0,60,0,-3694,2,4548,199,28478
2026/7/21,4:30,28591,1300,15376,6352,333,1817,1151,0,484,0,0,55,0,-2601,2,4151,169,28589
2026/7/21,5:00,28982,1300,15389,6363,335,1821,1220,0,484,183,0,53,0,-2148,2,3783,196,28981
2026/7/21,5:30,29681,1300,15307,6049,334,1824,1229,0,484,797,0,48,0,-2321,2,4473,155,29681
2026/7/21,6:00,31378,1300,15877,6011,339,1791,1209,0,485,1617,0,54,0,-2796,2,5306,186,31381
2026/7/21,6:30,33548,1299,16505,5941,345,1784,1182,0,485,2671,0,48,0,-2693,2,5756,223,33548
2026/7/21,7:00,36105,1300,16351,6198,353,1783,1108,0,482,3850,0,41,0,-1587,3,5990,233,36105
2026/7/21,7:30,38926,1300,16655,5803,384,1817,1094,0,482,5420,0,50,0,-570,7,6300,184,38926
2026/7/21,8:00,42704,1300,17791,6099,438,1783,1099,0,477,7168,0,45,0,0,6,6253,245,42704
2026/7/21,8:30,46453,1300,19833,6506,437,1781,1114,0,476,8900,0,53,0,0,4,5794,256,46454
2026/7/21,9:00,49232,1300,21827,6506,436,1768,1098,0,472,10292,0,36,0,0,3,5242,253,49233
2026/7/21,9:30,50856,1299,21859,6504,436,1777,1085,0,472,11502,0,37,0,0,3,5614,269,50857
2026/7/21,10:00,51864,1299,21840,6504,436,1774,1060,0,470,12500,0,36,0,-2,2,5697,248,51864
2026/7/21,10:30,52708,1298,21841,6499,435,1766,1022,0,470,13297,0,35,0,-1,2,5785,260,52709
2026/7/21,11:00,53352,1298,22204,6499,435,1754,1020,0,470,13857,0,36,0,-5,3,5562,219,53352
2026/7/21,11:30,53882,1298,22163,6498,435,1771,1037,0,471,14086,0,36,0,0,1,5861,225,53882
2026/7/21,12:00,53209,1298,21590,6497,433,1806,1056,0,470,13934,0,34,0,-274,1,6150,216,53211
2026/7/21,12:30,53223,1298,22524,6498,433,1864,1077,0,473,13367,0,42,0,-282,1,5715,213,53223
2026/7/21,13:00,53694,1298,22987,6488,434,1872,1310,0,472,12375,0,36,0,125,2,6082,214,53695
2026/7/21,13:30,54043,1297,23763,6492,433,1945,1794,0,472,11467,0,57,0,855,3,5246,218,54042
2026/7/21,14:00,53958,1296,24556,6494,435,1938,1896,0,468,10177,0,24,0,771,4,5682,218,53959
2026/7/21,14:30,53737,1296,24916,6498,435,1942,2053,0,468,8921,0,25,0,1034,2,5932,216,53738
2026/7/21,15:00,53530,1296,25515,6496,436,1888,2289,0,469,8027,0,26,0,1558,2,5322,206,53530
2026/7/21,15:30,53866,1296,26086,6545,435,1876,2361,0,470,6929,0,26,0,2241,6,5349,245,53865
2026/7/21,16:00,53658,1296,26486,6589,437,1935,2555,0,475,5296,0,25,0,3088,31,5203,242,53658
2026/7/21,16:30,53087,1296,26554,6589,438,1920,2598,0,475,3630,0,22,0,4283,36,5013,233,53087
2026/7/21,17:00,51800,1296,26653,6590,438,1895,2488,0,479,2225,0,23,0,4744,39,4664,264,51798
2026/7/21,17:30,50706,1296,26709,6594,438,1850,2490,0,479,1159,0,23,0,5226,40,4150,251,50705
2026/7/21,18:00,49489,1295,26773,6591,439,1877,2439,0,483,425,0,25,0,4850,32,4067,193,49489
2026/7/21,18:30,48795,1297,26800,6594,438,1910,2393,0,483,10,0,23,0,4298,36,4312,200,48794
2026/7/21,19:00,48276,1296,26826,6512,439,1866,2434,0,486,0,0,31,0,4267,25,3877,217,48276
2026/7/21,19:30,47419,1297,26707,6503,439,1857,2425,0,487,0,0,57,0,4085,20,3313,229,47419
2026/7/21,20:00,46140,1297,26323,6508,441,1848,2358,0,487,0,0,41,0,3345,9,3254,230,46141
2026/7/21,20:30,45082,1297,25768,6506,441,1867,2339,0,485,0,0,53,0,2999,4,3086,238,45083
2026/7/21,21:00,43593,1296,25273,6506,440,1910,2298,0,485,0,0,76,0,2416,5,2675,211,43591
2026/7/21,21:30,42245,1296,23931,6511,441,1897,2274,0,485,0,0,57,0,906,3,4217,225,42243
2026/7/21,22:00,41129,1295,24294,6511,434,1819,1276,0,485,0,0,65,0,1006,3,3696,245,41129
2026/7/21,22:30,39812,1295,23197,6508,427,1755,1190,0,485,0,0,86,0,868,1,3798,202,39812
2026/7/21,23:00,38406,1296,22310,6507,427,1695,1125,0,484,0,0,51,0,284,8,4033,186,38406
2026/7/21,23:30,36888,1295,21659,6508,427,1623,1068,0,485,0,0,65,0,-341,9,3879,211,36888
2026/7/22,0:00,35151,1296,21190,6506,377,1641,1015,0,479,0,0,74,0,-805,8,3185,186,35152
2026/7/22,0:30,33718,1297,20654,6507,335,1593,982,0,480,0,0,57,0,-1416,8,2983,238,33718
2026/7/22,1:00,32410,1297,19070,6508,334,1618,927,0,480,0,0,60,0,-2281,7,4193,197,32410
2026/7/22,1:30,31521,1297,18405,6511,335,1608,928,0,481,0,0,62,0,-2506,9,4190,201,31521
2026/7/22,2:00,31022,1297,19454,6507,334,1574,954,0,482,0,0,51,0,-3017,6,3172,207,31021
2026/7/22,2:30,30644,1296,19142,6506,335,1488,974,0,481,0,0,49,0,-3882,3,4050,202,30644
2026/7/22,3:00,30260,1297,19339,6503,335,1427,989,0,482,0,0,52,0,-4066,5,3696,202,30261
2026/7/22,3:30,30145,1296,19821,6504,334,1451,978,0,484,0,0,47,0,-4120,5,3147,197,30144
2026/7/22,4:00,30056,1297,19970,6501,335,1453,953,0,483,0,0,48,0,-4370,4,3177,205,30056
2026/7/22,4:30,30178,1298,20842,6504,334,1464,924,0,483,0,0,56,0,-4508,2,2594,185,30178
2026/7/22,5:00,30531,1298,21439,6501,335,1465,1000,0,482,172,0,52,0,-5093,3,2671,209,30534
2026/7/22,5:30,31258,1298,21528,6501,335,1478,1013,0,483,804,0,53,0,-5671,0,3262,175,31259
2026/7/22,6:00,32981,1297,21487,6500,334,1521,1015,0,482,1780,0,61,0,-5918,3,4216,203,32981
2026/7/22,6:30,35277,1297,21258,6503,340,1495,1022,0,483,3231,0,55,0,-5869,2,5251,210,35278
2026/7/22,7:00,38367,1296,22182,6502,368,1510,1031,0,480,4986,0,49,0,-5410,2,5186,185,38367
2026/7/22,7:30,41349,1296,22756,6502,411,1501,956,0,480,6829,0,44,0,-4777,2,5196,152,41348
2026/7/22,8:00,45259,1295,22536,6504,436,1522,978,0,475,8560,0,56,0,-3298,3,5998,193,45258
2026/7/22,8:30,48564,1296,22614,6504,433,1508,963,0,473,10070,0,49,0,-1132,3,5590,193,48564
2026/7/22,9:00,51394,1297,23372,6503,432,1651,1226,0,468,11487,0,44,0,-374,1,5109,179,51395
2026/7/22,9:30,52938,1297,23158,6503,431,1676,1280,0,468,12553,0,43,0,-10,1,5358,181,52939
2026/7/22,10:00,53955,1296,23127,6502,429,1676,1362,0,467,13345,0,48,0,-2,1,5519,185,53955
2026/7/22,10:30,54802,1297,23131,6504,429,1720,1393,0,467,13876,0,60,0,24,1,5698,204,54804
2026/7/22,11:00,55258,1295,23316,6500,435,1637,1556,0,468,14249,0,84,0,455,1,5050,213,55259
2026/7/22,11:30,55705,1295,23524,6499,436,1650,1635,0,469,14407,0,94,0,257,5,5223,213,55707
2026/7/22,12:00,55076,1294,22950,6497,426,1600,1748,0,467,14306,0,112,0,0,8,5453,217,55078
2026/7/22,12:30,55179,1294,23389,6499,425,1574,1808,0,467,13980,0,124,0,0,5,5394,221,55180
2026/7/22,13:00,56162,1294,23911,6500,424,1559,2001,0,464,13378,0,119,0,52,6,6234,221,56163
2026/7/22,13:30,56300,1294,25043,6501,428,1568,2015,0,464,12540,0,96,0,732,3,5401,214,56299
2026/7/22,14:00,56308,1294,25523,6497,436,1587,2203,0,464,11509,0,91,0,903,4,5577,219,56307
2026/7/22,14:30,56459,1294,26020,6497,445,1598,2204,0,464,10322,0,127,0,1694,18,5571,203,56457
2026/7/22,15:00,56217,1293,26384,6492,453,1600,2343,0,465,8964,0,84,0,3174,0,4758,209,56219
2026/7/22,15:30,56285,1292,26944,6492,453,1645,2356,0,466,7401,0,84,0,3690,4,5252,205,56284
2026/7/22,16:00,56046,1292,27340,6562,453,1607,2363,0,472,5680,0,95,0,4280,18,5687,199,56048
2026/7/22,16:30,55490,1291,27665,6593,454,1616,2375,0,472,3964,0,91,0,5553,33,5200,184,55491
2026/7/22,17:00,53990,1292,27751,6606,453,1598,2376,0,475,2379,0,92,0,5314,41,5405,208,53990
2026/7/22,17:30,53012,1292,27805,6607,446,1607,2448,0,476,1231,0,88,0,5705,40,5060,206,53011
2026/7/22,18:00,51945,1292,27867,6607,434,1623,2442,0,479,451,0,88,0,4604,45,5804,209,51945
2026/7/22,18:30,51189,1292,27667,6591,434,1673,2422,0,479,11,0,88,0,5129,40,5156,208,51190
2026/7/22,19:00,50343,1292,27670,6587,435,1690,2441,0,478,0,0,90,0,4687,40,4724,208,50342
2026/7/22,19:30,49165,1291,27548,6502,433,1641,2355,0,479,0,0,136,0,4498,27,4020,236,49166
2026/7/22,20:00,47678,1291,27125,6489,431,1640,2284,0,480,0,0,143,0,3607,15,3976,196,47677
2026/7/22,20:30,46484,1290,26879,6497,431,1632,2283,0,482,0,0,121,0,2802,7,3848,212,46484
2026/7/22,21:00,44873,1291,26546,6495,430,1650,2158,0,481,0,0,104,0,1783,5,3734,197,44874
2026/7/22,21:30,43490,1291,25646,6492,432,1637,2126,0,482,0,0,145,0,618,3,4413,205,43490
2026/7/22,22:00,42270,1291,25310,6490,429,1574,1326,0,482,0,0,146,0,919,4,4101,198,42270
2026/7/22,22:30,40755,1291,24119,6490,425,1536,1261,0,482,0,0,120,0,72,5,4734,220,40755
2026/7/22,23:00,39294,1291,23554,6494,425,1403,1104,0,481,0,0,134,0,-309,7,4496,214,39294
2026/7/22,23:30,37571,1290,22940,6489,425,1398,1022,0,482,0,0,115,0,-1205,5,4463,148,37572
2026/7/23,0:00,35637,1290,21947,6488,374,1364,938,0,480,0,0,208,0,-2416,6,4791,169,35639
2026/7/23,0:30,34094,1291,21372,6487,332,1356,907,0,481,0,0,193,0,-2899,3,4353,218,34094
2026/7/23,1:00,32746,1291,21857,6490,332,1390,933,0,480,0,0,185,0,-4178,2,3771,195,32748
2026/7/23,1:30,31805,1290,21601,6488,332,1410,919,0,482,0,0,174,0,-4819,2,3719,207,31805
2026/7/23,2:00,31140,1290,21394,6493,332,1500,913,0,482,0,0,170,0,-5076,5,3433,205,31141
2026/7/23,2:30,30769,1290,20830,6492,332,1511,935,0,482,0,0,163,0,-5093,3,3620,204,30769
2026/7/23,3:00,30351,1290,20499,6493,332,1536,944,0,483,0,0,153,0,-5130,0,3544,207,30351
2026/7/23,3:30,30170,1290,20308,6492,332,1568,951,0,484,0,0,130,0,-5112,0,3528,201,30172
2026/7/23,4:00,30077,1290,20163,6495,332,1606,951,0,484,0,0,115,0,-5387,0,3823,205,30077
2026/7/23,4:30,30056,1290,20864,6496,332,1607,944,0,483,0,0,103,0,-5631,0,3389,179,30056
2026/7/23,5:00,30399,1290,21025,6491,332,1632,1021,0,483,177,0,93,0,-5629,0,3274,211,30400
2026/7/23,5:30,31379,1290,20783,6492,332,1573,1034,0,483,922,0,86,0,-5629,0,3843,170,31379
2026/7/23,6:00,33251,1290,20315,6495,331,1552,1023,0,483,1957,0,75,0,-5450,0,4965,214,33250
2026/7/23,6:30,35552,1290,20403,6496,334,1532,1022,0,484,3433,0,68,0,-4913,3,5176,224,35552
2026/7/23,7:00,38652,1290,21234,6503,357,1549,933,0,481,5206,0,57,0,-4767,4,5624,181,38652
2026/7/23,7:30,41901,1290,22182,6503,400,1548,934,0,480,7033,0,67,0,-4250,5,5575,135,41902
2026/7/23,8:00,45822,1291,22367,6502,428,1552,963,0,475,8667,0,76,0,-2529,0,5853,177,45822
2026/7/23,8:30,49426,1292,22075,6505,428,1549,961,0,474,10180,0,90,0,-410,13,6091,179,49427
2026/7/23,9:00,52226,1292,23064,6503,428,1533,985,0,470,11395,0,59,0,86,3,6224,185,52227
2026/7/23,9:30,53743,1292,23570,6502,426,1526,965,0,470,12319,0,71,0,97,3,6315,187,53743
2026/7/23,10:00,54357,1292,23359,6503,426,1539,976,0,469,13087,0,73,0,265,2,6178,188,54357
2026/7/23,10:30,55148,1292,23641,6506,426,1492,955,0,469,13599,0,57,0,391,1,6105,215,55149
2026/7/23,11:00,55501,1292,23873,6500,425,1445,1009,0,472,13876,0,67,0,469,2,5853,217,55500
2026/7/23,11:30,55807,1292,23552,6502,425,1510,1357,0,477,14129,0,69,0,292,1,5983,219,55808
2026/7/23,12:00,55379,1290,22887,6502,425,1614,1484,0,471,14117,0,56,0,93,1,6214,224,55378
2026/7/23,12:30,55450,1290,23202,6498,425,1485,1561,0,471,13741,0,64,0,89,1,6405,219,55451
2026/7/23,13:00,56396,1290,24343,6493,426,1489,1744,0,469,12927,0,78,0,454,1,6470,212,56396
2026/7/23,13:30,56124,1289,24944,6495,426,1519,1796,0,470,11686,0,72,0,855,5,6352,215,56124
2026/7/23,14:00,55721,1288,25184,6498,427,1530,1995,0,487,10625,0,121,0,922,8,6412,223,55720
2026/7/23,14:30,55585,1289,25907,6500,427,1545,2061,0,502,9700,0,119,0,960,9,6346,221,55586
2026/7/23,15:00,55032,1289,26136,6498,428,1577,2216,0,472,8427,0,54,0,1262,0,6460,214,55033
2026/7/23,15:30,54878,1289,27115,6494,428,1569,2214,0,477,6909,0,49,0,1765,9,6343,216,54877
2026/7/23,16:00,54317,1289,27456,6492,429,1628,2206,0,500,5329,0,62,0,2822,24,5878,203,54318
2026/7/23,16:30,53514,1289,27589,6488,430,1602,2196,0,498,3733,0,36,0,4480,26,4949,197,53513
2026/7/23,17:00,51791,1288,27678,6492,429,1603,2133,0,480,2229,0,43,0,4910,33,4289,182,51789
2026/7/23,17:30,50453,1289,27737,6492,430,1581,2171,0,481,1092,0,28,0,4671,36,4264,182,50454
2026/7/23,18:00,49154,1288,27792,6497,429,1427,2183,0,484,362,0,33,0,4322,40,4113,184,49154
2026/7/23,18:30,48460,1288,27849,6498,430,1374,2160,0,484,7,0,38,0,4086,28,4034,183,48459
2026/7/23,19:00,47400,1289,27772,6499,430,1412,2149,0,486,0,0,40,0,3168,38,3929,188,47400
2026/7/23,19:30,46207,1289,27634,6503,430,1410,2120,0,487,0,0,40,0,2036,17,4045,196,46207
2026/7/23,20:00,44738,1289,26826,6501,431,1366,2108,0,492,0,0,42,0,2071,11,3388,214,44739
2026/7/23,20:30,43551,1290,25960,6504,432,1368,2086,0,494,0,0,59,0,1957,6,3172,224,43552
2026/7/23,21:00,42082,1289,25303,6498,432,1344,1646,0,489,0,0,58,0,1197,6,3626,196,42084
2026/7/23,21:30,40672,1288,24390,6501,431,1345,1640,0,494,0,0,84,0,170,1,4112,215,40671
2026/7/23,22:00,39535,1289,24341,6504,429,1284,1259,0,493,0,0,79,0,66,0,3591,199,39534
2026/7/23,22:30,38190,1288,23297,6503,426,1282,1195,0,494,0,0,29,0,0,0,3454,221,38189
2026/7/23,23:00,36977,1289,22832,6502,426,1263,1054,0,489,0,0,21,0,0,0,2894,208,36978
2026/7/23,23:30,35526,1289,21133,6499,426,1296,995,0,490,0,0,22,0,0,0,3192,183,35525
2026/7/24,0:00,33802,1289,19045,6495,374,1279,920,0,481,0,0,35,0,-262,6,3988,153,33803
2026/7/24,0:30,32382,1290,18722,6495,331,1286,893,0,481,0,0,25,0,-1612,4,4258,209,32382
2026/7/24,1:00,31325,1290,18356,6497,330,1275,906,0,481,0,0,26,0,-2682,2,4653,190,31324
2026/7/24,1:30,30581,1289,18377,6500,330,1266,899,0,482,0,0,19,0,-3497,2,4712,203,30582
2026/7/24,2:00,29910,1289,17846,6502,330,1318,913,0,482,0,0,15,0,-3904,3,4914,203,29911
2026/7/24,2:30,29597,1288,17696,6506,331,1328,903,0,482,0,0,20,0,-4007,10,4838,202,29597
2026/7/24,3:00,29353,1289,17612,6501,330,1389,907,0,484,0,0,17,0,-4261,1,4875,207,29351
2026/7/24,3:30,29210,1290,17674,6504,331,1406,907,0,484,0,0,18,0,-4492,2,4891,195,29210
2026/7/24,4:00,29080,1291,17940,6505,331,1456,910,0,484,0,0,17,0,-4733,0,4632,249,29082
2026/7/24,4:30,29191,1290,18248,6508,331,1494,914,0,483,0,0,14,0,-4759,2,4443,223,29191
2026/7/24,5:00,29488,1290,17921,6507,331,1537,979,0,482,125,0,15,0,-4643,2,4745,197,29488
2026/7/24,5:30,29974,1290,17870,6506,331,1538,999,0,484,547,0,16,0,-4455,1,4691,157,29975
2026/7/24,6:00,31465,1289,17552,6505,331,1538,1027,0,483,1190,0,14,0,-4067,0,5428,174,31464
2026/7/24,6:30,33040,1290,17714,6505,334,1522,1029,0,483,1951,0,12,0,-3332,0,5307,225,33040
2026/7/24,7:00,35060,1290,18187,6507,337,1517,941,0,480,2875,0,14,0,-1660,1,4385,186,35060
2026/7/24,7:30,37410,1291,18422,6509,337,1494,949,0,480,3946,0,12,0,-439,2,4273,134,37410
2026/7/24,8:00,40420,1291,19249,6508,337,1440,1012,0,476,5029,0,11,0,-2,3,4892,175,40421
2026/7/24,8:30,43383,1291,21025,6508,337,1490,1034,0,475,6066,0,18,0,1,2,4960,176,43383
2026/7/24,9:00,45739,1291,22585,6506,337,1520,1025,0,470,6954,0,12,0,86,11,4760,181,45738
2026/7/24,9:30,47213,1291,23371,6507,337,1546,981,0,470,7597,0,36,0,89,1,4785,201,47212
2026/7/24,10:00,47850,1290,23213,6504,336,1565,955,0,469,8105,0,20,0,217,2,4968,206,47850
2026/7/24,10:30,48866,1291,23691,6504,337,1592,941,0,470,8848,0,20,0,310,3,4631,229,48867
2026/7/24,11:00,49332,1290,23065,6502,357,1605,970,0,472,9174,0,13,0,285,5,5362,230,49330
2026/7/24,11:30,49841,1291,23427,6506,401,1590,1009,0,473,9646,0,20,0,89,3,5149,236,49840
2026/7/24,12:00,49444,1292,22999,6503,431,1591,1279,0,472,9722,0,21,0,-92,4,5001,221,49444
2026/7/24,12:30,49810,1292,23251,6503,430,1543,1303,0,472,9875,0,27,0,-19,5,4910,219,49811
2026/7/24,13:00,51084,1291,24154,6507,431,1546,1495,0,471,9720,0,29,0,332,3,4887,219,51085
2026/7/24,13:30,51544,1292,24594,6508,431,1524,1537,0,470,9063,0,43,0,806,6,5049,221,51544
2026/7/24,14:00,51696,1291,24693,6509,431,1551,1768,0,470,8271,0,43,0,1736,4,4702,227,51696
2026/7/24,14:30,51435,1291,24544,6513,430,1616,1771,0,470,7483,0,57,0,2042,6,4985,226,51434
2026/7/24,15:00,51126,1291,24662,6509,431,1584,1847,0,471,6522,0,51,0,2126,8,5401,223,51126
2026/7/24,15:30,50844,1290,25165,6507,433,1549,1830,0,472,5186,0,33,0,3014,24,5125,215,50843
2026/7/24,16:00,49903,1289,25458,6517,434,1560,1917,0,475,3862,0,27,0,3540,42,4566,217,49904
2026/7/24,16:30,48575,1291,25787,6515,434,1580,1944,0,476,2533,0,25,0,3708,47,4030,206,48576
2026/7/24,17:00,46450,1290,25143,6517,435,1556,1894,0,479,1424,0,39,0,3265,33,4180,195,46450
2026/7/24,17:30,45361,1291,25254,6517,435,1548,1899,0,480,683,0,33,0,3263,33,3731,194,45361
2026/7/24,18:00,44576,1291,25256,6517,436,1523,1835,0,484,215,0,32,0,3179,37,3588,184,44577
2026/7/24,18:30,44253,1289,25174,6515,436,1537,1837,0,484,5,0,32,0,3342,33,3386,184,44254
2026/7/24,19:00,43662,1290,24954,6506,436,1518,1846,0,485,0,0,35,0,3491,19,2879,202,43661
2026/7/24,19:30,42742,1289,24837,6504,435,1528,1848,0,487,0,0,35,0,2996,12,2550,219,42740
2026/7/24,20:00,41556,1290,24401,6514,434,1590,1841,0,488,0,0,49,0,1382,10,3341,216,41556
2026/7/24,20:30,40651,1290,24155,6510,434,1598,1826,0,488,0,0,42,0,646,7,3424,230,40650
2026/7/24,21:00,39540,1290,23215,6508,433,1610,1225,0,488,0,0,44,0,122,1,4407,195,39538
2026/7/24,21:30,38264,1290,22151,6509,435,1663,1241,0,489,0,0,61,0,0,1,4215,210,38265
2026/7/24,22:00,37615,1290,22064,6508,431,1695,1117,0,488,0,0,72,0,0,0,3763,187,37615
2026/7/24,22:30,36591,1289,20795,6513,428,1716,1114,0,488,0,0,55,0,0,0,3990,203,36591
2026/7/24,23:00,35561,1289,18927,6511,428,1721,972,0,488,0,0,58,0,0,3,4962,203,35562
2026/7/24,23:30,34130,1289,17537,6509,429,1702,956,0,489,0,0,60,0,-3,1,4983,179,34131
2026/7/25,0:00,32667,1289,16498,6471,374,1684,911,0,500,0,0,66,0,-617,32,5289,170,32667
2026/7/25,0:30,31337,1290,15199,6354,331,1734,904,0,500,0,0,71,0,-1008,15,5727,221,31338
2026/7/25,1:00,30283,1290,14227,6298,331,1723,913,0,501,0,0,71,0,-1006,22,5715,198,30283
2026/7/25,1:30,29391,1290,14039,6240,331,1754,942,0,501,0,0,69,0,-1006,9,5016,206,29391
2026/7/25,2:00,28745,1290,13752,6164,331,1776,978,0,502,0,0,69,0,-1113,8,4778,210,28745
2026/7/25,2:30,28429,1290,14179,6158,331,1765,996,0,501,0,0,75,0,-1429,7,4345,210,28428
2026/7/25,3:00,28120,1289,13887,6171,331,1718,1031,0,503,0,0,74,0,-1659,7,4566,203,28121
2026/7/25,3:30,28033,1290,14269,6245,330,1723,1039,0,504,0,0,72,0,-1778,6,4140,192,28032
2026/7/25,4:00,27871,1289,14632,6243,329,1726,1041,0,504,0,0,75,0,-2392,8,4223,194,27872
2026/7/25,4:30,27813,1289,15690,6292,319,1761,1026,0,503,0,0,64,0,-2920,8,3618,162,27812
2026/7/25,5:00,27945,1290,15539,6484,318,1823,1075,0,502,130,0,87,0,-3173,7,3669,195,27946
2026/7/25,5:30,27903,1290,15416,6509,316,1772,1091,0,503,582,0,78,0,-3823,4,3993,171,27902
2026/7/25,6:00,28406,1290,14836,6513,317,1713,1080,0,507,1341,0,86,0,-4126,1,4656,190,28404
2026/7/25,6:30,29434,1290,15142,6508,311,1726,1053,0,506,2447,0,88,0,-4266,0,4469,159,29433
2026/7/25,7:00,30937,1290,15136,6509,307,1711,987,0,496,3698,0,97,0,-4014,0,4515,206,30938
2026/7/25,7:30,32693,1289,14355,6505,308,1718,1022,0,495,5136,0,89,0,-3406,0,4954,227,32692
2026/7/25,8:00,35240,1289,14041,6507,306,1695,1067,0,491,6797,0,97,0,-2722,1,5452,217,35238
2026/7/25,8:30,38021,1289,14550,6507,302,1693,1068,0,490,8591,0,93,0,-1971,0,5201,209,38022
2026/7/25,9:00,40699,1290,14788,6507,297,1725,1054,0,488,10604,0,110,0,-1523,0,5141,218,40699
2026/7/25,9:30,42598,1290,14937,6505,295,1737,1048,0,487,12057,0,103,0,-1296,0,5224,210,42597
2026/7/25,10:00,43792,1290,15677,6499,293,1770,1023,0,484,13142,0,99,0,-1371,0,4658,227,43791
2026/7/25,10:30,45042,1290,16007,6499,288,1731,1018,0,484,14064,0,95,0,-1745,0,5078,234,45043
2026/7/25,11:00,45928,1290,16223,6500,288,1714,1007,0,486,14533,0,98,0,-1484,1,5048,223,45927
2026/7/25,11:30,46663,1289,16365,6504,288,1703,1003,0,486,14424,0,85,0,-1398,3,5681,230,46663
2026/7/25,12:00,46925,1290,16320,6497,287,1674,1116,0,481,14149,0,85,0,-889,3,5691,222,46926
2026/7/25,12:30,46647,1289,16076,6500,288,1715,1124,0,481,13551,0,85,0,-504,3,5818,220,46646
2026/7/25,13:00,46856,1290,15877,6503,305,1723,1503,0,480,13144,0,71,0,-536,1,6281,215,46857
2026/7/25,13:30,46756,1290,18015,6505,341,1759,1545,0,480,12350,0,73,0,-601,1,4781,217,46756
2026/7/25,14:00,46396,1290,18502,6499,371,1751,1604,0,479,11189,0,78,0,-250,0,4662,221,46396
2026/7/25,14:30,45774,1290,18628,6501,371,1746,1607,0,480,10027,0,84,0,193,1,4625,221,45774
2026/7/25,15:00,45268,1291,19295,6501,371,1736,1641,0,479,8784,0,51,0,639,2,4248,230,45268
2026/7/25,15:30,44557,1290,19852,6503,371,1716,1637,0,481,7198,0,63,0,985,8,4225,227,44556
2026/7/25,16:00,43673,1290,20205,6500,372,1748,1714,0,482,5397,0,57,0,1633,15,4030,230,43673
2026/7/25,16:30,42885,1290,20643,6491,372,1760,1718,0,483,3688,0,54,0,2092,27,4042,224,42884
2026/7/25,17:00,41747,1289,20712,6492,374,1753,1721,0,485,2186,0,49,0,2437,22,4007,220,41747
2026/7/25,17:30,40755,1291,20900,6495,374,1760,1713,0,486,1086,0,46,0,2400,34,3943,227,40755
2026/7/25,18:00,39653,1291,20204,6494,375,1785,1929,0,491,386,0,45,0,2394,40,3990,229,39653
2026/7/25,18:30,39051,1292,19519,6498,374,1755,1901,0,492,7,0,43,0,2891,35,4010,235,39052
2026/7/25,19:00,38424,1292,19046,6498,375,1776,1922,0,494,0,0,45,0,2723,36,4001,216,38424
2026/7/25,19:30,37500,1292,18599,6492,375,1793,1966,0,494,0,0,50,0,2286,27,3897,229,37500
2026/7/25,20:00,36400,1290,19106,6496,375,1764,1949,0,501,0,0,41,0,1060,6,3592,220,36400
2026/7/25,20:30,35491,1292,19129,6502,376,1749,1923,0,502,0,0,24,0,113,3,3650,228,35491
2026/7/25,21:00,34492,1291,18872,6504,375,1752,1136,0,502,0,0,25,0,0,2,3831,203,34493
2026/7/25,21:30,33601,1291,17899,6502,374,1842,1133,0,503,0,0,53,0,0,4,3788,211,33600
2026/7/25,22:00,33086,1292,17191,6505,321,1841,1112,0,502,0,0,43,0,0,8,4049,221,33085
2026/7/25,22:30,32195,1292,16542,6504,278,1818,1109,0,502,0,0,28,0,0,0,3970,152,32195
2026/7/25,23:00,31347,1292,16201,6466,278,1775,1049,0,502,0,0,43,0,0,0,3563,178,31347
2026/7/25,23:30,30293,1292,15248,6382,278,1719,1040,0,503,0,0,53,0,0,0,3581,198,30294
2026/7/26,0:00,29107,1292,14089,6336,278,1672,1015,0,488,0,0,42,0,0,6,3739,151,29108
2026/7/26,0:30,27995,1291,12411,6225,277,1666,1004,0,487,0,0,42,0,0,1,4393,197,27994
2026/7/26,1:00,27186,1291,11423,6214,278,1656,978,0,488,0,0,55,0,0,1,4608,194,27186
2026/7/26,1:30,26382,1291,10852,6060,279,1679,995,0,489,0,0,56,0,0,1,4480,201,26383
2026/7/26,2:00,25886,1292,10339,5244,278,1698,994,0,489,0,0,62,0,0,6,5274,210,25886
2026/7/26,2:30,25558,1293,10409,5048,278,1702,1012,0,489,0,0,52,0,-171,1,5237,208,25558
2026/7/26,3:00,25547,1293,10678,5042,278,1657,1021,0,491,0,0,54,0,-259,1,5079,210,25545
2026/7/26,3:30,25328,1293,11041,5058,277,1500,1020,0,491,0,0,59,0,-660,1,5050,200,25330
2026/7/26,4:00,25401,1292,11257,5060,278,1454,1005,0,491,0,0,65,0,-661,0,4958,201,25400
2026/7/26,4:30,25316,1291,11460,5059,278,1419,986,0,494,0,0,51,0,-660,4,4767,167,25316
2026/7/26,5:00,25375,1292,11989,5059,278,1428,1042,0,490,122,0,41,0,-1298,0,4727,205,25375
2026/7/26,5:30,25476,1290,12002,5057,278,1439,1072,0,491,637,0,48,0,-1854,0,4842,173,25475
2026/7/26,6:00,26019,1291,11997,5072,279,1486,1050,0,491,1436,0,46,0,-2271,1,4953,187,26018
2026/7/26,6:30,26750,1292,12038,5146,279,1509,1036,0,491,2726,0,37,0,-2522,0,4563,155,26750
2026/7/26,7:00,28142,1292,12434,5145,278,1493,967,0,488,4349,0,36,0,-2858,0,4327,190,28141
2026/7/26,7:30,29843,1292,12688,5143,278,1518,987,0,487,6185,0,48,0,-3040,0,4058,200,29844
2026/7/26,8:00,32005,1292,13359,5214,278,1480,994,0,485,7923,0,70,0,-3003,0,3694,219,32005
2026/7/26,8:30,33996,1292,12854,5126,279,1466,1016,0,484,9272,0,73,0,-2251,1,4177,207,33996
2026/7/26,9:00,36404,1291,14320,4871,279,1450,1023,0,482,10348,0,84,0,-1885,1,3916,224,36404
2026/7/26,9:30,38191,1291,14815,5007,279,1472,1036,0,481,10659,0,86,0,-1654,1,4507,211,38191
2026/7/26,10:00,39490,1289,15291,5310,278,1447,1102,0,480,10478,0,82,0,-1523,1,5028,228,39491
2026/7/26,10:30,40008,1291,15185,5632,279,1471,1098,0,480,9647,0,59,0,-880,1,5520,225,40008
2026/7/26,11:00,39493,1291,15590,5890,279,1438,1096,0,481,8452,0,45,0,-412,3,5116,224,39493
2026/7/26,11:30,39271,1291,15702,5987,279,1370,1108,0,480,8148,0,69,0,-393,1,5005,225,39272
2026/7/26,12:00,39655,1291,15752,5995,279,1366,1116,0,478,8224,0,78,0,-392,1,5245,221,39654
2026/7/26,12:30,39079,1291,15046,5994,280,1393,1146,0,482,7604,0,104,0,-299,1,5817,221,39080
2026/7/26,13:00,37921,1289,14959,6069,280,1306,1193,0,482,6381,0,94,0,-98,1,5743,221,37920
2026/7/26,13:30,36684,1290,14307,6365,279,1236,1200,0,481,5335,0,66,0,-31,1,5932,223,36684
2026/7/26,14:00,35977,1289,14554,6452,300,1217,1206,0,481,4715,0,67,0,0,1,5472,222,35976
2026/7/26,14:30,35280,1290,14531,6548,330,1278,1219,0,481,4104,0,92,0,0,4,5182,220,35279
2026/7/26,15:00,35780,1291,16535,6638,374,1337,1214,0,477,3842,0,52,0,87,2,3716,215,35780
2026/7/26,15:30,36244,1290,17176,6638,374,1321,1212,0,479,3337,0,46,0,215,2,3937,217,36244
2026/7/26,16:00,36439,1290,16687,6641,374,1374,1315,0,479,2862,0,60,0,323,9,4807,218,36439
2026/7/26,16:30,36952,1290,17743,6641,374,1398,1345,0,480,2269,0,54,0,1069,16,4052,221,36952
2026/7/26,17:00,37060,1290,17719,6640,374,1439,1365,0,480,1506,0,66,0,1788,32,4103,257,37059
2026/7/26,17:30,37336,1290,17951,6639,374,1463,1369,0,481,811,0,56,0,2340,23,4279,261,37337
2026/7/26,18:00,37498,1289,18279,6642,374,1531,1277,0,485,241,0,80,0,3042,33,3968,257,37498
2026/7/26,18:30,37579,1289,18260,6639,374,1623,1289,0,485,3,0,124,0,3065,24,4147,259,37581
2026/7/26,19:00,37020,1291,18048,6641,374,1616,1330,0,487,0,0,150,0,2943,34,3858,248,37020
2026/7/26,19:30,36260,1290,17877,6637,373,1614,1337,0,491,0,0,146,0,2566,29,3642,256,36258
2026/7/26,20:00,35322,1291,17573,6643,375,1592,1270,0,492,0,0,129,0,2099,8,3613,237,35322
2026/7/26,20:30,34497,1290,17386,6640,375,1562,1263,0,493,0,0,102,0,1491,5,3651,239,34497
2026/7/26,21:00,33479,1290,17061,6642,376,1565,1214,0,488,0,0,81,0,855,1,3658,248,33479
2026/7/26,21:30,32406,1289,16109,6645,376,1586,1213,0,493,0,0,110,0,314,0,4050,221,32406
2026/7/26,22:00,31476,1289,15325,6638,322,1614,1199,0,492,0,0,78,0,207,2,4164,144,31474
2026/7/26,22:30,30496,1289,14570,6636,279,1583,1194,0,492,0,0,89,0,55,4,4151,154,30496
2026/7/26,23:00,29578,1289,13119,6652,279,1557,1195,0,493,0,0,99,0,0,14,4699,181,29577
2026/7/26,23:30,28461,1290,12111,5943,279,1657,1168,0,489,0,0,106,0,0,6,5212,200,28461
2026/7/27,0:00,27526,1290,12434,5632,279,1688,1076,0,491,0,0,69,0,-118,2,4537,146,27526
2026/7/27,0:30,26356,1290,11164,5538,278,1720,1074,0,491,0,0,72,0,-289,0,4823,196,26357
2026/7/27,1:00,25639,1291,11629,5513,279,1658,1042,0,491,0,0,72,0,-905,1,4386,183,25640
2026/7/27,1:30,25005,1290,11309,5447,279,1689,1033,0,492,0,0,71,0,-1197,2,4396,193,25004
2026/7/27,2:00,24616,1290,10855,5079,278,1705,1109,0,492,0,0,71,0,-1920,0,5460,196,24615
2026/7/27,2:30,24467,1291,11152,4647,280,1698,1162,0,492,0,0,71,0,-2044,2,5525,193,24469
2026/7/27,3:00,24464,1290,11951,4256,279,1686,1182,0,494,0,0,71,0,-2313,0,5367,200,24463
2026/7/27,3:30,24556,1292,12190,4113,278,1701,1203,0,493,0,0,70,0,-2312,0,5337,192,24557
2026/7/27,4:00,24600,1292,12147,4012,279,1695,1232,0,493,0,0,69,0,-2079,1,5267,191,24599
2026/7/27,4:30,24927,1292,12653,3917,279,1698,1220,0,497,0,0,65,0,-2070,1,5210,164,24926
2026/7/27,5:00,25171,1292,12762,3807,279,1726,1311,0,493,125,0,67,0,-2067,4,5132,241,25172
2026/7/27,5:30,25599,1292,12441,3802,279,1712,1331,0,494,611,0,53,0,-2012,0,5392,204,25599
2026/7/27,6:00,26589,1290,12441,3801,280,1772,1333,0,494,1401,0,50,0,-2161,0,5689,198,26588
2026/7/27,6:30,27927,1291,12939,3803,280,1779,1351,0,494,2500,0,48,0,-2002,1,5215,228,27927
2026/7/27,7:00,29975,1290,12543,3841,279,1725,1381,0,491,3800,0,53,0,-1557,0,5873,257,29976
2026/7/27,7:30,32170,1291,13397,3902,280,1761,1377,0,490,5316,0,54,0,-1296,1,5385,213,32171
2026/7/27,8:00,35035,1292,14663,3982,280,1783,1278,0,485,6701,0,71,0,-474,3,4748,223,35035
2026/7/27,8:30,37549,1292,15860,4084,279,1786,1283,0,483,7883,0,88,0,-30,10,4312,220,37550
2026/7/27,9:00,39522,1292,16378,4181,279,1842,1280,0,480,9159,0,85,0,86,21,4206,233,39522
2026/7/27,9:30,40784,1291,16349,4243,279,1835,1293,0,479,10409,0,92,0,89,16,4158,250,40783
2026/7/27,10:00,41710,1291,16422,4262,298,1811,1290,0,478,11360,0,82,0,89,1,4081,245,41710
2026/7/27,10:30,42935,1291,16914,4091,343,1780,1306,0,478,12217,0,68,0,89,1,4096,261,42935
2026/7/27,11:00,43786,1291,17544,4110,372,1788,1318,0,480,12446,0,114,0,89,2,3967,266,43787
2026/7/27,11:30,43978,1290,18265,4238,372,1704,1334,0,479,12119,0,108,0,88,2,3713,265,43977
2026/7/27,12:00,43401,1291,17558,4289,372,1722,1402,0,479,11714,0,98,0,89,1,4111,275,43401
2026/7/27,12:30,43568,1291,17526,4497,372,1780,1461,0,482,11432,0,87,0,88,1,4281,269,43567
2026/7/27,13:00,44521,1291,18522,4837,372,1774,1491,0,479,10868,0,102,0,88,1,4433,263,44521
2026/7/27,13:30,44798,1292,18533,5339,372,1789,1497,0,479,10002,0,92,0,88,13,5039,265,44800
2026/7/27,14:00,44712,1291,19898,5805,372,1829,1630,0,480,8751,0,91,0,88,4,4151,321,44711
2026/7/27,14:30,44224,1290,20357,6252,372,1823,1629,0,479,7307,0,64,0,102,8,4226,316,44225
2026/7/27,15:00,43226,1291,21075,6464,373,1833,1580,0,478,5814,0,50,0,489,3,3461,315,43226
2026/7/27,15:30,43049,1290,21211,6463,372,1809,1655,0,480,4691,0,53,0,1363,12,3337,313,43049
2026/7/27,16:00,42726,1290,21226,6549,373,1805,1823,0,481,3575,0,36,0,2284,19,2951,314,42726
2026/7/27,16:30,41913,1291,20892,6617,374,1826,1828,0,483,2391,0,49,0,2695,26,3131,310,41913
2026/7/27,17:00,40742,1291,20832,6736,374,1809,1820,0,485,1446,0,40,0,2523,25,3043,319,40743
2026/7/27,17:30,39882,1291,20394,6746,374,1829,1828,0,486,665,0,40,0,2457,25,3438,309,39882
2026/7/27,18:00,39197,1290,19902,6748,373,1847,2155,0,490,190,0,24,0,2412,29,3427,311,39198
2026/7/27,18:30,38820,1290,19887,6742,373,1863,2157,0,490,2,0,25,0,2297,34,3372,291,38823
2026/7/27,19:00,38015,1289,19879,6742,374,1861,2157,0,492,0,0,27,0,1781,34,3105,274,38015
2026/7/27,19:30,37110,1289,19501,6745,374,1848,2141,0,493,0,0,26,0,1426,11,2967,290,37111
2026/7/27,20:00,35905,1289,19111,6842,374,1842,1618,0,494,0,0,23,0,1371,8,2662,272,35906
2026/7/27,20:30,35111,1290,18219,6896,373,1809,1594,0,495,0,0,23,0,1486,4,2638,283,35110
2026/7/27,21:00,33737,1290,16579,6895,373,1839,1509,0,496,0,0,26,0,1616,2,2839,271,33735
2026/7/27,21:30,32614,1290,16195,6894,373,1865,1509,0,496,0,0,30,0,344,15,3312,291,32614
2026/7/27,22:00,31898,1290,15704,6897,374,1872,1562,0,495,0,0,32,0,0,5,3386,281,31898
2026/7/27,22:30,31095,1290,14547,6919,374,1835,1544,0,495,0,0,30,0,0,0,3840,220,31094
2026/7/27,23:00,30216,1289,13439,7021,321,1837,1410,0,496,0,0,31,0,0,1,4107,264,30216
2026/7/27,23:30,29039,1290,12787,6302,278,1812,1402,0,496,0,0,31,0,0,0,4380,260,29038
2026/7/28,0:00,27845,1289,11776,5607,278,1821,1257,0,493,0,0,31,0,0,10,4988,295,27845
2026/7/28,0:30,26587,1289,11245,5078,278,1785,1246,0,493,0,0,23,0,-2,8,4900,243,26586
2026/7/28,1:00,25879,1290,10954,4749,278,1784,1190,0,493,0,0,24,0,-305,9,5132,280,25878
2026/7/28,1:30,25318,1290,10705,4468,278,1835,1176,0,494,0,0,31,0,-569,8,5321,281,25318
2026/7/28,2:00,24914,1290,10733,4406,277,1852,1180,0,494,0,0,30,0,-1180,8,5537,287,24914
2026/7/28,2:30,24786,1289,10921,4369,278,1808,1211,0,493,0,0,31,0,-1602,8,5698,282,24786
2026/7/28,3:00,24694,1289,10739,4303,278,1796,1241,0,495,0,0,20,0,-1556,8,5789,292,24694
2026/7/28,3:30,24712,1289,10991,4247,278,1810,1268,0,494,0,0,19,0,-1634,14,5654,282,24712
2026/7/28,4:00,24866,1288,11203,4203,278,1843,1230,0,495,0,0,17,0,-1704,8,5723,282,24866
2026/7/28,4:30,24982,1288,11451,4143,277,1813,1195,0,506,0,0,31,0,-1644,8,5653,258,24979
2026/7/28,5:00,25364,1289,11617,4153,278,1762,1241,0,507,81,0,20,0,-1386,8,5506,287,25363
2026/7/28,5:30,25665,1289,11464,4218,279,1547,1240,0,511,309,0,19,0,-1437,9,5964,253,25665
2026/7/28,6:00,26652,1289,11837,4244,278,1525,1254,0,511,632,0,18,0,-1041,7,5845,252,26651
2026/7/28,6:30,27778,1290,12342,4244,278,1511,1236,0,513,960,0,18,0,-919,7,6093,205,27778
2026/7/28,7:00,29297,1290,12804,4355,277,1511,1155,0,514,1466,0,14,0,-389,4,6043,253,29297
2026/7/28,7:30,30796,1289,13358,4583,277,1542,1124,0,519,2047,0,14,0,-251,3,6028,264,30797
2026/7/28,8:00,32928,1290,14121,5065,278,1553,1225,0,515,2883,0,34,0,-282,3,5983,260,32928
2026/7/28,8:30,35294,1289,16294,5384,278,1605,1234,0,517,4048,0,42,0,-433,1,4764,269,35292
2026/7/28,9:00,37216,1290,16241,5725,277,1627,1327,0,519,5239,0,47,0,-249,1,4880,291,37215
2026/7/28,9:30,38010,1291,15589,6086,278,1649,1366,0,520,6024,0,47,0,-10,0,4861,311,38012
2026/7/28,10:00,38627,1291,15653,6403,299,1627,1479,0,520,6617,0,51,0,0,0,4389,298,38627
2026/7/28,10:30,39824,1291,15240,6680,343,1676,1477,0,521,7168,0,48,0,0,1,5067,312,39824
2026/7/28,11:00,40561,1291,15254,6953,382,1632,1484,0,523,7127,0,56,0,0,2,5544,312,40560
2026/7/28,11:30,41127,1290,16126,7038,385,1635,1460,0,523,6835,0,58,0,-3,0,5466,313,41126
2026/7/28,12:00,40782,1290,16142,6879,389,1665,1440,0,523,6147,0,46,0,-216,1,6187,290,40783
2026/7/28,12:30,40823,1290,17119,6745,390,1635,1468,0,528,5397,0,53,0,-110,2,6032,274,40823
2026/7/28,13:00,41741,1289,18905,6673,390,1675,1553,0,531,4558,0,41,0,452,2,5416,255,41740
2026/7/28,13:30,41713,1291,19728,6618,390,1678,1509,0,533,3943,0,69,0,450,2,5242,261,41714
2026/7/28,14:00,41872,1291,20198,6469,389,1699,1591,0,536,3401,0,69,0,661,6,5295,266,41871
2026/7/28,14:30,41002,1292,20021,6460,390,1702,1605,0,537,2745,0,63,0,637,21,5261,270,41004
2026/7/28,15:00,40456,1291,20581,6461,389,1720,1590,0,524,2506,0,45,0,1384,12,3693,259,40455
2026/7/28,15:30,40750,1291,21465,6460,390,1732,1611,0,525,2190,0,38,0,1675,25,3093,255,40750
2026/7/28,16:00,40749,1290,21406,6460,390,1724,2019,0,527,1527,0,32,0,1899,31,3180,265,40750
2026/7/28,16:30,40095,1291,21126,6459,389,1670,2036,0,528,923,0,38,0,1897,32,3496,211,40096
2026/7/28,17:00,39295,1290,21022,6460,390,1711,2074,0,531,626,0,47,0,1773,31,3127,213,39295
2026/7/28,17:30,38993,1291,21103,6460,390,1698,2070,0,532,404,0,44,0,1406,35,3367,194,38994
2026/7/28,18:00,38783,1291,20910,6530,392,1699,2173,0,536,135,0,45,0,1214,28,3578,251,38782
2026/7/28,18:30,38793,1292,20263,6594,391,1682,2194,0,536,1,0,47,0,1873,31,3631,258,38793
2026/7/28,19:00,38033,1291,18047,6715,390,1638,2220,0,538,0,0,50,0,3242,24,3642,236,38033
2026/7/28,19:30,37138,1291,16726,6669,391,1608,2227,0,539,0,0,33,0,3536,9,3855,253,37137
2026/7/28,20:00,35971,1291,16825,6816,391,1603,1845,0,540,0,0,44,0,2948,9,3412,248,35972
2026/7/28,20:30,35227,1291,19098,6903,391,1629,1856,0,541,0,0,43,0,171,5,3051,248,35227
2026/7/28,21:00,34099,1290,18216,6981,392,1693,1840,0,541,0,0,35,0,0,1,2872,239,34100
2026/7/28,21:30,32954,1289,15224,6993,392,1714,1849,0,541,0,0,60,0,0,4,4622,266,32954
2026/7/28,22:00,32479,1290,13989,6802,391,1744,2073,0,541,0,0,51,0,-21,0,5356,263,32479
2026/7/28,22:30,31628,1290,13326,6691,392,1724,2022,0,541,0,0,43,0,-65,0,5441,222,31627
2026/7/28,23:00,30711,1291,13595,5987,338,1690,1677,0,541,0,0,44,0,-65,0,5449,165,30712
2026/7/28,23:30,29604,1291,13251,5504,296,1684,1650,0,541,0,0,45,0,-114,0,5261,197,29606
2026/7/29,0:00,28487,1290,13007,5289,297,1647,1374,0,545,0,0,164,0,-853,16,5502,209,28487
2026/7/29,0:30,27171,1289,12573,5093,298,1684,1360,0,544,0,0,164,0,-1815,3,5717,261,27171
2026/7/29,1:00,26438,1290,12346,5071,299,1637,1380,0,541,0,0,165,0,-2315,2,5788,234,26438
2026/7/29,1:30,25793,1289,11888,4887,300,1634,1370,0,546,0,0,175,0,-2314,4,5769,245,25793
2026/7/29,2:00,25399,1291,11862,4458,300,1656,1356,0,548,0,0,176,0,-2310,2,5814,246,25399
2026/7/29,2:30,25200,1292,11992,4253,299,1703,1368,0,544,0,0,167,0,-2306,5,5639,244,25200
2026/7/29,3:00,25067,1292,12317,4089,301,1684,1365,0,546,0,0,163,0,-2296,6,5352,248,25067
2026/7/29,3:30,24989,1292,12396,4092,300,1703,1373,0,547,0,0,164,0,-2294,6,5172,239,24990
2026/7/29,4:00,25091,1291,12684,4126,300,1687,1387,0,547,0,0,162,0,-2291,2,4951,245,25091
2026/7/29,4:30,25184,1290,12655,4136,300,1698,1385,0,547,0,0,148,0,-2382,2,5185,219,25183
2026/7/29,5:00,25395,1290,12910,4004,300,1735,1476,0,546,104,0,172,0,-2574,2,5163,268,25396
2026/7/29,5:30,25765,1290,12913,4005,300,1741,1486,0,546,743,0,183,0,-2943,2,5267,232,25765
2026/7/29,6:00,26989,1290,12976,4206,300,1763,1546,0,547,1783,0,200,0,-3245,2,5357,265,26990
2026/7/29,6:30,28439,1291,12927,4379,301,1758,1549,0,546,3299,0,192,0,-3514,3,5496,213,28440
2026/7/29,7:00,30933,1291,12923,4773,320,1753,1541,0,543,5084,0,221,0,-3267,3,5497,250,30932
2026/7/29,7:30,33508,1291,13257,5217,364,1755,1428,0,542,6879,0,228,0,-2841,1,5135,253,33509
2026/7/29,8:00,36845,1291,12903,5956,393,1747,1405,0,540,8744,0,245,0,-2270,1,5654,237,36846
2026/7/29,8:30,40071,1291,13833,6276,394,1759,1383,0,534,10404,0,232,0,-1520,3,5236,245,40070
2026/7/29,9:00,42437,1290,14643,6415,392,1765,1370,0,531,11699,0,213,0,-1011,2,4865,262,42436
2026/7/29,9:30,43856,1291,14655,6391,393,1783,1366,0,530,12894,0,227,0,-749,1,4782,291,43855
2026/7/29,10:00,44789,1290,15177,5786,393,1769,1389,0,485,13930,0,228,0,-418,1,4472,285,44787
2026/7/29,10:30,45963,1291,15667,5710,393,1795,1373,0,485,14513,0,212,0,-205,1,4426,302,45963
2026/7/29,11:00,46586,1291,15896,5327,391,1776,1407,0,486,14449,0,237,0,39,1,4986,299,46585
2026/7/29,11:30,46789,1291,17187,5005,389,1754,1401,0,487,14002,0,243,0,89,4,4638,300,46790
2026/7/29,12:00,45901,1291,16224,5417,390,1701,1422,0,487,13610,0,243,0,89,4,4721,301,45900
2026/7/29,12:30,46270,1291,16069,5707,389,1720,1421,0,489,13501,0,250,0,89,4,5046,294,46270
2026/7/29,13:00,47347,1290,17040,6191,391,1721,1436,0,488,12968,0,256,0,89,4,5172,301,47347
2026/7/29,13:30,47680,1291,17522,6616,390,1722,1401,0,490,12119,0,231,0,89,6,5502,301,47680
2026/7/29,14:00,47440,1290,18197,6684,398,1758,1427,0,493,10997,0,209,0,89,7,5582,308,47439
2026/7/29,14:30,47187,1290,20465,6684,400,1746,1467,0,493,9819,0,194,0,89,6,4226,309,47188
2026/7/29,15:00,47447,1291,21896,6718,400,1708,1624,0,493,8407,0,194,0,410,5,3986,316,47448
2026/7/29,15:30,47733,1291,22449,6804,399,1667,1638,0,495,6848,0,154,0,1942,19,3712,314,47732
2026/7/29,16:00,47663,1291,22638,6802,399,1651,1797,0,497,5152,0,157,0,2999,29,3936,315,47663
2026/7/29,16:30,47193,1291,23078,7019,400,1649,1790,0,499,3478,0,154,0,3428,38,4064,304,47192
2026/7/29,17:00,45831,1291,23497,7013,401,1673,1929,0,502,1985,0,165,0,3273,41,3751,310,45831
2026/7/29,17:30,44623,1290,23362,6799,400,1689,1932,0,503,936,0,157,0,3415,43,3806,292,44624
2026/7/29,18:00,43477,1291,22847,6797,401,1721,2064,0,496,273,0,139,0,3507,42,3612,287,43477
2026/7/29,18:30,42947,1290,22253,6710,400,1721,2060,0,496,3,0,137,0,4017,45,3524,291,42947
2026/7/29,19:00,42211,1291,21840,6687,401,1658,2029,0,499,0,0,131,0,3865,35,3478,298,42212
2026/7/29,19:30,41200,1292,21132,6686,400,1669,1989,0,500,0,0,128,0,3405,12,3675,313,41201
2026/7/29,20:00,40116,1292,20188,6688,347,1678,1812,0,501,0,0,143,0,3686,11,3459,310,40115
2026/7/29,20:30,39158,1292,19122,6740,305,1695,1818,0,501,0,0,134,0,3577,5,3655,313,39157
2026/7/29,21:00,37690,1293,18691,6809,304,1688,1876,0,502,0,0,109,0,2273,1,3847,297,37690
2026/7/29,21:30,36435,1292,17654,6827,304,1686,1846,0,502,0,0,98,0,1173,6,4733,314,36435
2026/7/29,22:00,35527,1292,17735,7061,303,1705,1909,0,503,0,0,113,0,350,0,4269,286,35526
2026/7/29,22:30,34518,1292,16745,6984,307,1700,1890,0,503,0,0,126,0,44,0,4617,309,34517
2026/7/29,23:00,33333,1293,15799,6816,308,1669,1796,0,504,0,0,96,0,2,0,4778,272,33333
2026/7/29,23:30,31928,1293,14350,6813,309,1687,1764,0,505,0,0,96,0,-1,0,4856,256,31928
2026/7/30,0:00,30425,1293,12961,6701,309,1699,1447,0,500,0,0,157,0,-396,9,5547,198,30425
2026/7/30,0:30,29120,1293,12486,6696,308,1671,1445,0,499,0,0,138,0,-1271,6,5641,209,29121
2026/7/30,1:00,28066,1293,12379,6693,309,1688,1427,0,499,0,0,138,0,-1886,8,5271,247,28066
2026/7/30,1:30,27446,1293,12422,6695,309,1658,1447,0,500,0,0,146,0,-2428,8,5140,256,27446
2026/7/30,2:00,26946,1293,12126,6696,309,1674,1455,0,501,0,0,162,0,-2687,8,5091,319,26947
2026/7/30,2:30,26731,1293,12038,6746,309,1684,1494,0,500,0,0,155,0,-2853,8,5038,320,26732
2026/7/30,3:00,26573,1293,11779,6724,309,1674,1493,0,502,0,0,145,0,-2914,8,5236,324,26573
2026/7/30,3:30,26478,1293,12272,6812,309,1651,1499,0,503,0,0,154,0,-3425,7,5085,316,26476
2026/7/30,4:00,26544,1293,12231,6878,309,1687,1496,0,503,0,0,141,0,-3461,5,5151,312,26545
2026/7/30,4:30,26562,1293,12618,6430,310,1702,1477,0,502,0,0,130,0,-3449,8,5255,287,26563
2026/7/30,5:00,26984,1293,13001,6500,310,1728,1445,0,502,84,0,127,0,-3443,10,5173,255,26985
2026/7/30,5:30,27468,1293,13228,6523,309,1744,1460,0,501,544,0,158,0,-3696,2,5187,214,27467
2026/7/30,6:00,28644,1293,14104,6344,310,1726,1491,0,501,1291,0,161,0,-4198,16,5364,240,28643
2026/7/30,6:30,30277,1294,14625,6496,309,1721,1492,0,502,2476,0,176,0,-4487,6,5388,279,30277
2026/7/30,7:00,32802,1294,15168,6492,308,1711,1481,0,499,3603,0,179,0,-3264,0,5039,292,32802
2026/7/30,7:30,34666,1294,14502,6244,309,1664,1468,0,499,4857,0,164,0,-2405,1,5823,246,34666
2026/7/30,8:00,37901,1294,15171,6297,309,1678,1506,0,494,6342,0,197,0,-1752,0,6095,271,37902
2026/7/30,8:30,40716,1294,16022,6434,309,1667,1507,0,492,7816,0,221,0,-1142,2,5814,281,40717
2026/7/30,9:00,43722,1294,16936,6663,308,1631,1499,0,489,9563,0,212,0,-941,4,5787,277,43722
2026/7/30,9:30,45828,1294,17428,6983,308,1641,1493,0,487,10630,0,203,0,-703,1,5761,302,45828
2026/7/30,10:00,46531,1294,17316,7066,308,1679,1498,0,489,10938,0,196,0,-620,1,6069,296,46530
2026/7/30,10:30,47379,1294,17130,7072,309,1698,1492,0,489,11708,0,183,0,-383,1,6071,315,47379
2026/7/30,11:00,48195,1294,17018,7072,329,1744,1514,0,490,12519,0,192,0,133,2,5591,297,48195
2026/7/30,11:30,49028,1294,17289,7071,383,1768,1493,0,488,13399,0,210,0,182,3,5146,301,49027
2026/7/30,12:00,48976,1294,16697,7071,400,1783,1483,0,488,13505,0,216,0,181,1,5574,283,48976
2026/7/30,12:30,49640,1294,18003,7074,399,1770,1506,0,491,13187,0,221,0,181,1,5235,277,49639
2026/7/30,13:00,51006,1294,20122,7072,399,1746,1586,0,490,12148,0,217,0,181,1,5487,262,51005
2026/7/30,13:30,50973,1294,21906,7071,399,1710,1585,0,492,10903,0,225,0,301,2,4817,268,50973
2026/7/30,14:00,50720,1294,22786,7071,400,1680,1612,0,495,9786,0,213,0,838,9,4272,263,50719
2026/7/30,14:30,50720,1294,23544,7071,401,1684,1632,0,496,8617,0,208,0,839,11,4659,266,50722
2026/7/30,15:00,51035,1294,24206,7069,401,1671,1888,0,497,7279,0,192,0,2259,13,3988,279,51036
2026/7/30,15:30,51619,1293,24521,7070,400,1663,1908,0,498,5694,0,181,0,3615,22,4474,281,51620
2026/7/30,16:00,51440,1293,24531,7066,400,1650,2151,0,500,4187,0,160,0,3900,34,5277,292,51441
2026/7/30,16:30,50879,1294,24614,7064,400,1652,2134,0,502,2752,0,149,0,4241,38,5756,282,50878
2026/7/30,17:00,49332,1294,24675,7066,400,1646,2168,0,503,1537,0,145,0,3846,32,5733,287,49332
2026/7/30,17:30,48276,1294,24731,7066,407,1668,2195,0,504,751,0,134,0,3945,36,5253,292,48276
2026/7/30,18:00,47245,1294,24773,7067,414,1740,2467,0,498,236,0,143,0,3380,35,4914,283,47244
2026/7/30,18:30,46339,1294,24816,7074,420,1677,2202,0,498,2,0,153,0,3479,32,4413,280,46340
2026/7/30,19:00,45082,1294,24756,7078,422,1625,2181,0,501,0,0,146,0,3027,14,3752,286,45082
2026/7/30,19:30,43973,1294,24684,7074,424,1643,2154,0,505,0,0,163,0,2354,12,3365,299,43971
2026/7/30,20:00,42615,1294,24201,7076,426,1660,1838,0,506,0,0,168,0,1930,8,3196,312,42615
2026/7/30,20:30,41669,1294,23586,7076,428,1640,1830,0,507,0,0,158,0,1272,4,3556,318,41669
2026/7/30,21:00,40349,1295,22352,7076,433,1613,1804,0,507,0,0,150,0,1218,3,3630,269,40350
2026/7/30,21:30,39158,1295,21313,7072,441,1651,1795,0,508,0,0,139,0,871,0,3787,287,39159
2026/7/30,22:00,38269,1295,20325,7075,441,1673,1989,0,509,0,0,157,0,410,3,4129,263,38269
2026/7/30,22:30,37095,1294,19076,7075,441,1723,1977,0,509,0,0,156,0,156,0,4401,286,37094
2026/7/30,23:00,35740,1294,18171,7074,452,1685,1704,0,510,0,0,169,0,79,0,4346,256,35740
2026/7/30,23:30,34008,1294,16688,7077,456,1652,1691,0,510,0,0,154,0,79,0,4193,214,34008
2026/7/31,0:00,32377,1294,14520,7071,402,1620,1990,0,509,0,0,157,0,-161,7,4796,172,32377
2026/7/31,0:30,30794,1294,13309,7076,360,1618,1988,0,509,0,0,149,0,-1116,7,5373,226,30793
2026/7/31,1:00,29725,1295,13336,7073,361,1614,2002,0,509,0,0,142,0,-1836,8,4985,236,29725
2026/7/31,1:30,28929,1295,13089,7075,361,1620,1986,0,509,0,0,138,0,-2498,8,5099,248,28930
2026/7/31,2:00,28248,1295,12986,7079,360,1618,1999,0,510,0,0,131,0,-2853,8,4864,250,28247
2026/7/31,2:30,27986,1295,12849,7075,361,1610,2022,0,510,0,0,139,0,-3252,7,5120,250,27986
2026/7/31,3:00,27733,1295,12681,7074,361,1608,1963,0,512,0,0,132,0,-3486,6,5333,255,27734
2026/7/31,3:30,27673,1295,12905,7077,361,1634,1956,0,512,0,0,144,0,-3478,8,5015,244,27673
2026/7/31,4:00,27646,1295,12817,7101,361,1634,1918,0,512,0,0,140,0,-3477,7,5096,243,27647
2026/7/31,4:30,27773,1294,12703,7113,362,1637,1909,0,511,0,0,143,0,-3470,8,5351,212,27773
2026/7/31,5:00,28158,1295,13181,7118,361,1636,1883,0,511,65,0,153,0,-3487,6,5242,194,28158
2026/7/31,5:30,28473,1296,13420,7174,362,1641,1889,0,511,308,0,124,0,-4133,3,5730,149,28474
2026/7/31,6:00,29720,1295,14382,7187,361,1630,1896,0,511,734,0,113,0,-4601,1,6029,182,29720
2026/7/31,6:30,31281,1295,14849,7237,367,1623,1902,0,511,1434,0,121,0,-4827,2,6538,228,31280
2026/7/31,7:00,33882,1295,15845,7315,372,1620,1884,0,509,2367,0,118,0,-4083,3,6362,275,33882
2026/7/31,7:30,36234,1294,16631,7350,372,1613,1866,0,508,3396,0,93,0,-3351,1,6237,223,36233
2026/7/31,8:00,39884,1295,17907,7422,371,1591,1952,0,502,4396,0,105,0,-2255,2,6356,241,39885
2026/7/31,8:30,43062,1295,18909,7559,370,1609,1958,0,499,4895,0,72,0,-711,6,6353,248,43062
2026/7/31,9:00,44466,1295,19450,7598,368,1639,1977,0,497,4985,0,69,0,-54,3,6395,244,44466
2026/7/31,9:30,44608,1296,18784,7602,368,1630,1976,0,495,5700,0,62,0,78,2,6348,267,44608
2026/7/31,10:00,44775,1296,17571,7647,367,1664,1866,0,494,7357,0,67,0,78,2,6117,248,44774
2026/7/31,10:30,45810,1296,16938,7649,368,1678,1861,0,495,9578,0,76,0,78,1,5525,266,45809
2026/7/31,11:00,47323,1296,16963,7648,388,1697,1849,0,451,11592,0,76,0,98,0,5002,262,47322
2026/7/31,11:30,48545,1296,17410,7649,442,1676,1849,0,452,12504,0,106,0,81,13,4804,264,48546
2026/7/31,12:00,49502,1295,18175,7648,458,1653,1835,0,450,12362,0,105,0,78,0,5201,243,49503
2026/7/31,12:30,49242,1295,19669,7647,457,1621,1866,0,449,10882,0,103,0,79,2,4932,240,49242
2026/7/31,13:00,49727,1295,21310,7641,459,1565,1934,0,447,9816,0,92,0,196,0,4755,217,49727
2026/7/31,13:30,49106,1296,20771,7644,459,1556,1928,0,447,9293,0,89,0,249,1,5132,243,49108
2026/7/31,14:00,49606,1296,21028,7645,460,1556,1951,0,447,9363,0,89,0,565,6,4943,258,49607
2026/7/31,14:30,49687,1296,21341,7644,460,1590,1976,0,447,8735,0,85,0,779,6,5066,261,49686
2026/7/31,15:00,49707,1296,22276,7641,461,1581,1915,0,447,7606,0,79,0,1411,0,4741,253,49707
2026/7/31,15:30,50022,1296,22899,7644,460,1594,1922,0,449,6303,0,72,0,2994,12,4131,246,50022
2026/7/31,16:00,49822,1295,23190,7645,461,1535,2004,0,452,4814,0,68,0,3494,16,4597,251,49822
2026/7/31,16:30,49011,1296,23350,7645,460,1558,2019,0,448,3299,0,63,0,3543,35,5051,244,49011
2026/7/31,17:00,47415,1294,23523,7646,462,1513,2234,0,456,1875,0,68,0,3656,36,4412,239,47414
2026/7/31,17:30,46198,1295,23863,7643,461,1519,2235,0,457,813,0,64,0,4097,42,3482,228,46199
2026/7/31,18:00,44975,1296,23837,7648,462,1501,2196,0,461,187,0,59,0,3435,44,3592,257,44975
2026/7/31,18:30,44600,1296,23784,7646,461,1531,2126,0,461,1,0,53,0,3301,43,3638,259,44600
2026/7/31,19:00,43573,1295,23013,7644,462,1453,2139,0,462,0,0,51,0,2708,29,4061,255,43572
2026/7/31,19:30,42687,1296,23130,7649,462,1446,2149,0,462,0,0,54,0,2115,10,3652,263,42688
2026/7/31,20:00,41196,1295,22267,7644,462,1484,1886,0,464,0,0,55,0,1779,7,3610,243,41196
2026/7/31,20:30,40275,1295,21977,7646,464,1482,1881,0,465,0,0,44,0,1055,4,3709,254,40276
2026/7/31,21:00,38934,1295,21338,7645,464,1441,1873,0,466,0,0,37,0,293,1,3848,233,38934
2026/7/31,21:30,37596,1294,19482,7645,464,1454,1891,0,466,0,0,51,0,78,12,4507,252,37596
2026/7/31,22:00,36892,1295,19371,7648,460,1462,1880,0,467,0,0,55,0,78,2,3969,205,36892
2026/7/31,22:30,35720,1296,17599,7646,456,1423,1853,0,467,0,0,41,0,77,0,4642,222,35722
2026/7/31,23:00,34642,1296,15736,7651,456,1435,1812,0,468,0,0,57,0,77,15,5422,218,34643
2026/7/31,23:30,33398,1296,14696,7646,457,1446,1777,0,468,0,0,56,0,77,8,5307,164,33398
