単位[MW平均],,,供給力
DATE,TIME,エリア需要,原子力,火力(LNG),火力(石炭),火力(石油),火力(その他),水力,地熱,バイオマス,太陽光発電実績,太陽光出力制御量,風力発電実績,風力出力制御量,揚水,蓄電池,連系線,その他,合計
2026/4/1,0:00,23907,1319,9737,6769,115,1438,1224,0,448,0,0,418,0,0,2,2256,182,23908
2026/4/1,0:30,23040,1318,8971,6272,115,1334,1239,0,451,0,0,426,0,0,0,2693,220,23039
2026/4/1,1:00,22623,1319,8453,5813,115,1289,1261,0,452,0,0,420,0,-7,2,3309,198,22624
2026/4/1,1:30,22359,1319,8242,5745,116,1296,1278,0,452,0,0,400,0,-7,0,3315,205,22361
2026/4/1,2:00,22424,1319,8588,5757,116,1231,1325,0,451,0,0,361,0,-7,0,3079,205,22425
2026/4/1,2:30,22583,1319,9160,5673,116,1238,1339,0,452,0,0,387,0,-13,0,2708,204,22583
2026/4/1,3:00,22758,1319,9293,6095,116,1228,1305,0,451,0,0,288,0,-8,0,2466,207,22760
2026/4/1,3:30,22793,1319,9410,6333,116,1252,1221,0,450,0,0,275,0,-7,2,2217,205,22793
2026/4/1,4:00,23082,1319,9906,6638,116,1209,1271,0,454,0,0,287,0,-1,4,1681,197,23081
2026/4/1,4:30,23185,1319,9877,6741,117,1163,1274,0,450,0,0,210,0,0,0,1852,183,23186
2026/4/1,5:00,23636,1319,10336,6749,117,1072,1286,0,451,0,0,198,0,0,0,1840,268,23636
2026/4/1,5:30,23565,1319,10274,6619,115,867,1284,0,451,45,0,157,0,99,2,2086,247,23565
2026/4/1,6:00,23858,1319,10548,5882,117,869,1286,0,453,543,0,156,0,290,0,2184,210,23857
2026/4/1,6:30,24206,1319,10177,5394,117,854,1308,0,455,1625,0,137,0,211,0,2432,177,24206
2026/4/1,7:00,25167,1319,10586,5202,116,845,1300,0,455,2903,0,122,0,-388,0,2579,128,25167
2026/4/1,7:30,26305,1319,11259,4934,116,849,1283,0,452,4008,0,131,0,-1213,0,3070,97,26305
2026/4/1,8:00,28121,1319,11958,4891,117,856,1382,0,446,4566,0,146,0,-1496,0,3806,130,28121
2026/4/1,8:30,29558,1319,12736,5172,115,895,1367,0,446,4515,0,142,0,-763,8,3477,129,29558
2026/4/1,9:00,30580,1319,12838,5705,110,918,1025,0,441,4266,0,116,0,-156,0,3869,128,30579
2026/4/1,9:30,30950,1319,13358,6342,109,910,989,0,440,3745,0,118,0,0,0,3495,126,30951
2026/4/1,10:00,30829,1319,13232,6555,93,926,962,0,430,3346,0,148,0,0,2,3692,125,30830
2026/4/1,10:30,31496,1319,14000,6657,80,921,961,0,431,3292,0,129,0,0,0,3581,124,31495
2026/4/1,11:00,32216,1319,15980,6662,64,888,943,0,431,2702,0,127,0,0,0,2975,125,32216
2026/4/1,11:30,31954,1319,16364,6668,50,909,945,0,432,2118,0,123,0,0,0,2901,125,31954
2026/4/1,12:00,31428,1319,15210,6658,48,878,1181,0,431,1848,0,129,0,0,0,3595,132,31429
2026/4/1,12:30,31332,1318,15710,6662,48,912,1184,0,431,1500,0,138,0,0,0,3295,134,31332
2026/4/1,13:00,32224,1318,16823,6663,47,884,1196,0,428,1189,0,139,0,0,9,3339,188,32223
2026/4/1,13:30,32208,1318,17243,6662,48,862,1204,0,429,1078,0,145,0,0,14,3029,176,32208
2026/4/1,14:00,32582,1317,17276,6665,48,798,1241,0,430,969,0,147,0,0,15,3487,189,32582
2026/4/1,14:30,32782,1317,17306,6684,48,810,1232,0,430,734,0,150,0,1,15,3863,192,32782
2026/4/1,15:00,32649,1317,17202,6760,47,810,1199,0,432,504,0,151,0,125,13,3907,182,32649
2026/4/1,15:30,32956,1318,17734,6761,48,877,1221,0,433,355,0,135,0,125,5,3762,181,32955
2026/4/1,16:00,33139,1318,17379,6758,47,879,1342,0,435,246,0,137,0,179,5,4232,182,33139
2026/4/1,16:30,33234,1318,17042,6761,48,839,1365,0,435,145,0,157,0,885,7,4069,164,33235
2026/4/1,17:00,33252,1317,17235,6761,47,846,1373,0,438,64,0,162,0,907,9,3947,145,33251
2026/4/1,17:30,33385,1318,17141,6761,48,884,1409,0,435,17,0,148,0,1389,26,3666,144,33386
2026/4/1,18:00,33532,1318,16470,6761,48,868,1426,0,436,0,0,165,0,2008,20,3866,147,33533
2026/4/1,18:30,33393,1318,16754,6782,47,868,1366,0,438,0,0,174,0,1609,21,3869,148,33394
2026/4/1,19:00,32940,1318,16346,6862,48,889,1391,0,439,0,0,183,0,1329,17,3971,149,32942
2026/4/1,19:30,32368,1318,16327,6861,47,872,1397,0,440,0,0,182,0,871,16,3890,147,32368
2026/4/1,20:00,31753,1318,15799,6862,47,905,1422,0,444,0,0,155,0,657,12,4008,124,31753
2026/4/1,20:30,31193,1318,15386,6860,47,859,1414,0,445,0,0,192,0,402,7,4137,126,31193
2026/4/1,21:00,30394,1318,15172,6863,47,860,1384,0,446,0,0,193,0,483,1,3502,124,30393
2026/4/1,21:30,29541,1318,13906,6862,47,853,1373,0,445,0,0,192,0,383,0,4026,137,29542
2026/4/1,22:00,28990,1318,13528,6789,48,847,1351,0,446,0,0,189,0,385,0,3950,141,28992
2026/4/1,22:30,28051,1318,12954,6758,48,840,1329,0,446,0,0,155,0,382,0,3667,155,28052
2026/4/1,23:00,27352,1318,12259,6760,48,817,1334,0,445,0,0,182,0,306,0,3685,198,27352
2026/4/1,23:30,26341,1317,11650,6759,49,854,1328,0,445,0,0,166,0,157,2,3397,218,26342
2026/4/2,0:00,25330,1318,10792,6760,49,865,1386,0,453,0,0,157,0,0,0,3381,169,25330
2026/4/2,0:30,24419,1318,9824,6760,48,849,1383,0,453,0,0,188,0,-382,0,3775,204,24420
2026/4/2,1:00,23998,1318,9545,6758,49,872,1388,0,454,0,0,230,0,-689,2,3841,231,23999
2026/4/2,1:30,23814,1318,9441,6756,51,875,1388,0,454,0,0,261,0,-687,2,3719,237,23815
2026/4/2,2:00,23772,1318,9387,6757,48,862,1454,0,454,0,0,239,0,-687,1,3700,238,23771
2026/4/2,2:30,23919,1318,9406,6753,49,864,1464,0,454,0,0,281,0,-688,3,3717,297,23918
2026/4/2,3:00,24059,1318,10216,6753,49,804,1423,0,453,0,0,318,0,-687,0,3143,267,24057
2026/4/2,3:30,24211,1318,10131,6755,50,830,1412,0,456,0,0,304,0,-687,2,3394,247,24212
2026/4/2,4:00,24371,1318,10406,6779,48,832,1333,0,457,0,0,322,0,-342,0,2976,240,24369
2026/4/2,4:30,24660,1318,10618,6854,48,887,1335,0,464,0,0,274,0,-275,4,2910,222,24659
2026/4/2,5:00,25258,1318,11053,6852,49,908,1320,0,468,0,0,315,0,-232,0,2982,224,25257
2026/4/2,5:30,25800,1317,11614,6776,48,906,1327,0,471,52,0,310,0,210,1,2567,201,25800
2026/4/2,6:00,26786,1317,11980,6752,48,892,1317,0,473,196,0,297,0,389,0,2912,214,26787
2026/4/2,6:30,27845,1317,12683,6754,48,919,1323,0,476,337,0,280,0,520,0,3005,183,27845
2026/4/2,7:00,29228,1317,13218,6752,48,903,1304,0,471,561,0,269,0,764,5,3430,185,29227
2026/4/2,7:30,30392,1317,13515,6752,48,911,1303,0,471,843,0,255,0,1067,7,3741,161,30391
2026/4/2,8:00,32156,1317,14319,6756,47,927,1298,0,469,1281,0,279,0,1581,6,3697,179,32156
2026/4/2,8:30,33596,1318,14912,6756,48,933,1294,0,468,1872,0,266,0,1953,5,3581,191,33597
2026/4/2,9:00,34079,1318,15045,6755,48,904,1282,0,464,2456,0,230,0,2227,0,3172,178,34079
2026/4/2,9:30,33763,1318,14512,6756,48,901,1242,0,464,2944,0,224,0,1880,0,3277,198,33764
2026/4/2,10:00,33396,1318,13671,6754,49,907,1249,0,462,3942,0,227,0,1304,0,3314,199,33396
2026/4/2,10:30,33012,1318,13224,6578,48,952,1261,0,464,5094,0,209,0,515,2,3133,213,33011
2026/4/2,11:00,33271,1318,13115,6031,48,936,1266,0,461,6463,0,199,0,216,3,2996,220,33272
2026/4/2,11:30,33309,1318,12339,5546,49,948,1275,0,461,7057,0,191,0,119,18,3768,220,33309
2026/4/2,12:00,32024,1318,11646,5256,48,946,1252,0,460,6904,0,234,0,-510,0,4241,229,32024
2026/4/2,12:30,31299,1317,11500,5109,48,949,1266,0,459,7209,0,235,0,-1234,0,4203,239,31300
2026/4/2,13:00,32035,1318,11257,5107,47,945,1285,0,459,7805,0,232,0,-407,1,3779,206,32034
2026/4/2,13:30,31389,1318,10774,5082,48,924,1299,0,461,8264,0,236,0,-309,0,3094,198,31389
2026/4/2,14:00,31070,1318,10388,5019,48,933,1312,0,465,8898,0,244,0,-676,0,2975,148,31072
2026/4/2,14:30,30902,1317,10913,5014,47,973,1308,0,471,8907,0,232,0,-766,0,2337,148,30901
2026/4/2,15:00,30703,1317,10799,4910,47,960,1290,0,473,8186,0,261,0,-558,0,2875,144,30704
2026/4/2,15:30,31336,1318,12006,5459,48,979,1302,0,479,6676,0,282,0,0,0,2645,142,31336
2026/4/2,16:00,31403,1317,12585,6247,49,990,1558,0,484,4518,0,279,0,259,0,2916,200,31402
2026/4/2,16:30,31399,1318,13698,6839,48,996,1551,0,486,2517,0,291,0,514,9,2950,182,31399
2026/4/2,17:00,31611,1318,14649,6854,49,988,1580,0,489,1048,0,260,0,1830,7,2330,210,31612
2026/4/2,17:30,32296,1318,15447,6854,49,1016,1608,0,491,208,0,286,0,2144,13,2660,201,32295
2026/4/2,18:00,33135,1318,15949,6856,49,1010,1630,0,492,0,0,275,0,2491,15,2850,201,33136
2026/4/2,18:30,33503,1317,15923,6857,48,1005,1636,0,493,0,0,310,0,2752,14,3002,147,33504
2026/4/2,19:00,33286,1317,15815,6856,49,1001,1653,0,495,0,0,322,0,2412,28,3188,151,33287
2026/4/2,19:30,32915,1317,15720,6860,49,1024,1662,0,496,0,0,317,0,2488,19,2800,165,32917
2026/4/2,20:00,32448,1317,15449,6856,48,1000,1538,0,499,0,0,317,0,2524,13,2715,173,32449
2026/4/2,20:30,32051,1316,15461,6835,50,955,1517,0,500,0,0,300,0,2611,8,2324,174,32051
2026/4/2,21:00,31328,1317,14782,6759,49,974,1514,0,500,0,0,319,0,1802,6,3122,183,31327
2026/4/2,21:30,30512,1317,14101,6760,49,976,1506,0,500,0,0,305,0,1033,6,3760,200,30513
2026/4/2,22:00,30003,1317,14281,6762,48,968,1476,0,501,0,0,317,0,660,1,3471,200,30002
2026/4/2,22:30,29028,1317,13570,6760,48,976,1444,0,501,0,0,293,0,547,2,3357,211,29026
2026/4/2,23:00,28380,1316,12962,6762,47,983,1433,0,500,0,0,356,0,605,6,3182,227,28379
2026/4/2,23:30,27218,1317,12484,6763,48,985,1417,0,500,0,0,342,0,213,2,2898,250,27219
2026/4/3,0:00,26084,1316,11625,6763,47,962,1484,0,446,0,0,353,0,19,2,2796,270,26083
2026/4/3,0:30,25129,1317,10631,6762,48,993,1487,0,446,0,0,351,0,0,0,2787,308,25130
2026/4/3,1:00,24728,1317,10747,6762,48,964,1477,0,445,0,0,304,0,0,7,2325,333,24729
2026/4/3,1:30,24469,1317,10124,6763,48,990,1472,0,447,0,0,363,0,0,2,2600,343,24469
2026/4/3,2:00,24423,1317,9639,6761,47,985,1476,0,447,0,0,371,0,0,0,3036,343,24422
2026/4/3,2:30,24574,1318,9770,6760,47,1005,1476,0,446,0,0,370,0,0,0,3038,343,24573
2026/4/3,3:00,24795,1318,9962,6762,48,985,1475,0,449,0,0,350,0,0,0,3105,341,24795
2026/4/3,3:30,24907,1318,10077,6758,47,976,1469,0,448,0,0,330,0,0,8,3138,337,24906
2026/4/3,4:00,25224,1317,10620,6756,48,967,1385,0,448,0,0,362,0,0,11,2986,323,25223
2026/4/3,4:30,25579,1317,11124,6762,47,937,1376,0,447,0,0,357,0,0,7,2896,307,25577
2026/4/3,5:00,26444,1317,11925,6761,47,854,1372,0,442,0,0,343,0,782,16,2303,281,26443
2026/4/3,5:30,26712,1317,11715,6761,48,842,1372,0,445,59,0,341,0,1560,15,1983,254,26712
2026/4/3,6:00,27355,1316,11575,6759,48,830,1375,0,448,854,0,317,0,1420,18,2173,222,27355
2026/4/3,6:30,27246,1316,9919,6688,48,825,1402,0,451,2357,0,278,0,486,4,3287,185,27246
2026/4/3,7:00,27451,1316,8978,6083,48,829,1413,0,446,4446,0,272,0,280,1,3181,159,27452
2026/4/3,7:30,27881,1316,8176,5150,48,811,1406,0,445,6935,0,248,0,-96,0,3306,136,27881
2026/4/3,8:00,29174,1316,7742,4477,48,821,1468,0,444,9349,0,236,0,-441,1,3580,133,29174
2026/4/3,8:30,30336,1316,7448,4095,47,819,1469,0,443,11432,0,217,0,-836,1,3744,141,30336
2026/4/3,9:00,31279,1316,7657,3908,48,775,1500,0,442,13206,0,194,0,-1446,2,3529,149,31280
2026/4/3,9:30,31720,1315,7265,3601,48,767,1516,0,441,14690,0,212,0,-2500,1,4193,170,31719
2026/4/3,10:00,31850,1316,7587,3329,47,780,1526,0,439,15878,0,205,0,-3680,3,4230,190,31850
2026/4/3,10:30,32103,1316,7292,3241,48,857,1527,0,437,16728,0,201,0,-4079,5,4339,191,32103
2026/4/3,11:00,32180,1316,7383,3210,47,881,1410,0,438,17237,0,175,0,-4326,7,4192,209,32179
2026/4/3,11:30,31955,1316,7089,3212,48,843,1333,0,439,17447,0,135,0,-4373,9,4250,209,31957
2026/4/3,12:00,31039,1316,6867,3215,47,856,1340,0,437,17337,0,173,0,-5030,9,4266,207,31040
2026/4/3,12:30,30499,1316,7165,3210,48,837,1337,0,437,16881,0,177,0,-5416,9,4302,196,30499
2026/4/3,13:00,30957,1316,7966,3214,48,815,1348,0,434,16090,0,226,0,-5029,2,4328,200,30958
2026/4/3,13:30,30719,1316,7959,3215,48,815,1352,0,434,14962,0,202,0,-4098,6,4324,185,30720
2026/4/3,14:00,30193,1313,8091,3369,48,821,1476,0,436,13492,0,193,0,-3536,5,4287,198,30193
2026/4/3,14:30,29800,1316,8338,3755,47,825,1479,0,438,11779,0,207,0,-2916,3,4327,202,29800
2026/4/3,15:00,29532,1317,8447,4010,49,826,1478,0,439,9826,0,189,0,-1655,3,4416,188,29533
2026/4/3,15:30,29441,1317,9721,4404,48,815,1480,0,438,7546,0,182,0,-620,1,3927,183,29442
2026/4/3,16:00,29558,1317,10830,5110,48,831,1588,0,438,5193,0,130,0,10,0,3871,191,29557
2026/4/3,16:30,29745,1317,11887,5785,47,827,1597,0,438,2947,0,100,0,1188,0,3434,177,29744
2026/4/3,17:00,29667,1317,12187,6611,47,849,1607,0,441,1217,0,120,0,2172,6,2921,170,29665
2026/4/3,17:30,29941,1317,12583,6746,47,852,1629,0,439,237,0,106,0,3047,24,2758,156,29941
2026/4/3,18:00,30763,1317,12698,6747,47,870,1642,0,445,0,0,108,0,3474,28,3239,149,30764
2026/4/3,18:30,30960,1317,12677,6747,47,833,1642,0,443,0,0,110,0,3664,22,3309,149,30960
2026/4/3,19:00,30721,1317,12716,6751,48,819,1649,0,446,0,0,109,0,3460,39,3207,161,30722
2026/4/3,19:30,30366,1317,12555,6757,48,802,1645,0,448,0,0,108,0,3064,35,3418,169,30366
2026/4/3,20:00,29836,1316,12543,6756,48,823,1536,0,449,0,0,114,0,2752,37,3285,178,29837
2026/4/3,20:30,29442,1317,12442,6759,48,867,1530,0,449,0,0,120,0,2272,28,3428,182,29442
2026/4/3,21:00,28830,1317,12333,6758,48,854,1517,0,450,0,0,130,0,1746,19,3465,194,28831
2026/4/3,21:30,28031,1317,12076,6762,48,852,1508,0,450,0,0,145,0,1490,7,3170,206,28031
2026/4/3,22:00,27858,1317,12250,6763,48,845,1452,0,451,0,0,153,0,1386,7,2973,214,27859
2026/4/3,22:30,27154,1316,11724,6760,48,814,1419,0,447,0,0,158,0,1037,3,3207,221,27154
2026/4/3,23:00,26676,1316,11368,6758,48,797,1420,0,450,0,0,179,0,559,2,3545,234,26676
2026/4/3,23:30,25699,1316,11209,6650,48,798,1416,0,451,0,0,185,0,89,4,3323,209,25698
2026/4/4,0:00,24906,1316,10558,6479,48,779,1429,0,495,0,0,194,0,0,0,3431,178,24907
2026/4/4,0:30,24042,1316,10481,6348,48,739,1429,0,494,0,0,212,0,0,0,2760,215,24042
2026/4/4,1:00,23474,1317,9706,6332,48,742,1428,0,494,0,0,225,0,0,0,2941,241,23474
2026/4/4,1:30,23321,1317,9381,6329,48,785,1430,0,495,0,0,206,0,0,0,3078,252,23321
2026/4/4,2:00,23308,1316,9219,6330,48,833,1436,0,495,0,0,248,0,0,4,3130,249,23308
2026/4/4,2:30,23444,1316,9338,6350,48,798,1439,0,495,0,0,250,0,0,1,3161,248,23444
2026/4/4,3:00,23576,1316,9037,6469,48,792,1439,0,497,0,0,250,0,0,0,3477,251,23576
2026/4/4,3:30,23670,1316,9058,6508,48,771,1461,0,497,0,0,238,0,0,0,3525,247,23669
2026/4/4,4:00,23554,1317,8886,6505,48,760,1377,0,496,0,0,241,0,0,1,3654,269,23554
2026/4/4,4:30,23621,1316,9356,6505,48,779,1365,0,495,0,0,285,0,0,0,3218,254,23621
2026/4/4,5:00,23647,1316,9270,6507,48,746,1358,0,490,0,0,249,0,0,1,3373,290,23648
2026/4/4,5:30,23435,1316,8990,6507,48,803,1363,0,493,68,0,306,0,0,3,3267,272,23436
2026/4/4,6:00,23518,1316,9303,6478,48,821,1100,0,495,479,0,284,0,-1,4,2941,248,23516
2026/4/4,6:30,23980,1316,8626,6037,48,815,1096,0,498,1015,0,307,0,-8,4,3992,233,23979
2026/4/4,7:00,24877,1316,8642,6356,48,820,1089,0,497,1354,0,326,0,-7,3,4186,248,24878
2026/4/4,7:30,25878,1316,9328,6504,48,779,1087,0,495,1503,0,342,0,19,6,4207,242,25876
2026/4/4,8:00,26634,1316,9828,6508,48,764,1137,0,492,1413,0,359,0,260,6,4203,299,26633
2026/4/4,8:30,27430,1316,10337,6510,48,786,1140,0,491,1679,0,368,0,199,0,4251,306,27431
2026/4/4,9:00,28203,1316,10624,6506,48,794,1127,0,489,1901,0,389,0,439,5,4296,270,28204
2026/4/4,9:30,28074,1316,10814,6506,48,808,1135,0,489,1911,0,409,0,441,4,3923,271,28075
2026/4/4,10:00,27983,1316,10117,6486,48,810,1149,0,486,2327,0,387,0,438,6,4149,264,27983
2026/4/4,10:30,28394,1316,10777,6410,48,819,1161,0,485,2598,0,424,0,565,13,3514,264,28394
2026/4/4,11:00,28960,1316,11450,6410,48,865,1166,0,485,2597,0,401,0,711,5,3249,258,28961
2026/4/4,11:30,29482,1316,11752,6518,48,847,1095,0,487,2413,0,409,0,824,18,3498,257,29482
2026/4/4,12:00,29515,1316,11714,6613,48,831,1093,0,484,1924,0,412,0,995,12,3838,235,29515
2026/4/4,12:30,28937,1316,11377,6687,48,815,1085,0,483,1601,0,416,0,683,0,4193,234,28938
2026/4/4,13:00,28933,1316,11645,6743,48,816,1106,0,483,1591,0,411,0,326,0,4250,196,28931
2026/4/4,13:30,29006,1317,11912,6752,48,811,1118,0,483,1557,0,418,0,148,5,4241,196,29006
2026/4/4,14:00,28839,1317,12132,6749,48,821,1117,0,483,1296,0,454,0,0,4,4241,177,28839
2026/4/4,14:30,28296,1316,11828,6750,48,822,1114,0,484,1074,0,461,0,0,0,4216,184,28297
2026/4/4,15:00,28183,1316,11837,6746,48,843,1109,0,484,951,0,468,0,0,15,4179,187,28183
2026/4/4,15:30,28384,1316,12465,6744,48,815,1106,0,484,710,0,480,0,0,19,4016,183,28386
2026/4/4,16:00,28409,1316,12556,6742,48,803,1190,0,484,464,0,486,0,0,17,4099,204,28409
2026/4/4,16:30,28542,1316,12909,6740,48,778,1182,0,484,335,0,474,0,65,1,4011,197,28540
2026/4/4,17:00,28995,1316,12933,6743,48,783,1504,0,490,149,0,468,0,239,13,4081,227,28994
2026/4/4,17:30,29597,1316,12983,6742,48,811,1530,0,487,32,0,452,0,673,29,4264,230,29597
2026/4/4,18:00,30089,1316,12955,6740,48,813,1564,0,490,0,0,464,0,1360,20,4056,262,30088
2026/4/4,18:30,30087,1316,12825,6740,48,815,1571,0,489,0,0,467,0,1359,28,4169,260,30087
2026/4/4,19:00,29859,1316,12627,6738,48,808,1593,0,491,0,0,471,0,1421,24,4065,256,29858
2026/4/4,19:30,29430,1317,12619,6737,48,784,1589,0,492,0,0,471,0,1178,21,3914,261,29431
2026/4/4,20:00,28974,1316,12325,6741,48,765,1526,0,493,0,0,474,0,1002,26,4029,228,28973
2026/4/4,20:30,28491,1316,11971,6737,48,784,1511,0,494,0,0,472,0,865,19,4035,241,28493
2026/4/4,21:00,27793,1316,11621,6686,48,775,1497,0,494,0,0,467,0,640,5,4039,203,27791
2026/4/4,21:30,26993,1316,11192,6537,48,798,1475,0,495,0,0,458,0,603,1,3846,223,26992
2026/4/4,22:00,26545,1316,11266,6506,48,799,1155,0,496,0,0,453,0,450,3,3865,187,26544
2026/4/4,22:30,25744,1316,10755,6309,48,746,1124,0,494,0,0,450,0,328,3,3976,193,25742
2026/4/4,23:00,25235,1316,10473,6312,48,764,1115,0,494,0,0,442,0,329,2,3786,154,25235
2026/4/4,23:30,24410,1316,9688,6358,48,789,1101,0,495,0,0,433,0,205,3,3801,173,24410
2026/4/5,0:00,23615,1316,9666,6272,48,815,1179,0,490,0,0,453,0,209,2,2985,181,23616
2026/4/5,0:30,22647,1316,8815,6086,48,852,1200,0,488,0,0,449,0,205,0,2979,208,22646
2026/4/5,1:00,22366,1316,9056,5917,48,887,1213,0,489,0,0,402,0,205,0,2598,236,22367
2026/4/5,1:30,22092,1317,8704,5851,48,926,1218,0,490,0,0,443,0,194,0,2665,236,22092
2026/4/5,2:00,22052,1317,8585,5775,48,957,1218,0,490,0,0,411,0,346,0,2668,237,22052
2026/4/5,2:30,22091,1317,9001,5842,48,920,1224,0,491,0,0,379,0,528,0,2106,235,22091
2026/4/5,3:00,22246,1317,8608,5841,48,906,1238,0,493,0,0,366,0,545,3,2642,238,22245
2026/4/5,3:30,22281,1316,8502,5842,48,906,1234,0,492,0,0,348,0,466,0,2888,239,22281
2026/4/5,4:00,22305,1316,8452,5839,48,889,1178,0,492,0,0,360,0,489,1,3010,230,22304
2026/4/5,4:30,22169,1316,8537,5838,48,933,1174,0,490,0,0,353,0,745,2,2520,213,22169
2026/4/5,5:00,22148,1316,8473,5813,48,941,1169,0,490,0,0,348,0,622,0,2684,247,22151
2026/4/5,5:30,21787,1316,8704,5521,48,967,1180,0,490,75,0,340,0,492,0,2442,213,21788
2026/4/5,6:00,21622,1316,8667,5278,48,960,1197,0,492,348,0,355,0,378,0,2358,226,21623
2026/4/5,6:30,21688,1316,8295,4797,48,940,1209,0,495,911,0,333,0,162,0,2971,211,21688
2026/4/5,7:00,21972,1316,7866,4802,48,937,1205,0,494,1860,0,339,0,374,0,2476,256,21973
2026/4/5,7:30,22139,1317,7381,3945,48,943,1215,0,493,3230,0,344,0,-219,7,3189,245,22138
2026/4/5,8:00,21896,1316,7038,3304,48,847,1271,0,441,4943,211,326,7,-1244,4,3304,297,21895
2026/4/5,8:30,22650,1316,6798,2746,48,821,1287,0,441,7348,269,309,5,-2489,5,3716,303,22649
2026/4/5,9:00,23746,1316,6989,2426,48,832,1278,0,440,9103,308,313,3,-3227,0,3956,272,23746
2026/4/5,9:30,24414,1316,7530,2316,48,814,1297,0,440,9652,331,297,3,-3858,3,4286,274,24415
2026/4/5,10:00,24680,1316,7468,2361,48,822,1312,0,438,9168,635,261,2,-2870,2,4095,259,24680
2026/4/5,10:30,24533,1315,7212,2550,48,838,1327,0,436,8828,363,228,2,-2606,5,4092,261,24534
2026/4/5,11:00,24239,1316,7392,2746,48,830,1330,0,438,8587,338,195,2,-3138,6,4248,241,24239
2026/4/5,11:30,23797,1316,7062,3261,48,829,1252,0,440,8554,318,158,2,-3383,6,4014,240,23797
2026/4/5,12:00,24263,1316,6969,3958,48,803,1258,0,437,8787,299,142,1,-3877,2,4190,230,24263
2026/4/5,12:30,24277,1316,7338,4434,48,805,1269,0,436,8411,266,121,2,-4347,0,4216,229,24276
2026/4/5,13:00,23794,1316,7208,4966,47,808,1272,0,436,7632,239,100,1,-4115,0,3947,178,23795
2026/4/5,13:30,24034,1316,7594,5123,47,810,1289,0,436,7301,203,94,1,-2821,0,2665,179,24033
2026/4/5,14:00,25362,1316,8045,5121,47,841,1299,0,437,6052,177,113,0,-1872,0,3792,171,25362
2026/4/5,14:30,24547,1317,8755,5120,47,895,1295,0,437,3695,145,86,1,-1437,0,4160,176,24546
2026/4/5,15:00,24444,1316,9181,5118,47,845,1293,0,437,2525,113,86,1,-579,0,3998,178,24445
2026/4/5,15:30,24446,1317,9436,5122,47,819,1309,0,437,1673,81,78,1,289,0,3742,177,24446
2026/4/5,16:00,24694,1317,9828,5265,47,852,1613,0,482,1142,0,97,0,218,4,3641,187,24693
2026/4/5,16:30,25127,1317,10789,5431,48,864,1629,0,482,639,0,102,0,105,7,3526,187,25126
2026/4/5,17:00,25817,1317,11227,5643,47,870,1624,0,489,238,0,114,0,339,8,3675,225,25816
2026/4/5,17:30,26860,1317,11565,5865,47,894,1635,0,485,48,0,113,0,1017,31,3618,227,26862
2026/4/5,18:00,27586,1317,11768,5868,47,936,1640,0,490,0,0,117,0,1456,43,3641,264,27587
2026/4/5,18:30,27852,1316,11941,5870,47,1035,1643,0,489,0,0,118,0,1326,45,3764,257,27851
2026/4/5,19:00,27731,1316,11835,5873,47,1027,1672,0,489,0,0,125,0,1184,41,3860,263,27732
2026/4/5,19:30,27410,1316,11773,5876,47,946,1679,0,490,0,0,124,0,974,39,3880,266,27410
2026/4/5,20:00,27057,1317,11914,5900,47,916,1569,0,490,0,0,122,0,693,26,3841,222,27057
2026/4/5,20:30,26624,1316,11494,5976,47,924,1552,0,491,0,0,121,0,453,22,3988,239,26623
2026/4/5,21:00,25986,1316,11001,5978,47,1015,1484,0,491,0,0,123,0,521,12,3796,202,25986
2026/4/5,21:30,25378,1316,10234,5974,47,1045,1444,0,492,0,0,123,0,526,3,3940,233,25377
2026/4/5,22:00,24774,1316,9743,5975,47,1002,1349,0,493,0,0,123,0,602,0,3924,200,24774
2026/4/5,22:30,24115,1317,9064,5977,47,1058,1315,0,492,0,0,127,0,429,0,4076,213,24115
2026/4/5,23:00,23735,1317,8902,6043,48,1108,1284,0,492,0,0,126,0,261,0,3984,170,23735
2026/4/5,23:30,22954,1316,8416,6055,47,1092,1282,0,492,0,0,124,0,3,2,3942,183,22954
2026/4/6,0:00,22193,1316,8286,6026,48,1065,1440,0,495,0,0,56,0,-631,2,3899,192,22194
2026/4/6,0:30,21425,1316,8102,6027,47,1047,1442,0,494,0,0,59,0,-1177,7,3834,226,21424
2026/4/6,1:00,21223,1316,8206,5809,47,1084,1440,0,495,0,0,101,0,-1248,6,3735,232,21223
2026/4/6,1:30,21092,1316,8210,5680,48,1086,1442,0,496,0,0,97,0,-1254,3,3730,239,21093
2026/4/6,2:00,21116,1316,8288,5739,48,1099,1466,0,496,0,0,105,0,-1166,2,3486,237,21116
2026/4/6,2:30,21436,1317,8315,5815,48,1094,1477,0,496,0,0,104,0,-880,1,3412,237,21436
2026/4/6,3:00,21590,1316,8348,5992,48,1079,1468,0,498,0,0,56,0,-732,1,3273,242,21589
2026/4/6,3:30,21658,1316,8349,6029,49,1109,1476,0,496,0,0,66,0,-464,2,2991,238,21657
2026/4/6,4:00,21806,1316,8659,6028,48,1130,1445,0,497,0,0,57,0,-457,2,2803,277,21805
2026/4/6,4:30,22099,1316,8430,6028,48,1109,1444,0,496,0,0,84,0,-106,3,2987,259,22098
2026/4/6,5:00,22336,1316,8717,6028,48,1072,1444,0,493,0,0,83,0,-43,6,2892,280,22336
2026/4/6,5:30,22345,1317,9027,5737,49,1055,1454,0,496,92,0,48,0,-44,16,2845,253,22345
2026/4/6,6:00,22795,1317,9467,4690,48,1034,1442,0,496,752,0,46,0,-42,4,3324,216,22794
2026/4/6,6:30,23330,1317,9418,4067,48,1049,1431,0,499,2039,0,79,0,-27,0,3225,185,23330
2026/4/6,7:00,24113,1316,8363,3836,48,1042,1427,0,496,3942,0,64,0,-144,0,3522,200,24112
2026/4/6,7:30,25115,1316,8508,3702,48,1031,1441,0,494,6278,0,71,0,-844,6,2892,171,25114
2026/4/6,8:00,26958,1316,7912,3406,48,1040,1504,0,494,8602,0,76,0,-1174,1,3529,203,26957
2026/4/6,8:30,28801,1316,7795,3216,48,1054,1529,0,492,10572,0,76,0,-1427,1,3915,214,28801
2026/4/6,9:00,30251,1316,8045,3196,48,1040,1510,0,489,12029,0,39,0,-1572,5,3917,188,30250
2026/4/6,9:30,30975,1316,8006,3173,48,995,1506,0,489,12967,0,21,0,-1566,5,3798,217,30975
2026/4/6,10:00,31253,1316,7961,3172,48,980,1401,0,488,13819,0,22,0,-1781,7,3614,204,31251
2026/4/6,10:30,31779,1316,8004,3140,49,990,1382,0,488,14452,0,30,0,-1953,6,3665,210,31779
2026/4/6,11:00,32103,1316,7626,3075,48,1039,1374,0,488,14805,0,83,0,-2275,5,4315,204,32103
2026/4/6,11:30,31908,1316,7722,3128,48,1049,1343,0,490,14607,0,86,0,-2358,9,4252,216,31908
2026/4/6,12:00,30806,1315,7709,3327,49,1055,1351,0,488,13823,0,90,0,-2813,8,4218,186,30806
2026/4/6,12:30,30390,1315,7919,3348,49,1051,1352,0,499,12891,0,43,0,-2578,5,4303,193,30390
2026/4/6,13:00,31077,1316,8117,3630,48,1096,1363,0,503,11938,0,102,0,-1456,3,4265,151,31076
2026/4/6,13:30,30826,1316,8444,3813,48,1067,1369,0,503,10593,0,103,0,-853,4,4271,149,30827
2026/4/6,14:00,31034,1316,9194,4267,48,1101,1412,0,512,8877,0,118,0,-223,5,4280,127,31034
2026/4/6,14:30,30426,1317,10074,4809,48,1135,1413,0,517,6580,0,135,0,0,4,4268,126,30426
2026/4/6,15:00,29725,1316,10544,5402,49,1105,1435,0,518,4802,0,137,0,0,6,4277,135,29726
2026/4/6,15:30,30229,1316,12129,5797,48,1077,1431,0,518,3394,0,165,0,0,8,4213,132,30228
2026/4/6,16:00,30379,1317,13127,5986,48,1012,1556,0,527,2187,0,172,0,105,8,4147,187,30379
2026/4/6,16:30,30288,1316,13940,6006,48,1026,1582,0,528,1108,0,199,0,743,20,3591,180,30287
2026/4/6,17:00,29758,1316,14027,6030,48,1002,1629,0,536,416,0,214,0,846,26,3480,188,29758
2026/4/6,17:30,30239,1316,14523,6104,48,995,1646,0,533,131,0,220,0,1004,41,3501,175,30237
2026/4/6,18:00,30843,1316,14542,6104,48,1019,1684,0,540,1,0,266,0,1749,33,3334,207,30843
2026/4/6,18:30,30909,1316,14444,6103,48,1050,1694,0,539,0,0,246,0,1952,44,3272,201,30909
2026/4/6,19:00,30471,1316,13997,6136,48,1104,1695,0,540,0,0,245,0,1574,37,3577,201,30470
2026/4/6,19:30,29864,1316,13614,6207,48,1102,1700,0,540,0,0,230,0,1128,21,3748,209,29863
2026/4/6,20:00,29186,1316,13295,6203,48,1085,1598,0,541,0,0,226,0,829,27,3817,201,29186
2026/4/6,20:30,28682,1316,13207,6131,48,1053,1592,0,543,0,0,237,0,563,14,3767,211,28682
2026/4/6,21:00,27945,1316,12872,6103,48,1067,1587,0,542,0,0,239,0,384,4,3607,176,27945
2026/4/6,21:30,27141,1317,12164,6102,48,1079,1589,0,544,0,0,242,0,62,1,3807,185,27140
2026/4/6,22:00,26801,1317,12152,6105,48,1062,1503,0,544,0,0,251,0,0,0,3645,173,26800
2026/4/6,22:30,26144,1317,11420,6103,49,1050,1485,0,541,0,0,237,0,0,0,3760,182,26144
2026/4/6,23:00,25641,1317,11032,6102,48,1078,1469,0,543,0,0,235,0,0,2,3681,133,25640
2026/4/6,23:30,24803,1317,10098,6104,48,1070,1448,0,544,0,0,238,0,-1,0,3782,155,24803
2026/4/7,0:00,23992,1318,10024,6104,48,1071,1495,0,539,0,0,190,0,-285,4,3315,170,23993
2026/4/7,0:30,22993,1318,9334,6102,48,1099,1481,0,538,0,0,204,0,-548,5,3202,208,22991
2026/4/7,1:00,22672,1317,9530,6106,49,1072,1463,0,539,0,0,219,0,-1301,4,3444,230,22672
2026/4/7,1:30,22497,1317,9721,6105,48,1051,1454,0,540,0,0,223,0,-1515,1,3317,236,22498
2026/4/7,2:00,22397,1317,9876,6103,48,1106,1447,0,540,0,0,235,0,-1588,4,3074,235,22397
2026/4/7,2:30,22631,1317,10531,6103,48,1084,1439,0,539,0,0,248,0,-1536,0,2619,237,22629
2026/4/7,3:00,22739,1317,10644,6104,48,1073,1433,0,541,0,0,181,0,-1421,3,2578,238,22739
2026/4/7,3:30,22860,1317,10730,6104,48,1077,1429,0,540,0,0,243,0,-1407,5,2537,238,22861
2026/4/7,4:00,22949,1317,10500,6103,48,1081,1373,0,540,0,0,278,0,-1115,0,2556,267,22948
2026/4/7,4:30,23095,1317,10673,6102,48,1087,1363,0,540,0,0,246,0,-982,4,2452,244,23094
2026/4/7,5:00,23317,1316,10522,6101,48,1082,1389,0,536,0,0,234,0,-816,0,2650,255,23317
2026/4/7,5:30,23585,1317,10072,6103,48,1099,1396,0,539,92,0,239,0,-432,0,2883,228,23584
2026/4/7,6:00,24135,1317,10174,6100,48,1110,1428,0,540,320,0,230,0,-615,0,3269,214,24135
2026/4/7,6:30,25093,1316,10655,6101,48,1115,1429,0,543,630,0,247,0,-455,0,3283,181,25093
2026/4/7,7:00,26199,1317,10860,6101,48,1107,1420,0,539,994,0,244,0,-71,0,3443,196,26198
2026/4/7,7:30,27238,1317,11735,6103,48,1096,1411,0,538,1325,0,268,0,0,0,3227,169,27237
2026/4/7,8:00,28626,1317,12672,6102,44,1087,1493,0,538,1500,0,280,0,303,1,3090,200,28627
2026/4/7,8:30,29955,1316,13518,6099,42,1106,1497,0,536,1915,0,291,0,540,2,2874,218,29954
2026/4/7,9:00,30930,1316,14875,6100,42,1085,1506,0,534,2491,0,266,0,542,1,1972,200,30930
2026/4/7,9:30,31366,1316,14933,6101,43,1100,1512,0,534,2359,0,260,0,460,12,2520,216,31366
2026/4/7,10:00,30752,1317,14468,6098,42,1060,1450,0,532,2125,0,257,0,449,25,2698,231,30752
2026/4/7,10:30,31224,1316,15031,6098,43,1045,1419,0,533,2167,0,262,0,450,11,2610,240,31225
2026/4/7,11:00,31261,1317,14696,6096,42,1061,1418,0,533,1972,0,262,0,450,13,3170,230,31260
2026/4/7,11:30,31458,1317,15720,6096,43,1037,1341,0,535,1805,0,252,0,450,16,2613,233,31458
2026/4/7,12:00,30711,1317,14430,6093,42,1045,1333,0,531,1621,0,300,0,282,1,3498,217,30710
2026/4/7,12:30,30121,1317,14358,6098,43,1034,1341,0,531,1540,0,312,0,271,3,3054,219,30121
2026/4/7,13:00,30692,1316,14011,6115,42,1025,1335,0,530,1701,0,328,0,271,7,3835,175,30691
2026/4/7,13:30,30565,1316,14374,6130,42,1013,1339,0,529,2045,0,315,0,449,13,2814,185,30564
2026/4/7,14:00,30863,1316,14420,6130,47,1006,1354,0,530,2310,0,320,0,449,2,2827,152,30863
2026/4/7,14:30,30969,1316,14053,6134,48,1014,1358,0,530,2235,0,328,0,414,11,3377,152,30970
2026/4/7,15:00,30571,1316,14568,6138,48,1031,1389,0,531,1807,0,328,0,271,3,2956,183,30569
2026/4/7,15:30,30770,1317,14755,6136,48,1005,1350,0,531,1495,0,341,0,350,2,3253,186,30769
2026/4/7,16:00,30980,1316,15650,6139,48,1022,1450,0,531,1062,0,346,0,587,4,2620,204,30979
2026/4/7,16:30,31256,1316,16337,6142,48,1010,1446,0,532,650,0,364,0,1093,13,2115,189,31255
2026/4/7,17:00,31374,1316,15747,6139,49,1025,1445,0,535,249,0,380,0,1290,6,2983,210,31374
2026/4/7,17:30,31779,1316,15504,6141,48,1083,1466,0,532,64,0,380,0,1981,20,3047,197,31779
2026/4/7,18:00,32307,1316,15944,6145,48,1102,1527,0,539,1,0,398,0,2125,39,2903,221,32308
2026/4/7,18:30,32302,1316,15638,6147,49,1085,1524,0,539,0,0,395,0,2144,35,3216,215,32303
2026/4/7,19:00,32078,1316,15160,6148,47,1091,1542,0,540,0,0,398,0,2382,21,3223,210,32078
2026/4/7,19:30,31607,1316,14523,6144,47,1070,1531,0,540,0,0,380,0,2858,17,2965,216,31607
2026/4/7,20:00,31135,1316,15012,6148,47,1067,1457,0,541,0,0,372,0,2465,17,2473,221,31136
2026/4/7,20:30,30758,1316,15173,6148,47,1079,1454,0,543,0,0,359,0,2112,11,2293,224,30759
2026/4/7,21:00,30073,1316,15171,5999,47,1084,1456,0,542,0,0,362,0,1669,6,2233,187,30072
2026/4/7,21:30,29250,1316,14777,5952,47,1079,1437,0,544,0,0,365,0,866,3,2658,206,29250
2026/4/7,22:00,28809,1316,14660,5950,47,1056,1375,0,544,0,0,354,0,308,0,3024,176,28810
2026/4/7,22:30,28020,1316,14452,5985,47,958,1363,0,541,0,0,344,0,95,0,2734,185,28020
2026/4/7,23:00,27363,1316,13891,6003,47,908,1376,0,543,0,0,342,0,259,0,2544,134,27363
2026/4/7,23:30,26284,1316,12431,6003,47,920,1375,0,544,0,0,338,0,0,2,3152,157,26285
2026/4/8,0:00,25332,1316,11107,6002,47,830,1443,0,497,0,0,238,0,0,1,3683,168,25332
2026/4/8,0:30,24430,1316,10341,6002,47,848,1452,0,496,0,0,245,0,0,0,3475,208,24430
2026/4/8,1:00,23984,1316,10265,6004,47,849,1452,0,497,0,0,279,0,0,0,3038,237,23984
2026/4/8,1:30,23744,1316,10404,6003,47,854,1454,0,498,0,0,245,0,0,0,2675,248,23744
2026/4/8,2:00,23817,1317,10458,6001,47,869,1442,0,499,0,0,224,0,0,0,2715,245,23817
2026/4/8,2:30,23952,1317,10312,6005,47,882,1433,0,498,0,0,319,0,0,0,2895,245,23953
2026/4/8,3:00,24228,1316,10574,6001,47,855,1412,0,500,0,0,310,0,0,0,2971,243,24229
2026/4/8,3:30,24451,1316,11084,6026,47,845,1405,0,499,0,0,312,0,0,0,2675,241,24450
2026/4/8,4:00,24874,1316,11328,6102,47,839,1410,0,501,0,0,331,0,182,1,2592,225,24874
2026/4/8,4:30,25297,1317,11202,6101,47,847,1405,0,501,0,0,316,0,877,7,2472,207,25299
2026/4/8,5:00,26100,1316,11638,6103,47,842,1402,0,501,0,0,317,0,1511,10,2176,237,26100
2026/4/8,5:30,26331,1316,11654,6096,47,845,1410,0,501,136,0,302,0,1537,17,2262,209,26332
2026/4/8,6:00,26870,1316,11445,5913,47,848,1418,0,502,1111,0,256,0,1450,7,2333,224,26870
2026/4/8,6:30,26878,1316,10129,5655,47,847,1422,0,505,2670,0,242,0,1093,0,2754,198,26878
2026/4/8,7:00,27032,1316,8781,5050,48,848,1388,0,505,4826,0,260,0,328,0,3454,229,27033
2026/4/8,7:30,27576,1316,8061,4387,48,811,1398,0,503,7325,0,260,0,172,0,3088,208,27577
2026/4/8,8:00,28898,1316,7514,3693,45,781,1438,0,499,9771,0,252,0,23,2,3320,244,28898
2026/4/8,8:30,30149,1316,7652,3157,42,742,1447,0,497,11895,0,256,0,-642,1,3533,253,30149
2026/4/8,9:00,31227,1317,7753,2878,43,736,1381,0,496,13686,0,256,0,-661,1,3100,241,31227
2026/4/8,9:30,31843,1317,6920,2764,42,710,1371,0,495,15183,0,239,0,-752,1,3291,261,31842
2026/4/8,10:00,32082,1316,6869,2717,43,701,1366,0,493,16399,0,212,0,-1275,7,2965,268,32081
2026/4/8,10:30,32414,1316,6826,2653,42,725,1358,0,493,17267,0,195,0,-2338,1,3605,272,32415
2026/4/8,11:00,32316,1315,6818,2652,43,685,1355,0,495,17710,0,197,0,-2850,6,3606,284,32316
2026/4/8,11:30,32052,1315,6700,2651,42,667,1277,0,496,17840,0,176,0,-2949,7,3547,283,32052
2026/4/8,12:00,31063,1315,6880,2654,43,706,1276,0,493,17691,0,188,0,-4022,9,3580,251,31064
2026/4/8,12:30,30418,1315,7285,2653,42,733,1275,0,493,17236,0,181,0,-4673,9,3616,252,30417
2026/4/8,13:00,30886,1314,7607,2652,42,796,1267,0,491,16436,0,173,0,-3742,4,3640,205,30885
2026/4/8,13:30,30441,1315,7826,2652,43,783,1268,0,491,15274,0,124,0,-3225,6,3681,203,30441
2026/4/8,14:00,30029,1315,7740,2651,44,853,1272,0,491,13837,0,136,0,-2461,7,3955,190,30030
2026/4/8,14:30,29592,1315,7774,2653,47,879,1266,0,492,12078,0,127,0,-1404,1,4175,189,29592
2026/4/8,15:00,29305,1316,8387,2749,48,953,1273,0,493,10068,0,119,0,-469,9,4169,192,29307
2026/4/8,15:30,29377,1316,10396,2986,48,966,1263,0,494,7796,0,104,0,-2,6,3810,194,29377
2026/4/8,16:00,29576,1316,12687,3262,48,982,1372,0,496,5395,0,100,0,0,2,3713,204,29577
2026/4/8,16:30,29911,1315,13916,3781,48,1035,1386,0,497,3128,0,103,0,674,2,3839,188,29912
2026/4/8,17:00,30100,1315,14261,4669,48,1081,1485,0,500,1374,0,102,0,1568,5,3457,234,30099
2026/4/8,17:30,30440,1316,14911,5114,48,1084,1496,0,517,336,0,100,0,1880,28,3388,222,30440
2026/4/8,18:00,31281,1315,15252,5559,48,1055,1525,0,521,2,0,103,0,2533,32,3097,240,31282
2026/4/8,18:30,31713,1315,15362,5965,48,1055,1533,0,521,0,0,104,0,2399,39,3137,235,31713
2026/4/8,19:00,31552,1315,15571,5994,47,1039,1552,0,522,0,0,107,0,2366,41,2758,240,31552
2026/4/8,19:30,31165,1315,15512,5994,48,998,1548,0,523,0,0,109,0,1817,41,3011,249,31165
2026/4/8,20:00,30772,1315,15424,5996,48,1026,1458,0,523,0,0,112,0,1415,43,3167,244,30771
2026/4/8,20:30,30374,1316,15030,5997,48,1019,1441,0,527,0,0,115,0,1141,28,3465,248,30375
2026/4/8,21:00,29602,1316,15058,5997,47,1057,1437,0,527,0,0,138,0,968,19,2825,213,29602
2026/4/8,21:30,28816,1316,14661,5996,47,1121,1406,0,527,0,0,148,0,661,10,2705,218,28816
2026/4/8,22:00,28556,1316,14582,5996,48,1141,1290,0,528,0,0,162,0,593,6,2709,187,28558
2026/4/8,22:30,27709,1316,13229,5996,48,1135,1281,0,528,0,0,175,0,335,2,3468,197,27710
2026/4/8,23:00,27059,1316,12965,5921,47,1109,1286,0,528,0,0,176,0,198,0,3358,154,27058
2026/4/8,23:30,25946,1317,12863,5897,48,1112,1282,0,531,0,0,190,0,37,2,2504,164,25947
2026/4/9,0:00,25013,1316,12778,5894,47,1112,1151,0,506,0,0,200,0,0,0,1832,177,25013
2026/4/9,0:30,24027,1316,11514,5897,47,1119,1156,0,506,0,0,231,0,0,0,2025,215,24026
2026/4/9,1:00,23625,1317,10938,5894,48,1103,1150,0,507,0,0,211,0,0,1,2224,234,23627
2026/4/9,1:30,23440,1317,11060,5894,47,1114,1149,0,510,0,0,247,0,0,4,1856,242,23440
2026/4/9,2:00,23432,1317,11074,5918,48,1140,1144,0,510,0,0,253,0,0,0,1788,240,23432
2026/4/9,2:30,23654,1316,10908,5996,48,1159,1145,0,512,0,0,256,0,0,0,2075,239,23654
2026/4/9,3:00,23919,1316,11104,5994,48,1132,1134,0,514,0,0,268,0,0,0,2167,242,23919
2026/4/9,3:30,24013,1316,11716,5993,48,1129,1055,0,516,0,0,265,0,102,0,1779,94,24013
2026/4/9,4:00,24264,1316,11177,5996,48,1128,1256,0,516,0,0,265,0,788,0,1696,80,24266
2026/4/9,4:30,24639,1316,11262,5995,48,1143,1262,0,517,0,0,233,0,1031,3,1750,79,24639
2026/4/9,5:00,25189,1316,11391,5933,48,1118,1274,0,517,0,0,239,0,1189,8,2055,101,25189
2026/4/9,5:30,25229,1316,11004,5776,47,1153,1292,0,518,161,0,238,0,1256,11,2369,87,25228
2026/4/9,6:00,25807,1317,10369,5521,47,1130,1306,0,519,1137,0,226,0,1317,2,2826,91,25808
2026/4/9,6:30,25955,1317,9520,5176,48,1105,1305,0,523,2726,0,220,0,1086,0,2822,108,25956
2026/4/9,7:00,26488,1317,9270,4308,47,1107,1241,0,521,4877,0,232,0,573,2,2880,114,26489
2026/4/9,7:30,27118,1317,8549,3700,48,1116,1234,0,521,7300,0,242,0,5,1,2985,101,27119
2026/4/9,8:00,28533,1316,8623,3414,48,1113,1267,0,516,9512,0,239,0,-679,5,3024,136,28534
2026/4/9,8:30,29930,1316,8967,3239,48,1076,1266,0,516,11213,0,238,0,-919,4,2830,134,29928
2026/4/9,9:00,30855,1317,8074,3227,47,1077,1235,0,514,12552,0,246,0,-592,1,3025,133,30856
2026/4/9,9:30,31087,1316,8070,3227,48,1127,1232,0,514,13602,0,226,0,-1196,6,2785,131,31088
2026/4/9,10:00,31763,1316,8794,3117,48,1166,1070,0,512,14233,0,234,0,-1734,5,2872,130,31763
2026/4/9,10:30,31595,1316,8954,3094,47,1187,1066,0,514,13853,0,238,0,-1702,5,2892,130,31594
2026/4/9,11:00,30985,1316,8511,3251,48,1169,1065,0,515,13329,0,250,0,-1426,5,2822,131,30986
2026/4/9,11:30,30681,1316,8402,3437,47,1136,995,0,516,13252,0,269,0,-1617,7,2790,130,30680
2026/4/9,12:00,29694,1315,8048,3862,47,1119,1026,0,515,12945,0,270,0,-2277,6,2685,131,29692
2026/4/9,12:30,29849,1315,8583,4383,47,1144,1028,0,516,12498,0,227,0,-2758,6,2730,130,29849
2026/4/9,13:00,31055,1316,8970,5037,48,1151,1032,0,511,10953,0,236,0,-1796,1,3469,129,31057
2026/4/9,13:30,31120,1316,9471,5477,47,1158,1031,0,513,8644,0,217,0,301,3,2813,129,31120
2026/4/9,14:00,30943,1316,10651,5664,48,1175,1032,0,513,6494,0,216,0,955,1,2750,128,30943
2026/4/9,14:30,30532,1316,11861,5773,48,1152,1030,0,514,4499,0,245,0,1180,0,2786,126,30530
2026/4/9,15:00,29951,1316,12771,5788,48,1119,1083,0,514,3039,0,225,0,981,0,2941,126,29951
2026/4/9,15:30,30347,1316,14150,5804,48,1083,1110,0,512,2062,0,241,0,1091,1,2742,188,30348
2026/4/9,16:00,30693,1316,14966,5880,48,1087,1221,0,513,1322,0,250,0,1084,0,2772,233,30692
2026/4/9,16:30,30859,1316,15814,5915,48,1049,1251,0,514,725,0,245,0,1173,10,2580,219,30859
2026/4/9,17:00,31017,1316,16022,5995,47,1062,1410,0,517,293,0,237,0,1343,16,2516,243,31017
2026/4/9,17:30,31533,1316,16491,5995,48,1070,1425,0,514,76,0,229,0,1469,35,2629,235,31532
2026/4/9,18:00,31980,1316,16616,5996,48,1050,1452,0,515,1,0,270,0,1637,41,2785,254,31981
2026/4/9,18:30,31969,1316,16565,5996,48,1074,1431,0,519,0,0,269,0,1726,39,2740,246,31969
2026/4/9,19:00,31498,1316,16146,6031,47,1082,1463,0,520,0,0,276,0,1812,41,2554,209,31497
2026/4/9,19:30,30976,1316,15473,6101,48,1064,1467,0,520,0,0,271,0,2031,23,2449,212,30975
2026/4/9,20:00,30274,1316,14738,6128,47,1083,1415,0,521,0,0,265,0,1291,31,3223,216,30274
2026/4/9,20:30,29704,1316,14739,6127,48,1091,1394,0,522,0,0,261,0,594,18,3367,226,29703
2026/4/9,21:00,28863,1316,14684,6127,48,1037,1420,0,522,0,0,257,0,520,4,2731,197,28863
2026/4/9,21:30,27951,1317,14093,6128,48,1012,1406,0,522,0,0,273,0,250,3,2689,210,27951
2026/4/9,22:00,27365,1317,14220,6128,48,1048,1238,0,523,0,0,271,0,100,2,2290,181,27366
2026/4/9,22:30,26549,1317,13600,6126,47,1103,1213,0,523,0,0,262,0,0,0,2167,191,26549
2026/4/9,23:00,25909,1317,13269,6054,48,1105,1218,0,522,0,0,259,0,-24,0,1966,176,25910
2026/4/9,23:30,24980,1316,12928,6027,47,1088,1212,0,523,0,0,253,0,-579,2,2005,157,24979
2026/4/10,0:00,24094,1316,12208,6026,47,1080,1161,0,517,0,0,284,0,-1304,2,2604,153,24094
2026/4/10,0:30,23205,1317,12194,6028,47,1090,1159,0,517,0,0,247,0,-1915,4,2328,189,23205
2026/4/10,1:00,22857,1317,11678,6028,47,1085,1163,0,517,0,0,241,0,-2121,2,2698,201,22856
2026/4/10,1:30,22656,1317,11779,6029,47,1122,1170,0,517,0,0,239,0,-2140,6,2360,211,22657
2026/4/10,2:00,22573,1317,11689,6029,47,1119,1178,0,518,0,0,239,0,-2017,2,2236,215,22572
2026/4/10,2:30,22754,1317,12126,6050,48,1115,1209,0,517,0,0,249,0,-1999,2,1909,212,22755
2026/4/10,3:00,22994,1317,11771,6127,48,1112,1219,0,519,0,0,249,0,-1866,4,2278,217,22995
2026/4/10,3:30,23113,1317,11385,6126,47,1107,1154,0,518,0,0,283,0,-1401,2,2363,213,23114
2026/4/10,4:00,23221,1317,11277,6127,48,1131,1156,0,517,0,0,255,0,-1084,2,2253,222,23221
2026/4/10,4:30,23290,1317,11011,6126,48,1112,1163,0,517,0,0,233,0,-724,2,2282,205,23292
2026/4/10,5:00,23612,1317,11169,6126,48,1123,1165,0,515,1,0,237,0,-632,4,2302,238,23613
2026/4/10,5:30,23937,1317,11394,6126,48,1107,1169,0,516,103,0,212,0,-632,3,2363,210,23936
2026/4/10,6:00,24794,1317,11569,6116,48,1099,1401,0,516,250,0,250,0,-378,1,2375,230,24794
2026/4/10,6:30,25840,1317,11792,6052,47,1112,1411,0,518,530,0,311,0,0,3,2547,200,25840
2026/4/10,7:00,27020,1317,13085,6025,48,1107,1413,0,515,917,0,337,0,0,3,2026,227,27020
2026/4/10,7:30,28025,1317,12829,6025,48,1105,1410,0,514,1281,0,356,0,12,2,2927,200,28026
2026/4/10,8:00,29760,1317,13418,6027,47,1101,1478,0,510,1564,0,411,0,50,6,3615,217,29761
2026/4/10,8:30,31230,1317,15014,6024,48,1107,1485,0,508,1790,0,425,0,537,17,2732,226,31230
2026/4/10,9:00,31809,1317,15022,6026,47,1113,1449,0,508,2126,0,425,0,513,7,3021,235,31809
2026/4/10,9:30,32124,1316,15221,6024,47,1095,1417,0,507,2711,0,434,0,500,19,2583,248,32122
2026/4/10,10:00,32220,1316,15235,6026,48,1106,1186,0,505,3016,0,441,0,596,10,2481,253,32219
2026/4/10,10:30,31949,1317,15021,6025,48,1107,1155,0,504,2919,0,440,0,583,8,2568,256,31951
2026/4/10,11:00,32178,1317,14986,6026,47,1102,1121,0,505,3091,0,438,0,564,6,2715,260,32178
2026/4/10,11:30,32457,1317,15545,6024,47,1100,1122,0,504,2750,0,443,0,565,7,2773,260,32457
2026/4/10,12:00,30513,1317,13771,6021,47,1090,1037,0,502,2143,0,437,0,139,0,3770,239,30513
2026/4/10,12:30,30490,1317,14092,6021,47,1099,1080,0,502,2702,0,445,0,3,0,2948,234,30490
2026/4/10,13:00,31413,1317,15063,6019,48,1092,1109,0,500,2445,0,438,0,578,7,2594,204,31414
2026/4/10,13:30,31033,1317,14583,6044,47,1095,1130,0,501,2313,0,443,0,668,15,2673,204,31033
2026/4/10,14:00,31296,1317,14452,6122,48,1052,1153,0,495,2667,0,438,0,792,10,2578,172,31296
2026/4/10,14:30,31337,1317,14601,6120,47,1043,1173,0,490,2514,0,445,0,1019,1,2390,177,31337
2026/4/10,15:00,31845,1317,15223,6121,48,1045,1191,0,488,2034,0,418,0,1236,1,2552,171,31845
2026/4/10,15:30,31432,1318,14879,6122,48,1069,1205,0,490,1150,0,379,0,1504,1,3098,171,31434
2026/4/10,16:00,31466,1317,14953,6122,48,1087,1499,0,490,954,0,363,0,1552,1,2861,219,31466
2026/4/10,16:30,31543,1317,15506,6119,48,1054,1530,0,492,558,0,363,0,1622,5,2721,208,31543
2026/4/10,17:00,31416,1317,15275,6118,47,1083,1516,0,494,261,0,369,0,1719,19,2987,210,31415
2026/4/10,17:30,31601,1317,15797,6050,48,1017,1539,0,493,81,0,361,0,1677,21,2996,204,31601
2026/4/10,18:00,31696,1317,15766,6018,47,1030,1669,0,494,1,0,380,0,2123,17,2630,204,31696
2026/4/10,18:30,31566,1317,15792,6020,48,1046,1667,0,493,0,0,389,0,2204,21,2375,195,31567
2026/4/10,19:00,30964,1317,15162,5938,48,1107,1647,0,492,0,0,351,0,1491,20,3183,209,30965
2026/4/10,19:30,30409,1317,15207,5920,48,1079,1679,0,493,0,0,363,0,1113,20,2958,213,30410
2026/4/10,20:00,29740,1317,14934,5925,48,1086,1359,0,495,0,0,335,0,1234,13,2790,204,29740
2026/4/10,20:30,29139,1317,14281,5922,48,1097,1336,0,495,0,0,309,0,1105,9,3003,217,29139
2026/4/10,21:00,28303,1317,13821,5881,48,1058,1314,0,496,0,0,357,0,931,2,2886,193,28304
2026/4/10,21:30,27448,1317,13508,5822,48,1065,1305,0,496,0,0,290,0,871,2,2522,203,27449
2026/4/10,22:00,27158,1317,13036,5819,48,1058,1291,0,496,0,0,322,0,755,0,2828,187,27157
2026/4/10,22:30,26448,1317,11863,5823,48,1036,1251,0,498,0,0,317,0,618,0,3484,194,26449
2026/4/10,23:00,25859,1316,11237,5782,48,1029,1241,0,497,0,0,308,0,622,0,3632,147,25859
2026/4/10,23:30,25010,1316,10576,5710,48,1005,1227,0,498,0,0,316,0,609,1,3537,168,25011
2026/4/11,0:00,24129,1317,9755,5632,48,947,1286,0,493,0,0,340,0,351,5,3767,188,24129
2026/4/11,0:30,23322,1317,9022,5631,48,975,1298,0,493,0,0,366,0,319,2,3633,219,23323
2026/4/11,1:00,22903,1317,8979,5634,48,964,1248,0,492,0,0,376,0,253,2,3349,241,22903
2026/4/11,1:30,22534,1316,8583,5632,48,959,1247,0,492,0,0,364,0,206,0,3442,244,22533
2026/4/11,2:00,22490,1316,8382,5635,48,939,1249,0,493,0,0,367,0,206,0,3609,246,22490
2026/4/11,2:30,22662,1316,8394,5634,48,946,1284,0,493,0,0,373,0,206,0,3719,249,22662
2026/4/11,3:00,22727,1316,8510,5629,48,951,1279,0,494,0,0,370,0,3,4,3876,247,22727
2026/4/11,3:30,22766,1316,8554,5547,48,957,1270,0,495,0,0,365,0,161,3,3810,239,22765
2026/4/11,4:00,22871,1317,9439,5466,48,930,1189,0,495,0,0,301,0,376,2,3071,237,22871
2026/4/11,4:30,22840,1317,8651,5386,48,908,1185,0,494,0,0,338,0,331,2,3962,217,22839
2026/4/11,5:00,22713,1317,8425,5286,48,796,1199,0,493,1,0,343,0,346,1,4192,265,22712
2026/4/11,5:30,22064,1317,8425,4693,48,644,1201,0,493,200,0,349,0,416,1,4035,242,22064
2026/4/11,6:00,21678,1317,8231,4052,48,533,1239,0,494,1157,0,350,0,538,0,3468,251,21678
2026/4/11,6:30,21670,1317,7793,3506,48,550,1268,0,494,2728,0,333,0,523,0,2878,230,21668
2026/4/11,7:00,21972,1317,6780,2933,48,552,1274,0,492,4838,0,329,0,440,0,2701,267,21971
2026/4/11,7:30,22730,1317,6239,2536,48,586,1277,0,491,7195,0,341,0,-1452,1,3887,264,22730
2026/4/11,8:00,23308,1316,6432,2296,48,513,1334,0,473,9161,299,290,40,-2217,3,3353,306,23308
2026/4/11,8:30,24223,1316,6124,2292,48,471,1327,0,471,11060,366,278,42,-2778,1,3316,296,24222
2026/4/11,9:00,25279,1316,6452,2291,48,455,1253,0,472,12661,426,273,42,-3538,1,3307,288,25279
2026/4/11,9:30,25875,1316,6065,2287,48,468,1247,0,470,14008,469,267,37,-4480,5,3880,293,25874
2026/4/11,10:00,26502,1316,6031,2287,48,448,1224,0,467,14804,802,240,41,-4890,1,4240,286,26502
2026/4/11,10:30,26925,1316,6348,2288,48,458,1214,0,468,15201,1151,200,81,-5130,6,4225,283,26925
2026/4/11,11:00,27407,1316,6658,2290,48,455,1217,0,468,15410,1294,195,112,-5114,6,4194,266,27409
2026/4/11,11:30,27447,1316,6865,2283,48,425,1180,0,468,15171,1565,188,112,-5011,5,4237,271,27446
2026/4/11,12:00,27499,1316,6365,2288,48,471,1187,0,467,15254,1299,229,115,-4579,7,4204,242,27499
2026/4/11,12:30,27103,1316,6289,2293,48,464,1197,0,466,14790,1237,263,77,-4535,7,4263,241,27102
2026/4/11,13:00,27250,1317,6299,2294,48,485,1238,0,465,14405,805,311,31,-4121,1,4312,197,27251
2026/4/11,13:30,26682,1317,6375,2294,48,458,1260,0,466,13128,855,291,77,-3393,4,4232,202,26682
2026/4/11,14:00,26376,1317,6347,2292,48,457,1311,0,465,12242,413,308,39,-2894,1,4293,190,26377
2026/4/11,14:30,26004,1317,6874,2293,48,499,1316,0,465,10733,362,315,35,-2246,1,4193,194,26002
2026/4/11,15:00,26002,1317,6676,2490,48,540,1336,0,465,9007,300,301,35,-434,1,4060,194,26001
2026/4/11,15:30,25985,1317,7535,2581,48,567,1338,0,466,7002,233,300,34,443,3,4189,197,25986
2026/4/11,16:00,26199,1317,8444,2959,48,590,1420,0,480,5068,0,319,0,1179,20,4138,216,26198
2026/4/11,16:30,26435,1317,9508,3718,48,599,1435,0,481,3011,0,313,0,1664,5,4115,221,26435
2026/4/11,17:00,26547,1317,9539,4504,48,649,1474,0,485,1389,0,294,0,2451,4,4109,285,26548
2026/4/11,17:30,26899,1317,9928,5078,48,653,1489,0,484,372,0,280,0,3040,33,3888,290,26900
2026/4/11,18:00,27476,1316,10117,5266,48,657,1548,0,489,4,0,314,0,3272,30,4108,306,27475
2026/4/11,18:30,27955,1317,10137,5273,48,683,1549,0,488,0,0,338,0,3494,32,4288,309,27956
2026/4/11,19:00,27689,1316,10092,5276,48,672,1553,0,488,0,0,319,0,3325,35,4271,295,27690
2026/4/11,19:30,27265,1316,10146,5093,48,662,1548,0,489,0,0,312,0,3016,29,4308,298,27265
2026/4/11,20:00,26751,1316,10131,4735,48,731,1408,0,492,0,0,317,0,2943,32,4315,283,26751
2026/4/11,20:30,26246,1316,10152,4574,48,735,1390,0,492,0,0,310,0,2603,24,4318,284,26246
2026/4/11,21:00,25639,1316,10086,4490,48,736,1363,0,493,0,0,344,0,2194,6,4321,241,25638
2026/4/11,21:30,24884,1316,9785,4352,48,756,1357,0,493,0,0,321,0,1904,5,4298,248,24883
2026/4/11,22:00,24425,1316,9852,4292,48,792,1328,0,494,0,0,331,0,1572,1,4175,224,24425
2026/4/11,22:30,23766,1317,9597,4297,48,797,1288,0,493,0,0,313,0,1167,0,4219,230,23766
2026/4/11,23:00,23353,1317,9590,4256,48,830,1267,0,493,0,0,280,0,906,1,4187,178,23353
2026/4/11,23:30,22667,1317,9245,4178,48,837,1252,0,494,0,0,271,0,584,13,4237,192,22668
2026/4/12,0:00,22048,1317,8774,4148,48,851,1299,0,485,0,0,371,0,325,6,4234,190,22048
2026/4/12,0:30,21303,1317,8117,4147,48,804,1303,0,484,0,0,365,0,271,6,4216,226,21304
2026/4/12,1:00,21010,1317,7706,4148,48,794,1304,0,484,0,0,353,0,423,4,4194,235,21010
2026/4/12,1:30,20795,1316,7661,4148,48,805,1302,0,483,0,0,305,0,263,4,4218,241,20794
2026/4/12,2:00,20710,1316,7582,4147,48,828,1291,0,483,0,0,316,0,254,2,4202,241,20710
2026/4/12,2:30,20793,1317,7722,4145,48,810,1306,0,484,0,0,254,0,257,2,4207,243,20795
2026/4/12,3:00,20960,1317,7875,4147,48,829,1307,0,484,0,0,254,0,254,2,4194,249,20960
2026/4/12,3:30,20991,1316,7821,4095,48,843,1301,0,485,0,0,256,0,388,1,4193,244,20991
2026/4/12,4:00,21238,1316,8106,3718,48,813,1224,0,485,0,0,269,0,816,0,4200,243,21238
2026/4/12,4:30,21227,1316,7813,3534,48,819,1223,0,484,0,0,317,0,1245,2,4202,224,21227
2026/4/12,5:00,21246,1316,8147,3108,48,820,1288,0,484,2,0,313,0,1290,7,4156,268,21247
2026/4/12,5:30,20635,1317,7729,2811,48,824,1293,0,483,205,0,300,0,1144,8,4221,252,20635
2026/4/12,6:00,20302,1317,7328,2484,48,819,1303,0,485,990,0,298,0,870,6,4088,266,20302
2026/4/12,6:30,20056,1316,7645,2126,48,827,1316,0,485,2279,0,308,0,-285,2,3770,220,20057
2026/4/12,7:00,20186,1316,6938,1946,48,834,1309,0,485,4141,0,325,0,-1598,0,4192,249,20185
2026/4/12,7:30,20922,1315,6961,1928,48,837,1305,0,483,6208,0,293,0,-2816,1,4123,234,20920
2026/4/12,8:00,20711,1315,6634,1846,48,774,1323,0,467,7554,942,180,54,-3349,1,3637,282,20712
2026/4/12,8:30,21519,1313,6489,1845,48,771,1316,0,464,8772,2114,42,151,-3794,1,3981,270,21518
2026/4/12,9:00,22609,1312,6607,1847,48,855,1302,0,465,10127,2620,14,144,-4138,1,3925,245,22610
2026/4/12,9:30,23354,1313,6223,1846,48,872,1304,0,464,11646,2645,35,120,-4415,1,3771,247,23355
2026/4/12,10:00,23887,1312,6109,1846,48,936,1299,0,463,12854,2768,0,167,-4907,5,3690,233,23888
2026/4/12,10:30,24284,1312,6610,1844,48,946,1301,0,462,13045,3593,0,171,-5004,5,3489,227,24285
2026/4/12,11:00,24594,1312,6332,1844,48,960,1330,0,464,13498,3686,0,161,-4989,7,3566,220,24592
2026/4/12,11:30,24621,1313,6707,1840,48,906,1266,0,463,13033,4379,0,233,-4959,7,3784,214,24622
2026/4/12,12:00,24799,1312,6961,1841,48,887,1272,0,461,12937,4357,0,248,-4964,7,3835,202,24799
2026/4/12,12:30,24476,1313,6878,1841,48,883,1269,0,461,12615,4250,0,239,-4891,5,3853,202,24477
2026/4/12,13:00,24284,1313,6652,1847,48,848,1271,0,460,12249,3829,0,278,-4526,6,3970,147,24285
2026/4/12,13:30,24085,1313,6404,1847,48,889,1269,0,462,12134,2800,29,169,-4423,1,3964,148,24085
2026/4/12,14:00,23759,1314,6472,1845,48,904,1270,0,461,10955,2575,61,141,-3859,1,4145,141,23758
2026/4/12,14:30,23495,1314,6310,1899,48,993,1268,0,462,10569,1251,131,67,-3891,1,4258,134,23496
2026/4/12,15:00,23368,1313,6716,2143,48,1010,1271,0,461,9094,787,175,53,-3241,1,4231,148,23370
2026/4/12,15:30,23413,1313,7431,2388,48,1021,1271,0,462,7087,607,203,45,-2109,0,4163,135,23413
2026/4/12,16:00,23975,1314,8267,2876,48,1087,1361,0,476,5370,0,257,0,-1519,9,4277,152,23975
2026/4/12,16:30,24493,1313,8748,3377,48,1116,1380,0,477,3172,0,261,0,177,5,4264,155,24493
2026/4/12,17:00,25328,1313,9896,3756,48,1133,1444,0,478,1452,0,285,0,1064,8,4239,213,25329
2026/4/12,17:30,25972,1314,10692,4138,48,1132,1459,0,478,393,0,271,0,1584,18,4238,207,25972
2026/4/12,18:00,26921,1315,11328,4145,48,1104,1466,0,481,5,0,261,0,2206,42,4297,224,26922
2026/4/12,18:30,27397,1315,11688,4145,48,1108,1469,0,480,0,0,263,0,2320,40,4295,226,27397
2026/4/12,19:00,27247,1317,11825,4146,48,1114,1503,0,482,0,0,268,0,1985,41,4290,228,27247
2026/4/12,19:30,27007,1316,11570,4145,48,1102,1503,0,482,0,0,245,0,2005,30,4339,222,27007
2026/4/12,20:00,26560,1317,11451,4147,48,1112,1405,0,485,0,0,242,0,1805,32,4312,205,26561
2026/4/12,20:30,26240,1317,11370,4146,48,1045,1382,0,485,0,0,240,0,1682,35,4280,211,26241
2026/4/12,21:00,25564,1316,11318,3988,48,1060,1315,0,485,0,0,224,0,1431,19,4174,188,25566
2026/4/12,21:30,24894,1316,11062,3858,48,1076,1300,0,485,0,0,224,0,1162,2,4170,192,24895
2026/4/12,22:00,24296,1316,10917,3790,48,1075,1278,0,486,0,0,202,0,999,3,4020,163,24297
2026/4/12,22:30,23636,1315,10822,3742,48,1091,1215,0,486,0,0,166,0,591,0,3984,175,23635
2026/4/12,23:00,23274,1316,10960,3621,48,1113,1184,0,485,0,0,172,0,426,0,3813,135,23273
2026/4/12,23:30,22589,1316,10329,3692,48,1122,1171,0,486,0,0,159,0,101,2,4016,147,22589
2026/4/13,0:00,22018,1316,9584,3721,48,1081,1247,0,503,0,0,146,0,-8,2,4188,191,22019
2026/4/13,0:30,21157,1316,8763,3722,48,1085,1250,0,503,0,0,140,0,-14,10,4110,224,21157
2026/4/13,1:00,20882,1316,8696,3721,48,1064,1218,0,503,0,0,115,0,-21,2,3987,232,20881
2026/4/13,1:30,20683,1317,8298,3723,48,1058,1214,0,503,0,0,132,0,-21,2,4171,237,20682
2026/4/13,2:00,20751,1316,8746,3722,48,1061,1207,0,503,0,0,84,0,-20,1,3847,236,20751
2026/4/13,2:30,20873,1315,9187,3723,48,1067,1203,0,503,0,0,65,0,-20,0,3547,235,20873
2026/4/13,3:00,21184,1315,9743,3724,48,1070,1228,0,504,0,0,117,0,-20,1,3221,234,21185
2026/4/13,3:30,21410,1315,10159,3722,48,1077,1220,0,506,0,0,126,0,98,0,2909,230,21410
2026/4/13,4:00,21599,1314,10435,3722,48,1093,1140,0,505,0,0,119,0,374,1,2609,238,21598
2026/4/13,4:30,21955,1314,10672,3721,48,1064,1143,0,504,0,0,124,0,655,1,2489,218,21953
2026/4/13,5:00,22222,1315,10640,3724,48,1035,1192,0,504,3,0,96,0,644,5,2747,270,22223
2026/4/13,5:30,22246,1314,10607,3722,48,990,1213,0,503,229,0,124,0,728,0,2527,242,22247
2026/4/13,6:00,22659,1314,10035,3723,48,967,1196,0,504,1133,0,113,0,657,0,2718,251,22659
2026/4/13,6:30,23171,1315,9063,3723,48,991,1193,0,505,2667,0,103,0,270,0,3067,226,23171
2026/4/13,7:00,24096,1315,8307,3724,48,937,1174,0,503,4687,0,93,0,-14,0,3078,243,24095
2026/4/13,7:30,25179,1316,7793,3722,48,962,1175,0,501,6640,0,92,0,-759,0,3473,216,25179
2026/4/13,8:00,26756,1316,7786,3723,48,996,1254,0,497,8260,0,89,0,-1233,0,3783,237,26756
2026/4/13,8:30,28344,1316,8616,3723,48,983,1256,0,496,9799,0,123,0,-1397,0,3133,249,28345
2026/4/13,9:00,29366,1315,8828,3721,48,945,1229,0,494,10811,0,125,0,-1282,0,2894,237,29365
2026/4/13,9:30,30189,1315,8897,3758,48,963,1223,0,493,11649,0,135,0,-1270,9,2828,141,30189
2026/4/13,10:00,30468,1315,8347,3737,48,942,1218,0,491,11941,0,151,0,-1408,5,3551,129,30467
2026/4/13,10:30,30382,1315,8852,3771,48,985,1207,0,492,11591,0,160,0,-1143,6,2967,129,30380
2026/4/13,11:00,29907,1315,8429,3769,48,987,1202,0,494,11732,0,171,0,-1212,7,2834,130,29906
2026/4/13,11:30,30460,1315,8156,3770,48,993,1127,0,493,12617,0,165,0,-1253,8,2889,130,30458
2026/4/13,12:00,29767,1316,7910,3768,48,999,1146,0,490,12757,0,159,0,-1775,6,2813,130,29767
2026/4/13,12:30,29779,1315,8088,3770,48,1009,1164,0,490,12822,0,171,0,-2147,4,2917,129,29780
2026/4/13,13:00,31046,1314,9227,3768,48,1025,1190,0,487,12219,0,158,0,-2127,11,3597,129,31046
2026/4/13,13:30,30622,1314,9628,3768,48,1000,1193,0,488,10726,0,171,0,-2152,10,4299,128,30621
2026/4/13,14:00,30267,1315,10293,3768,48,1044,1175,0,488,9270,0,186,0,-1580,6,4128,127,30268
2026/4/13,14:30,30342,1314,11239,3768,48,1054,1172,0,488,7775,0,196,0,-761,6,3918,126,30343
2026/4/13,15:00,30506,1315,11435,3762,48,1080,1169,0,485,6054,0,200,0,669,3,4160,127,30507
2026/4/13,15:30,30474,1315,13216,3767,48,1092,1174,0,486,4047,0,202,0,1042,0,3957,127,30473
2026/4/13,16:00,30267,1315,14305,3767,48,1086,1316,0,489,2601,0,143,0,1318,0,3752,127,30267
2026/4/13,16:30,30038,1315,14996,3766,48,1075,1349,0,491,1567,0,191,0,1947,5,3161,127,30038
2026/4/13,17:00,29922,1315,15314,3770,48,1068,1423,0,493,782,0,184,0,2299,7,3072,147,29922
2026/4/13,17:30,30268,1314,15188,3769,47,1078,1457,0,493,256,0,176,0,3101,37,3204,147,30267
2026/4/13,18:00,30668,1315,15258,3768,48,1037,1466,0,496,5,0,190,0,3513,47,3375,150,30668
2026/4/13,18:30,30865,1315,15310,3768,47,1011,1456,0,496,0,0,178,0,3619,46,3467,151,30864
2026/4/13,19:00,30371,1315,15336,3769,47,974,1443,0,494,0,0,172,0,3534,39,3096,151,30370
2026/4/13,19:30,29729,1315,15217,3769,48,1003,1443,0,495,0,0,164,0,2457,24,3644,150,29729
2026/4/13,20:00,29120,1315,15192,3770,48,1019,1293,0,498,0,0,154,0,1789,33,3882,127,29120
2026/4/13,20:30,28545,1315,15042,3771,48,1069,1267,0,499,0,0,154,0,1351,27,3875,128,28546
2026/4/13,21:00,27785,1315,14657,3755,48,1049,1252,0,502,0,0,155,0,1657,5,3265,126,27786
2026/4/13,21:30,26979,1316,14129,3612,48,1062,1226,0,502,0,0,135,0,1285,4,3535,125,26979
2026/4/13,22:00,26597,1316,14461,3455,48,1062,1179,0,503,0,0,131,0,1323,0,3025,94,26597
2026/4/13,22:30,26056,1316,14454,3353,47,1082,1144,0,503,0,0,124,0,1225,0,2600,207,26055
2026/4/13,23:00,25599,1316,14416,3306,48,1105,1105,0,503,0,0,109,0,1080,0,2453,158,25599
2026/4/13,23:30,24615,1317,14236,3280,48,1089,1086,0,503,0,0,102,0,534,0,2240,180,24615
2026/4/14,0:00,23779,1316,13020,3200,47,1056,1176,0,479,0,0,44,0,150,3,3100,187,23778
2026/4/14,0:30,22786,1317,12624,3198,48,1063,1175,0,479,0,0,28,0,0,2,2631,222,22787
2026/4/14,1:00,22398,1317,12407,3198,47,1081,1177,0,478,0,0,33,0,-6,1,2431,234,22398
2026/4/14,1:30,22075,1316,11998,3199,48,1055,1173,0,479,0,0,32,0,-7,0,2685,98,22076
2026/4/14,2:00,22099,1316,12299,3198,47,1057,1208,0,479,0,0,48,0,-7,1,2356,96,22098
2026/4/14,2:30,22177,1316,12637,3198,48,1107,1266,0,478,0,0,24,0,-7,0,2016,94,22177
2026/4/14,3:00,22480,1317,13068,3200,47,1096,1255,0,479,0,0,34,0,-7,0,1895,96,22480
2026/4/14,3:30,22651,1316,13400,3199,48,1080,1249,0,481,0,0,39,0,-7,0,1750,95,22650
2026/4/14,4:00,22796,1316,13772,3198,48,1102,1170,0,481,0,0,31,0,67,0,1523,90,22798
2026/4/14,4:30,22988,1316,13487,3199,48,1097,1174,0,479,0,0,95,0,142,1,1871,79,22988
2026/4/14,5:00,23228,1316,13152,3219,47,1061,1180,0,480,4,0,103,0,-7,10,2543,119,23227
2026/4/14,5:30,22993,1316,12630,3223,48,1088,1190,0,479,240,0,108,0,-7,2,2586,90,22993
2026/4/14,6:00,23540,1316,12601,3227,48,1110,1150,0,481,1039,0,94,0,-3,0,2292,185,23540
2026/4/14,6:30,24100,1316,11287,3279,47,1086,1148,0,481,2262,0,65,0,-324,0,3251,202,24100
2026/4/14,7:00,25125,1314,10666,3343,48,1050,1180,0,480,3664,0,80,0,-970,0,4043,227,25125
2026/4/14,7:30,26031,1315,10482,3407,47,1082,1178,0,479,4797,0,93,0,-1172,1,4119,203,26031
2026/4/14,8:00,26970,1315,10019,3481,48,1060,1252,0,475,6034,0,96,0,-1297,0,4260,227,26970
2026/4/14,8:30,28263,1315,9771,3432,47,1076,1243,0,473,7861,0,118,0,-1564,0,4246,246,28264
2026/4/14,9:00,29376,1315,9509,3351,47,1137,1202,0,472,9809,0,122,0,-1989,1,4162,237,29375
2026/4/14,9:30,30212,1314,9485,3317,48,1105,1196,0,471,11841,0,122,0,-2748,1,3811,249,30212
2026/4/14,10:00,31146,1314,9356,3220,48,1096,1188,0,470,13571,0,129,0,-3520,1,4014,260,31147
2026/4/14,10:30,31723,1314,9362,3167,48,1100,1180,0,471,14419,0,132,0,-3931,4,4194,264,31724
2026/4/14,11:00,31917,1313,9959,3205,48,1106,1166,0,473,14794,0,137,0,-4823,4,4277,259,31918
2026/4/14,11:30,31918,1313,10132,3324,48,1084,1089,0,473,14961,0,139,0,-5211,6,4299,260,31917
2026/4/14,12:00,30798,1313,9446,3349,48,1078,1110,0,471,14725,0,148,0,-5424,3,4311,220,30798
2026/4/14,12:30,30512,1312,9831,3383,48,1117,1122,0,472,14576,0,143,0,-6018,4,4300,221,30511
2026/4/14,13:00,31549,1313,11044,3579,48,1114,1127,0,469,14147,0,139,0,-5838,4,4216,185,31547
2026/4/14,13:30,31513,1314,11418,3591,48,1109,1124,0,470,13109,0,112,0,-4436,1,3467,187,31514
2026/4/14,14:00,31421,1315,11996,3590,48,1106,1124,0,469,11705,0,101,0,-3119,0,2903,183,31421
2026/4/14,14:30,31298,1315,12130,3589,48,1111,1118,0,470,10082,0,108,0,-1681,1,2827,181,31299
2026/4/14,15:00,30889,1314,12765,3588,48,1150,1099,0,470,8216,0,118,0,-949,0,2881,189,30889
2026/4/14,15:30,31014,1314,13883,3588,48,1166,1127,0,471,6345,0,120,0,-49,0,2811,189,31013
2026/4/14,16:00,31059,1314,14376,3587,48,1139,1228,0,473,4518,0,116,0,103,0,3954,203,31059
2026/4/14,16:30,30957,1314,14764,3581,48,1089,1257,0,474,2672,0,115,0,2389,1,3060,192,30956
2026/4/14,17:00,30557,1314,14776,3580,48,1049,1348,0,477,1146,0,120,0,2345,24,4108,223,30558
2026/4/14,17:30,30645,1314,15962,3582,48,1059,1363,0,476,285,0,120,0,3681,24,2518,213,30645
2026/4/14,18:00,30974,1314,16485,3582,48,1051,1374,0,481,4,0,118,0,3371,36,2858,251,30973
2026/4/14,18:30,30981,1315,16831,3583,48,1069,1379,0,480,0,0,122,0,2624,36,3249,245,30981
2026/4/14,19:00,30322,1315,16379,3584,48,1102,1380,0,479,0,0,125,0,1875,31,3764,241,30323
2026/4/14,19:30,29766,1315,16451,3584,48,1061,1369,0,479,0,0,121,0,1126,34,3932,247,29767
2026/4/14,20:00,29117,1314,16070,3583,48,1015,1267,0,482,0,0,120,0,910,35,4033,239,29116
2026/4/14,20:30,28548,1315,16074,3584,49,1025,1232,0,484,0,0,118,0,480,21,3918,248,28548
2026/4/14,21:00,27816,1315,15794,3583,49,1034,1209,0,484,0,0,111,0,54,6,3954,223,27816
2026/4/14,21:30,26989,1315,15044,3583,48,1035,1175,0,485,0,0,105,0,0,1,3973,225,26989
2026/4/14,22:00,26544,1315,14891,3667,48,997,1117,0,485,0,0,108,0,0,0,3706,209,26543
2026/4/14,22:30,25971,1316,14392,3772,48,989,1072,0,486,0,0,104,0,0,0,3578,213,25970
2026/4/14,23:00,25374,1315,14201,3779,48,1034,1060,0,486,0,0,106,0,0,0,3183,162,25374
2026/4/14,23:30,24512,1316,13702,3781,48,1082,1049,0,486,0,0,87,0,0,2,2779,180,24512
2026/4/15,0:00,23642,1316,12554,3781,48,1102,1150,0,477,0,0,73,0,0,0,2959,180,23640
2026/4/15,0:30,22693,1316,11786,3724,49,1045,1156,0,477,0,0,49,0,0,0,2881,211,22694
2026/4/15,1:00,22308,1316,11379,3596,48,1014,1143,0,477,0,0,95,0,-8,1,3020,227,22308
2026/4/15,1:30,22150,1317,11383,3584,48,1031,1183,0,477,0,0,63,0,-125,4,2950,236,22151
2026/4/15,2:00,22069,1317,11534,3584,48,1063,1178,0,478,0,0,96,0,-142,1,2672,241,22070
2026/4/15,2:30,22172,1317,11817,3584,48,1056,1171,0,478,0,0,91,0,-16,2,2389,237,22174
2026/4/15,3:00,22427,1316,12052,3584,47,1071,1169,0,479,0,0,66,0,-7,1,2395,252,22425
2026/4/15,3:30,22513,1315,12402,3582,48,1042,1096,0,480,0,0,62,0,-7,0,2244,250,22514
2026/4/15,4:00,22636,1316,12625,3583,47,1071,1093,0,480,0,0,72,0,-7,0,2117,239,22636
2026/4/15,4:30,22815,1315,12614,3583,47,1056,1094,0,479,0,0,66,0,-7,0,2345,221,22813
2026/4/15,5:00,23082,1316,12543,3583,48,1038,1101,0,479,6,0,70,0,94,5,2542,259,23084
2026/4/15,5:30,23118,1316,12198,3582,47,1038,1111,0,479,202,0,72,0,206,3,2628,235,23117
2026/4/15,6:00,23739,1316,11948,3583,48,1035,1159,0,480,627,0,62,0,253,0,2998,231,23740
2026/4/15,6:30,24340,1315,11509,3583,47,1033,1154,0,480,1123,0,61,0,268,0,3502,264,24339
2026/4/15,7:00,25094,1315,11106,3585,47,1028,1159,0,478,2053,0,65,0,272,1,3725,260,25094
2026/4/15,7:30,25956,1315,11385,3585,48,1023,1149,0,477,3188,0,80,0,111,0,3357,239,25957
2026/4/15,8:00,27271,1315,11839,3586,48,1072,1226,0,474,4388,0,93,0,0,6,2967,258,27272
2026/4/15,8:30,28560,1315,12033,3586,48,1049,1197,0,472,5702,0,98,0,-97,14,2880,265,28562
2026/4/15,9:00,29530,1315,12221,3587,48,1015,1194,0,470,6946,0,94,0,-517,6,2913,240,29532
2026/4/15,9:30,29932,1316,12178,3586,48,1012,1187,0,464,7861,0,114,0,-924,5,2828,256,29931
2026/4/15,10:00,30030,1316,11695,3510,48,1012,1137,0,457,8717,0,116,0,-1253,4,3027,246,30032
2026/4/15,10:30,30221,1316,12169,3522,48,1038,1131,0,451,9083,0,103,0,-1488,3,2592,253,30221
2026/4/15,11:00,30282,1317,11915,3587,48,1021,1132,0,447,9169,0,109,0,-1474,5,2806,201,30283
2026/4/15,11:30,30176,1316,11853,3589,47,1077,1063,0,441,9194,0,115,0,-1501,5,2781,198,30178
2026/4/15,12:00,29050,1316,10909,3374,48,1105,1062,0,433,9292,0,126,0,-1596,4,2802,177,29052
2026/4/15,12:30,29595,1317,11653,3131,48,1084,1064,0,427,9524,0,122,0,-1724,2,2773,176,29597
2026/4/15,13:00,30579,1316,13196,3534,47,1118,1096,0,421,8479,0,131,0,-1661,0,2720,182,30579
2026/4/15,13:30,30639,1316,13845,3610,48,1053,1145,0,422,7101,0,125,0,-950,7,2734,182,30638
2026/4/15,14:00,30359,1312,14332,3617,47,995,1163,0,399,5575,0,123,0,-27,0,2633,190,30359
2026/4/15,14:30,30476,1312,15147,3638,48,1005,1169,0,398,4631,0,95,0,471,2,2371,189,30476
2026/4/15,15:00,30615,1315,15063,3717,47,1033,1179,0,400,3481,0,94,0,1426,1,2662,197,30615
2026/4/15,15:30,30769,1314,15636,3798,48,1058,1189,0,401,2166,0,114,0,1544,3,3303,196,30770
2026/4/15,16:00,30967,1314,16141,3814,48,1070,1350,0,402,1297,0,108,0,1719,15,3447,242,30967
2026/4/15,16:30,30984,1314,16474,3938,48,1098,1365,0,403,604,0,115,0,2289,16,3090,230,30984
2026/4/15,17:00,30828,1315,16684,3997,47,1061,1391,0,406,214,0,96,0,2129,13,3237,240,30830
2026/4/15,17:30,30996,1315,16837,4139,47,1080,1403,0,405,58,0,103,0,2162,30,3186,230,30995
2026/4/15,18:00,31074,1315,16838,4229,48,1085,1442,0,409,2,0,100,0,2079,26,3248,254,31075
2026/4/15,18:30,30925,1315,16887,4216,47,1093,1449,0,409,0,0,101,0,2022,24,3110,252,30925
2026/4/15,19:00,30345,1315,16484,4245,47,1087,1462,0,408,0,0,100,0,1666,23,3287,221,30345
2026/4/15,19:30,29752,1316,16386,4243,48,1097,1435,0,408,0,0,99,0,881,29,3585,226,29753
2026/4/15,20:00,29130,1316,16300,4245,48,1102,1281,0,411,0,0,98,0,524,22,3561,223,29131
2026/4/15,20:30,28684,1316,16089,4246,48,1111,1268,0,412,0,0,98,0,355,12,3495,235,28685
2026/4/15,21:00,27888,1316,15512,4243,48,1112,1232,0,412,0,0,98,0,119,3,3585,208,27888
2026/4/15,21:30,27114,1316,14799,4168,48,1132,1232,0,413,0,0,97,0,0,3,3687,220,27115
2026/4/15,22:00,26730,1316,14561,4099,48,1129,1221,0,414,0,0,99,0,0,0,3642,202,26731
2026/4/15,22:30,26029,1315,14272,4097,48,1126,1196,0,415,0,0,97,0,0,0,3250,213,26029
2026/4/15,23:00,25476,1315,14030,4098,48,1100,1193,0,415,0,0,91,0,0,3,2986,197,25476
2026/4/15,23:30,24642,1316,13013,4098,48,1056,1187,0,416,0,0,90,0,0,2,3245,171,24642
2026/4/16,0:00,23759,1316,12350,4099,47,1047,1201,0,411,0,0,79,0,0,0,3024,185,23759
2026/4/16,0:30,22803,1316,11439,4098,48,1068,1206,0,410,0,0,84,0,-2,0,2920,217,22804
2026/4/16,1:00,22382,1316,12205,4100,48,1054,1245,0,410,0,0,93,0,-6,0,1683,235,22383
2026/4/16,1:30,22127,1316,12109,4098,48,1042,1249,0,410,0,0,99,0,-6,0,1522,241,22128
2026/4/16,2:00,22061,1316,11953,4101,48,1054,1237,0,411,0,0,118,0,-6,0,1588,241,22061
2026/4/16,2:30,22228,1316,11947,4101,48,1003,1233,0,410,0,0,125,0,-6,0,1814,237,22228
2026/4/16,3:00,22440,1317,12115,4100,47,998,1243,0,410,0,0,135,0,-6,0,1837,243,22439
2026/4/16,3:30,22648,1317,12333,4099,48,1035,1245,0,411,0,0,143,0,-6,0,1781,242,22648
2026/4/16,4:00,22822,1316,12350,4096,47,1020,1249,0,410,0,0,156,0,-6,0,1947,238,22823
2026/4/16,4:30,22996,1317,11934,4098,47,1008,1252,0,410,0,0,203,0,227,0,2276,223,22995
2026/4/16,5:00,23303,1317,11794,4099,48,1050,1258,0,410,8,0,222,0,408,2,2423,264,23303
2026/4/16,5:30,23390,1316,11453,4100,47,1061,1265,0,409,188,0,237,0,544,5,2524,240,23389
2026/4/16,6:00,23678,1316,10805,4101,47,1050,1294,0,410,691,0,232,0,449,0,3040,242,23677
2026/4/16,6:30,24205,1316,10075,4100,47,1028,1305,0,410,1660,0,239,0,658,0,3155,211,24204
2026/4/16,7:00,24876,1316,9112,4035,47,1002,1306,0,409,3254,0,278,0,493,0,3398,227,24877
2026/4/16,7:30,25511,1316,8975,3479,48,1052,1303,0,408,5585,0,261,0,-429,0,3314,199,25511
2026/4/16,8:00,26980,1316,8696,3079,48,963,1289,0,406,8251,0,278,0,-862,0,3283,232,26979
2026/4/16,8:30,28735,1316,8910,2625,47,931,1272,0,403,10856,0,286,0,-1494,0,3332,251,28735
2026/4/16,9:00,30296,1316,8711,2401,48,931,1231,0,402,12742,0,301,0,-1594,0,3569,238,30296
2026/4/16,9:30,31085,1317,8270,2249,48,906,1192,0,401,13921,0,304,0,-1593,0,3822,251,31088
2026/4/16,10:00,31234,1316,7973,2060,48,940,1178,0,399,14877,0,304,0,-1591,0,3471,259,31234
2026/4/16,10:30,31677,1316,8167,2033,48,912,1173,0,399,15769,0,252,0,-1926,2,3269,261,31675
2026/4/16,11:00,31971,1316,8021,1957,48,899,1170,0,410,16272,0,268,0,-2184,3,3527,263,31970
2026/4/16,11:30,32024,1316,8045,1958,48,952,1175,0,419,16657,0,275,0,-2383,5,3296,261,32024
2026/4/16,12:00,31148,1316,7738,1958,48,947,1175,0,426,16628,0,276,0,-2960,5,3354,237,31148
2026/4/16,12:30,31027,1316,8036,1965,47,927,1183,0,428,16274,0,270,0,-2994,5,3333,236,31026
2026/4/16,13:00,31604,1316,8563,2189,48,905,1204,0,427,15253,0,255,0,-2077,3,3326,194,31606
2026/4/16,13:30,31334,1317,8480,2284,48,956,1203,0,428,14040,0,255,0,-1361,3,3487,196,31336
2026/4/16,14:00,30982,1316,8746,2380,48,943,1203,0,430,12662,0,232,0,-839,1,3678,182,30982
2026/4/16,14:30,30633,1316,8945,2472,48,1017,1208,0,431,11146,0,260,0,-568,2,4166,191,30634
2026/4/16,15:00,30057,1315,9272,2622,48,1056,1231,0,432,9521,0,275,0,-122,1,4215,190,30056
2026/4/16,15:30,30240,1316,10852,2849,48,1034,1238,0,434,7708,0,324,0,0,0,4248,188,30239
2026/4/16,16:00,30258,1316,12761,3077,48,1057,1258,0,438,5484,0,309,0,108,0,4192,209,30257
2026/4/16,16:30,30114,1315,13829,3631,48,1075,1272,0,440,3277,0,320,0,551,0,4160,197,30115
2026/4/16,17:00,29925,1316,15042,3927,54,1080,1403,0,444,1531,0,311,0,676,5,3883,253,29925
2026/4/16,17:30,30100,1316,15661,3918,54,1078,1422,0,444,459,0,309,0,1458,21,3718,242,30100
2026/4/16,18:00,30389,1316,15815,3913,54,1027,1501,0,449,12,0,303,0,2074,30,3652,243,30389
2026/4/16,18:30,30606,1316,15856,3903,53,998,1499,0,450,0,0,305,0,2313,35,3639,237,30604
2026/4/16,19:00,30206,1316,15569,3861,54,1016,1489,0,452,0,0,312,0,2279,42,3572,243,30205
2026/4/16,19:30,29712,1316,15428,3863,54,1048,1483,0,452,0,0,309,0,1892,41,3574,252,29712
2026/4/16,20:00,29110,1316,15340,3861,53,1071,1333,0,453,0,0,306,0,1606,33,3495,243,29110
2026/4/16,20:30,28612,1316,15092,3863,53,1044,1317,0,454,0,0,297,0,1180,31,3711,253,28611
2026/4/16,21:00,27882,1316,14926,3872,53,1013,1293,0,454,0,0,295,0,1248,7,3195,210,27882
2026/4/16,21:30,27247,1316,14358,3872,53,1039,1282,0,454,0,0,292,0,793,3,3563,223,27248
2026/4/16,22:00,26839,1317,14373,3849,53,1057,1266,0,455,0,0,283,0,1010,2,2977,198,26840
2026/4/16,22:30,26079,1316,14190,3797,53,1065,1177,0,455,0,0,273,0,839,0,2706,208,26079
2026/4/16,23:00,25540,1317,13948,3742,54,1061,1164,0,457,0,0,265,0,979,0,2400,154,25541
2026/4/16,23:30,24645,1317,12838,3642,53,1061,1148,0,457,0,0,262,0,764,4,2925,174,24645
2026/4/17,0:00,23696,1317,12356,3617,53,1035,1136,0,455,0,0,234,0,452,0,2861,179,23695
2026/4/17,0:30,22803,1317,11426,3527,53,1031,1154,0,454,0,0,251,0,272,0,3106,213,22804
2026/4/17,1:00,22343,1317,10912,3537,53,1077,1135,0,454,0,0,251,0,60,0,3317,230,22343
2026/4/17,1:30,22146,1317,10892,3536,53,1060,1125,0,454,0,0,249,0,-6,0,3228,238,22146
2026/4/17,2:00,22175,1317,11150,3538,53,1025,1124,0,455,0,0,250,0,-6,0,3028,240,22174
2026/4/17,2:30,22339,1317,11170,3559,53,1046,1117,0,453,0,0,234,0,-6,2,3156,237,22338
2026/4/17,3:00,22710,1317,11558,3636,53,1057,1109,0,455,0,0,232,0,25,4,3014,250,22710
2026/4/17,3:30,22823,1317,11563,3633,53,1076,1104,0,456,0,0,226,0,198,4,2945,246,22821
2026/4/17,4:00,23143,1317,12174,3634,54,1074,1106,0,454,0,0,223,0,847,0,2029,231,23143
2026/4/17,4:30,23413,1317,12116,3633,54,1051,1103,0,454,0,0,213,0,950,0,2310,213,23414
2026/4/17,5:00,23730,1317,11888,3637,53,1081,1109,0,454,11,0,206,0,1183,2,2536,253,23730
2026/4/17,5:30,23590,1316,11534,3567,53,1066,1121,0,454,313,0,184,0,1328,0,2429,225,23590
2026/4/17,6:00,24036,1317,10938,3536,53,1091,1140,0,454,1146,0,193,0,728,2,3222,215,24035
2026/4/17,6:30,24523,1317,9883,3332,53,1117,1165,0,454,2426,0,181,0,302,0,4051,242,24523
2026/4/17,7:00,25054,1317,9115,2968,54,1202,1166,0,453,4079,0,168,0,222,1,4055,255,25055
2026/4/17,7:30,25707,1317,8335,2722,53,1195,1160,0,453,6036,0,160,0,158,1,3880,237,25707
2026/4/17,8:00,27043,1317,8085,2451,53,1177,1154,0,449,8038,0,154,0,0,1,3924,240,27043
2026/4/17,8:30,28225,1317,8180,2328,53,1174,1122,0,447,9991,0,132,0,-110,3,3340,248,28225
2026/4/17,9:00,29505,1316,7259,2238,53,1195,1093,0,446,12134,0,137,0,-135,1,3530,238,29505
2026/4/17,9:30,30105,1317,7019,1942,53,1169,1089,0,445,13875,0,136,0,-711,1,3522,248,30105
2026/4/17,10:00,30504,1317,7082,1594,53,1164,1087,0,443,15386,0,119,0,-2111,2,4111,258,30505
2026/4/17,10:30,31239,1317,6896,1567,53,1148,1077,0,444,16632,0,127,0,-2520,3,4230,266,31240
2026/4/17,11:00,31556,1316,7239,1548,53,1091,1061,0,445,16926,0,119,0,-2585,3,4130,211,31557
2026/4/17,11:30,31495,1316,7598,1544,53,1092,1065,0,445,16615,0,117,0,-2702,4,4133,215,31495
2026/4/17,12:00,30487,1317,7355,1542,53,1129,1073,0,444,15620,0,119,0,-2564,5,4215,180,30488
2026/4/17,12:30,29664,1317,7376,1572,53,1106,1086,0,444,14309,0,123,0,-2155,5,4245,183,29664
2026/4/17,13:00,29854,1317,7678,1798,53,1044,1110,0,443,12901,0,131,0,-1025,4,4219,182,29855
2026/4/17,13:30,29541,1316,7561,1978,53,1050,1112,0,443,11873,0,112,0,-409,1,4270,180,29540
2026/4/17,14:00,30084,1316,8524,2280,53,1100,1120,0,453,10941,0,124,0,-62,1,4048,185,30083
2026/4/17,14:30,29856,1317,9909,2588,53,1099,1119,0,452,9182,0,105,0,0,4,3845,184,29857
2026/4/17,15:00,29319,1316,11424,2900,53,1093,1137,0,454,7113,0,95,0,0,0,3540,194,29319
2026/4/17,15:30,28852,1316,12434,3374,53,1073,1140,0,455,5277,0,130,0,4,2,3404,190,28852
2026/4/17,16:00,29274,1316,13758,3554,53,1125,1120,0,456,3994,0,103,0,565,0,2995,235,29274
2026/4/17,16:30,29568,1316,14866,3652,53,1130,1114,0,458,2480,0,123,0,1024,0,3128,224,29568
2026/4/17,17:00,29435,1315,15108,3681,53,1139,1266,0,458,1078,0,91,0,1696,5,3289,257,29436
2026/4/17,17:30,29588,1316,15340,3704,53,1160,1307,0,459,266,0,126,0,2340,35,3236,245,29587
2026/4/17,18:00,30122,1316,15461,3779,53,1139,1378,0,461,6,0,129,0,2841,24,3295,241,30123
2026/4/17,18:30,30271,1316,15554,3780,53,1095,1379,0,461,0,0,136,0,2884,35,3343,234,30270
2026/4/17,19:00,29814,1316,15449,3781,53,1094,1384,0,462,0,0,157,0,2380,33,3495,209,29813
2026/4/17,19:30,29443,1316,15368,3780,53,1141,1388,0,462,0,0,167,0,1789,31,3728,220,29443
2026/4/17,20:00,28781,1316,15144,3782,53,1144,1295,0,463,0,0,175,0,1502,20,3666,222,28782
2026/4/17,20:30,28373,1316,15101,3781,53,1133,1178,0,464,0,0,191,0,1166,14,3747,228,28372
2026/4/17,21:00,27728,1316,14729,3780,53,1126,1178,0,465,0,0,192,0,1034,6,3653,196,27728
2026/4/17,21:30,27020,1316,14177,3779,54,1125,1195,0,464,0,0,192,0,820,3,3686,209,27020
2026/4/17,22:00,26563,1316,13821,3781,53,1132,1211,0,465,0,0,192,0,715,20,3677,180,26563
2026/4/17,22:30,26013,1316,13159,3781,53,1155,1188,0,466,0,0,191,0,668,3,3841,191,26012
2026/4/17,23:00,25352,1317,12847,3781,53,1123,1152,0,467,0,0,174,0,513,2,3745,178,25352
2026/4/17,23:30,24529,1317,12238,3759,53,1086,1100,0,467,0,0,193,0,373,2,3780,161,24529
2026/4/18,0:00,23635,1317,11864,3643,53,1063,1161,0,464,0,0,178,0,332,0,3395,164,23634
2026/4/18,0:30,22758,1317,10683,3523,53,1056,1164,0,463,0,0,182,0,275,2,3840,201,22759
2026/4/18,1:00,22330,1317,10455,3529,53,1096,1157,0,463,0,0,180,0,76,2,3779,223,22330
2026/4/18,1:30,22119,1317,10207,3604,53,1101,1181,0,464,0,0,176,0,-6,0,3789,233,22119
2026/4/18,2:00,22019,1317,10163,3597,54,1102,1177,0,464,0,0,172,0,-6,0,3748,230,22018
2026/4/18,2:30,22143,1317,10247,3590,54,1106,1177,0,462,0,0,163,0,-6,0,3802,232,22144
2026/4/18,3:00,22355,1317,10264,3588,53,1091,1171,0,464,0,0,163,0,28,6,3976,234,22355
2026/4/18,3:30,22406,1317,10054,3590,54,1096,1165,0,464,0,0,154,0,176,5,4106,225,22406
2026/4/18,4:00,22557,1317,10174,3589,53,1086,1094,0,463,0,0,156,0,227,4,4165,228,22556
2026/4/18,4:30,22649,1317,10085,3590,54,1109,1095,0,463,0,0,159,0,602,5,3958,213,22650
2026/4/18,5:00,22561,1317,9506,3587,54,1089,1108,0,462,14,0,163,0,792,5,4202,262,22561
2026/4/18,5:30,22038,1316,9191,3553,54,1069,1126,0,462,336,0,151,0,605,0,3933,242,22038
2026/4/18,6:00,21844,1317,8531,3108,53,1045,1122,0,463,1208,0,140,0,496,0,4115,247,21845
2026/4/18,6:30,21727,1317,7732,2638,54,907,1126,0,463,2461,0,135,0,437,0,4225,233,21728
2026/4/18,7:00,22321,1317,7536,2076,54,769,1135,0,461,4096,0,129,0,265,1,4226,256,22321
2026/4/18,7:30,22906,1316,6587,2000,54,779,1101,0,460,5763,0,127,0,337,0,4128,254,22906
2026/4/18,8:00,23751,1316,5974,1932,54,775,1164,0,431,7344,0,119,0,245,0,4099,297,23750
2026/4/18,8:30,24317,1316,5877,1713,54,786,1164,0,430,8670,0,118,0,-361,4,4253,292,24316
2026/4/18,9:00,24933,1316,5899,1821,54,771,1135,0,430,10036,0,115,0,-947,5,4022,276,24933
2026/4/18,9:30,25168,1317,6126,1913,54,796,1131,0,430,11379,0,103,0,-1620,2,3267,270,25168
2026/4/18,10:00,25569,1316,5914,1605,53,778,1121,0,427,12985,0,129,0,-3170,4,4148,258,25568
2026/4/18,10:30,26481,1316,6339,1437,54,774,1111,0,428,14382,0,112,0,-3949,1,4216,261,26482
2026/4/18,11:00,26884,1315,6374,1366,54,806,1106,0,429,14703,0,123,0,-3929,2,4283,252,26884
2026/4/18,11:30,26891,1316,6029,1348,53,800,1029,0,427,14533,0,135,0,-3227,2,4191,256,26892
2026/4/18,12:00,26407,1316,6059,1345,54,805,1034,0,427,13749,0,138,0,-2985,3,4235,227,26407
2026/4/18,12:30,25576,1316,6157,1348,54,863,1045,0,426,12677,0,135,0,-2924,0,4252,226,25575
2026/4/18,13:00,25350,1316,6284,1347,53,826,1064,0,425,11955,0,153,0,-2425,3,4157,190,25348
2026/4/18,13:30,25143,1316,6046,1346,53,796,1067,0,425,11399,0,156,0,-1853,1,4206,184,25142
2026/4/18,14:00,25396,1317,6572,1439,53,795,1063,0,426,10678,0,152,0,-1520,1,4267,153,25396
2026/4/18,14:30,25275,1316,6951,1631,53,830,1058,0,425,9290,0,152,0,-871,0,4282,158,25275
2026/4/18,15:00,24927,1316,7506,1921,53,835,1053,0,426,7767,0,153,0,-424,0,4164,156,24926
2026/4/18,15:30,25035,1316,8520,2204,53,843,1073,0,427,6234,0,153,0,-15,0,4077,150,25035
2026/4/18,16:00,24956,1316,8957,2675,54,926,1224,0,456,4517,0,136,0,307,1,4169,218,24956
2026/4/18,16:30,25045,1316,10687,3008,53,913,1241,0,457,2873,0,163,0,891,0,3223,218,25043
2026/4/18,17:00,25548,1316,11200,3626,53,888,1271,0,457,1489,0,168,0,1484,2,3353,240,25547
2026/4/18,17:30,26155,1316,11734,3707,53,926,1307,0,457,476,0,162,0,1983,25,3772,237,26155
2026/4/18,18:00,26898,1315,12169,3784,53,950,1421,0,460,17,0,173,0,2123,37,4131,265,26898
2026/4/18,18:30,27367,1315,12634,3781,53,986,1440,0,460,0,0,186,0,1968,39,4238,267,27367
2026/4/18,19:00,27235,1314,12520,3782,53,1077,1475,0,462,0,0,185,0,1893,33,4165,275,27234
2026/4/18,19:30,26839,1314,12294,3784,53,1103,1469,0,462,0,0,200,0,1725,29,4127,279,26839
2026/4/18,20:00,26410,1315,12320,3783,52,1039,1278,0,463,0,0,209,0,1545,29,4118,259,26410
2026/4/18,20:30,26002,1315,11910,3783,53,976,1269,0,463,0,0,203,0,1504,18,4230,277,26001
2026/4/18,21:00,25422,1316,11481,3711,53,928,1229,0,464,0,0,209,0,1496,6,4303,226,25422
2026/4/18,21:30,24679,1315,10972,3682,53,931,1186,0,463,0,0,207,0,1369,1,4263,234,24676
2026/4/18,22:00,24389,1315,10969,3561,53,916,1154,0,464,0,0,217,0,1297,10,4213,219,24388
2026/4/18,22:30,23826,1315,10652,3576,53,967,1091,0,464,0,0,228,0,1072,2,4177,228,23825
2026/4/18,23:00,23415,1315,10455,3644,53,999,1085,0,464,0,0,244,0,837,0,4156,162,23414
2026/4/18,23:30,22724,1316,10027,3564,53,1013,1071,0,465,0,0,243,0,588,3,4200,182,22725
2026/4/19,0:00,21971,1316,9501,3532,53,1009,1135,0,480,0,0,195,0,421,0,4187,143,21972
2026/4/19,0:30,21235,1317,8963,3533,53,1058,1135,0,479,0,0,181,0,176,0,4164,178,21237
2026/4/19,1:00,20830,1317,8700,3533,54,1070,1123,0,479,0,0,167,0,120,1,4075,191,20830
2026/4/19,1:30,20755,1317,8790,3532,54,1089,1148,0,479,0,0,131,0,-14,4,4029,198,20757
2026/4/19,2:00,20548,1317,8590,3532,53,1110,1148,0,480,0,0,113,0,-34,0,4041,199,20549
2026/4/19,2:30,20806,1317,8935,3555,54,1087,1150,0,479,0,0,129,0,-34,0,3934,201,20807
2026/4/19,3:00,21025,1317,8788,3632,53,1103,1146,0,481,0,0,155,0,52,1,4098,198,21024
2026/4/19,3:30,21177,1317,8310,3620,53,1109,1140,0,481,0,0,123,0,806,0,4017,202,21178
2026/4/19,4:00,21275,1316,8357,3296,53,1010,1067,0,479,0,0,143,0,1142,4,4211,197,21275
2026/4/19,4:30,21290,1317,8441,3099,53,913,1074,0,480,0,0,134,0,1389,4,4202,183,21289
2026/4/19,5:00,21093,1317,8958,2581,54,835,1089,0,479,16,0,147,0,1344,9,4046,219,21094
2026/4/19,5:30,20516,1317,8788,2202,53,836,1112,0,479,404,0,120,0,898,0,4111,197,20517
2026/4/19,6:00,20200,1317,7922,1866,54,818,1101,0,480,1497,0,115,0,819,1,3966,245,20201
2026/4/19,6:30,20129,1317,6875,1510,54,840,1106,0,481,3219,0,108,0,332,1,4055,230,20128
2026/4/19,7:00,20605,1317,6785,1406,54,845,1119,0,480,5290,0,102,0,-1083,1,4010,278,20604
2026/4/19,7:30,21600,1317,6391,1374,54,848,1081,0,477,7309,5,112,0,-1792,0,4152,278,21601
2026/4/19,8:00,22109,1317,6579,1346,49,765,1138,0,446,7501,1225,107,1,-1687,0,4253,295,22109
2026/4/19,8:30,22477,1317,6378,1344,44,738,1138,0,445,7765,2109,69,3,-1243,2,4183,297,22477
2026/4/19,9:00,23274,1317,5978,1347,44,739,1114,0,445,9135,2316,66,3,-1377,5,4184,279,23276
2026/4/19,9:30,24179,1316,5751,1349,44,760,1114,0,445,11428,2037,57,3,-2540,3,4177,275,24179
2026/4/19,10:00,24706,1316,6201,1348,44,780,1101,0,444,12543,2485,56,4,-3450,2,4064,257,24706
2026/4/19,10:30,25190,1316,5955,1349,44,789,1089,0,444,14272,1972,58,5,-4416,5,4038,246,25189
2026/4/19,11:00,25519,1316,6347,1349,43,749,1083,0,445,14663,2037,63,3,-4930,3,4163,224,25518
2026/4/19,11:30,25644,1316,6587,1350,45,719,1008,0,444,13833,2794,57,4,-4164,2,4222,227,25646
2026/4/19,12:00,25660,1316,6439,1350,43,707,1008,0,442,13766,2598,60,2,-3705,5,4001,227,25659
2026/4/19,12:30,25264,1316,6363,1612,44,718,1007,0,442,13156,2667,49,2,-3661,1,3993,225,25265
2026/4/19,13:00,25143,1316,6592,1801,44,747,999,0,442,12830,2272,54,2,-3688,1,3822,182,25142
2026/4/19,13:30,25138,1316,6598,2187,44,757,997,0,442,12619,1362,53,4,-3937,4,3880,180,25140
2026/4/19,14:00,24654,1315,6498,2656,44,718,994,0,442,11730,775,71,2,-3263,3,3285,159,24652
2026/4/19,14:30,24744,1316,6945,2959,45,774,989,0,442,10464,672,47,2,-2179,3,2771,169,24745
2026/4/19,15:00,24846,1316,7199,3407,44,840,994,0,442,8695,555,47,2,-1140,1,2837,163,24845
2026/4/19,15:30,25224,1317,7854,3537,44,869,1033,0,442,6638,412,51,2,-122,0,3399,162,25224
2026/4/19,16:00,25376,1316,8684,3466,44,890,1170,0,474,4657,0,60,0,192,2,4235,186,25376
2026/4/19,16:30,25327,1317,10880,3463,44,907,1199,0,475,2608,0,54,0,27,5,4169,180,25328
2026/4/19,17:00,25518,1316,11883,3629,45,888,1232,0,475,1120,0,91,0,576,3,4030,230,25518
2026/4/19,17:30,26202,1316,12691,3632,45,862,1272,0,474,312,0,98,0,1235,18,4016,231,26202
2026/4/19,18:00,27048,1316,13430,3632,45,895,1422,0,478,12,0,97,0,1443,31,3976,272,27049
2026/4/19,18:30,27412,1316,13521,3634,44,890,1448,0,477,0,0,98,0,1693,35,3996,260,27412
2026/4/19,19:00,27318,1316,13555,3632,44,920,1490,0,478,0,0,98,0,1614,25,3881,263,27316
2026/4/19,19:30,26949,1316,13329,3632,44,896,1488,0,478,0,0,110,0,1406,29,3953,267,26948
2026/4/19,20:00,26495,1316,13532,3631,44,918,1276,0,479,0,0,113,0,1006,35,3906,240,26496
2026/4/19,20:30,26137,1316,13438,3633,44,922,1243,0,480,0,0,110,0,699,29,3962,262,26138
2026/4/19,21:00,25583,1316,13352,3634,44,892,1219,0,481,0,0,107,0,462,17,3848,212,25584
2026/4/19,21:30,24801,1317,12770,3632,44,913,1187,0,481,0,0,81,0,251,4,3898,222,24800
2026/4/19,22:00,24262,1318,12649,3633,45,913,1122,0,481,0,0,88,0,0,3,3831,180,24263
2026/4/19,22:30,23605,1317,11989,3632,45,899,1113,0,481,0,0,84,0,-2,0,3863,184,23605
2026/4/19,23:00,23208,1317,11917,3601,44,918,1111,0,481,0,0,75,0,-6,0,3608,142,23208
2026/4/19,23:30,22432,1317,11263,3652,44,885,1109,0,482,0,0,80,0,-9,0,3450,158,22431
2026/4/20,0:00,21827,1317,10566,3683,45,871,1167,0,461,0,0,77,0,-14,1,3485,167,21826
2026/4/20,0:30,21014,1317,9982,3683,46,876,1170,0,460,0,0,88,0,-21,4,3212,197,21014
2026/4/20,1:00,20664,1317,10009,3683,46,894,1159,0,459,0,0,92,0,-22,0,2828,198,20663
2026/4/20,1:30,20473,1317,9796,3685,45,900,1176,0,459,0,0,87,0,-22,0,2825,204,20472
2026/4/20,2:00,20532,1317,10081,3682,46,903,1176,0,461,0,0,103,0,-22,0,2572,213,20532
2026/4/20,2:30,20760,1317,10170,3684,45,914,1157,0,459,0,0,110,0,-26,0,2717,212,20759
2026/4/20,3:00,21091,1317,10423,3681,45,870,1171,0,461,0,0,97,0,-28,0,2840,213,21090
2026/4/20,3:30,21182,1317,10793,3685,46,854,1161,0,461,0,0,94,0,-27,0,2589,209,21182
2026/4/20,4:00,21440,1317,11062,3685,46,907,1130,0,460,0,0,94,0,-27,1,2562,203,21440
2026/4/20,4:30,21610,1317,10954,3682,46,917,1136,0,461,0,0,83,0,-21,6,2842,185,21608
2026/4/20,5:00,21719,1317,10678,3684,46,913,1158,0,460,20,0,130,0,237,9,2831,235,21718
2026/4/20,5:30,21645,1317,10605,3683,46,909,1165,0,460,467,0,129,0,63,3,2593,206,21646
2026/4/20,6:00,21966,1317,10087,3684,46,918,1138,0,461,1573,0,132,0,-24,0,2412,223,21967
2026/4/20,6:30,22670,1317,8695,3627,46,910,1138,0,461,3276,0,114,0,-73,0,2964,194,22669
2026/4/20,7:00,23837,1317,8588,3350,46,877,1094,0,460,5391,0,114,0,-832,0,3197,236,23838
2026/4/20,7:30,24974,1317,8697,3228,46,907,1061,0,459,7479,0,120,0,-1414,0,2868,207,24975
2026/4/20,8:00,26765,1316,9253,3063,46,920,1130,0,455,9398,0,118,0,-2211,0,3066,211,26765
2026/4/20,8:30,28609,1316,10203,3100,46,902,1132,0,454,10615,0,115,0,-2309,0,2808,227,28609
2026/4/20,9:00,29685,1316,10595,3226,47,829,1124,0,452,11281,0,113,0,-2284,0,2761,225,29685
2026/4/20,9:30,30057,1316,10145,3180,45,865,1119,0,452,12028,0,101,0,-2416,0,2986,236,30057
2026/4/20,10:00,30486,1316,10148,3150,44,867,1107,0,450,12819,0,126,0,-2584,0,2813,228,30484
2026/4/20,10:30,30665,1317,9975,3204,44,871,1096,0,450,13469,0,132,0,-2941,0,2815,232,30664
2026/4/20,11:00,31260,1317,9618,2975,44,880,1100,0,453,14530,0,140,0,-3100,0,3091,212,31260
2026/4/20,11:30,31593,1316,9692,2672,44,887,1028,0,453,15121,0,150,0,-3352,0,3368,214,31593
2026/4/20,12:00,30676,1317,9528,2283,44,932,1041,0,450,14938,0,144,0,-3459,0,3279,177,30674
2026/4/20,12:30,30156,1317,9548,1970,43,932,1052,0,451,14850,0,146,0,-3530,0,3198,178,30155
2026/4/20,13:00,31326,1317,10361,1837,43,892,1048,0,448,14582,0,156,0,-2495,0,2979,159,31327
2026/4/20,13:30,31311,1317,10050,1779,43,866,1042,0,448,13476,0,150,0,-1717,0,3697,159,31310
2026/4/20,14:00,31039,1317,10862,1902,43,862,1056,0,450,12013,0,153,0,-785,0,3017,150,31040
2026/4/20,14:30,30797,1317,11113,2172,44,882,1057,0,448,10429,0,148,0,-69,4,3107,147,30799
2026/4/20,15:00,30296,1317,11594,2482,43,899,1059,0,450,8739,0,127,0,76,0,3360,149,30295
2026/4/20,15:30,30395,1317,13186,2821,43,902,1086,0,450,6902,0,164,0,337,0,3041,146,30395
2026/4/20,16:00,30235,1317,13972,3212,43,924,1255,0,452,4945,0,184,0,348,0,3418,165,30235
2026/4/20,16:30,30078,1317,14722,3349,43,928,1295,0,452,3115,0,181,0,1030,0,3491,155,30078
2026/4/20,17:00,29987,1317,14823,3638,44,962,1312,0,454,1561,0,181,0,1789,7,3691,206,29985
2026/4/20,17:30,30159,1317,15266,3683,44,956,1339,0,455,508,0,186,0,2524,36,3650,195,30159
2026/4/20,18:00,30358,1317,15367,3683,44,933,1425,0,458,23,0,194,0,3207,34,3455,218,30358
2026/4/20,18:30,30586,1317,15266,3684,44,943,1403,0,458,0,0,204,0,3403,34,3616,214,30586
2026/4/20,19:00,30021,1317,15123,3683,44,946,1444,0,459,0,0,234,0,2779,27,3758,206,30020
2026/4/20,19:30,29404,1317,15243,3683,44,919,1448,0,459,0,0,220,0,1963,30,3866,212,29404
2026/4/20,20:00,28769,1318,15242,3686,44,913,1257,0,460,0,0,231,0,1471,21,3925,202,28770
2026/4/20,20:30,28245,1318,15073,3690,44,934,1243,0,461,0,0,235,0,1083,17,3928,219,28245
2026/4/20,21:00,27450,1318,14711,3689,45,896,1185,0,461,0,0,238,0,801,12,3910,185,27451
2026/4/20,21:30,26724,1317,14025,3689,45,942,1158,0,461,0,0,243,0,642,3,4006,193,26724
2026/4/20,22:00,26351,1318,13711,3692,45,928,1148,0,461,0,0,257,0,604,2,4024,162,26352
2026/4/20,22:30,25737,1317,13196,3690,45,909,1121,0,462,0,0,254,0,601,0,3971,171,25737
2026/4/20,23:00,25268,1318,12985,3690,44,910,1109,0,461,0,0,233,0,569,0,3817,132,25268
2026/4/20,23:30,24367,1318,12073,3688,43,951,1089,0,462,0,0,228,0,436,0,3931,148,24367
2026/4/21,0:00,23470,1318,11290,3690,44,861,1146,0,462,0,0,187,0,409,1,3894,168,23470
2026/4/21,0:30,22639,1317,11075,3689,43,839,1150,0,462,0,0,220,0,440,0,3200,203,22638
2026/4/21,1:00,22214,1317,10729,3690,44,811,1137,0,462,0,0,229,0,383,0,3197,215,22214
2026/4/21,1:30,21982,1318,10601,3691,44,860,1157,0,461,0,0,231,0,303,0,3100,216,21982
2026/4/21,2:00,22048,1318,10631,3691,43,955,1168,0,462,0,0,236,0,159,0,3165,220,22048
2026/4/21,2:30,22180,1318,10839,3689,44,899,1171,0,461,0,0,237,0,126,0,3176,221,22181
2026/4/21,3:00,22460,1318,11239,3690,43,870,1205,0,463,0,0,264,0,123,0,3013,231,22459
2026/4/21,3:30,22550,1318,11223,3695,43,899,1133,0,463,0,0,285,0,122,0,3137,231,22549
2026/4/21,4:00,22707,1318,11316,3699,43,884,1137,0,462,0,0,306,0,120,0,3185,237,22707
2026/4/21,4:30,22802,1318,11354,3702,43,814,1135,0,464,0,0,290,0,171,2,3292,216,22801
2026/4/21,5:00,22864,1318,11398,3702,43,764,1149,0,463,24,0,288,0,179,4,3281,251,22864
2026/4/21,5:30,22659,1318,11485,3702,43,750,1161,0,463,394,0,290,0,53,0,2779,221,22659
2026/4/21,6:00,23147,1317,11433,3702,43,718,1164,0,464,1134,0,305,0,0,0,2640,226,23146
2026/4/21,6:30,23980,1318,11134,3703,43,675,1169,0,464,2254,0,327,0,0,0,2694,199,23980
2026/4/21,7:00,25619,1317,11753,3702,43,688,1157,0,462,3293,0,324,0,0,0,2667,213,25619
2026/4/21,7:30,26956,1317,12072,3703,43,682,1149,0,461,3637,0,380,0,209,0,3113,188,26954
2026/4/21,8:00,28680,1317,12376,3702,43,703,1218,0,452,3634,0,427,0,737,6,3869,194,28678
2026/4/21,8:30,29455,1317,12580,3701,43,703,1222,0,450,3606,0,454,0,1062,2,4101,215,29456
2026/4/21,9:00,30043,1317,12739,3703,43,721,1178,0,442,4724,0,444,0,459,0,4064,210,30044
2026/4/21,9:30,30207,1317,12346,3701,43,722,1179,0,442,6008,0,403,0,44,0,3786,216,30207
2026/4/21,10:00,29809,1317,11119,3703,43,734,1153,0,435,7446,0,369,0,-405,0,3661,234,29809
2026/4/21,10:30,30183,1317,11206,3705,42,731,1141,0,428,9371,0,316,0,-1327,0,3009,242,30181
2026/4/21,11:00,30719,1317,10830,3707,43,721,1136,0,423,10422,0,328,0,-1820,0,3391,221,30719
2026/4/21,11:30,30297,1317,10534,3706,44,721,1055,0,412,10177,0,307,0,-2169,2,3974,216,30296
2026/4/21,12:00,28595,1317,10019,3705,43,734,1072,0,409,9776,0,311,0,-3136,4,4165,175,28594
2026/4/21,12:30,27560,1316,9790,3707,43,734,1065,0,408,9908,0,251,0,-4199,9,4349,178,27559
2026/4/21,13:00,28428,1315,9917,3707,44,741,1048,0,407,10835,0,282,0,-4248,12,4200,169,28429
2026/4/21,13:30,29049,1316,9580,3708,44,771,1045,0,407,11825,0,285,0,-4395,7,4285,171,29049
2026/4/21,14:00,29307,1316,9751,3707,43,771,1048,0,408,11884,0,315,0,-4446,10,4338,163,29308
2026/4/21,14:30,29458,1315,10429,3707,43,768,1087,0,408,11017,0,338,0,-4240,19,4403,164,29458
2026/4/21,15:00,29635,1317,10867,3705,43,775,1048,0,409,9650,0,305,0,-2922,10,4266,161,29634
2026/4/21,15:30,29844,1317,12106,3705,43,794,1050,0,410,7678,0,322,0,-1689,2,3945,161,29844
2026/4/21,16:00,30079,1317,12772,3703,44,799,1244,0,412,5520,0,326,0,-514,0,4283,173,30079
2026/4/21,16:30,30176,1317,14126,3704,43,792,1288,0,412,3349,0,343,0,264,8,4367,164,30177
2026/4/21,17:00,30080,1316,14662,3702,43,793,1300,0,415,1641,0,354,0,1422,18,4189,224,30079
2026/4/21,17:30,30224,1315,14915,3701,43,795,1321,0,415,552,0,353,0,2268,39,4298,209,30224
2026/4/21,18:00,30457,1316,14954,3701,43,809,1368,0,418,28,0,343,0,3025,30,4190,232,30457
2026/4/21,18:30,30676,1316,15206,3704,43,810,1370,0,418,0,0,337,0,2968,19,4260,225,30676
2026/4/21,19:00,30127,1316,15345,3699,43,792,1394,0,418,0,0,331,0,2330,16,4219,224,30127
2026/4/21,19:30,29483,1316,15367,3702,44,786,1396,0,418,0,0,320,0,2063,15,3825,232,29484
2026/4/21,20:00,28859,1317,14912,3703,43,782,1235,0,419,0,0,317,0,1604,37,4266,225,28860
2026/4/21,20:30,28347,1317,14638,3702,44,783,1213,0,420,0,0,310,0,1344,31,4305,240,28347
2026/4/21,21:00,27593,1317,14003,3702,45,782,1163,0,420,0,0,308,0,1343,14,4297,201,27595
2026/4/21,21:30,26840,1317,13263,3701,44,790,1113,0,420,0,0,309,0,1331,5,4334,214,26841
2026/4/21,22:00,26536,1317,13619,3701,45,780,1098,0,421,0,0,307,0,1079,7,3979,182,26535
2026/4/21,22:30,25833,1317,13409,3702,45,807,1091,0,421,0,0,306,0,940,1,3601,192,25832
2026/4/21,23:00,25292,1317,13295,3702,45,779,1095,0,421,0,0,303,0,566,2,3607,160,25292
2026/4/21,23:30,24443,1317,12475,3702,45,729,1070,0,422,0,0,300,0,230,3,3987,163,24443
2026/4/22,0:00,23529,1317,11513,3700,45,729,1111,0,428,0,0,204,0,177,1,4128,175,23528
2026/4/22,0:30,22696,1317,11087,3702,46,680,1094,0,427,0,0,260,0,180,1,3696,206,22696
2026/4/22,1:00,22248,1317,11077,3701,45,692,1077,0,427,0,0,211,0,177,0,3301,223,22248
2026/4/22,1:30,22083,1317,11097,3701,45,726,1088,0,427,0,0,216,0,11,0,3226,230,22084
2026/4/22,2:00,22072,1317,11104,3702,46,717,1113,0,427,0,0,221,0,0,0,3195,231,22073
2026/4/22,2:30,22220,1317,11113,3702,45,714,1130,0,427,0,0,175,0,0,1,3368,228,22220
2026/4/22,3:00,22505,1317,11263,3702,44,735,1136,0,428,0,0,218,0,0,0,3430,231,22504
2026/4/22,3:30,22640,1317,11423,3700,44,748,1060,0,428,0,0,202,0,0,0,3490,228,22640
2026/4/22,4:00,22950,1317,11402,3702,43,763,1062,0,427,0,0,196,0,169,0,3635,234,22950
2026/4/22,4:30,23129,1317,11438,3702,43,754,1066,0,427,0,0,192,0,457,5,3507,220,23128
2026/4/22,5:00,23347,1317,11732,3700,43,763,1060,0,427,29,0,193,0,564,3,3265,252,23348
2026/4/22,5:30,23112,1316,10923,3702,43,773,1072,0,427,520,0,197,0,393,0,3514,233,23113
2026/4/22,6:00,23318,1317,10568,3702,44,761,1130,0,427,1614,0,194,0,0,0,3314,248,23319
2026/4/22,6:30,23618,1317,9493,3674,43,762,1101,0,428,3179,0,194,0,-392,0,3599,221,23619
2026/4/22,7:00,24293,1317,8782,3382,43,755,1080,0,426,5205,0,179,0,-1363,2,4257,228,24293
2026/4/22,7:30,25132,1318,8068,3278,43,740,1083,0,425,7529,0,181,0,-1835,3,4099,201,25133
2026/4/22,8:00,27092,1317,8508,3534,43,691,1105,0,421,9794,0,202,0,-1696,2,2965,206,27092
2026/4/22,8:30,28549,1316,8674,3696,44,686,1103,0,420,11224,0,209,0,-1875,5,2822,226,28550
2026/4/22,9:00,29689,1317,8267,3707,44,691,1095,0,418,12560,0,217,0,-1976,1,3142,207,29690
2026/4/22,9:30,30090,1317,7848,3702,43,698,1085,0,418,13774,0,226,0,-2001,3,2761,218,30092
2026/4/22,10:00,30836,1317,7607,3602,43,699,1082,0,416,15456,0,236,0,-2613,1,2762,229,30837
2026/4/22,10:30,31781,1317,7825,3511,42,721,1071,0,416,16303,0,236,0,-2694,2,2794,238,31782
2026/4/22,11:00,32252,1317,8332,3517,41,683,1076,0,418,16232,0,254,0,-2598,2,2744,234,32252
2026/4/22,11:30,32251,1317,8789,3622,41,692,1081,0,418,15605,0,263,0,-2587,3,2779,229,32252
2026/4/22,12:00,31260,1316,8424,3674,41,689,985,0,415,14324,0,275,0,-2678,10,3564,222,31261
2026/4/22,12:30,30603,1316,8864,3584,41,677,991,0,416,12362,0,272,0,-2397,10,4246,220,30602
2026/4/22,13:00,31093,1316,9674,3704,41,681,984,0,414,10294,0,247,0,-749,11,4310,167,31094
2026/4/22,13:30,30950,1316,10676,3706,75,678,989,0,414,8630,0,255,0,205,11,3828,167,30950
2026/4/22,14:00,30789,1316,12245,3705,41,693,1009,0,414,6988,0,249,0,602,0,3400,127,30789
2026/4/22,14:30,30102,1317,13733,3703,41,686,1068,0,414,5343,0,242,0,612,2,2816,126,30103
2026/4/22,15:00,29918,1317,14701,3700,41,710,1086,0,416,4219,0,256,0,510,0,2836,128,29920
2026/4/22,15:30,30080,1317,15823,3702,40,701,1081,0,417,3032,0,251,0,1299,0,2290,125,30078
2026/4/22,16:00,29927,1316,16120,3702,39,673,1205,0,420,2158,0,238,0,1594,8,2286,167,29926
2026/4/22,16:30,30200,1316,16380,3702,40,657,1235,0,422,1484,0,228,0,2068,11,2499,159,30201
2026/4/22,17:00,30087,1316,16202,3702,40,645,1280,0,425,637,0,236,0,2307,16,3095,188,30089
2026/4/22,17:30,30182,1316,16431,3700,39,646,1302,0,426,136,0,235,0,2772,18,2988,174,30183
2026/4/22,18:00,30505,1316,16313,3701,39,639,1370,0,429,6,0,223,0,2876,32,3348,213,30505
2026/4/22,18:30,30528,1316,16368,3701,39,633,1382,0,429,0,0,223,0,3539,20,2666,212,30528
2026/4/22,19:00,30008,1316,16285,3701,39,650,1416,0,430,0,0,217,0,2498,27,3218,211,30008
2026/4/22,19:30,29400,1316,16254,3702,39,637,1342,0,430,0,0,210,0,1942,37,3266,225,29400
2026/4/22,20:00,28802,1316,16114,3700,39,638,1247,0,431,0,0,204,0,1324,33,3533,224,28803
2026/4/22,20:30,28353,1316,16127,3701,39,622,1205,0,432,0,0,186,0,1105,14,3375,231,28353
2026/4/22,21:00,27642,1315,15832,3700,39,620,1175,0,432,0,0,184,0,1267,8,2875,196,27643
2026/4/22,21:30,26773,1316,15524,3701,40,617,1138,0,432,0,0,176,0,910,2,2716,203,26775
2026/4/22,22:00,26363,1316,15428,3702,39,630,1095,0,432,0,0,170,0,751,2,2621,178,26364
2026/4/22,22:30,25729,1316,14610,3700,40,630,1084,0,433,0,0,175,0,716,1,2835,189,25729
2026/4/22,23:00,25194,1316,14852,3701,40,624,1080,0,432,0,0,182,0,659,7,2155,146,25194
2026/4/22,23:30,24308,1317,14365,3700,39,630,1061,0,434,0,0,179,0,143,2,2276,163,24309
2026/4/23,0:00,23519,1317,13591,3701,39,582,1099,0,432,0,0,141,0,-475,3,2930,159,23519
2026/4/23,0:30,22628,1317,12964,3701,40,549,1119,0,430,0,0,169,0,-931,2,3079,190,22629
2026/4/23,1:00,22230,1317,12726,3701,40,552,1111,0,429,0,0,173,0,-1090,3,3087,182,22231
2026/4/23,1:30,21998,1317,12609,3701,41,556,1105,0,431,0,0,169,0,-1140,2,3019,189,21999
2026/4/23,2:00,21984,1317,12621,3701,40,554,1104,0,431,0,0,154,0,-1012,3,2884,188,21985
2026/4/23,2:30,22139,1317,13012,3701,40,558,1103,0,430,0,0,137,0,-983,2,2635,186,22138
2026/4/23,3:00,22316,1317,13264,3700,40,526,1106,0,432,0,0,111,0,-977,2,2602,193,22316
2026/4/23,3:30,22419,1317,13504,3702,40,522,1027,0,432,0,0,73,0,-973,6,2579,190,22419
2026/4/23,4:00,22660,1317,13492,3699,40,516,1027,0,431,0,0,62,0,-614,8,2488,195,22661
2026/4/23,4:30,22785,1317,13644,3700,39,528,1034,0,431,0,0,47,0,-484,2,2346,181,22785
2026/4/23,5:00,23106,1316,13904,3702,40,508,1050,0,430,33,0,54,0,-718,5,2579,202,23105
2026/4/23,5:30,23131,1316,13644,3700,40,512,1070,0,431,203,0,76,0,-959,4,2914,180,23131
2026/4/23,6:00,23527,1316,13430,3702,41,508,1081,0,431,442,0,81,0,-1396,5,3698,188,23527
2026/4/23,6:30,24088,1316,13304,3703,40,518,1077,0,432,863,0,72,0,-1648,7,4196,208,24088
2026/4/23,7:00,24959,1316,13582,3703,40,509,1082,0,430,1340,0,69,0,-1525,8,4194,212,24960
2026/4/23,7:30,25532,1316,13238,3680,40,500,1057,0,429,1831,0,75,0,-339,8,3515,183,25533
2026/4/23,8:00,26437,1316,13492,3602,40,530,1110,0,425,2344,0,63,0,0,4,3326,184,26436
2026/4/23,8:30,27586,1316,14154,3606,40,555,1113,0,423,3307,0,67,0,0,1,2802,204,27588
2026/4/23,9:00,28696,1316,14513,3605,56,612,1098,0,421,4277,0,63,0,0,3,2547,186,28697
2026/4/23,9:30,29820,1316,14394,3605,75,644,1097,0,422,4982,0,64,0,0,0,3023,198,29820
2026/4/23,10:00,29875,1316,14666,3606,39,644,1077,0,421,5102,0,63,0,0,0,2765,177,29876
2026/4/23,10:30,30216,1317,15051,3607,40,650,1071,0,421,4969,0,65,0,0,2,2836,186,30215
2026/4/23,11:00,30352,1316,15310,3605,40,743,1069,0,422,4485,0,39,0,0,8,3150,164,30351
2026/4/23,11:30,30237,1316,14785,3607,39,893,1071,0,423,3932,0,37,0,0,0,3970,163,30236
2026/4/23,12:00,29550,1316,14505,3603,40,875,1025,0,421,3389,0,55,0,0,4,4180,138,29551
2026/4/23,12:30,29386,1316,15241,3604,40,915,1040,0,421,2632,0,54,0,33,3,3954,134,29387
2026/4/23,13:00,29959,1315,15758,3676,40,976,1061,0,419,1959,0,87,0,303,0,4228,137,29959
2026/4/23,13:30,29897,1315,15645,3703,40,1032,1087,0,420,1888,0,93,0,572,0,3966,135,29896
2026/4/23,14:00,30436,1315,16121,3705,40,1093,1116,0,420,1946,0,97,0,578,0,3855,151,30437
2026/4/23,14:30,30465,1315,16625,3703,41,1096,1130,0,420,1555,0,94,0,858,0,3473,154,30464
2026/4/23,15:00,30333,1316,16566,3700,41,1106,1136,0,423,1117,0,93,0,711,13,3984,128,30334
2026/4/23,15:30,30559,1316,16740,3702,40,1120,1160,0,424,762,0,91,0,642,24,4414,124,30559
2026/4/23,16:00,31058,1315,17160,3703,41,1131,1365,0,426,534,0,88,0,1007,16,4148,124,31058
2026/4/23,16:30,31250,1316,17529,3701,41,1122,1386,0,425,264,0,91,0,1492,18,3741,124,31250
2026/4/23,17:00,31364,1316,17604,3723,40,1074,1397,0,424,108,0,97,0,1877,7,3551,146,31364
2026/4/23,17:30,31518,1315,17584,3801,41,1050,1387,0,424,41,0,100,0,2098,19,3509,145,31514
2026/4/23,18:00,31540,1316,17564,3802,41,1069,1389,0,427,4,0,98,0,2301,20,3361,150,31542
2026/4/23,18:30,31558,1316,17583,3800,41,1046,1399,0,427,0,0,98,0,2211,20,3467,151,31559
2026/4/23,19:00,31000,1316,17386,3801,41,1033,1452,0,428,0,0,98,0,1937,23,3333,151,30999
2026/4/23,19:30,30462,1316,17117,3730,41,1030,1392,0,427,0,0,104,0,1493,15,3648,149,30462
2026/4/23,20:00,29768,1316,16937,3701,41,1059,1289,0,429,0,0,109,0,1054,16,3690,127,29768
2026/4/23,20:30,29239,1316,16765,3701,41,1011,1296,0,430,0,0,116,0,842,9,3579,133,29239
2026/4/23,21:00,28473,1316,16246,3701,41,973,1269,0,430,0,0,124,0,625,3,3598,147,28473
2026/4/23,21:30,27649,1316,16149,3723,48,953,1278,0,430,0,0,136,0,568,1,2886,161,27649
2026/4/23,22:00,27118,1316,15205,3801,54,941,1254,0,431,0,0,152,0,82,2,3703,178,27119
2026/4/23,22:30,26348,1316,14557,3730,58,957,1208,0,431,0,0,173,0,0,0,3732,185,26347
2026/4/23,23:00,25791,1316,14287,3701,59,996,1215,0,430,0,0,210,0,0,2,3368,208,25792
2026/4/23,23:30,24817,1316,13524,3701,60,1021,1209,0,431,0,0,226,0,0,7,3096,226,24817
2026/4/24,0:00,23965,1317,12775,3702,59,1011,1276,0,431,0,0,226,0,0,4,2925,240,23966
2026/4/24,0:30,22987,1317,11552,3702,59,1010,1281,0,428,0,0,247,0,0,3,3113,274,22986
2026/4/24,1:00,22500,1317,11369,3702,63,1006,1266,0,428,0,0,257,0,0,2,2802,289,22501
2026/4/24,1:30,22240,1317,11074,3701,63,1024,1285,0,430,0,0,259,0,0,0,2789,298,22240
2026/4/24,2:00,22174,1317,11162,3702,64,1009,1287,0,430,0,0,262,0,0,2,2641,297,22173
2026/4/24,2:30,22301,1316,11481,3701,75,985,1286,0,429,0,0,261,0,0,2,2470,294,22300
2026/4/24,3:00,22571,1316,11809,3701,86,952,1283,0,431,0,0,265,0,0,3,2423,303,22572
2026/4/24,3:30,22695,1316,12026,3702,86,927,1270,0,430,0,0,260,0,0,0,2383,295,22695
2026/4/24,4:00,22917,1317,12059,3701,86,927,1184,0,430,0,0,259,0,0,0,2662,292,22917
2026/4/24,4:30,23037,1317,12241,3701,85,923,1181,0,429,0,0,257,0,0,0,2628,275,23037
2026/4/24,5:00,23504,1317,12662,3702,85,900,1201,0,428,38,0,256,0,0,11,2650,255,23505
2026/4/24,5:30,23451,1317,12269,3702,85,926,1215,0,429,176,0,256,0,0,9,2837,229,23450
2026/4/24,6:00,23801,1317,11541,3701,85,971,1208,0,430,516,0,254,0,0,2,3564,213,23802
2026/4/24,6:30,23824,1317,9994,3677,85,960,1184,0,431,1650,0,240,0,-16,1,4114,188,23825
2026/4/24,7:00,24416,1316,9730,3381,86,964,1198,0,428,4013,0,245,0,-1151,0,4045,159,24414
2026/4/24,7:30,25387,1316,10727,3158,85,968,1228,0,428,6592,0,234,0,-2231,1,2746,136,25388
2026/4/24,8:00,27100,1316,11235,3297,85,951,1240,0,424,8470,0,240,0,-2659,0,2372,131,27102
2026/4/24,8:30,28258,1315,10969,3496,82,969,1237,0,422,9687,0,243,0,-2657,0,2358,137,28258
2026/4/24,9:00,29168,1315,10995,3562,82,1013,1203,0,419,10608,0,207,0,-2808,2,2418,152,29168
2026/4/24,9:30,30103,1316,11311,3567,82,1009,1194,0,420,11337,0,206,0,-2969,0,2466,164,30103
2026/4/24,10:00,30090,1316,10315,3330,79,1042,1155,0,419,11266,0,225,0,-2847,2,3599,188,30089
2026/4/24,10:30,28984,1316,9377,3130,77,1028,1138,0,419,11047,0,204,0,-2872,0,3921,199,28984
2026/4/24,11:00,29039,1316,9355,2789,71,1043,1132,0,421,12245,0,227,0,-2851,2,3084,204,29038
2026/4/24,11:30,29598,1316,9570,2509,60,1083,1128,0,420,12938,0,213,0,-2844,9,2993,203,29598
2026/4/24,12:00,28880,1315,9617,2361,53,1075,1126,0,420,12880,0,212,0,-3071,2,2689,201,28880
2026/4/24,12:30,28844,1316,9535,2362,52,1080,1118,0,419,12082,0,172,0,-2551,0,3055,204,28844
2026/4/24,13:00,29205,1315,10052,2516,54,1074,1125,0,417,10703,0,160,0,-2181,7,3779,184,29205
2026/4/24,13:30,29683,1316,10071,2781,53,1054,1131,0,417,9249,0,185,0,-1141,0,4381,185,29682
2026/4/24,14:00,28552,1316,9854,3050,49,1063,1151,0,416,7523,0,195,0,-552,3,4291,192,28551
2026/4/24,14:30,28568,1315,10171,3143,49,1070,1205,0,415,6894,0,146,0,-369,3,4329,197,28568
2026/4/24,15:00,28893,1316,11085,3303,47,1073,1253,0,416,5762,0,197,0,-11,1,4262,189,28893
2026/4/24,15:30,29009,1315,12770,3654,40,1144,1254,0,418,4140,0,162,0,0,8,3911,192,29008
2026/4/24,16:00,28750,1316,13062,3712,40,1118,1347,0,419,2710,0,153,0,519,2,4157,194,28749
2026/4/24,16:30,29020,1316,13905,3713,40,1022,1346,0,419,1658,0,158,0,1312,15,3940,177,29021
2026/4/24,17:00,28849,1316,14113,3713,39,987,1358,0,420,695,0,165,0,1994,24,3846,179,28849
2026/4/24,17:30,29135,1316,14362,3713,39,958,1371,0,421,196,0,155,0,2742,32,3661,168,29134
2026/4/24,18:00,29611,1315,14582,3712,39,902,1376,0,423,14,0,147,0,3636,37,3274,154,29611
2026/4/24,18:30,29937,1315,14768,3712,40,848,1378,0,424,0,0,147,0,4045,24,3085,150,29936
2026/4/24,19:00,29554,1316,14169,3711,39,834,1365,0,425,0,0,145,0,3984,17,3390,159,29554
2026/4/24,19:30,29098,1315,13933,3712,39,852,1366,0,425,0,0,138,0,3666,12,3470,169,29097
2026/4/24,20:00,28498,1315,14241,3713,39,868,1292,0,427,0,0,136,0,2710,18,3568,170,28497
2026/4/24,20:30,28081,1316,14354,3711,40,846,1273,0,428,0,0,138,0,2187,23,3583,181,28080
2026/4/24,21:00,27266,1316,14098,3713,41,813,1201,0,428,0,0,142,0,1756,13,3558,188,27267
2026/4/24,21:30,26514,1316,13801,3711,40,813,1143,0,428,0,0,140,0,1441,7,3475,197,26512
2026/4/24,22:00,26200,1315,13877,3712,40,818,1138,0,430,0,0,140,0,1455,3,3064,207,26199
2026/4/24,22:30,25563,1316,13034,3712,41,832,1117,0,429,0,0,144,0,1235,0,3484,219,25563
2026/4/24,23:00,25114,1316,12932,3712,40,842,1143,0,428,0,0,157,0,628,3,3679,234,25114
2026/4/24,23:30,24202,1316,12226,3713,40,827,1147,0,430,0,0,173,0,388,3,3745,194,24202
2026/4/25,0:00,23199,1316,11456,3674,40,809,1155,0,430,0,0,161,0,399,2,3619,139,23200
2026/4/25,0:30,22403,1316,10507,3554,40,818,1151,0,429,0,0,172,0,644,0,3601,171,22403
2026/4/25,1:00,22004,1317,9928,3537,40,787,1135,0,428,0,0,170,0,719,2,3617,325,22005
2026/4/25,1:30,21753,1316,9827,3535,40,749,1157,0,430,0,0,167,0,753,2,3441,336,21753
2026/4/25,2:00,21628,1316,9616,3529,41,779,1170,0,429,0,0,159,0,721,0,3541,327,21628
2026/4/25,2:30,21845,1316,9752,3521,41,774,1167,0,429,0,0,158,0,813,10,3536,328,21845
2026/4/25,3:00,22044,1316,10202,3521,40,761,1156,0,431,0,0,160,0,1051,0,3084,323,22045
2026/4/25,3:30,22180,1316,9798,3522,41,781,1155,0,430,0,0,159,0,1151,13,3496,318,22180
2026/4/25,4:00,22359,1315,9387,3450,40,799,1153,0,431,0,0,155,0,1952,10,3365,300,22357
2026/4/25,4:30,22416,1316,9518,3186,40,824,1158,0,430,0,0,154,0,2080,12,3412,285,22415
2026/4/25,5:00,22183,1316,9558,3052,40,771,1155,0,429,43,0,156,0,1960,3,3424,275,22182
2026/4/25,5:30,21623,1316,9233,2827,40,747,1161,0,430,445,0,152,0,1392,4,3624,251,21622
2026/4/25,6:00,21485,1316,9266,2614,40,734,1171,0,430,1062,0,101,0,799,0,3730,221,21484
2026/4/25,6:30,21270,1316,8581,2622,41,712,1135,0,430,2104,0,101,0,280,0,3721,227,21270
2026/4/25,7:00,21933,1316,7889,2277,40,710,1138,0,426,3633,0,91,0,188,4,4007,216,21935
2026/4/25,7:30,22460,1316,6837,2383,41,739,1143,0,426,5146,0,142,0,118,3,3956,210,22460
2026/4/25,8:00,22573,1316,6238,2232,40,742,1141,0,395,6905,256,142,0,112,2,3103,205,22573
2026/4/25,8:30,23924,1316,6713,2111,40,780,1133,0,393,9698,314,140,0,-1621,2,3013,205,23923
2026/4/25,9:00,25106,1316,6680,2070,40,740,1116,0,393,11320,368,143,0,-2645,4,3729,199,25105
2026/4/25,9:30,26049,1316,6888,2090,40,723,1089,0,395,12222,409,113,0,-3064,3,4036,197,26048
2026/4/25,10:00,26632,1316,6954,2210,40,759,1079,0,393,12125,449,85,0,-2412,1,3886,195,26631
2026/4/25,10:30,26005,1316,6650,2233,40,761,1073,0,393,11410,475,74,0,-2062,7,3915,195,26005
2026/4/25,11:00,25576,1316,6440,2341,40,719,1045,0,396,11218,481,71,0,-2255,5,4060,180,25576
2026/4/25,11:30,25268,1316,6443,2565,40,750,1036,0,395,11253,480,63,0,-2835,7,4056,180,25269
2026/4/25,12:00,24658,1316,6498,2748,39,755,1023,0,394,11559,455,63,0,-3988,7,4069,175,24658
2026/4/25,12:30,25068,1316,6566,3077,40,742,1026,0,395,12284,440,65,0,-4716,5,4099,169,25068
2026/4/25,13:00,25064,1316,6506,3282,40,747,1026,0,394,12090,420,94,0,-4659,1,4063,164,25064
2026/4/25,13:30,25041,1316,6439,3456,40,736,1041,0,395,11779,391,127,0,-4538,3,4078,170,25042
2026/4/25,14:00,24775,1316,6530,3571,39,815,1046,0,395,11027,359,117,0,-4343,2,4091,168,24774
2026/4/25,14:30,24419,1316,6653,3571,39,831,1047,0,396,10072,322,116,0,-3727,2,3937,167,24420
2026/4/25,15:00,24492,1316,6681,3566,40,759,1079,0,396,8947,282,124,0,-2572,5,3980,170,24491
2026/4/25,15:30,24573,1316,6657,3564,39,773,1092,0,396,7217,226,128,0,-473,4,3691,169,24573
2026/4/25,16:00,24591,1316,7407,3321,39,767,1180,0,428,5434,0,126,0,208,18,4176,171,24591
2026/4/25,16:30,24779,1316,9168,3642,39,717,1211,0,428,3397,0,80,0,645,3,3968,167,24781
2026/4/25,17:00,25029,1315,10213,3717,39,747,1272,0,430,1695,0,78,0,1591,2,3766,162,25027
2026/4/25,17:30,25557,1316,10941,3718,39,750,1290,0,429,593,0,134,0,2807,13,3361,165,25556
2026/4/25,18:00,26302,1316,11381,3716,39,795,1326,0,433,44,0,143,0,3554,20,3367,167,26301
2026/4/25,18:30,26989,1316,12176,3718,39,731,1326,0,433,0,0,143,0,3514,23,3400,171,26990
2026/4/25,19:00,26905,1316,12449,3716,40,755,1322,0,433,0,0,140,0,3218,18,3325,173,26905
2026/4/25,19:30,26707,1316,12332,3718,39,753,1335,0,432,0,0,140,0,3027,26,3411,179,26708
2026/4/25,20:00,26398,1316,12167,3718,39,790,1253,0,435,0,0,146,0,2751,19,3586,178,26398
2026/4/25,20:30,25994,1316,12294,3717,38,794,1244,0,434,0,0,148,0,2097,12,3704,196,25994
2026/4/25,21:00,25312,1316,11998,3718,40,747,1244,0,435,0,0,146,0,2004,3,3469,193,25313
2026/4/25,21:30,24723,1316,11540,3717,39,732,1197,0,435,0,0,147,0,1548,3,3856,191,24721
2026/4/25,22:00,24385,1317,11281,3718,40,852,1189,0,436,0,0,152,0,1067,35,4089,209,24385
2026/4/25,22:30,23747,1316,10949,3716,40,822,1176,0,436,0,0,152,0,772,30,4122,215,23746
2026/4/25,23:00,23322,1316,10717,3677,40,827,1178,0,435,0,0,144,0,667,23,4070,228,23322
2026/4/25,23:30,22593,1316,10282,3597,39,806,1144,0,435,0,0,145,0,640,23,3989,177,22593
2026/4/26,0:00,21846,1316,9720,3530,40,774,1102,0,439,0,0,109,0,467,7,4124,218,21846
2026/4/26,0:30,20979,1316,9068,3409,39,777,1100,0,438,0,0,116,0,415,0,4052,249,20979
2026/4/26,1:00,20669,1316,8959,3390,39,780,1094,0,438,0,0,120,0,259,0,4012,261,20668
2026/4/26,1:30,20528,1316,9131,3343,39,724,1116,0,439,0,0,119,0,96,2,3936,267,20528
2026/4/26,2:00,20537,1317,9207,3238,40,773,1122,0,437,0,0,135,0,185,0,3815,268,20537
2026/4/26,2:30,20693,1316,8920,3234,40,746,1139,0,438,0,0,133,0,333,0,4127,269,20695
2026/4/26,3:00,20911,1316,9203,3121,40,752,1150,0,439,0,0,146,0,353,3,4124,263,20910
2026/4/26,3:30,21003,1316,9235,3113,40,765,1141,0,438,0,0,148,0,572,4,3975,256,21003
2026/4/26,4:00,21232,1316,9336,3111,40,781,1167,0,438,0,0,157,0,760,9,3860,257,21232
2026/4/26,4:30,21278,1315,8889,2876,39,781,1167,0,438,0,0,167,0,1564,6,3792,244,21278
2026/4/26,5:00,21154,1316,8653,2638,40,795,1138,0,437,49,0,169,0,1766,5,3917,233,21156
2026/4/26,5:30,20672,1316,8647,2397,39,797,1145,0,439,570,0,155,0,1111,1,3842,214,20673
2026/4/26,6:00,20307,1316,7968,2296,40,783,1137,0,444,1594,0,152,0,555,1,3821,199,20306
2026/4/26,6:30,20099,1316,7024,2006,40,780,1105,0,447,3150,0,126,0,-50,0,3974,181,20099
2026/4/26,7:00,20390,1315,6491,1720,40,793,1102,0,449,5164,0,128,0,-1352,6,4380,154,20390
2026/4/26,7:30,21037,1315,6263,1700,40,757,1099,0,454,7260,0,124,0,-2167,2,4042,149,21038
2026/4/26,8:00,21359,1315,5908,1610,40,730,1096,0,423,8297,1031,102,20,-2417,0,4090,165,21359
2026/4/26,8:30,22170,1315,5579,1542,39,740,1091,0,422,10733,642,66,0,-3237,0,3716,164,22170
2026/4/26,9:00,23189,1315,6164,1446,40,701,1069,0,422,12505,625,63,0,-4177,1,3495,146,23190
2026/4/26,9:30,24133,1315,6234,1430,39,736,1043,0,423,13707,686,59,0,-3998,4,2992,151,24135
2026/4/26,10:00,24534,1315,5832,1429,39,760,1031,0,421,14450,743,59,0,-4167,5,3214,146,24534
2026/4/26,10:30,24913,1315,5959,1429,39,801,1023,0,420,15027,764,62,0,-4405,5,3090,147,24912
2026/4/26,11:00,25030,1315,6015,1430,39,834,1019,0,422,15224,791,64,0,-4391,5,2912,142,25030
2026/4/26,11:30,24734,1315,6249,1429,39,791,1012,0,421,14665,1361,62,9,-4382,5,2990,138,24734
2026/4/26,12:00,24990,1315,6083,1430,38,764,1004,0,419,15109,898,72,0,-4374,6,2988,138,24992
2026/4/26,12:30,24944,1314,6324,1430,39,767,1001,0,419,14840,744,78,0,-4397,7,2984,137,24943
2026/4/26,13:00,24419,1314,6662,1434,39,783,1010,0,418,13361,1307,99,6,-4173,0,3331,141,24419
2026/4/26,13:30,24444,1315,6351,1596,39,806,1028,0,418,12567,896,118,0,-3840,4,3908,134,24444
2026/4/26,14:00,24440,1316,7033,1861,39,792,1035,0,419,11058,580,94,0,-1734,1,2391,133,24438
2026/4/26,14:30,23938,1316,7200,2252,38,734,1035,0,419,8925,497,130,0,-912,0,2668,133,23938
2026/4/26,15:00,23571,1316,7319,2720,39,743,1049,0,419,6891,411,104,0,-945,0,3770,147,23572
2026/4/26,15:30,23506,1316,8142,2837,39,795,1059,0,421,5407,309,162,0,-807,0,3988,148,23507
2026/4/26,16:00,23831,1316,9042,2879,39,783,1181,0,455,4393,0,160,0,-839,0,4247,175,23831
2026/4/26,16:30,24216,1316,10510,2880,39,811,1217,0,456,2903,0,165,0,-297,5,4038,174,24217
2026/4/26,17:00,24739,1315,11755,2957,39,799,1255,0,456,1481,0,176,0,368,4,3969,165,24739
2026/4/26,17:30,25407,1316,12952,2956,47,801,1302,0,456,454,0,182,0,591,26,4149,175,25407
2026/4/26,18:00,26384,1316,13651,2955,39,778,1315,0,457,33,0,179,0,1502,26,3960,175,26386
2026/4/26,18:30,26978,1316,14264,2955,40,801,1320,0,457,0,0,192,0,1533,22,3900,178,26978
2026/4/26,19:00,26847,1315,14392,2955,40,768,1346,0,458,0,0,203,0,1205,31,3952,182,26847
2026/4/26,19:30,26520,1316,14503,2955,40,782,1327,0,456,0,0,198,0,783,18,3962,180,26520
2026/4/26,20:00,26156,1316,14404,2955,40,808,1265,0,458,0,0,201,0,569,23,3951,165,26155
2026/4/26,20:30,25660,1316,14105,2955,40,832,1245,0,459,0,0,198,0,340,32,3966,170,25658
2026/4/26,21:00,25064,1316,13725,2914,39,808,1246,0,460,0,0,200,0,152,25,4012,168,25065
2026/4/26,21:30,24449,1316,13303,2779,39,809,1194,0,461,0,0,204,0,152,2,4014,176,24449
2026/4/26,22:00,23889,1316,12694,2760,39,815,1115,0,461,0,0,200,0,266,2,4044,175,23887
2026/4/26,22:30,23130,1316,11870,2757,39,807,1106,0,461,0,0,194,0,383,2,4008,187,23130
2026/4/26,23:00,22843,1316,11814,2717,39,808,1107,0,460,0,0,189,0,277,6,3951,158,22842
2026/4/26,23:30,22123,1316,11404,2783,39,799,1100,0,460,0,0,183,0,139,4,3726,170,22123
2026/4/27,0:00,21531,1316,11097,2809,40,829,1127,0,458,0,0,161,0,0,6,3545,143,21531
2026/4/27,0:30,20811,1316,10552,2810,40,832,1122,0,458,0,0,155,0,-265,2,3617,171,20810
2026/4/27,1:00,20445,1316,10547,2811,39,856,1124,0,458,0,0,145,0,-426,6,3389,179,20444
2026/4/27,1:30,20291,1316,10665,2812,39,881,1146,0,459,0,0,144,0,-657,6,3296,183,20290
2026/4/27,2:00,20310,1316,10571,2811,40,913,1157,0,458,0,0,134,0,-933,2,3649,192,20310
2026/4/27,2:30,20547,1317,10863,2813,39,921,1158,0,458,0,0,129,0,-1023,2,3682,188,20547
2026/4/27,3:00,20911,1317,11041,2811,40,945,1148,0,461,0,0,131,0,-570,2,3393,191,20910
2026/4/27,3:30,21157,1316,11208,2811,40,964,1130,0,460,0,0,138,0,-365,2,3270,184,21158
2026/4/27,4:00,21401,1316,11390,2810,40,1010,1117,0,460,0,0,150,0,-126,2,3014,218,21401
2026/4/27,4:30,21435,1317,11455,2811,40,999,1127,0,459,0,0,156,0,-126,2,2995,201,21436
2026/4/27,5:00,21918,1316,11974,2811,40,1003,1225,0,458,53,0,166,0,151,2,2491,229,21919
2026/4/27,5:30,22364,1316,11795,2810,39,1018,1267,0,459,73,0,159,0,152,2,3068,205,22363
2026/4/27,6:00,23295,1316,12517,2811,40,1050,1286,0,460,124,0,157,0,3,1,3336,195,23296
2026/4/27,6:30,24527,1316,13334,2812,40,1038,1272,0,459,219,0,168,0,127,0,3524,220,24529
2026/4/27,7:00,26108,1316,14086,2812,40,1008,1227,0,458,328,0,171,0,926,2,3511,222,26107
2026/4/27,7:30,27155,1316,14754,2810,41,1034,1241,0,458,440,0,171,0,1118,12,3587,175,27157
2026/4/27,8:00,28661,1316,15476,2811,42,1043,1255,0,454,590,0,173,0,1974,17,3319,189,28659
2026/4/27,8:30,30081,1316,16085,2812,42,1046,1265,0,452,790,0,173,0,3299,2,2601,198,30081
2026/4/27,9:00,31022,1316,16287,2850,41,1044,1253,0,448,1136,0,184,0,3395,4,2877,187,31022
2026/4/27,9:30,31093,1316,16402,2901,40,1041,1266,0,449,1689,0,193,0,2905,11,2679,201,31093
2026/4/27,10:00,30913,1316,16247,2929,41,1049,1264,0,445,2705,0,193,0,1937,19,2602,167,30914
2026/4/27,10:30,30886,1316,15800,2995,39,1078,1251,0,445,3895,0,210,0,1046,22,2585,205,30887
2026/4/27,11:00,30525,1316,14948,3117,39,1092,1226,0,448,5587,0,203,0,-26,15,2391,168,30524
2026/4/27,11:30,29784,1316,12533,3263,39,1102,1211,0,448,7221,0,214,0,-127,3,2389,172,29784
2026/4/27,12:00,29482,1316,10407,3414,39,1111,1177,0,447,8862,0,217,0,-304,0,2644,153,29483
2026/4/27,12:30,28990,1316,10400,3426,39,1134,1163,0,446,9454,0,239,0,-1425,0,2654,143,28989
2026/4/27,13:00,29954,1316,11620,3428,39,1164,1170,0,444,9722,0,244,0,-2048,0,2717,139,29955
2026/4/27,13:30,30388,1316,12794,3428,39,1160,1197,0,445,9339,0,251,0,-2332,0,2611,139,30387
2026/4/27,14:00,30633,1316,13308,3430,39,1154,1247,0,444,7792,0,254,0,-1237,1,2747,137,30632
2026/4/27,14:30,30964,1316,14014,3426,39,1140,1251,0,445,5878,0,257,0,-306,1,3364,139,30964
2026/4/27,15:00,30433,1316,15393,3426,39,1134,1290,0,446,3416,0,276,0,209,8,3347,134,30434
2026/4/27,15:30,30097,1315,16341,3425,38,1116,1294,0,446,1909,0,193,0,609,1,3281,129,30097
2026/4/27,16:00,30143,1315,16719,3423,39,1114,1307,0,451,1277,0,180,0,1027,1,3105,186,30144
2026/4/27,16:30,30018,1314,16693,3425,39,1100,1329,0,452,959,0,201,0,1531,4,2798,176,30021
2026/4/27,17:00,29679,1316,16638,3423,41,1120,1369,0,455,617,0,189,0,1827,5,2462,216,29678
2026/4/27,17:30,29731,1316,17085,3424,51,1130,1379,0,454,285,0,200,0,2164,13,2029,203,29733
2026/4/27,18:00,29806,1315,16776,3424,55,1126,1447,0,457,32,0,201,0,1890,31,2832,219,29805
2026/4/27,18:30,30067,1315,16807,3424,58,1093,1451,0,457,0,0,196,0,1728,23,3304,211,30067
2026/4/27,19:00,29660,1314,16500,3424,60,1070,1438,0,458,0,0,204,0,1450,21,3512,208,29659
2026/4/27,19:30,29076,1314,16397,3424,61,1069,1426,0,457,0,0,207,0,1024,13,3463,220,29075
2026/4/27,20:00,28543,1315,15904,3423,68,1086,1346,0,460,0,0,203,0,858,12,3671,198,28544
2026/4/27,20:30,27992,1316,16242,3425,75,1084,1341,0,460,0,0,209,0,810,9,2814,207,27992
2026/4/27,21:00,27285,1315,15585,3424,78,1073,1332,0,461,0,0,216,0,285,3,3336,176,27284
2026/4/27,21:30,26515,1315,14816,3423,78,1036,1292,0,462,0,0,201,0,206,4,3492,190,26515
2026/4/27,22:00,26081,1314,14312,3425,79,1055,1272,0,462,0,0,228,0,205,1,3541,187,26081
2026/4/27,22:30,25242,1315,14038,3423,86,1066,1262,0,462,0,0,238,0,146,7,2999,200,25242
2026/4/27,23:00,24654,1315,13645,3423,100,1067,1275,0,461,0,0,239,0,9,4,2937,180,24655
2026/4/27,23:30,23794,1315,12722,3424,103,1072,1270,0,461,0,0,230,0,0,3,3039,153,23792
2026/4/28,0:00,23121,1315,12182,3424,103,1075,1197,0,459,0,0,291,0,0,2,2893,180,23121
2026/4/28,0:30,22200,1316,11573,3425,103,1098,1182,0,458,0,0,278,0,0,1,2552,214,22200
2026/4/28,1:00,21749,1315,11664,3423,102,1101,1186,0,458,0,0,268,0,0,0,2009,222,21748
2026/4/28,1:30,21614,1314,11532,3424,102,1088,1200,0,460,0,0,262,0,0,0,2000,231,21613
2026/4/28,2:00,21655,1314,11585,3424,103,1122,1221,0,459,0,0,271,0,0,6,1922,228,21655
2026/4/28,2:30,21825,1314,11917,3411,102,1077,1243,0,459,0,0,267,0,0,8,1800,226,21824
2026/4/28,3:00,22018,1314,12173,3403,103,1098,1222,0,461,0,0,254,0,0,0,1763,228,22019
2026/4/28,3:30,22141,1314,12353,3403,102,1090,1209,0,460,0,0,248,0,0,10,1728,223,22140
2026/4/28,4:00,22279,1315,12454,3404,102,1100,1188,0,460,0,0,220,0,205,0,1601,230,22279
2026/4/28,4:30,22424,1315,12599,3403,103,1107,1185,0,459,0,0,241,0,214,2,1585,211,22424
2026/4/28,5:00,22278,1316,11846,3404,101,1086,1185,0,459,65,0,231,0,303,4,2019,260,22279
2026/4/28,5:30,22132,1316,11241,3405,99,1106,1192,0,460,735,0,218,0,467,0,1655,238,22132
2026/4/28,6:00,22637,1315,10387,3199,100,1023,1192,0,461,1857,0,201,0,443,0,2226,233,22637
2026/4/28,6:30,23073,1314,9953,2976,100,832,1167,0,461,3485,0,192,0,219,0,2167,207,23073
2026/4/28,7:00,24105,1315,8152,2737,100,765,1157,0,458,5716,0,170,0,-3,0,3313,224,24104
2026/4/28,7:30,25053,1315,7474,2444,100,752,1157,0,458,7934,0,169,0,-390,0,3441,197,25051
2026/4/28,8:00,26358,1315,7582,2319,99,813,1169,0,454,9924,0,164,0,-1279,2,3581,213,26356
2026/4/28,8:30,27871,1316,9004,2051,99,863,1162,0,452,11652,0,170,0,-2058,3,2928,230,27872
2026/4/28,9:00,29168,1315,8289,1977,100,860,1139,0,448,12973,0,174,0,-2785,6,4444,228,29168
2026/4/28,9:30,29611,1314,7946,1975,99,854,1110,0,448,13919,0,189,0,-3074,7,4585,239,29611
2026/4/28,10:00,30148,1314,7719,1979,99,863,1109,0,446,14953,0,196,0,-3120,6,4335,247,30146
2026/4/28,10:30,30783,1314,8072,1979,99,865,1100,0,446,15308,0,195,0,-3222,8,4367,252,30783
2026/4/28,11:00,30833,1314,8121,2121,101,811,1081,0,449,14816,0,228,0,-2779,5,4322,241,30831
2026/4/28,11:30,29463,1314,7777,2250,105,810,1088,0,449,13836,0,231,0,-2800,5,4154,245,29464
2026/4/28,12:00,28581,1314,7235,2371,106,840,1073,0,447,14470,0,234,0,-3711,7,3986,209,28581
2026/4/28,12:30,29042,1313,7804,2279,104,844,1074,0,448,15131,0,199,0,-4285,6,3912,212,29041
2026/4/28,13:00,30028,1314,8791,2345,104,829,1068,0,446,14381,0,206,0,-2433,3,2804,170,30028
2026/4/28,13:30,29806,1314,9169,2364,104,830,1077,0,448,12918,0,250,0,-1817,3,2983,165,29808
2026/4/28,14:00,29980,1313,10185,2346,104,840,1106,0,447,11299,0,262,0,-1331,0,3247,162,29980
2026/4/28,14:30,29271,1315,10421,2367,104,835,1112,0,447,9202,0,255,0,-789,0,3836,166,29271
2026/4/28,15:00,28403,1315,11234,2369,103,833,1141,0,449,7861,0,263,0,-1130,1,3796,168,28403
2026/4/28,15:30,28791,1315,12072,2401,103,858,1157,0,450,6869,0,263,0,-369,0,3507,165,28791
2026/4/28,16:00,29091,1315,12978,2585,103,852,1206,0,454,5329,0,258,0,81,0,3776,154,29091
2026/4/28,16:30,29206,1316,14696,2954,104,846,1238,0,455,3379,0,241,0,697,7,3120,153,29206
2026/4/28,17:00,28824,1316,14445,3106,104,942,1351,0,459,1727,0,259,0,1385,14,3569,147,28824
2026/4/28,17:30,28740,1316,14696,3362,103,875,1377,0,458,622,0,244,0,1775,36,3730,146,28740
2026/4/28,18:00,29005,1317,15299,3405,103,865,1410,0,461,59,0,238,0,1885,43,3772,149,29006
2026/4/28,18:30,29426,1316,15392,3404,102,849,1409,0,461,0,0,227,0,2277,45,3795,149,29426
2026/4/28,19:00,29007,1316,14833,3404,102,898,1424,0,461,0,0,222,0,2310,33,3852,150,29005
2026/4/28,19:30,28466,1316,14463,3405,103,935,1421,0,462,0,0,221,0,2091,18,3884,148,28467
2026/4/28,20:00,27745,1316,14270,3404,102,922,1277,0,490,0,0,228,0,1670,22,3902,142,27745
2026/4/28,20:30,27260,1316,14561,3405,102,893,1265,0,515,0,0,236,0,1115,12,3687,153,27260
2026/4/28,21:00,26510,1316,14173,3405,102,902,1256,0,516,0,0,254,0,506,13,3905,163,26511
2026/4/28,21:30,25832,1315,13975,3404,102,1023,1206,0,518,0,0,269,0,34,0,3814,171,25831
2026/4/28,22:00,25395,1315,13511,3406,103,1010,1190,0,518,0,0,288,0,331,7,3535,181,25395
2026/4/28,22:30,24774,1315,13082,3405,102,945,1184,0,518,0,0,292,0,97,1,3640,194,24775
2026/4/28,23:00,24330,1315,12724,3405,102,937,1216,0,517,0,0,298,0,0,0,3613,203,24330
2026/4/28,23:30,23634,1315,12611,3405,102,942,1210,0,517,0,0,308,0,0,2,2995,228,23635
2026/4/29,0:00,22734,1316,11780,3404,103,878,1209,0,514,0,0,228,0,0,0,3058,245,22735
2026/4/29,0:30,21874,1316,10538,3403,102,902,1216,0,513,0,0,232,0,-4,0,3376,280,21874
2026/4/29,1:00,21328,1316,10466,3405,103,934,1219,0,514,0,0,252,0,-18,0,2828,310,21329
2026/4/29,1:30,21122,1315,10626,3404,103,966,1243,0,515,0,0,235,0,-20,0,2426,308,21121
2026/4/29,2:00,21059,1315,10763,3394,102,973,1251,0,514,0,0,259,0,-20,0,2203,305,21059
2026/4/29,2:30,21149,1314,11051,3312,102,988,1250,0,514,0,0,260,0,-20,0,2065,313,21149
2026/4/29,3:00,21272,1315,11178,3309,102,961,1223,0,517,0,0,269,0,-20,2,2100,315,21271
2026/4/29,3:30,21390,1315,11342,3284,102,1006,1207,0,515,0,0,275,0,-2,4,2038,304,21390
2026/4/29,4:00,21371,1315,10776,3343,102,1027,1232,0,516,0,0,279,0,156,2,2310,312,21370
2026/4/29,4:30,21412,1315,10574,3404,102,1030,1235,0,515,0,0,299,0,201,2,2448,286,21411
2026/4/29,5:00,21425,1315,10259,3404,103,973,1231,0,514,62,0,282,0,393,0,2628,262,21426
2026/4/29,5:30,21072,1315,9595,3405,102,950,1232,0,516,162,0,287,0,91,0,3177,240,21072
2026/4/29,6:00,21363,1315,9501,3403,102,971,1234,0,516,360,0,268,0,95,1,3372,224,21362
2026/4/29,6:30,21867,1315,9246,3407,102,970,1200,0,516,679,0,291,0,207,1,3727,205,21866
2026/4/29,7:00,22674,1316,9238,3406,103,977,1158,0,513,992,0,305,0,625,8,3865,169,22675
2026/4/29,7:30,23359,1316,9526,3404,103,946,1165,0,513,1217,0,306,0,687,7,3998,170,23358
2026/4/29,8:00,24180,1315,9949,3407,103,952,1185,0,510,1606,0,311,0,959,2,3714,166,24179
2026/4/29,8:30,25050,1315,10188,3405,103,913,1181,0,508,2187,0,299,0,778,10,4017,147,25051
2026/4/29,9:00,25437,1314,10067,3335,103,966,1153,0,507,2773,0,300,0,883,2,3884,150,25437
2026/4/29,9:30,25765,1314,10245,3072,104,935,1142,0,507,3182,0,303,0,962,2,3848,149,25765
2026/4/29,10:00,25818,1314,9987,2868,103,940,1147,0,504,3413,0,292,0,869,2,4221,157,25817
2026/4/29,10:30,25398,1314,9571,2869,103,973,1145,0,504,3863,0,309,0,425,7,4142,172,25397
2026/4/29,11:00,26026,1315,9470,2870,103,995,1137,0,506,4924,0,294,0,21,8,4221,163,26027
2026/4/29,11:30,26343,1314,9640,2868,102,985,1134,0,506,4996,0,310,0,176,2,4153,157,26343
2026/4/29,12:00,25692,1315,9389,2867,101,964,1133,0,502,4551,0,283,0,200,2,4220,166,25693
2026/4/29,12:30,25593,1315,9975,2869,101,950,1132,0,502,4091,0,295,0,0,2,4201,159,25592
2026/4/29,13:00,25400,1314,10436,2868,101,964,1129,0,500,3568,0,298,0,-112,8,4184,144,25402
2026/4/29,13:30,25326,1313,11227,2869,101,1000,1151,0,503,3237,0,299,0,-711,4,4190,143,25326
2026/4/29,14:00,25690,1313,12323,2893,101,994,1156,0,502,3017,0,259,0,-1009,5,3988,147,25689
2026/4/29,14:30,25811,1313,12662,2968,101,999,1156,0,500,2552,0,266,0,-1006,4,4155,141,25811
2026/4/29,15:00,25631,1314,13021,2966,101,962,1184,0,503,1869,0,224,0,-811,4,4156,139,25632
2026/4/29,15:30,25716,1314,13131,2968,101,929,1197,0,504,1519,0,228,0,-368,2,4045,146,25716
2026/4/29,16:00,26119,1314,13345,2967,101,928,1292,0,506,1116,0,215,0,111,2,4084,138,26119
2026/4/29,16:30,26280,1314,13673,2967,101,920,1320,0,508,738,0,228,0,223,7,4141,141,26281
2026/4/29,17:00,26647,1314,14592,2966,101,943,1372,0,510,422,0,225,0,322,5,3735,141,26648
2026/4/29,17:30,27164,1314,15377,2967,100,919,1401,0,509,158,0,219,0,730,20,3308,142,27164
2026/4/29,18:00,27672,1314,15977,2965,100,991,1422,0,512,18,0,216,0,1145,37,2826,148,27671
2026/4/29,18:30,27906,1314,15779,2966,100,986,1423,0,512,0,0,229,0,1226,35,3191,143,27904
2026/4/29,19:00,27706,1314,15518,2966,100,974,1427,0,514,0,0,240,0,907,33,3553,161,27707
2026/4/29,19:30,27289,1314,15335,2967,100,968,1426,0,513,0,0,239,0,703,31,3532,161,27289
2026/4/29,20:00,26735,1315,15103,2966,101,998,1320,0,515,0,0,232,0,401,30,3607,146,26734
2026/4/29,20:30,26416,1315,15052,2965,101,953,1292,0,515,0,0,233,0,355,17,3456,162,26416
2026/4/29,21:00,25727,1315,14683,2967,101,931,1287,0,516,0,0,234,0,93,17,3423,160,25727
2026/4/29,21:30,25070,1314,14096,2965,100,914,1234,0,517,0,0,232,0,0,2,3522,174,25070
2026/4/29,22:00,24428,1314,13448,2967,101,938,1218,0,517,0,0,238,0,0,3,3497,188,24429
2026/4/29,22:30,23813,1314,13067,2966,101,921,1210,0,517,0,0,235,0,0,0,3293,191,23815
2026/4/29,23:00,23274,1314,12740,2965,100,973,1210,0,516,0,0,234,0,0,0,3019,202,23273
2026/4/29,23:30,22553,1315,11928,2965,101,980,1208,0,516,0,0,223,0,0,3,3096,218,22553
2026/4/30,0:00,21759,1315,11300,2966,101,978,1206,0,513,0,0,139,0,-134,6,3178,192,21760
2026/4/30,0:30,20952,1315,10506,2967,101,959,1201,0,512,0,0,175,0,-519,5,3511,221,20954
2026/4/30,1:00,20578,1315,10310,2967,100,950,1183,0,513,0,0,196,0,-784,6,3570,252,20578
2026/4/30,1:30,20380,1314,10018,2966,101,969,1207,0,515,0,0,157,0,-818,2,3690,259,20380
2026/4/30,2:00,20379,1314,10239,2967,101,991,1218,0,514,0,0,178,0,-891,0,3490,257,20378
2026/4/30,2:30,20478,1315,10561,2967,101,991,1242,0,513,0,0,186,0,-797,1,3142,256,20478
2026/4/30,3:00,20798,1316,10676,2965,101,984,1225,0,516,0,0,173,0,-76,0,2653,264,20797
2026/4/30,3:30,20863,1316,10804,2967,101,969,1198,0,515,0,0,172,0,-47,0,2608,260,20863
2026/4/30,4:00,21018,1316,11234,2965,101,950,1193,0,515,0,0,166,0,-45,0,2374,249,21018
2026/4/30,4:30,21202,1316,11547,2967,102,958,1200,0,514,0,0,136,0,13,0,2215,235,21203
2026/4/30,5:00,21563,1316,11814,2966,101,972,1194,0,514,69,0,148,0,-14,2,2256,226,21564
2026/4/30,5:30,21602,1315,11057,2968,101,944,1198,0,515,162,0,149,0,-6,6,2994,198,21601
2026/4/30,6:00,22270,1315,11061,2966,101,941,1230,0,516,295,0,117,0,-3,6,3544,181,22270
2026/4/30,6:30,23073,1315,11563,2968,101,964,1203,0,516,510,0,122,0,0,6,3649,156,23073
2026/4/30,7:00,24010,1314,12216,2968,103,995,1181,0,509,798,0,110,0,157,7,3513,139,24010
2026/4/30,7:30,24793,1314,12736,2968,103,1028,1180,0,505,1148,0,128,0,26,6,3545,106,24793
2026/4/30,8:00,26010,1315,13021,2969,103,1059,1178,0,497,1515,0,139,0,0,0,4086,129,26011
2026/4/30,8:30,26834,1315,13775,2966,103,1064,1175,0,492,1915,0,145,0,0,2,3755,127,26834
2026/4/30,9:00,27585,1316,13944,2972,103,1051,1227,0,485,2360,0,138,0,0,2,3861,127,27586
2026/4/30,9:30,27736,1316,13927,2969,102,1032,1205,0,486,2760,0,143,0,0,0,3671,125,27736
2026/4/30,10:00,27705,1315,13336,2970,102,1069,1213,0,484,3130,0,131,0,0,0,3830,125,27705
2026/4/30,10:30,27818,1314,13150,2971,102,1047,1204,0,485,3158,0,112,0,55,0,4079,140,27817
2026/4/30,11:00,27716,1315,12907,2970,103,1034,1227,0,487,3249,0,121,0,88,0,4086,129,27716
2026/4/30,11:30,27529,1315,12942,2971,102,1058,1235,0,485,3256,0,123,0,88,0,3816,138,27529
2026/4/30,12:00,26774,1315,12143,2968,101,1080,1304,0,481,3240,0,124,0,87,0,3802,127,26772
2026/4/30,12:30,26747,1315,11862,2970,101,1046,1309,0,481,3229,0,131,0,87,0,4089,126,26746
2026/4/30,13:00,27324,1315,12613,2969,101,1019,1309,0,479,3073,0,137,0,88,2,4091,126,27322
2026/4/30,13:30,27642,1315,12892,2970,101,1020,1332,0,482,2953,0,140,0,88,2,4221,126,27642
2026/4/30,14:00,27845,1315,13567,2969,101,1045,1289,0,482,2534,0,138,0,88,0,4193,123,27844
2026/4/30,14:30,27788,1316,14210,2968,102,1027,1271,0,481,2022,0,140,0,87,0,4042,123,27789
2026/4/30,15:00,27860,1314,14751,2968,102,1054,1176,0,482,1519,0,141,0,128,0,4101,124,27860
2026/4/30,15:30,27932,1314,15022,2967,102,1005,1191,0,484,1023,0,148,0,508,0,4042,125,27931
2026/4/30,16:00,28162,1315,15241,2967,102,1005,1224,0,485,687,0,145,0,561,10,4296,125,28163
2026/4/30,16:30,28416,1315,15740,2967,103,1004,1268,0,487,443,0,153,0,597,13,4200,126,28416
2026/4/30,17:00,28622,1314,15885,2967,102,979,1285,0,489,217,0,163,0,856,15,4205,146,28623
2026/4/30,17:30,28895,1314,15775,2987,102,993,1300,0,488,68,0,165,0,1266,22,4270,146,28896
2026/4/30,18:00,29434,1314,16140,3066,101,1005,1332,0,490,8,0,168,0,1426,27,4207,150,29434
2026/4/30,18:30,29586,1314,15640,3066,102,1058,1336,0,491,0,0,163,0,1468,29,4767,151,29585
2026/4/30,19:00,29184,1315,15422,3064,101,1012,1349,0,493,0,0,177,0,1240,24,4836,151,29184
2026/4/30,19:30,28701,1314,15155,3068,102,1007,1338,0,493,0,0,187,0,810,18,5060,149,28701
2026/4/30,20:00,28055,1314,14521,3068,102,981,1322,0,494,0,0,199,0,500,14,5414,126,28055
2026/4/30,20:30,27541,1315,14504,2993,101,986,1313,0,494,0,0,197,0,511,13,4986,127,27540
2026/4/30,21:00,26749,1315,13679,2989,101,978,1260,0,495,0,0,205,0,269,4,5326,128,26749
2026/4/30,21:30,25961,1315,13181,3067,101,992,1208,0,495,0,0,201,0,59,2,5205,135,25961
2026/4/30,22:00,25195,1315,12797,2995,101,977,1191,0,495,0,0,205,0,59,0,4924,135,25194
2026/4/30,22:30,24385,1315,12028,2966,101,1019,1168,0,495,0,0,225,0,59,0,4864,145,24385
2026/4/30,23:00,23782,1315,11899,2968,101,1008,1172,0,493,0,0,227,0,59,0,4418,122,23782
2026/4/30,23:30,22891,1315,11520,2967,102,1043,1162,0,493,0,0,233,0,60,4,3856,135,22890
